fsa,timestamp,total_consumption_kwh,reported_premise_count
M9R,2026-01-01 00:00:00,5959.2,6045
M9R,2026-01-01 01:00:00,5625.5,6045
M9R,2026-01-01 02:00:00,5325.9,6045
M9R,2026-01-01 03:00:00,5153.8,6045
M9R,2026-01-01 04:00:00,5032.7,6045
M9R,2026-01-01 05:00:00,5024.5,6045
M9R,2026-01-01 06:00:00,5115.5,6045
M9R,2026-01-01 07:00:00,5254.2,6045
M9R,2026-01-01 08:00:00,5584.299999999999,6045
M9R,2026-01-01 09:00:00,5873.5,6045
M9R,2026-01-01 10:00:00,6213.7,6045
M9R,2026-01-01 11:00:00,6950.1,6045
M9R,2026-01-01 12:00:00,7266.900000000001,6045
M9R,2026-01-01 13:00:00,7262.000000000001,6045
M9R,2026-01-01 14:00:00,7290.200000000001,6045
M9R,2026-01-01 15:00:00,7411.7,6045
M9R,2026-01-01 16:00:00,7711.099999999999,6045
M9R,2026-01-01 17:00:00,8385.9,6045
M9R,2026-01-01 18:00:00,8224.7,6045
M9R,2026-01-01 19:00:00,7975.699999999999,6045
M9R,2026-01-01 20:00:00,7829.700000000001,6045
M9R,2026-01-01 21:00:00,7558.499999999999,6045
M9R,2026-01-01 22:00:00,7052.7,6045
M9R,2026-01-01 23:00:00,6442.8,6045
M9R,2026-01-02 00:00:00,5888.5,6045
M9R,2026-01-02 01:00:00,5408.4,6045
M9R,2026-01-02 02:00:00,5088.400000000001,6045
M9R,2026-01-02 03:00:00,4917.2,6045
M9R,2026-01-02 04:00:00,4841.5,6045
M9R,2026-01-02 05:00:00,4937.3,6045
M9R,2026-01-02 06:00:00,5097.2,6045
M9R,2026-01-02 07:00:00,5328.7,6045
M9R,2026-01-02 08:00:00,5700.5,6045
M9R,2026-01-02 09:00:00,5930.099999999999,6045
M9R,2026-01-02 10:00:00,6020.6,6045
M9R,2026-01-02 11:00:00,6266.900000000001,6045
M9R,2026-01-02 12:00:00,6413.900000000001,6045
M9R,2026-01-02 13:00:00,6484.4,6045
M9R,2026-01-02 14:00:00,6429.2,6045
M9R,2026-01-02 15:00:00,6551.500000000001,6045
M9R,2026-01-02 16:00:00,7143.700000000001,6045
M9R,2026-01-02 17:00:00,7973.6,6045
M9R,2026-01-02 18:00:00,7916.2,6045
M9R,2026-01-02 19:00:00,7825.900000000001,6045
M9R,2026-01-02 20:00:00,7807.099999999999,6045
M9R,2026-01-02 21:00:00,7599.7,6045
M9R,2026-01-02 22:00:00,7053.8,6045
M9R,2026-01-02 23:00:00,6375.2,6045
M9R,2026-01-03 00:00:00,5775.8,6045
M9R,2026-01-03 01:00:00,5312.3,6045
M9R,2026-01-03 02:00:00,5004.2,6045
M9R,2026-01-03 03:00:00,4831.400000000001,6045
M9R,2026-01-03 04:00:00,4765.0,6045
M9R,2026-01-03 05:00:00,4784.7,6045
M9R,2026-01-03 06:00:00,4894.4,6045
M9R,2026-01-03 07:00:00,5180.2,6045
M9R,2026-01-03 08:00:00,5630.200000000001,6045
M9R,2026-01-03 09:00:00,6180.2,6045
M9R,2026-01-03 10:00:00,6606.2,6045
M9R,2026-01-03 11:00:00,7085.900000000001,6045
M9R,2026-01-03 12:00:00,7228.3,6045
M9R,2026-01-03 13:00:00,7222.7,6045
M9R,2026-01-03 14:00:00,7250.400000000001,6045
M9R,2026-01-03 15:00:00,7365.5,6045
M9R,2026-01-03 16:00:00,7866.7,6045
M9R,2026-01-03 17:00:00,8330.6,6045
M9R,2026-01-03 18:00:00,8294.3,6045
M9R,2026-01-03 19:00:00,7979.799999999999,6045
M9R,2026-01-03 20:00:00,7718.7,6045
M9R,2026-01-03 21:00:00,7452.3,6045
M9R,2026-01-03 22:00:00,7020.099999999999,6045
M9R,2026-01-03 23:00:00,6447.6,6045
M9R,2026-01-04 00:00:00,5845.7,6045
M9R,2026-01-04 01:00:00,5279.3,6045
M9R,2026-01-04 02:00:00,4958.8,6045
M9R,2026-01-04 03:00:00,4756.7,6045
M9R,2026-01-04 04:00:00,4651.7,6045
M9R,2026-01-04 05:00:00,4689.2,6045
M9R,2026-01-04 06:00:00,4848.0,6045
M9R,2026-01-04 07:00:00,5108.7,6045
M9R,2026-01-04 08:00:00,5573.099999999999,6045
M9R,2026-01-04 09:00:00,6169.8,6045
M9R,2026-01-04 10:00:00,6519.4,6045
M9R,2026-01-04 11:00:00,6938.0,6045
M9R,2026-01-04 12:00:00,7207.2,6045
M9R,2026-01-04 13:00:00,7398.400000000001,6045
M9R,2026-01-04 14:00:00,7419.4,6045
M9R,2026-01-04 15:00:00,7544.1,6045
M9R,2026-01-04 16:00:00,8078.599999999999,6045
M9R,2026-01-04 17:00:00,8597.599999999999,6045
M9R,2026-01-04 18:00:00,8583.4,6045
M9R,2026-01-04 19:00:00,8268.800000000001,6045
M9R,2026-01-04 20:00:00,7987.1,6045
M9R,2026-01-04 21:00:00,7513.6,6045
M9R,2026-01-04 22:00:00,6854.499999999999,6045
M9R,2026-01-04 23:00:00,6113.099999999999,6045
M9R,2026-01-05 00:00:00,5360.8,6045
M9R,2026-01-05 01:00:00,4903.7,6044
M9R,2026-01-05 02:00:00,4601.0,6044
M9R,2026-01-05 03:00:00,4496.7,6044
M9R,2026-01-05 04:00:00,4497.8,6044
M9R,2026-01-05 05:00:00,4657.3,6044
M9R,2026-01-05 06:00:00,5078.2,6044
M9R,2026-01-05 07:00:00,5625.3,6044
M9R,2026-01-05 08:00:00,5621.9,6044
M9R,2026-01-05 09:00:00,5639.8,6044
M9R,2026-01-05 10:00:00,5813.4,6044
M9R,2026-01-05 11:00:00,5925.5,6044
M9R,2026-01-05 12:00:00,6078.700000000001,6044
M9R,2026-01-05 13:00:00,6065.999999999999,6044
M9R,2026-01-05 14:00:00,6120.699999999999,6044
M9R,2026-01-05 15:00:00,6202.4,6044
M9R,2026-01-05 16:00:00,6986.0,6044
M9R,2026-01-05 17:00:00,7788.299999999999,6044
M9R,2026-01-05 18:00:00,7676.7,6044
M9R,2026-01-05 19:00:00,7547.1,6044
M9R,2026-01-05 20:00:00,7575.499999999999,6044
M9R,2026-01-05 21:00:00,7174.8,6044
M9R,2026-01-05 22:00:00,6523.2,6044
M9R,2026-01-05 23:00:00,5748.5,6044
M9R,2026-01-06 00:00:00,5124.299999999999,6044
M9R,2026-01-06 01:00:00,4714.9,6044
M9R,2026-01-06 02:00:00,4444.1,6044
M9R,2026-01-06 03:00:00,4355.2,6044
M9R,2026-01-06 04:00:00,4369.900000000001,6044
M9R,2026-01-06 05:00:00,4534.0,6044
M9R,2026-01-06 06:00:00,4907.1,6044
M9R,2026-01-06 07:00:00,5435.1,6044
M9R,2026-01-06 08:00:00,5411.099999999999,6044
M9R,2026-01-06 09:00:00,5379.7,6044
M9R,2026-01-06 10:00:00,5482.099999999999,6044
M9R,2026-01-06 11:00:00,5669.0,6044
M9R,2026-01-06 12:00:00,5861.0,6044
M9R,2026-01-06 13:00:00,6002.000000000001,6044
M9R,2026-01-06 14:00:00,5974.7,6045
M9R,2026-01-06 15:00:00,6166.0,6045
M9R,2026-01-06 16:00:00,6889.099999999999,6045
M9R,2026-01-06 17:00:00,7731.3,6045
M9R,2026-01-06 18:00:00,7674.700000000001,6045
M9R,2026-01-06 19:00:00,7615.9,6045
M9R,2026-01-06 20:00:00,7467.199999999999,6045
M9R,2026-01-06 21:00:00,7105.5,6045
M9R,2026-01-06 22:00:00,6432.2,6045
M9R,2026-01-06 23:00:00,5775.8,6045
M9R,2026-01-07 00:00:00,5109.500000000001,6044
M9R,2026-01-07 01:00:00,4665.9,6044
M9R,2026-01-07 02:00:00,4467.6,6044
M9R,2026-01-07 03:00:00,4362.6,6044
M9R,2026-01-07 04:00:00,4342.5,6044
M9R,2026-01-07 05:00:00,4453.4,6044
M9R,2026-01-07 06:00:00,4882.5,6044
M9R,2026-01-07 07:00:00,5302.2,6044
M9R,2026-01-07 08:00:00,5271.8,6044
M9R,2026-01-07 09:00:00,5192.699999999999,6044
M9R,2026-01-07 10:00:00,5273.7,6044
M9R,2026-01-07 11:00:00,5545.0,6044
M9R,2026-01-07 12:00:00,5681.999999999999,6044
M9R,2026-01-07 13:00:00,5543.299999999999,6044
M9R,2026-01-07 14:00:00,5531.7,6044
M9R,2026-01-07 15:00:00,5815.6,6044
M9R,2026-01-07 16:00:00,6450.000000000001,6044
M9R,2026-01-07 17:00:00,7325.999999999999,6044
M9R,2026-01-07 18:00:00,7348.099999999999,6044
M9R,2026-01-07 19:00:00,7330.3,6044
M9R,2026-01-07 20:00:00,7327.7,6044
M9R,2026-01-07 21:00:00,6937.699999999999,6044
M9R,2026-01-07 22:00:00,6313.799999999999,6044
M9R,2026-01-07 23:00:00,5553.700000000001,6044
M9R,2026-01-08 00:00:00,4956.900000000001,6044
M9R,2026-01-08 01:00:00,4513.5,6044
M9R,2026-01-08 02:00:00,4183.3,6044
M9R,2026-01-08 03:00:00,4124.9,6044
M9R,2026-01-08 04:00:00,4138.5,6044
M9R,2026-01-08 05:00:00,4341.299999999999,6044
M9R,2026-01-08 06:00:00,4744.5,6044
M9R,2026-01-08 07:00:00,5257.299999999999,6044
M9R,2026-01-08 08:00:00,5236.200000000001,6044
M9R,2026-01-08 09:00:00,5194.499999999999,6044
M9R,2026-01-08 10:00:00,5231.1,6044
M9R,2026-01-08 11:00:00,5355.6,6044
M9R,2026-01-08 12:00:00,5274.5,6044
M9R,2026-01-08 13:00:00,5157.3,6044
M9R,2026-01-08 14:00:00,5050.2,6044
M9R,2026-01-08 15:00:00,5244.099999999999,6044
M9R,2026-01-08 16:00:00,6043.400000000001,6044
M9R,2026-01-08 17:00:00,7041.999999999999,6044
M9R,2026-01-08 18:00:00,7205.400000000001,6044
M9R,2026-01-08 19:00:00,7181.3,6044
M9R,2026-01-08 20:00:00,7164.599999999999,6044
M9R,2026-01-08 21:00:00,6807.3,6044
M9R,2026-01-08 22:00:00,6209.5,6044
M9R,2026-01-08 23:00:00,5448.6,6044
M9R,2026-01-09 00:00:00,4830.400000000001,6044
M9R,2026-01-09 01:00:00,4389.8,6044
M9R,2026-01-09 02:00:00,4151.6,6044
M9R,2026-01-09 03:00:00,4006.1000000000004,6044
M9R,2026-01-09 04:00:00,4050.7,6044
M9R,2026-01-09 05:00:00,4237.400000000001,6044
M9R,2026-01-09 06:00:00,4523.9,6044
M9R,2026-01-09 07:00:00,5084.8,6044
M9R,2026-01-09 08:00:00,5193.0,6044
M9R,2026-01-09 09:00:00,5193.900000000001,6044
M9R,2026-01-09 10:00:00,5349.0,6044
M9R,2026-01-09 11:00:00,5442.0,6044
M9R,2026-01-09 12:00:00,5388.2,6044
M9R,2026-01-09 13:00:00,5096.2,6044
M9R,2026-01-09 14:00:00,5145.2,6044
M9R,2026-01-09 15:00:00,5537.8,6044
M9R,2026-01-09 16:00:00,6171.400000000001,6044
M9R,2026-01-09 17:00:00,6852.5,6044
M9R,2026-01-09 18:00:00,7007.6,6044
M9R,2026-01-09 19:00:00,6930.099999999999,6044
M9R,2026-01-09 20:00:00,6824.400000000001,6044
M9R,2026-01-09 21:00:00,6639.700000000001,6044
M9R,2026-01-09 22:00:00,6133.6,6044
M9R,2026-01-09 23:00:00,5578.500000000001,6044
M9R,2026-01-10 00:00:00,5046.7,6044
M9R,2026-01-10 01:00:00,4572.0,6044
M9R,2026-01-10 02:00:00,4239.5,6044
M9R,2026-01-10 03:00:00,4151.2,6044
M9R,2026-01-10 04:00:00,4108.3,6044
M9R,2026-01-10 05:00:00,4173.5,6044
M9R,2026-01-10 06:00:00,4363.599999999999,6044
M9R,2026-01-10 07:00:00,4706.1,6044
M9R,2026-01-10 08:00:00,5241.4,6044
M9R,2026-01-10 09:00:00,5810.900000000001,6044
M9R,2026-01-10 10:00:00,6310.599999999999,6044
M9R,2026-01-10 11:00:00,6660.900000000001,6044
M9R,2026-01-10 12:00:00,6893.8,6044
M9R,2026-01-10 13:00:00,6969.900000000001,6044
M9R,2026-01-10 14:00:00,6972.5,6044
M9R,2026-01-10 15:00:00,7109.7,6044
M9R,2026-01-10 16:00:00,7527.6,6044
M9R,2026-01-10 17:00:00,7924.2,6044
M9R,2026-01-10 18:00:00,7755.200000000001,6044
M9R,2026-01-10 19:00:00,7347.4,6044
M9R,2026-01-10 20:00:00,7163.9,6044
M9R,2026-01-10 21:00:00,6839.9,6044
M9R,2026-01-10 22:00:00,6421.7,6044
M9R,2026-01-10 23:00:00,5879.9,6044
M9R,2026-01-11 00:00:00,5286.2,6044
M9R,2026-01-11 01:00:00,4821.3,6044
M9R,2026-01-11 02:00:00,4555.4,6044
M9R,2026-01-11 03:00:00,4349.5,6044
M9R,2026-01-11 04:00:00,4292.3,6044
M9R,2026-01-11 05:00:00,4315.9,6044
M9R,2026-01-11 06:00:00,4449.7,5991
M9R,2026-01-11 07:00:00,4765.3,6044
M9R,2026-01-11 08:00:00,5426.1,6044
M9R,2026-01-11 09:00:00,6067.4,6044
M9R,2026-01-11 10:00:00,6491.5,6044
M9R,2026-01-11 11:00:00,6924.1,6044
M9R,2026-01-11 12:00:00,7062.7,6044
M9R,2026-01-11 13:00:00,7347.999999999999,6044
M9R,2026-01-11 14:00:00,7307.8,6044
M9R,2026-01-11 15:00:00,7290.6,6044
M9R,2026-01-11 16:00:00,7651.200000000001,6044
M9R,2026-01-11 17:00:00,8459.5,6044
M9R,2026-01-11 18:00:00,8417.1,6044
M9R,2026-01-11 19:00:00,8197.4,6044
M9R,2026-01-11 20:00:00,7989.6,6044
M9R,2026-01-11 21:00:00,7504.5,6044
M9R,2026-01-11 22:00:00,6731.1,6044
M9R,2026-01-11 23:00:00,5999.5,6044
M9R,2026-01-12 00:00:00,5335.299999999999,6044
M9R,2026-01-12 01:00:00,4848.6,6044
M9R,2026-01-12 02:00:00,4521.2,6044
M9R,2026-01-12 03:00:00,4385.2,6044
M9R,2026-01-12 04:00:00,4379.6,6044
M9R,2026-01-12 05:00:00,4558.400000000001,6044
M9R,2026-01-12 06:00:00,5053.9,6044
M9R,2026-01-12 07:00:00,5546.3,6044
M9R,2026-01-12 08:00:00,5498.7,6045
M9R,2026-01-12 09:00:00,5520.8,6045
M9R,2026-01-12 10:00:00,5733.9,6045
M9R,2026-01-12 11:00:00,5871.0,6045
M9R,2026-01-12 12:00:00,6032.7,6045
M9R,2026-01-12 13:00:00,6068.4,6045
M9R,2026-01-12 14:00:00,6012.7,6045
M9R,2026-01-12 15:00:00,6316.8,6045
M9R,2026-01-12 16:00:00,6853.1,6045
M9R,2026-01-12 17:00:00,7653.9,6045
M9R,2026-01-12 18:00:00,7716.7,6045
M9R,2026-01-12 19:00:00,7570.599999999999,6045
M9R,2026-01-12 20:00:00,7517.4,6045
M9R,2026-01-12 21:00:00,7083.1,6045
M9R,2026-01-12 22:00:00,6383.2,6045
M9R,2026-01-12 23:00:00,5669.7,6045
M9R,2026-01-13 00:00:00,5097.9,6045
M9R,2026-01-13 01:00:00,4667.2,6045
M9R,2026-01-13 02:00:00,4443.0,6045
M9R,2026-01-13 03:00:00,4313.2,6045
M9R,2026-01-13 04:00:00,4301.3,6045
M9R,2026-01-13 05:00:00,4475.0,6045
M9R,2026-01-13 06:00:00,4879.7,6045
M9R,2026-01-13 07:00:00,5357.3,6045
M9R,2026-01-13 08:00:00,5300.900000000001,6045
M9R,2026-01-13 09:00:00,5211.3,6045
M9R,2026-01-13 10:00:00,5415.8,6045
M9R,2026-01-13 11:00:00,5527.7,6045
M9R,2026-01-13 12:00:00,5615.0,6045
M9R,2026-01-13 13:00:00,5511.8,6045
M9R,2026-01-13 14:00:00,5474.0,6045
M9R,2026-01-13 15:00:00,5794.5,6045
M9R,2026-01-13 16:00:00,6464.6,6045
M9R,2026-01-13 17:00:00,7287.1,6045
M9R,2026-01-13 18:00:00,7362.7,6045
M9R,2026-01-13 19:00:00,7295.2,6045
M9R,2026-01-13 20:00:00,7202.900000000001,6045
M9R,2026-01-13 21:00:00,6808.3,6045
M9R,2026-01-13 22:00:00,6095.5,6045
M9R,2026-01-13 23:00:00,5445.400000000001,6045
M9R,2026-01-14 00:00:00,4841.7,6045
M9R,2026-01-14 01:00:00,4428.9,6045
M9R,2026-01-14 02:00:00,4192.099999999999,6045
M9R,2026-01-14 03:00:00,4104.4,6045
M9R,2026-01-14 04:00:00,4103.2,6045
M9R,2026-01-14 05:00:00,4283.099999999999,6045
M9R,2026-01-14 06:00:00,4696.0,6045
M9R,2026-01-14 07:00:00,5206.900000000001,6045
M9R,2026-01-14 08:00:00,5176.2,6045
M9R,2026-01-14 09:00:00,5159.400000000001,6045
M9R,2026-01-14 10:00:00,5160.800000000001,6045
M9R,2026-01-14 11:00:00,5307.3,6045
M9R,2026-01-14 12:00:00,5344.199999999999,6045
M9R,2026-01-14 13:00:00,5331.999999999999,6045
M9R,2026-01-14 14:00:00,5381.5,6045
M9R,2026-01-14 15:00:00,5739.0,6045
M9R,2026-01-14 16:00:00,6419.599999999999,6045
M9R,2026-01-14 17:00:00,7317.5,6045
M9R,2026-01-14 18:00:00,7388.799999999999,6045
M9R,2026-01-14 19:00:00,7382.199999999999,6045
M9R,2026-01-14 20:00:00,7348.3,6045
M9R,2026-01-14 21:00:00,7163.8,6045
M9R,2026-01-14 22:00:00,6544.099999999999,6045
M9R,2026-01-14 23:00:00,5790.4,6045
M9R,2026-01-15 00:00:00,5359.700000000001,6045
M9R,2026-01-15 01:00:00,5010.4,6045
M9R,2026-01-15 02:00:00,4835.3,6045
M9R,2026-01-15 03:00:00,4703.7,6045
M9R,2026-01-15 04:00:00,4683.2,6045
M9R,2026-01-15 05:00:00,4901.7,6045
M9R,2026-01-15 06:00:00,5336.3,6045
M9R,2026-01-15 07:00:00,5728.3,6045
M9R,2026-01-15 08:00:00,6111.0,6045
M9R,2026-01-15 09:00:00,6437.5,6045
M9R,2026-01-15 10:00:00,6664.3,6045
M9R,2026-01-15 11:00:00,7042.0,6045
M9R,2026-01-15 12:00:00,7176.700000000001,6045
M9R,2026-01-15 13:00:00,7088.099999999999,6045
M9R,2026-01-15 14:00:00,7014.900000000001,6045
M9R,2026-01-15 15:00:00,7106.7,6045
M9R,2026-01-15 16:00:00,7508.9,6045
M9R,2026-01-15 17:00:00,8375.4,6045
M9R,2026-01-15 18:00:00,8452.6,6045
M9R,2026-01-15 19:00:00,8382.0,6045
M9R,2026-01-15 20:00:00,8218.0,6045
M9R,2026-01-15 21:00:00,7733.3,6045
M9R,2026-01-15 22:00:00,7012.8,6045
M9R,2026-01-15 23:00:00,6237.099999999999,6045
M9R,2026-01-16 00:00:00,5616.500000000001,6045
M9R,2026-01-16 01:00:00,5189.7,6045
M9R,2026-01-16 02:00:00,4924.9,6045
M9R,2026-01-16 03:00:00,4795.5,6045
M9R,2026-01-16 04:00:00,4801.5,6045
M9R,2026-01-16 05:00:00,4959.900000000001,6045
M9R,2026-01-16 06:00:00,5289.599999999999,6045
M9R,2026-01-16 07:00:00,5704.099999999999,6045
M9R,2026-01-16 08:00:00,5866.0,6045
M9R,2026-01-16 09:00:00,5984.9,6045
M9R,2026-01-16 10:00:00,6001.3,6045
M9R,2026-01-16 11:00:00,6176.4,6045
M9R,2026-01-16 12:00:00,6348.099999999999,6045
M9R,2026-01-16 13:00:00,6361.8,6045
M9R,2026-01-16 14:00:00,6370.6,6045
M9R,2026-01-16 15:00:00,6477.2,6045
M9R,2026-01-16 16:00:00,6946.699999999999,6045
M9R,2026-01-16 17:00:00,7638.1,6045
M9R,2026-01-16 18:00:00,7699.0,6045
M9R,2026-01-16 19:00:00,7665.800000000001,6045
M9R,2026-01-16 20:00:00,7581.8,6045
M9R,2026-01-16 21:00:00,7339.900000000001,6045
M9R,2026-01-16 22:00:00,6902.700000000001,6045
M9R,2026-01-16 23:00:00,6200.4,6045
M9R,2026-01-17 00:00:00,5590.8,6045
M9R,2026-01-17 01:00:00,5107.799999999999,6045
M9R,2026-01-17 02:00:00,4728.7,6045
M9R,2026-01-17 03:00:00,4576.3,6045
M9R,2026-01-17 04:00:00,4533.1,6045
M9R,2026-01-17 05:00:00,4536.7,6045
M9R,2026-01-17 06:00:00,4746.9,6045
M9R,2026-01-17 07:00:00,5098.6,6045
M9R,2026-01-17 08:00:00,5693.6,6045
M9R,2026-01-17 09:00:00,6065.7,6045
M9R,2026-01-17 10:00:00,6434.299999999999,6045
M9R,2026-01-17 11:00:00,6776.9,6045
M9R,2026-01-17 12:00:00,6986.9,6045
M9R,2026-01-17 13:00:00,7017.8,6045
M9R,2026-01-17 14:00:00,6968.700000000001,6045
M9R,2026-01-17 15:00:00,7077.9,6045
M9R,2026-01-17 16:00:00,7374.900000000001,6045
M9R,2026-01-17 17:00:00,7958.2,6045
M9R,2026-01-17 18:00:00,7957.0,6045
M9R,2026-01-17 19:00:00,7661.700000000001,6045
M9R,2026-01-17 20:00:00,7496.7,6045
M9R,2026-01-17 21:00:00,7180.6,6045
M9R,2026-01-17 22:00:00,6728.5,6045
M9R,2026-01-17 23:00:00,6232.6,6045
M9R,2026-01-18 00:00:00,5633.500000000001,6045
M9R,2026-01-18 01:00:00,5156.7,6045
M9R,2026-01-18 02:00:00,4847.1,6045
M9R,2026-01-18 03:00:00,4691.2,6044
M9R,2026-01-18 04:00:00,4648.2,6044
M9R,2026-01-18 05:00:00,4643.5,6044
M9R,2026-01-18 06:00:00,4851.9,6044
M9R,2026-01-18 07:00:00,5162.8,6044
M9R,2026-01-18 08:00:00,5691.9,6044
M9R,2026-01-18 09:00:00,6221.9,6044
M9R,2026-01-18 10:00:00,6614.6,6044
M9R,2026-01-18 11:00:00,7047.200000000001,6044
M9R,2026-01-18 12:00:00,7310.3,6044
M9R,2026-01-18 13:00:00,7356.2,6044
M9R,2026-01-18 14:00:00,7513.799999999999,6044
M9R,2026-01-18 15:00:00,7488.299999999999,6044
M9R,2026-01-18 16:00:00,7881.7,6044
M9R,2026-01-18 17:00:00,8521.900000000001,6044
M9R,2026-01-18 18:00:00,8444.5,6044
M9R,2026-01-18 19:00:00,8256.3,6044
M9R,2026-01-18 20:00:00,7993.900000000001,6044
M9R,2026-01-18 21:00:00,7604.2,6044
M9R,2026-01-18 22:00:00,6792.200000000001,6044
M9R,2026-01-18 23:00:00,6087.1,6044
M9R,2026-01-19 00:00:00,5466.0,6044
M9R,2026-01-19 01:00:00,5077.499999999999,6044
M9R,2026-01-19 02:00:00,4809.5,6044
M9R,2026-01-19 03:00:00,4655.5,6044
M9R,2026-01-19 04:00:00,4666.3,6044
M9R,2026-01-19 05:00:00,4847.6,6044
M9R,2026-01-19 06:00:00,5325.599999999999,6044
M9R,2026-01-19 07:00:00,5835.900000000001,6044
M9R,2026-01-19 08:00:00,5835.7,6044
M9R,2026-01-19 09:00:00,5807.2,6044
M9R,2026-01-19 10:00:00,5887.099999999999,6044
M9R,2026-01-19 11:00:00,5959.3,6044
M9R,2026-01-19 12:00:00,6104.0,6044
M9R,2026-01-19 13:00:00,6155.4,6044
M9R,2026-01-19 14:00:00,6072.7,6044
M9R,2026-01-19 15:00:00,6283.700000000001,6044
M9R,2026-01-19 16:00:00,6945.4,6044
M9R,2026-01-19 17:00:00,7939.400000000001,6044
M9R,2026-01-19 18:00:00,8185.599999999999,6044
M9R,2026-01-19 19:00:00,8126.7,6044
M9R,2026-01-19 20:00:00,8063.7,6044
M9R,2026-01-19 21:00:00,7704.8,6044
M9R,2026-01-19 22:00:00,6981.2,6044
M9R,2026-01-19 23:00:00,6244.4,6044
M9R,2026-01-20 00:00:00,5717.8,6044
M9R,2026-01-20 01:00:00,5325.700000000001,6044
M9R,2026-01-20 02:00:00,5150.9,6044
M9R,2026-01-20 03:00:00,5007.9,6044
M9R,2026-01-20 04:00:00,4953.0,6044
M9R,2026-01-20 05:00:00,5184.9,6044
M9R,2026-01-20 06:00:00,5629.6,6044
M9R,2026-01-20 07:00:00,6214.200000000001,6044
M9R,2026-01-20 08:00:00,6104.1,6044
M9R,2026-01-20 09:00:00,5918.9,5991
M9R,2026-01-20 10:00:00,6063.6,6044
M9R,2026-01-20 11:00:00,6046.1,5991
M9R,2026-01-20 12:00:00,6140.0,6044
M9R,2026-01-20 13:00:00,6102.8,6044
M9R,2026-01-20 14:00:00,6111.3,6044
M9R,2026-01-20 15:00:00,6238.7,6044
M9R,2026-01-20 16:00:00,6957.1,6044
M9R,2026-01-20 17:00:00,7959.299999999999,6044
M9R,2026-01-20 18:00:00,8266.9,6044
M9R,2026-01-20 19:00:00,8234.800000000001,6044
M9R,2026-01-20 20:00:00,8104.400000000001,6044
M9R,2026-01-20 21:00:00,7823.7,6044
M9R,2026-01-20 22:00:00,7103.900000000001,6044
M9R,2026-01-20 23:00:00,6392.0,6044
M9R,2026-01-21 00:00:00,5922.5,6044
M9R,2026-01-21 01:00:00,5496.1,6044
M9R,2026-01-21 02:00:00,5234.200000000001,6044
M9R,2026-01-21 03:00:00,5109.7,6044
M9R,2026-01-21 04:00:00,4989.8,6044
M9R,2026-01-21 05:00:00,5175.2,6044
M9R,2026-01-21 06:00:00,5571.999999999999,6044
M9R,2026-01-21 07:00:00,6147.4,6044
M9R,2026-01-21 08:00:00,6125.8,6044
M9R,2026-01-21 09:00:00,6070.4,6044
M9R,2026-01-21 10:00:00,6104.5,6044
M9R,2026-01-21 11:00:00,6381.0,6044
M9R,2026-01-21 12:00:00,6511.8,6044
M9R,2026-01-21 13:00:00,6401.0,6044
M9R,2026-01-21 14:00:00,6302.5,6044
M9R,2026-01-21 15:00:00,6581.0,6044
M9R,2026-01-21 16:00:00,7156.6,6044
M9R,2026-01-21 17:00:00,7891.8,6044
M9R,2026-01-21 18:00:00,7987.299999999999,6044
M9R,2026-01-21 19:00:00,7901.5,6044
M9R,2026-01-21 20:00:00,7768.5,6044
M9R,2026-01-21 21:00:00,7416.299999999999,6044
M9R,2026-01-21 22:00:00,6784.3,6044
M9R,2026-01-21 23:00:00,5982.0,6044
M9R,2026-01-22 00:00:00,5389.8,6044
M9R,2026-01-22 01:00:00,5021.9,6044
M9R,2026-01-22 02:00:00,4788.7,6044
M9R,2026-01-22 03:00:00,4631.7,6044
M9R,2026-01-22 04:00:00,4662.1,6044
M9R,2026-01-22 05:00:00,4903.299999999999,6044
M9R,2026-01-22 06:00:00,5281.6,6044
M9R,2026-01-22 07:00:00,5826.8,6044
M9R,2026-01-22 08:00:00,5737.099999999999,6044
M9R,2026-01-22 09:00:00,5643.4,6044
M9R,2026-01-22 10:00:00,5685.4,6044
M9R,2026-01-22 11:00:00,5794.400000000001,6044
M9R,2026-01-22 12:00:00,5878.4,6044
M9R,2026-01-22 13:00:00,5833.8,6044
M9R,2026-01-22 14:00:00,5963.6,6044
M9R,2026-01-22 15:00:00,6125.3,6044
M9R,2026-01-22 16:00:00,6818.7,6044
M9R,2026-01-22 17:00:00,7678.5,6044
M9R,2026-01-22 18:00:00,7886.6,6044
M9R,2026-01-22 19:00:00,7857.599999999999,6044
M9R,2026-01-22 20:00:00,7832.4,6044
M9R,2026-01-22 21:00:00,7540.499999999999,6044
M9R,2026-01-22 22:00:00,6845.000000000001,6044
M9R,2026-01-22 23:00:00,6271.499999999999,6044
M9R,2026-01-23 00:00:00,5794.8,6044
M9R,2026-01-23 01:00:00,5317.5,6044
M9R,2026-01-23 02:00:00,5049.0,6044
M9R,2026-01-23 03:00:00,4926.0,6044
M9R,2026-01-23 04:00:00,4941.1,6044
M9R,2026-01-23 05:00:00,5129.2,6044
M9R,2026-01-23 06:00:00,5487.8,6044
M9R,2026-01-23 07:00:00,6103.9,6044
M9R,2026-01-23 08:00:00,6095.8,6044
M9R,2026-01-23 09:00:00,6169.8,6044
M9R,2026-01-23 10:00:00,6318.3,6044
M9R,2026-01-23 11:00:00,6555.3,6044
M9R,2026-01-23 12:00:00,6627.9,6044
M9R,2026-01-23 13:00:00,6529.799999999999,6044
M9R,2026-01-23 14:00:00,6516.0,6044
M9R,2026-01-23 15:00:00,6888.1,6044
M9R,2026-01-23 16:00:00,7376.1,6043
M9R,2026-01-23 17:00:00,8166.300000000001,6043
M9R,2026-01-23 18:00:00,8413.0,6043
M9R,2026-01-23 19:00:00,8380.2,6043
M9R,2026-01-23 20:00:00,8315.9,6043
M9R,2026-01-23 21:00:00,8016.5,6043
M9R,2026-01-23 22:00:00,7505.999999999999,6043
M9R,2026-01-23 23:00:00,6917.8,6043
M9R,2026-01-24 00:00:00,6382.500000000001,6043
M9R,2026-01-24 01:00:00,5940.799999999999,6043
M9R,2026-01-24 02:00:00,5651.0,6043
M9R,2026-01-24 03:00:00,5459.0,6043
M9R,2026-01-24 04:00:00,5343.799999999999,6043
M9R,2026-01-24 05:00:00,5361.799999999999,6043
M9R,2026-01-24 06:00:00,5583.8,6043
M9R,2026-01-24 07:00:00,5986.4,6043
M9R,2026-01-24 08:00:00,6627.3,6043
M9R,2026-01-24 09:00:00,7014.8,6043
M9R,2026-01-24 10:00:00,7303.700000000001,6043
M9R,2026-01-24 11:00:00,7675.099999999999,6043
M9R,2026-01-24 12:00:00,7815.799999999999,6043
M9R,2026-01-24 13:00:00,7878.799999999999,6043
M9R,2026-01-24 14:00:00,7866.3,6043
M9R,2026-01-24 15:00:00,8059.5,6043
M9R,2026-01-24 16:00:00,8230.9,6043
M9R,2026-01-24 17:00:00,8650.0,6043
M9R,2026-01-24 18:00:00,8695.6,6043
M9R,2026-01-24 19:00:00,8411.7,6043
M9R,2026-01-24 20:00:00,8112.5,6043
M9R,2026-01-24 21:00:00,7726.5,6043
M9R,2026-01-24 22:00:00,7201.5,5990
M9R,2026-01-24 23:00:00,6737.700000000001,6043
M9R,2026-01-25 00:00:00,6221.099999999999,6043
M9R,2026-01-25 01:00:00,5789.699999999999,6043
M9R,2026-01-25 02:00:00,5508.2,6043
M9R,2026-01-25 03:00:00,5366.0,6043
M9R,2026-01-25 04:00:00,5188.6,6043
M9R,2026-01-25 05:00:00,5192.400000000001,6043
M9R,2026-01-25 06:00:00,5346.400000000001,6043
M9R,2026-01-25 07:00:00,5669.700000000001,6043
M9R,2026-01-25 08:00:00,6232.0,6043
M9R,2026-01-25 09:00:00,6921.7,6043
M9R,2026-01-25 10:00:00,7544.2,6043
M9R,2026-01-25 11:00:00,8238.699999999999,6043
M9R,2026-01-25 12:00:00,8621.699999999999,6043
M9R,2026-01-25 13:00:00,8793.7,6043
M9R,2026-01-25 14:00:00,8848.9,6043
M9R,2026-01-25 15:00:00,8864.300000000001,6043
M9R,2026-01-25 16:00:00,9037.5,6043
M9R,2026-01-25 17:00:00,9598.0,6043
M9R,2026-01-25 18:00:00,9495.400000000001,6043
M9R,2026-01-25 19:00:00,9060.4,6043
M9R,2026-01-25 20:00:00,8692.2,6043
M9R,2026-01-25 21:00:00,8090.4,6043
M9R,2026-01-25 22:00:00,7375.099999999999,6043
M9R,2026-01-25 23:00:00,6645.599999999999,6043
M9R,2026-01-26 00:00:00,5993.5,6043
M9R,2026-01-26 01:00:00,5476.3,6043
M9R,2026-01-26 02:00:00,5182.4,6043
M9R,2026-01-26 03:00:00,5054.900000000001,6043
M9R,2026-01-26 04:00:00,5056.299999999999,6043
M9R,2026-01-26 05:00:00,5198.400000000001,6043
M9R,2026-01-26 06:00:00,5468.8,6043
M9R,2026-01-26 07:00:00,5803.0,6043
M9R,2026-01-26 08:00:00,6143.6,6043
M9R,2026-01-26 09:00:00,6448.3,6043
M9R,2026-01-26 10:00:00,6666.3,6042
M9R,2026-01-26 11:00:00,6858.6,6042
M9R,2026-01-26 12:00:00,7115.499999999999,6042
M9R,2026-01-26 13:00:00,7095.5,6042
M9R,2026-01-26 14:00:00,6979.2,6042
M9R,2026-01-26 15:00:00,7012.2,6042
M9R,2026-01-26 16:00:00,7379.999999999999,6042
M9R,2026-01-26 17:00:00,8171.0,6042
M9R,2026-01-26 18:00:00,8456.7,6042
M9R,2026-01-26 19:00:00,8354.199999999999,6042
M9R,2026-01-26 20:00:00,8175.4,6042
M9R,2026-01-26 21:00:00,7824.4,6042
M9R,2026-01-26 22:00:00,7132.599999999999,6042
M9R,2026-01-26 23:00:00,6364.0,6042
M9R,2026-01-27 00:00:00,5782.9,6042
M9R,2026-01-27 01:00:00,5374.2,6042
M9R,2026-01-27 02:00:00,5188.4,6042
M9R,2026-01-27 03:00:00,5008.2,6042
M9R,2026-01-27 04:00:00,5043.200000000001,6042
M9R,2026-01-27 05:00:00,5263.8,6042
M9R,2026-01-27 06:00:00,5695.299999999999,6042
M9R,2026-01-27 07:00:00,6209.4,6043
M9R,2026-01-27 08:00:00,6216.0,6042
M9R,2026-01-27 09:00:00,6120.599999999999,6042
M9R,2026-01-27 10:00:00,6170.700000000001,6042
M9R,2026-01-27 11:00:00,6344.4,6042
M9R,2026-01-27 12:00:00,6443.8,6042
M9R,2026-01-27 13:00:00,6466.0,6042
M9R,2026-01-27 14:00:00,6365.8,6042
M9R,2026-01-27 15:00:00,6517.599999999999,6042
M9R,2026-01-27 16:00:00,7069.299999999999,6042
M9R,2026-01-27 17:00:00,7981.5,6042
M9R,2026-01-27 18:00:00,8223.9,6042
M9R,2026-01-27 19:00:00,8191.900000000001,6042
M9R,2026-01-27 20:00:00,8102.2,6042
M9R,2026-01-27 21:00:00,7716.200000000001,6042
M9R,2026-01-27 22:00:00,7048.700000000001,6042
M9R,2026-01-27 23:00:00,6380.6,6042
M9R,2026-01-28 00:00:00,5910.5,6042
M9R,2026-01-28 01:00:00,5473.0,6042
M9R,2026-01-28 02:00:00,5249.0,6042
M9R,2026-01-28 03:00:00,5052.000000000001,6042
M9R,2026-01-28 04:00:00,5007.4,6042
M9R,2026-01-28 05:00:00,5230.2,6042
M9R,2026-01-28 06:00:00,5656.4,6042
M9R,2026-01-28 07:00:00,6160.4,6042
M9R,2026-01-28 08:00:00,6081.900000000001,6042
M9R,2026-01-28 09:00:00,5903.3,6042
M9R,2026-01-28 10:00:00,5860.5,6042
M9R,2026-01-28 11:00:00,5976.6,6042
M9R,2026-01-28 12:00:00,6253.700000000001,6042
M9R,2026-01-28 13:00:00,6262.400000000001,6042
M9R,2026-01-28 14:00:00,6092.1,6042
M9R,2026-01-28 15:00:00,6352.1,6042
M9R,2026-01-28 16:00:00,6884.7,6042
M9R,2026-01-28 17:00:00,7855.9,6042
M9R,2026-01-28 18:00:00,8145.700000000001,6042
M9R,2026-01-28 19:00:00,8183.7,6042
M9R,2026-01-28 20:00:00,8081.5,6042
M9R,2026-01-28 21:00:00,7706.900000000001,6042
M9R,2026-01-28 22:00:00,7028.6,6042
M9R,2026-01-28 23:00:00,6429.9,6042
M9R,2026-01-29 00:00:00,5810.8,6043
M9R,2026-01-29 01:00:00,5329.8,6043
M9R,2026-01-29 02:00:00,5092.9,6043
M9R,2026-01-29 03:00:00,4983.1,6043
M9R,2026-01-29 04:00:00,5005.4,6043
M9R,2026-01-29 05:00:00,5258.3,6043
M9R,2026-01-29 06:00:00,5603.199999999999,6043
M9R,2026-01-29 07:00:00,6126.5,6043
M9R,2026-01-29 08:00:00,6080.6,6043
M9R,2026-01-29 09:00:00,5988.2,6043
M9R,2026-01-29 10:00:00,5958.0,6043
M9R,2026-01-29 11:00:00,6038.5,6043
M9R,2026-01-29 12:00:00,6225.9,6043
M9R,2026-01-29 13:00:00,6163.3,6043
M9R,2026-01-29 14:00:00,6203.9,6043
M9R,2026-01-29 15:00:00,6334.400000000001,6043
M9R,2026-01-29 16:00:00,6971.700000000001,6043
M9R,2026-01-29 17:00:00,7915.1,6043
M9R,2026-01-29 18:00:00,8283.7,6043
M9R,2026-01-29 19:00:00,8254.6,6043
M9R,2026-01-29 20:00:00,8261.8,6043
M9R,2026-01-29 21:00:00,7992.0,6043
M9R,2026-01-29 22:00:00,7325.4,6043
M9R,2026-01-29 23:00:00,6745.2,6043
M9R,2026-01-30 00:00:00,6131.3,6043
M9R,2026-01-30 01:00:00,5749.2,6043
M9R,2026-01-30 02:00:00,5496.999999999999,6043
M9R,2026-01-30 03:00:00,5322.8,6043
M9R,2026-01-30 04:00:00,5353.0,6043
M9R,2026-01-30 05:00:00,5557.3,6043
M9R,2026-01-30 06:00:00,5896.7,6043
M9R,2026-01-30 07:00:00,6417.4,6043
M9R,2026-01-30 08:00:00,6485.9,6043
M9R,2026-01-30 09:00:00,6487.6,6043
M9R,2026-01-30 10:00:00,6481.3,6043
M9R,2026-01-30 11:00:00,6546.0,6043
M9R,2026-01-30 12:00:00,6588.0,6043
M9R,2026-01-30 13:00:00,6482.700000000001,6043
M9R,2026-01-30 14:00:00,6455.900000000001,6043
M9R,2026-01-30 15:00:00,6727.8,6043
M9R,2026-01-30 16:00:00,7268.599999999999,6043
M9R,2026-01-30 17:00:00,8006.4,6043
M9R,2026-01-30 18:00:00,8238.5,6043
M9R,2026-01-30 19:00:00,8087.5,6043
M9R,2026-01-30 20:00:00,8002.3,6043
M9R,2026-01-30 21:00:00,7849.400000000001,6043
M9R,2026-01-30 22:00:00,7401.5,6043
M9R,2026-01-30 23:00:00,6844.1,6043
M9R,2026-01-31 00:00:00,6257.9,6043
M9R,2026-01-31 01:00:00,5793.6,6043
M9R,2026-01-31 02:00:00,5433.799999999999,6043
M9R,2026-01-31 03:00:00,5219.900000000001,6043
M9R,2026-01-31 04:00:00,5183.799999999999,6043
M9R,2026-01-31 05:00:00,5262.299999999999,6043
M9R,2026-01-31 06:00:00,5489.0,6043
M9R,2026-01-31 07:00:00,5915.7,6043
M9R,2026-01-31 08:00:00,6576.5,6043
M9R,2026-01-31 09:00:00,6961.9,6043
M9R,2026-01-31 10:00:00,7256.1,6043
M9R,2026-01-31 11:00:00,7501.5,6043
M9R,2026-01-31 12:00:00,7658.5,6043
M9R,2026-01-31 13:00:00,7624.1,6043
M9R,2026-01-31 14:00:00,7530.599999999999,6043
M9R,2026-01-31 15:00:00,7572.6,6043
M9R,2026-01-31 16:00:00,7807.999999999999,6043
M9R,2026-01-31 17:00:00,8403.4,6043
M9R,2026-01-31 18:00:00,8778.199999999999,6043
M9R,2026-01-31 19:00:00,8440.599999999999,6043
M9R,2026-01-31 20:00:00,8189.699999999999,6043
M9R,2026-01-31 21:00:00,7714.7,6043
M9R,2026-01-31 22:00:00,7265.299999999999,6043
M9R,2026-01-31 23:00:00,6769.299999999999,6043
M9R,2026-02-01 00:00:00,6152.95214,6041
M9R,2026-02-01 01:00:00,5702.3065879999995,6041
M9R,2026-02-01 02:00:00,5356.585301,6041
M9R,2026-02-01 03:00:00,5190.626970000001,6041
M9R,2026-02-01 04:00:00,5139.690047,6041
M9R,2026-02-01 05:00:00,5186.2049289999995,6041
M9R,2026-02-01 06:00:00,5327.227489,6041
M9R,2026-02-01 07:00:00,5743.116494,6041
M9R,2026-02-01 08:00:00,6295.849873,6041
M9R,2026-02-01 09:00:00,6734.28558,6041
M9R,2026-02-01 10:00:00,7109.823732,6041
M9R,2026-02-01 11:00:00,7571.314886,6041
M9R,2026-02-01 12:00:00,7708.820789,6041
M9R,2026-02-01 13:00:00,7712.829170999999,6041
M9R,2026-02-01 14:00:00,7736.267760000001,6041
M9R,2026-02-01 15:00:00,7741.140335000001,6041
M9R,2026-02-01 16:00:00,8008.556252,6041
M9R,2026-02-01 17:00:00,8766.206922,6041
M9R,2026-02-01 18:00:00,9066.967416,6041
M9R,2026-02-01 19:00:00,8751.202497999999,6041
M9R,2026-02-01 20:00:00,8464.496017,6041
M9R,2026-02-01 21:00:00,7969.890192999999,6041
M9R,2026-02-01 22:00:00,7221.770430999999,6041
M9R,2026-02-01 23:00:00,6414.252295000001,6042
M9R,2026-02-02 00:00:00,5772.162752,6041
M9R,2026-02-02 01:00:00,5324.478505000001,6041
M9R,2026-02-02 02:00:00,5067.774103,6041
M9R,2026-02-02 03:00:00,4936.631305,6041
M9R,2026-02-02 04:00:00,4928.456886,6041
M9R,2026-02-02 05:00:00,5136.282427,6041
M9R,2026-02-02 06:00:00,5556.839753,6041
M9R,2026-02-02 07:00:00,6155.815202,6041
M9R,2026-02-02 08:00:00,6035.240523,6041
M9R,2026-02-02 09:00:00,5808.009695000001,6041
M9R,2026-02-02 10:00:00,5818.672397,6041
M9R,2026-02-02 11:00:00,5873.352311999999,6041
M9R,2026-02-02 12:00:00,5921.7228000000005,6041
M9R,2026-02-02 13:00:00,5865.523676,6041
M9R,2026-02-02 14:00:00,5914.487174999999,6041
M9R,2026-02-02 15:00:00,6096.483749999999,6041
M9R,2026-02-02 16:00:00,6743.31712,6041
M9R,2026-02-02 17:00:00,7679.672622,6041
M9R,2026-02-02 18:00:00,7938.2723510000005,6041
M9R,2026-02-02 19:00:00,7984.2056299999995,6041
M9R,2026-02-02 20:00:00,8007.12657,6041
M9R,2026-02-02 21:00:00,7603.613354,6041
M9R,2026-02-02 22:00:00,6886.204574,6041
M9R,2026-02-02 23:00:00,6148.836611,6041
M9R,2026-02-03 00:00:00,5545.058870999999,6041
M9R,2026-02-03 01:00:00,5037.512382999999,6041
M9R,2026-02-03 02:00:00,4764.611734,6041
M9R,2026-02-03 03:00:00,4629.556043,6041
M9R,2026-02-03 04:00:00,4625.491734,6041
M9R,2026-02-03 05:00:00,4860.243109,6041
M9R,2026-02-03 06:00:00,5326.204702000001,6041
M9R,2026-02-03 07:00:00,5780.268447,6041
M9R,2026-02-03 08:00:00,5701.929713,6041
M9R,2026-02-03 09:00:00,5624.528626,6041
M9R,2026-02-03 10:00:00,5789.799023,6041
M9R,2026-02-03 11:00:00,5942.083852,6041
M9R,2026-02-03 12:00:00,6062.690344,6041
M9R,2026-02-03 13:00:00,5954.023754,6041
M9R,2026-02-03 14:00:00,5814.759388,6041
M9R,2026-02-03 15:00:00,6036.199932,6041
M9R,2026-02-03 16:00:00,6732.719701,6041
M9R,2026-02-03 17:00:00,7576.397782999999,6041
M9R,2026-02-03 18:00:00,7906.726463999999,6041
M9R,2026-02-03 19:00:00,7877.195929,6041
M9R,2026-02-03 20:00:00,7822.031285,6041
M9R,2026-02-03 21:00:00,7538.7468149999995,6041
M9R,2026-02-03 22:00:00,6871.790577,6041
M9R,2026-02-03 23:00:00,6130.489786,6041
M9R,2026-02-04 00:00:00,5536.182002,6041
M9R,2026-02-04 01:00:00,5165.906819000001,6041
M9R,2026-02-04 02:00:00,4896.917851,6041
M9R,2026-02-04 03:00:00,4816.535124,6041
M9R,2026-02-04 04:00:00,4828.132751,6041
M9R,2026-02-04 05:00:00,5092.423745,6041
M9R,2026-02-04 06:00:00,5506.545577000001,6041
M9R,2026-02-04 07:00:00,6040.6974310000005,6041
M9R,2026-02-04 08:00:00,5811.536241999999,6041
M9R,2026-02-04 09:00:00,5651.540224,6041
M9R,2026-02-04 10:00:00,5714.900586999999,6041
M9R,2026-02-04 11:00:00,5747.897962999999,6041
M9R,2026-02-04 12:00:00,5868.2885240000005,6041
M9R,2026-02-04 13:00:00,5752.447711,6041
M9R,2026-02-04 14:00:00,5674.3334939999995,6042
M9R,2026-02-04 15:00:00,5937.52844,6042
M9R,2026-02-04 16:00:00,6548.253025999999,6042
M9R,2026-02-04 17:00:00,7428.624468,6042
M9R,2026-02-04 18:00:00,7850.574183,6042
M9R,2026-02-04 19:00:00,7881.152448999999,6042
M9R,2026-02-04 20:00:00,7819.680055000001,6042
M9R,2026-02-04 21:00:00,7504.501046,6042
M9R,2026-02-04 22:00:00,6837.7818609999995,6042
M9R,2026-02-04 23:00:00,6178.769994,6042
M9R,2026-02-05 00:00:00,5625.473899999999,6042
M9R,2026-02-05 01:00:00,5233.475073,6042
M9R,2026-02-05 02:00:00,4970.363227,6042
M9R,2026-02-05 03:00:00,4848.191102999999,6042
M9R,2026-02-05 04:00:00,4818.595647,6042
M9R,2026-02-05 05:00:00,5080.210504,6042
M9R,2026-02-05 06:00:00,5539.698376,6042
M9R,2026-02-05 07:00:00,6042.989097,6042
M9R,2026-02-05 08:00:00,5920.041027,6042
M9R,2026-02-05 09:00:00,5765.543376,6042
M9R,2026-02-05 10:00:00,5873.218182,6042
M9R,2026-02-05 11:00:00,5861.246620999999,6042
M9R,2026-02-05 12:00:00,5939.199215,6042
M9R,2026-02-05 13:00:00,5867.572981,6042
M9R,2026-02-05 14:00:00,5977.652561,6042
M9R,2026-02-05 15:00:00,6102.288003000001,6042
M9R,2026-02-05 16:00:00,6652.1842369999995,6042
M9R,2026-02-05 17:00:00,7455.912117,6042
M9R,2026-02-05 18:00:00,7810.600497,6042
M9R,2026-02-05 19:00:00,7864.926202000001,6042
M9R,2026-02-05 20:00:00,7911.089545,6042
M9R,2026-02-05 21:00:00,7631.456057,6042
M9R,2026-02-05 22:00:00,6951.873014000001,6042
M9R,2026-02-05 23:00:00,6157.396118000001,6042
M9R,2026-02-06 00:00:00,5586.958664000001,6042
M9R,2026-02-06 01:00:00,5169.987918,6042
M9R,2026-02-06 02:00:00,4900.675227000001,6042
M9R,2026-02-06 03:00:00,4792.248447,6042
M9R,2026-02-06 04:00:00,4809.204786,6042
M9R,2026-02-06 05:00:00,4978.25768,6042
M9R,2026-02-06 06:00:00,5385.690033,6042
M9R,2026-02-06 07:00:00,5831.828143999999,6042
M9R,2026-02-06 08:00:00,5770.123747000001,6042
M9R,2026-02-06 09:00:00,5846.502596,6042
M9R,2026-02-06 10:00:00,5859.1332760000005,6042
M9R,2026-02-06 11:00:00,5997.385215,6042
M9R,2026-02-06 12:00:00,6015.372856999999,6042
M9R,2026-02-06 13:00:00,5981.2786160000005,6042
M9R,2026-02-06 14:00:00,5962.793594999999,6042
M9R,2026-02-06 15:00:00,6199.691146,6042
M9R,2026-02-06 16:00:00,6834.173289,6042
M9R,2026-02-06 17:00:00,7383.908733,6042
M9R,2026-02-06 18:00:00,7678.935178,6042
M9R,2026-02-06 19:00:00,7704.167674,6042
M9R,2026-02-06 20:00:00,7780.084166,6042
M9R,2026-02-06 21:00:00,7552.515708,6042
M9R,2026-02-06 22:00:00,7046.514378,6042
M9R,2026-02-06 23:00:00,6631.72413,6042
M9R,2026-02-07 00:00:00,6181.6039359999995,6042
M9R,2026-02-07 01:00:00,5795.460255999999,6042
M9R,2026-02-07 02:00:00,5533.911983,6042
M9R,2026-02-07 03:00:00,5351.290142,6042
M9R,2026-02-07 04:00:00,5329.0364500000005,6042
M9R,2026-02-07 05:00:00,5444.5481899999995,6042
M9R,2026-02-07 06:00:00,5637.08619,6042
M9R,2026-02-07 07:00:00,6101.504416,6042
M9R,2026-02-07 08:00:00,6699.929327,6042
M9R,2026-02-07 09:00:00,7115.795235,6042
M9R,2026-02-07 10:00:00,7494.23622,6042
M9R,2026-02-07 11:00:00,7874.973073,6042
M9R,2026-02-07 12:00:00,8014.487456000001,6042
M9R,2026-02-07 13:00:00,8002.924079,6042
M9R,2026-02-07 14:00:00,7993.113249000001,6042
M9R,2026-02-07 15:00:00,7997.514105,6042
M9R,2026-02-07 16:00:00,8248.538462999999,6042
M9R,2026-02-07 17:00:00,8756.173869,6042
M9R,2026-02-07 18:00:00,9157.70505,6042
M9R,2026-02-07 19:00:00,8732.092037999999,6042
M9R,2026-02-07 20:00:00,8471.996622,6042
M9R,2026-02-07 21:00:00,8141.406417,6042
M9R,2026-02-07 22:00:00,7624.185681000001,6042
M9R,2026-02-07 23:00:00,6952.700779000001,6042
M9R,2026-02-08 00:00:00,6389.415018,6042
M9R,2026-02-08 01:00:00,5948.500223,6042
M9R,2026-02-08 02:00:00,5629.438866,6042
M9R,2026-02-08 03:00:00,5475.318895,6042
M9R,2026-02-08 04:00:00,5403.947107,6042
M9R,2026-02-08 05:00:00,5422.679039,6042
M9R,2026-02-08 06:00:00,5611.063378000001,6042
M9R,2026-02-08 07:00:00,6094.809846,6042
M9R,2026-02-08 08:00:00,6725.817054,6042
M9R,2026-02-08 09:00:00,7176.5022770000005,6042
M9R,2026-02-08 10:00:00,7601.246963999999,6042
M9R,2026-02-08 11:00:00,8029.063669,6042
M9R,2026-02-08 12:00:00,8289.323628,6042
M9R,2026-02-08 13:00:00,8166.291895,6042
M9R,2026-02-08 14:00:00,8177.414089000001,6042
M9R,2026-02-08 15:00:00,8236.044392,6042
M9R,2026-02-08 16:00:00,8564.638454,6042
M9R,2026-02-08 17:00:00,9175.913241,6042
M9R,2026-02-08 18:00:00,9495.455971,6042
M9R,2026-02-08 19:00:00,9009.322415,6042
M9R,2026-02-08 20:00:00,8674.867434,6042
M9R,2026-02-08 21:00:00,8249.239238,6042
M9R,2026-02-08 22:00:00,7598.865244,6042
M9R,2026-02-08 23:00:00,6781.444621,6042
M9R,2026-02-09 00:00:00,6139.96014,6042
M9R,2026-02-09 01:00:00,5727.130094,6042
M9R,2026-02-09 02:00:00,5503.192611,6042
M9R,2026-02-09 03:00:00,5323.528598,6042
M9R,2026-02-09 04:00:00,5316.738859,6042
M9R,2026-02-09 05:00:00,5507.794701000001,6042
M9R,2026-02-09 06:00:00,5942.468365,6042
M9R,2026-02-09 07:00:00,6475.806711000001,6042
M9R,2026-02-09 08:00:00,6374.573541,6042
M9R,2026-02-09 09:00:00,6310.108599,6042
M9R,2026-02-09 10:00:00,6426.579573999999,6042
M9R,2026-02-09 11:00:00,6453.275713,6042
M9R,2026-02-09 12:00:00,6485.140276,6042
M9R,2026-02-09 13:00:00,6398.977042,6042
M9R,2026-02-09 14:00:00,6370.904694999999,6042
M9R,2026-02-09 15:00:00,6537.115553,6042
M9R,2026-02-09 16:00:00,7029.668527,6042
M9R,2026-02-09 17:00:00,7921.316870999999,6042
M9R,2026-02-09 18:00:00,8391.182622,6042
M9R,2026-02-09 19:00:00,8279.947025,6042
M9R,2026-02-09 20:00:00,8089.836151,6042
M9R,2026-02-09 21:00:00,7669.528094,6042
M9R,2026-02-09 22:00:00,6961.828062,6042
M9R,2026-02-09 23:00:00,6272.273034,6042
M9R,2026-02-10 00:00:00,5705.881969,6041
M9R,2026-02-10 01:00:00,5207.872419,6041
M9R,2026-02-10 02:00:00,4941.640173,6041
M9R,2026-02-10 03:00:00,4847.133188000001,6041
M9R,2026-02-10 04:00:00,4838.43675,6041
M9R,2026-02-10 05:00:00,5052.55256,6041
M9R,2026-02-10 06:00:00,5462.674843000001,6041
M9R,2026-02-10 07:00:00,5976.064293,6041
M9R,2026-02-10 08:00:00,5868.252691,6041
M9R,2026-02-10 09:00:00,5768.974808000001,6040
M9R,2026-02-10 10:00:00,5796.11544,6040
M9R,2026-02-10 11:00:00,5901.936623,6040
M9R,2026-02-10 12:00:00,5964.623688,6040
M9R,2026-02-10 13:00:00,5766.842236,6040
M9R,2026-02-10 14:00:00,5856.077475,6040
M9R,2026-02-10 15:00:00,5981.621325,6040
M9R,2026-02-10 16:00:00,6579.597222999999,6040
M9R,2026-02-10 17:00:00,7147.436206,6040
M9R,2026-02-10 18:00:00,7547.144533,6040
M9R,2026-02-10 19:00:00,7571.044449,6040
M9R,2026-02-10 20:00:00,7550.691069,6040
M9R,2026-02-10 21:00:00,7219.643419,6040
M9R,2026-02-10 22:00:00,6487.0294810000005,6040
M9R,2026-02-10 23:00:00,5766.2057,6041
M9R,2026-02-11 00:00:00,5229.302704,6040
M9R,2026-02-11 01:00:00,4799.86894,6040
M9R,2026-02-11 02:00:00,4568.9630799999995,6040
M9R,2026-02-11 03:00:00,4461.600793,6040
M9R,2026-02-11 04:00:00,4528.930994,6040
M9R,2026-02-11 05:00:00,4714.270497,6040
M9R,2026-02-11 06:00:00,5159.517434,6040
M9R,2026-02-11 07:00:00,5652.125202000001,6040
M9R,2026-02-11 08:00:00,5648.2910679999995,6040
M9R,2026-02-11 09:00:00,5539.337263,6040
M9R,2026-02-11 10:00:00,5610.191019,6040
M9R,2026-02-11 11:00:00,5841.870129999999,6040
M9R,2026-02-11 12:00:00,6026.052054,6040
M9R,2026-02-11 13:00:00,6035.810272999999,6040
M9R,2026-02-11 14:00:00,5984.663935,6040
M9R,2026-02-11 15:00:00,6207.194555,6040
M9R,2026-02-11 16:00:00,6763.585193999999,6040
M9R,2026-02-11 17:00:00,7541.833573,6040
M9R,2026-02-11 18:00:00,7781.150519999999,6040
M9R,2026-02-11 19:00:00,7791.634196,6040
M9R,2026-02-11 20:00:00,7718.177726999999,6040
M9R,2026-02-11 21:00:00,7339.465603999999,6040
M9R,2026-02-11 22:00:00,6623.89517,6040
M9R,2026-02-11 23:00:00,5913.481951999999,6040
M9R,2026-02-12 00:00:00,5376.187368,6040
M9R,2026-02-12 01:00:00,4954.739746,6040
M9R,2026-02-12 02:00:00,4703.521855,6040
M9R,2026-02-12 03:00:00,4610.365095,6040
M9R,2026-02-12 04:00:00,4620.116601,6040
M9R,2026-02-12 05:00:00,4813.216232,6040
M9R,2026-02-12 06:00:00,5236.610717,6039
M9R,2026-02-12 07:00:00,5799.104345,6039
M9R,2026-02-12 08:00:00,5757.803484,6039
M9R,2026-02-12 09:00:00,5603.548290000001,6039
M9R,2026-02-12 10:00:00,5500.107529,6039
M9R,2026-02-12 11:00:00,5650.414802,6039
M9R,2026-02-12 12:00:00,5809.148062,6039
M9R,2026-02-12 13:00:00,5683.847113,6039
M9R,2026-02-12 14:00:00,5657.69926,6039
M9R,2026-02-12 15:00:00,5818.948523999999,6039
M9R,2026-02-12 16:00:00,6379.877036,6039
M9R,2026-02-12 17:00:00,7062.4049,6039
M9R,2026-02-12 18:00:00,7620.725936,6039
M9R,2026-02-12 19:00:00,7658.511312,6039
M9R,2026-02-12 20:00:00,7698.347128,6039
M9R,2026-02-12 21:00:00,7433.994226,6039
M9R,2026-02-12 22:00:00,6840.608271,6039
M9R,2026-02-12 23:00:00,6208.759155,6040
M9R,2026-02-13 00:00:00,5548.794632000001,6039
M9R,2026-02-13 01:00:00,5162.375814,6039
M9R,2026-02-13 02:00:00,4923.756926,6039
M9R,2026-02-13 03:00:00,4813.88841,6039
M9R,2026-02-13 04:00:00,4771.880807,6039
M9R,2026-02-13 05:00:00,4938.28864,6039
M9R,2026-02-13 06:00:00,5374.193589,6039
M9R,2026-02-13 07:00:00,5700.893517,6039
M9R,2026-02-13 08:00:00,5880.286101,6039
M9R,2026-02-13 09:00:00,5838.470807,6039
M9R,2026-02-13 10:00:00,5906.384950000001,6039
M9R,2026-02-13 11:00:00,5995.727620999999,6039
M9R,2026-02-13 12:00:00,6080.133194,6039
M9R,2026-02-13 13:00:00,5976.409135,6039
M9R,2026-02-13 14:00:00,5997.05423,6039
M9R,2026-02-13 15:00:00,6233.3656439999995,6039
M9R,2026-02-13 16:00:00,6665.291918999999,6039
M9R,2026-02-13 17:00:00,7141.507669,6039
M9R,2026-02-13 18:00:00,7336.887089,6039
M9R,2026-02-13 19:00:00,7387.592307999999,6039
M9R,2026-02-13 20:00:00,7380.733289,6039
M9R,2026-02-13 21:00:00,7066.805203,6039
M9R,2026-02-13 22:00:00,6622.337738,6039
M9R,2026-02-13 23:00:00,6044.550577,6039
M9R,2026-02-14 00:00:00,5403.8106020000005,6039
M9R,2026-02-14 01:00:00,5009.961921,6039
M9R,2026-02-14 02:00:00,4646.260153,6039
M9R,2026-02-14 03:00:00,4493.902073,6039
M9R,2026-02-14 04:00:00,4437.1326690000005,6039
M9R,2026-02-14 05:00:00,4481.997553,6039
M9R,2026-02-14 06:00:00,4704.659822,6039
M9R,2026-02-14 07:00:00,5130.24376,6039
M9R,2026-02-14 08:00:00,5602.37035,6039
M9R,2026-02-14 09:00:00,5930.864764,6039
M9R,2026-02-14 10:00:00,6262.561421,6039
M9R,2026-02-14 11:00:00,6604.655790999999,6039
M9R,2026-02-14 12:00:00,6716.83914,6039
M9R,2026-02-14 13:00:00,6796.6532,6039
M9R,2026-02-14 14:00:00,6852.479571,6039
M9R,2026-02-14 15:00:00,6774.425505,6039
M9R,2026-02-14 16:00:00,6905.461812,6039
M9R,2026-02-14 17:00:00,7242.751713,6039
M9R,2026-02-14 18:00:00,7597.712644,6039
M9R,2026-02-14 19:00:00,7387.9247430000005,6039
M9R,2026-02-14 20:00:00,7157.643674,6039
M9R,2026-02-14 21:00:00,6729.310816,6039
M9R,2026-02-14 22:00:00,6365.896577,6039
M9R,2026-02-14 23:00:00,5739.590786,6039
M9R,2026-02-15 00:00:00,5198.360696000001,6039
M9R,2026-02-15 01:00:00,4917.415665,6039
M9R,2026-02-15 02:00:00,4623.865277,6039
M9R,2026-02-15 03:00:00,4472.2170940000005,6039
M9R,2026-02-15 04:00:00,4369.660788,6039
M9R,2026-02-15 05:00:00,4405.873086,6039
M9R,2026-02-15 06:00:00,4612.123332,6039
M9R,2026-02-15 07:00:00,4332.972028,6039
M9R,2026-02-15 08:00:00,5518.61627,6039
M9R,2026-02-15 09:00:00,6064.691579,6039
M9R,2026-02-15 10:00:00,6355.064322,6039
M9R,2026-02-15 11:00:00,6647.531631,6039
M9R,2026-02-15 12:00:00,6887.805926999999,6039
M9R,2026-02-15 13:00:00,6703.249158,6039
M9R,2026-02-15 14:00:00,6435.580114,6039
M9R,2026-02-15 15:00:00,6515.381241,6039
M9R,2026-02-15 16:00:00,6663.304832999999,6039
M9R,2026-02-15 17:00:00,7250.426531000001,6039
M9R,2026-02-15 18:00:00,7532.289086,6039
M9R,2026-02-15 19:00:00,7429.520325999999,6039
M9R,2026-02-15 20:00:00,7193.948963999999,6039
M9R,2026-02-15 21:00:00,6882.966496,6039
M9R,2026-02-15 22:00:00,6439.438048,6039
M9R,2026-02-15 23:00:00,5876.303591,6040
M9R,2026-02-16 00:00:00,5275.600443,6039
M9R,2026-02-16 01:00:00,4821.892135,6039
M9R,2026-02-16 02:00:00,4591.73193,6039
M9R,2026-02-16 03:00:00,4417.31897,6039
M9R,2026-02-16 04:00:00,4365.629537,6039
M9R,2026-02-16 05:00:00,4440.68494,6039
M9R,2026-02-16 06:00:00,4638.274408,6039
M9R,2026-02-16 07:00:00,5014.660508,6039
M9R,2026-02-16 08:00:00,5450.642164000001,6039
M9R,2026-02-16 09:00:00,6078.674685,6039
M9R,2026-02-16 10:00:00,6574.577713000001,6039
M9R,2026-02-16 11:00:00,6877.71885,6039
M9R,2026-02-16 12:00:00,7012.471988,6039
M9R,2026-02-16 13:00:00,6778.230882000001,6039
M9R,2026-02-16 14:00:00,6740.50991,6039
M9R,2026-02-16 15:00:00,6952.718699,6039
M9R,2026-02-16 16:00:00,7256.671920999999,6039
M9R,2026-02-16 17:00:00,7639.637901,6039
M9R,2026-02-16 18:00:00,8011.7910569999995,6039
M9R,2026-02-16 19:00:00,7746.753448,6039
M9R,2026-02-16 20:00:00,7549.820878999999,6039
M9R,2026-02-16 21:00:00,7113.336724,6039
M9R,2026-02-16 22:00:00,6336.055609,6039
M9R,2026-02-16 23:00:00,5604.4868,6039
M9R,2026-02-17 00:00:00,4919.965356000001,6039
M9R,2026-02-17 01:00:00,4471.272438,6039
M9R,2026-02-17 02:00:00,4244.531892999999,6039
M9R,2026-02-17 03:00:00,4117.6960579999995,6039
M9R,2026-02-17 04:00:00,4099.13863,6039
M9R,2026-02-17 05:00:00,4357.350897,6039
M9R,2026-02-17 06:00:00,4749.48201,6039
M9R,2026-02-17 07:00:00,5278.8731450000005,6039
M9R,2026-02-17 08:00:00,5088.785533,6039
M9R,2026-02-17 09:00:00,4848.938014,6039
M9R,2026-02-17 10:00:00,4935.590918,6039
M9R,2026-02-17 11:00:00,4908.165767,6039
M9R,2026-02-17 12:00:00,4926.5855520000005,6039
M9R,2026-02-17 13:00:00,4862.997537,6039
M9R,2026-02-17 14:00:00,4812.153263,6039
M9R,2026-02-17 15:00:00,5019.224649,6039
M9R,2026-02-17 16:00:00,5559.358447,6039
M9R,2026-02-17 17:00:00,6333.268001,6039
M9R,2026-02-17 18:00:00,6963.008192,6039
M9R,2026-02-17 19:00:00,7000.681347000001,6039
M9R,2026-02-17 20:00:00,6927.401338,6039
M9R,2026-02-17 21:00:00,6629.887247999999,6039
M9R,2026-02-17 22:00:00,6073.851718000001,6039
M9R,2026-02-17 23:00:00,5415.216778000001,6039
M9R,2026-02-18 00:00:00,4837.359172,6039
M9R,2026-02-18 01:00:00,4433.179182999999,6039
M9R,2026-02-18 02:00:00,4146.420657000001,6039
M9R,2026-02-18 03:00:00,4019.972147,6039
M9R,2026-02-18 04:00:00,4060.3407370000004,6039
M9R,2026-02-18 05:00:00,4360.082755,6039
M9R,2026-02-18 06:00:00,4714.637289,6039
M9R,2026-02-18 07:00:00,5205.187458,6039
M9R,2026-02-18 08:00:00,5337.113757,6039
M9R,2026-02-18 09:00:00,5585.542466,6039
M9R,2026-02-18 10:00:00,5838.36172,6039
M9R,2026-02-18 11:00:00,6139.461717,6039
M9R,2026-02-18 12:00:00,6229.283639,6039
M9R,2026-02-18 13:00:00,6232.124345,6039
M9R,2026-02-18 14:00:00,6164.06301,6039
M9R,2026-02-18 15:00:00,6381.22533,6039
M9R,2026-02-18 16:00:00,6972.497311,6039
M9R,2026-02-18 17:00:00,7689.191008,6039
M9R,2026-02-18 18:00:00,7713.415961,6039
M9R,2026-02-18 19:00:00,7570.416359000001,6039
M9R,2026-02-18 20:00:00,7372.576156,6039
M9R,2026-02-18 21:00:00,6932.120264,6039
M9R,2026-02-18 22:00:00,6271.050987,6039
M9R,2026-02-18 23:00:00,5604.110152,6040
M9R,2026-02-19 00:00:00,5067.218988,6039
M9R,2026-02-19 01:00:00,4591.935167,6039
M9R,2026-02-19 02:00:00,4416.323982,6039
M9R,2026-02-19 03:00:00,4318.14153,6039
M9R,2026-02-19 04:00:00,4376.052221,6039
M9R,2026-02-19 05:00:00,4632.128711,6039
M9R,2026-02-19 06:00:00,4942.225899,6039
M9R,2026-02-19 07:00:00,5437.279182,6039
M9R,2026-02-19 08:00:00,5336.534267999999,6039
M9R,2026-02-19 09:00:00,5250.795288,6039
M9R,2026-02-19 10:00:00,5259.620933,6039
M9R,2026-02-19 11:00:00,5361.353483000001,6039
M9R,2026-02-19 12:00:00,5421.660050999999,6039
M9R,2026-02-19 13:00:00,5384.324044,6039
M9R,2026-02-19 14:00:00,5362.6713930000005,6039
M9R,2026-02-19 15:00:00,5582.007790000001,6039
M9R,2026-02-19 16:00:00,6278.41679,6039
M9R,2026-02-19 17:00:00,7039.723311,6039
M9R,2026-02-19 18:00:00,7223.591414,6039
M9R,2026-02-19 19:00:00,7241.61469,6039
M9R,2026-02-19 20:00:00,7195.100251,6039
M9R,2026-02-19 21:00:00,6922.134663000001,6039
M9R,2026-02-19 22:00:00,6376.094770000001,6039
M9R,2026-02-19 23:00:00,5633.667487,6040
M9R,2026-02-20 00:00:00,4976.192994999999,6039
M9R,2026-02-20 01:00:00,4560.800627,6039
M9R,2026-02-20 02:00:00,4339.690553,6039
M9R,2026-02-20 03:00:00,4213.436908,6039
M9R,2026-02-20 04:00:00,4322.434522,6039
M9R,2026-02-20 05:00:00,4562.072102,6039
M9R,2026-02-20 06:00:00,4924.408606,6039
M9R,2026-02-20 07:00:00,5391.344126999999,6039
M9R,2026-02-20 08:00:00,5457.915889,6039
M9R,2026-02-20 09:00:00,5528.034011,6039
M9R,2026-02-20 10:00:00,5650.586489,6039
M9R,2026-02-20 11:00:00,5868.818814,6039
M9R,2026-02-20 12:00:00,5979.808289,6039
M9R,2026-02-20 13:00:00,5968.5262,6039
M9R,2026-02-20 14:00:00,5889.395275,6039
M9R,2026-02-20 15:00:00,6039.769506,6039
M9R,2026-02-20 16:00:00,6622.603916,6039
M9R,2026-02-20 17:00:00,7108.535396,6039
M9R,2026-02-20 18:00:00,7219.975299999999,6039
M9R,2026-02-20 19:00:00,7000.381921,6039
M9R,2026-02-20 20:00:00,7035.231095,6039
M9R,2026-02-20 21:00:00,6801.833857,6039
M9R,2026-02-20 22:00:00,6342.800544000001,6039
M9R,2026-02-20 23:00:00,5704.5191509999995,6041
M9R,2026-02-21 00:00:00,5031.6527559999995,6039
M9R,2026-02-21 01:00:00,4579.823486,6039
M9R,2026-02-21 02:00:00,4319.1937259999995,6039
M9R,2026-02-21 03:00:00,4278.344666,6039
M9R,2026-02-21 04:00:00,4253.847609,6039
M9R,2026-02-21 05:00:00,4357.750883,6039
M9R,2026-02-21 06:00:00,4491.711352,6039
M9R,2026-02-21 07:00:00,4919.428445,6039
M9R,2026-02-21 08:00:00,5456.420611,6039
M9R,2026-02-21 09:00:00,5808.254574999999,6039
M9R,2026-02-21 10:00:00,6163.582778999999,6039
M9R,2026-02-21 11:00:00,6494.541276,6039
M9R,2026-02-21 12:00:00,6655.066527999999,6039
M9R,2026-02-21 13:00:00,6666.638234,6039
M9R,2026-02-21 14:00:00,6754.480415000001,6039
M9R,2026-02-21 15:00:00,6851.239159999999,6039
M9R,2026-02-21 16:00:00,7130.7663059999995,6039
M9R,2026-02-21 17:00:00,7588.669497000001,6039
M9R,2026-02-21 18:00:00,7520.2300940000005,6039
M9R,2026-02-21 19:00:00,7280.2295269999995,6039
M9R,2026-02-21 20:00:00,6979.126901,6039
M9R,2026-02-21 21:00:00,6794.868012000001,6039
M9R,2026-02-21 22:00:00,6387.3801490000005,6039
M9R,2026-02-21 23:00:00,5751.251122,6039
M9R,2026-02-22 00:00:00,5184.278729999999,6038
M9R,2026-02-22 01:00:00,4828.00307,6038
M9R,2026-02-22 02:00:00,4515.361909,6038
M9R,2026-02-22 03:00:00,4403.841345,6038
M9R,2026-02-22 04:00:00,4325.783251,6038
M9R,2026-02-22 05:00:00,4445.828014000001,6038
M9R,2026-02-22 06:00:00,4595.931167,6038
M9R,2026-02-22 07:00:00,5122.508961,6038
M9R,2026-02-22 08:00:00,5761.466163,6038
M9R,2026-02-22 09:00:00,6226.714382,6038
M9R,2026-02-22 10:00:00,6515.9985639999995,6038
M9R,2026-02-22 11:00:00,6849.564842000001,6038
M9R,2026-02-22 12:00:00,7075.466143,6038
M9R,2026-02-22 13:00:00,7125.44503,6038
M9R,2026-02-22 14:00:00,7050.09289,6038
M9R,2026-02-22 15:00:00,7074.734702,6038
M9R,2026-02-22 16:00:00,7281.5548659999995,6038
M9R,2026-02-22 17:00:00,7843.599018,6038
M9R,2026-02-22 18:00:00,8079.486602,6038
M9R,2026-02-22 19:00:00,7808.253739,6038
M9R,2026-02-22 20:00:00,7658.619226999999,6038
M9R,2026-02-22 21:00:00,7232.620152,6038
M9R,2026-02-22 22:00:00,6465.459881,6038
M9R,2026-02-22 23:00:00,5674.506611999999,6039
M9R,2026-02-23 00:00:00,5047.752256000001,6038
M9R,2026-02-23 01:00:00,4609.351246,6038
M9R,2026-02-23 02:00:00,4397.145376,6038
M9R,2026-02-23 03:00:00,4295.616010000001,6038
M9R,2026-02-23 04:00:00,4345.856287,6038
M9R,2026-02-23 05:00:00,4617.592801,6038
M9R,2026-02-23 06:00:00,5025.323119000001,6038
M9R,2026-02-23 07:00:00,5534.480275,6038
M9R,2026-02-23 08:00:00,5463.303791,6038
M9R,2026-02-23 09:00:00,5495.094562,6038
M9R,2026-02-23 10:00:00,5657.481683,6038
M9R,2026-02-23 11:00:00,5716.759271,6038
M9R,2026-02-23 12:00:00,5581.781379,6038
M9R,2026-02-23 13:00:00,5526.4925140000005,6038
M9R,2026-02-23 14:00:00,5516.406529000001,6038
M9R,2026-02-23 15:00:00,5802.568729,6038
M9R,2026-02-23 16:00:00,6373.643612,6038
M9R,2026-02-23 17:00:00,7392.144497,6038
M9R,2026-02-23 18:00:00,7808.010048,6038
M9R,2026-02-23 19:00:00,7840.927531,6038
M9R,2026-02-23 20:00:00,7671.958504,6038
M9R,2026-02-23 21:00:00,7380.023363,6038
M9R,2026-02-23 22:00:00,6711.840372,6038
M9R,2026-02-23 23:00:00,6108.530393,6038
M9R,2026-02-24 00:00:00,5562.714454,6038
M9R,2026-02-24 01:00:00,5162.763679000001,6038
M9R,2026-02-24 02:00:00,4987.312818,6038
M9R,2026-02-24 03:00:00,4890.005642,6038
M9R,2026-02-24 04:00:00,4909.2558,6039
M9R,2026-02-24 05:00:00,5198.346969,6039
M9R,2026-02-24 06:00:00,5590.908356000001,6039
M9R,2026-02-24 07:00:00,6005.589519000001,6039
M9R,2026-02-24 08:00:00,5761.618017,6039
M9R,2026-02-24 09:00:00,5622.639125,6039
M9R,2026-02-24 10:00:00,5756.94315,6039
M9R,2026-02-24 11:00:00,5739.682328,6039
M9R,2026-02-24 12:00:00,5671.101438,6039
M9R,2026-02-24 13:00:00,5670.1558540000005,6039
M9R,2026-02-24 14:00:00,5623.212441,6039
M9R,2026-02-24 15:00:00,5812.169043,6039
M9R,2026-02-24 16:00:00,6461.567701,6039
M9R,2026-02-24 17:00:00,7362.9372060000005,6039
M9R,2026-02-24 18:00:00,7647.473609,6039
M9R,2026-02-24 19:00:00,7610.646229,6039
M9R,2026-02-24 20:00:00,7515.7121640000005,6039
M9R,2026-02-24 21:00:00,7305.27159,6039
M9R,2026-02-24 22:00:00,6737.366094,6039
M9R,2026-02-24 23:00:00,6008.757569,6039
M9R,2026-02-25 00:00:00,5401.838841000001,6039
M9R,2026-02-25 01:00:00,4965.295163000001,6039
M9R,2026-02-25 02:00:00,4670.978127,6039
M9R,2026-02-25 03:00:00,4525.61924,6039
M9R,2026-02-25 04:00:00,4573.815488,6039
M9R,2026-02-25 05:00:00,4805.283272000001,6039
M9R,2026-02-25 06:00:00,5127.066905,6039
M9R,2026-02-25 07:00:00,5556.423366,6039
M9R,2026-02-25 08:00:00,5560.198347,6039
M9R,2026-02-25 09:00:00,5504.08652,6039
M9R,2026-02-25 10:00:00,5506.88338,6039
M9R,2026-02-25 11:00:00,5583.248304000001,6039
M9R,2026-02-25 12:00:00,5735.650619999999,6039
M9R,2026-02-25 13:00:00,5782.201062,6039
M9R,2026-02-25 14:00:00,5669.382823999999,6039
M9R,2026-02-25 15:00:00,5840.077410999999,6039
M9R,2026-02-25 16:00:00,6586.805648,6039
M9R,2026-02-25 17:00:00,7149.520756999999,6039
M9R,2026-02-25 18:00:00,7460.447708,6039
M9R,2026-02-25 19:00:00,7565.973104,6038
M9R,2026-02-25 20:00:00,7448.41944,6038
M9R,2026-02-25 21:00:00,7196.697660999999,6038
M9R,2026-02-25 22:00:00,6531.941753,6038
M9R,2026-02-25 23:00:00,5742.588158,6038
M9R,2026-02-26 00:00:00,5229.539056,6038
M9R,2026-02-26 01:00:00,4862.334234999999,6038
M9R,2026-02-26 02:00:00,4612.563672,6038
M9R,2026-02-26 03:00:00,4541.412435,6038
M9R,2026-02-26 04:00:00,4630.98998,6038
M9R,2026-02-26 05:00:00,4847.83041,6038
M9R,2026-02-26 06:00:00,5209.469599,6038
M9R,2026-02-26 07:00:00,5656.192169,6038
M9R,2026-02-26 08:00:00,5361.148188,6038
M9R,2026-02-26 09:00:00,5241.197706000001,6038
M9R,2026-02-26 10:00:00,5256.745308,6038
M9R,2026-02-26 11:00:00,5371.472315,6038
M9R,2026-02-26 12:00:00,5335.664642,6038
M9R,2026-02-26 13:00:00,5215.4769289999995,6038
M9R,2026-02-26 14:00:00,5309.46989,6038
M9R,2026-02-26 15:00:00,5506.213268,6038
M9R,2026-02-26 16:00:00,6019.191411,6038
M9R,2026-02-26 17:00:00,6823.096552,6038
M9R,2026-02-26 18:00:00,7196.59889,6038
M9R,2026-02-26 19:00:00,7313.022564,6038
M9R,2026-02-26 20:00:00,7267.540955,6038
M9R,2026-02-26 21:00:00,7196.2018929999995,6038
M9R,2026-02-26 22:00:00,6588.493109000001,6038
M9R,2026-02-26 23:00:00,5829.6746299999995,6039
M9R,2026-02-27 00:00:00,5270.512313,6038
M9R,2026-02-27 01:00:00,4848.648082000001,6038
M9R,2026-02-27 02:00:00,4536.376155,6038
M9R,2026-02-27 03:00:00,4406.463744,6038
M9R,2026-02-27 04:00:00,4549.020172,6038
M9R,2026-02-27 05:00:00,4780.583784,6038
M9R,2026-02-27 06:00:00,5154.220628,6038
M9R,2026-02-27 07:00:00,5550.840352,6038
M9R,2026-02-27 08:00:00,5510.148717,6038
M9R,2026-02-27 09:00:00,5500.665429,6038
M9R,2026-02-27 10:00:00,5534.981559999999,6038
M9R,2026-02-27 11:00:00,5572.402236,6038
M9R,2026-02-27 12:00:00,5514.341450999999,6038
M9R,2026-02-27 13:00:00,5376.962011,6038
M9R,2026-02-27 14:00:00,5108.130147,6038
M9R,2026-02-27 15:00:00,5310.365562000001,6038
M9R,2026-02-27 16:00:00,5818.08591,6038
M9R,2026-02-27 17:00:00,6382.080413,6038
M9R,2026-02-27 18:00:00,6910.8069749999995,6038
M9R,2026-02-27 19:00:00,6941.004671,6038
M9R,2026-02-27 20:00:00,6906.957471,6038
M9R,2026-02-27 21:00:00,6677.752651,6038
M9R,2026-02-27 22:00:00,6199.52764,6038
M9R,2026-02-27 23:00:00,5643.510286,6040
M9R,2026-02-28 00:00:00,5102.112383000001,6038
M9R,2026-02-28 01:00:00,4648.202663,6038
M9R,2026-02-28 02:00:00,4308.972261,6038
M9R,2026-02-28 03:00:00,4103.11549,6038
M9R,2026-02-28 04:00:00,4084.4952789999998,6038
M9R,2026-02-28 05:00:00,4194.073713,6038
M9R,2026-02-28 06:00:00,4390.9680769999995,6038
M9R,2026-02-28 07:00:00,4876.361288,6038
M9R,2026-02-28 08:00:00,5273.088607999999,6038
M9R,2026-02-28 09:00:00,5681.160166999999,6038
M9R,2026-02-28 10:00:00,6005.817316,6038
M9R,2026-02-28 11:00:00,6435.665502,6038
M9R,2026-02-28 12:00:00,6446.217583000001,6038
M9R,2026-02-28 13:00:00,6587.360674,6038
M9R,2026-02-28 14:00:00,6528.420125,6038
M9R,2026-02-28 15:00:00,6497.571704,6038
M9R,2026-02-28 16:00:00,6765.951979,6038
M9R,2026-02-28 17:00:00,7384.150680000001,6038
M9R,2026-02-28 18:00:00,7606.707144000001,6038
M9R,2026-02-28 19:00:00,7506.360799,6038
M9R,2026-02-28 20:00:00,7222.182374,6038
M9R,2026-02-28 21:00:00,7018.4627789999995,6038
M9R,2026-02-28 22:00:00,6553.279671,6038
M9R,2026-02-28 23:00:00,5976.000001,6040
M9R,2026-03-01 00:00:00,5364.671966,6038
M9R,2026-03-01 01:00:00,4931.364329,6038
M9R,2026-03-01 02:00:00,4624.367472,6038
M9R,2026-03-01 03:00:00,4496.270565,6038
M9R,2026-03-01 04:00:00,4490.791383,6038
M9R,2026-03-01 05:00:00,4583.817011,6038
M9R,2026-03-01 06:00:00,4781.666679,6038
M9R,2026-03-01 07:00:00,5250.856651,6038
M9R,2026-03-01 08:00:00,5766.844631000001,6038
M9R,2026-03-01 09:00:00,6113.572480000001,6038
M9R,2026-03-01 10:00:00,6474.602226,6038
M9R,2026-03-01 11:00:00,6941.592538,6038
M9R,2026-03-01 12:00:00,7121.172557000001,6038
M9R,2026-03-01 13:00:00,7078.841514000001,6038
M9R,2026-03-01 14:00:00,7015.127727000001,6038
M9R,2026-03-01 15:00:00,7130.946727999999,6038
M9R,2026-03-01 16:00:00,7302.179866,6038
M9R,2026-03-01 17:00:00,7934.065853,6038
M9R,2026-03-01 18:00:00,8325.668528,6038
M9R,2026-03-01 19:00:00,8378.550755,6038
M9R,2026-03-01 20:00:00,8079.764892,6038
M9R,2026-03-01 21:00:00,7774.231254,6038
M9R,2026-03-01 22:00:00,7020.069469,6038
M9R,2026-03-01 23:00:00,6161.122850999999,6039
M9R,2026-03-02 00:00:00,5587.977363,6038
M9R,2026-03-02 01:00:00,5156.491123,6038
M9R,2026-03-02 02:00:00,4909.5132889999995,6038
M9R,2026-03-02 03:00:00,4815.076757,6038
M9R,2026-03-02 04:00:00,4911.736148,6038
M9R,2026-03-02 05:00:00,5169.758211,6038
M9R,2026-03-02 06:00:00,5554.247822,6038
M9R,2026-03-02 07:00:00,6016.729127,6038
M9R,2026-03-02 08:00:00,5709.118706,6038
M9R,2026-03-02 09:00:00,5495.334862,6038
M9R,2026-03-02 10:00:00,5551.192098,6038
M9R,2026-03-02 11:00:00,5667.17026,6038
M9R,2026-03-02 12:00:00,5715.047702,6038
M9R,2026-03-02 13:00:00,5676.670459,6038
M9R,2026-03-02 14:00:00,5616.129376999999,6038
M9R,2026-03-02 15:00:00,5853.132422,6038
M9R,2026-03-02 16:00:00,6503.782416,6038
M9R,2026-03-02 17:00:00,7270.674208,6038
M9R,2026-03-02 18:00:00,7658.62645,6038
M9R,2026-03-02 19:00:00,7736.503196,6038
M9R,2026-03-02 20:00:00,7636.287199,6038
M9R,2026-03-02 21:00:00,7362.8780449999995,6038
M9R,2026-03-02 22:00:00,6683.036457,6038
M9R,2026-03-02 23:00:00,5952.009158,6038
M9R,2026-03-03 00:00:00,5303.847006999999,6038
M9R,2026-03-03 01:00:00,4968.337219,6038
M9R,2026-03-03 02:00:00,4736.5262490000005,6038
M9R,2026-03-03 03:00:00,4612.326648,6038
M9R,2026-03-03 04:00:00,4687.6050079999995,6038
M9R,2026-03-03 05:00:00,4985.009496,6038
M9R,2026-03-03 06:00:00,5327.327359,6038
M9R,2026-03-03 07:00:00,5741.815124,6039
M9R,2026-03-03 08:00:00,5546.347848,6039
M9R,2026-03-03 09:00:00,5386.18431,6039
M9R,2026-03-03 10:00:00,5366.009367000001,6039
M9R,2026-03-03 11:00:00,5395.6820800000005,6039
M9R,2026-03-03 12:00:00,5371.130058999999,6039
M9R,2026-03-03 13:00:00,5279.752973000001,6039
M9R,2026-03-03 14:00:00,5346.935052999999,6039
M9R,2026-03-03 15:00:00,5679.802297,6039
M9R,2026-03-03 16:00:00,6288.2846469999995,6039
M9R,2026-03-03 17:00:00,7083.22083,6039
M9R,2026-03-03 18:00:00,7220.576052,6039
M9R,2026-03-03 19:00:00,7267.662859,6039
M9R,2026-03-03 20:00:00,7145.062147000001,6039
M9R,2026-03-03 21:00:00,6818.541057,6039
M9R,2026-03-03 22:00:00,6273.163859,6039
M9R,2026-03-03 23:00:00,5548.675968,6039
M9R,2026-03-04 00:00:00,4865.968932,6039
M9R,2026-03-04 01:00:00,4619.154668,6039
M9R,2026-03-04 02:00:00,4428.65235,6039
M9R,2026-03-04 03:00:00,4308.819596,6039
M9R,2026-03-04 04:00:00,4414.751034,6039
M9R,2026-03-04 05:00:00,4688.230469,6039
M9R,2026-03-04 06:00:00,5109.0232940000005,6039
M9R,2026-03-04 07:00:00,5488.550232,6039
M9R,2026-03-04 08:00:00,5174.405561999999,6039
M9R,2026-03-04 09:00:00,5028.464928,6039
M9R,2026-03-04 10:00:00,4950.2350910000005,6039
M9R,2026-03-04 11:00:00,5033.866569,6039
M9R,2026-03-04 12:00:00,5049.210393,6039
M9R,2026-03-04 13:00:00,4922.485677000001,6039
M9R,2026-03-04 14:00:00,4787.117844,6039
M9R,2026-03-04 15:00:00,4968.745732,6039
M9R,2026-03-04 16:00:00,5587.362461999999,6039
M9R,2026-03-04 17:00:00,6379.725258,6039
M9R,2026-03-04 18:00:00,6761.09341,6039
M9R,2026-03-04 19:00:00,6886.389197,6039
M9R,2026-03-04 20:00:00,6819.4334739999995,6039
M9R,2026-03-04 21:00:00,6621.933682,6039
M9R,2026-03-04 22:00:00,6043.063502999999,6039
M9R,2026-03-04 23:00:00,5375.145507,6039
M9R,2026-03-05 00:00:00,4820.958139,6039
M9R,2026-03-05 01:00:00,4426.302461,6039
M9R,2026-03-05 02:00:00,4199.391914,6039
M9R,2026-03-05 03:00:00,4083.5339059999997,6039
M9R,2026-03-05 04:00:00,4207.640948,6039
M9R,2026-03-05 05:00:00,4442.830629,6039
M9R,2026-03-05 06:00:00,4820.169540999999,6039
M9R,2026-03-05 07:00:00,5300.517997,6039
M9R,2026-03-05 08:00:00,5141.918998,6039
M9R,2026-03-05 09:00:00,5068.57191,6039
M9R,2026-03-05 10:00:00,5039.760152,6039
M9R,2026-03-05 11:00:00,5132.546189000001,6039
M9R,2026-03-05 12:00:00,5284.88544,6039
M9R,2026-03-05 13:00:00,5369.821555999999,6039
M9R,2026-03-05 14:00:00,5506.008122,6039
M9R,2026-03-05 15:00:00,5729.6267450000005,6039
M9R,2026-03-05 16:00:00,6214.687789999999,6039
M9R,2026-03-05 17:00:00,6972.2094290000005,6039
M9R,2026-03-05 18:00:00,7142.320767,6039
M9R,2026-03-05 19:00:00,7099.694241,6039
M9R,2026-03-05 20:00:00,7029.835177999999,6039
M9R,2026-03-05 21:00:00,6779.247532,6039
M9R,2026-03-05 22:00:00,6112.105656,6039
M9R,2026-03-05 23:00:00,5391.724098000001,6039
M9R,2026-03-06 00:00:00,4856.662484,6039
M9R,2026-03-06 01:00:00,4503.726960999999,6039
M9R,2026-03-06 02:00:00,4293.467116,6039
M9R,2026-03-06 03:00:00,4222.311855,6039
M9R,2026-03-06 04:00:00,4297.016614,6039
M9R,2026-03-06 05:00:00,4500.983129,6039
M9R,2026-03-06 06:00:00,4915.925104,6039
M9R,2026-03-06 07:00:00,5359.0559,6039
M9R,2026-03-06 08:00:00,5359.581168,6039
M9R,2026-03-06 09:00:00,5416.309025,6039
M9R,2026-03-06 10:00:00,5533.355637000001,6039
M9R,2026-03-06 11:00:00,5683.404075,6039
M9R,2026-03-06 12:00:00,5694.576017,6039
M9R,2026-03-06 13:00:00,5707.237093,6039
M9R,2026-03-06 14:00:00,5775.026065,6039
M9R,2026-03-06 15:00:00,5855.378683999999,6039
M9R,2026-03-06 16:00:00,6346.213823000001,6039
M9R,2026-03-06 17:00:00,6875.630217,6039
M9R,2026-03-06 18:00:00,7012.717661,6039
M9R,2026-03-06 19:00:00,7026.473424,6039
M9R,2026-03-06 20:00:00,6993.910586,6039
M9R,2026-03-06 21:00:00,6747.34641,6039
M9R,2026-03-06 22:00:00,6341.968834,6039
M9R,2026-03-06 23:00:00,5811.57282,6039
M9R,2026-03-07 00:00:00,5181.015090000001,6039
M9R,2026-03-07 01:00:00,4652.2988399999995,6039
M9R,2026-03-07 02:00:00,4342.596598,6039
M9R,2026-03-07 03:00:00,4121.345618,6039
M9R,2026-03-07 04:00:00,4114.666315,6039
M9R,2026-03-07 05:00:00,4237.113436,6039
M9R,2026-03-07 06:00:00,4432.430412,6039
M9R,2026-03-07 07:00:00,4787.5202,6039
M9R,2026-03-07 08:00:00,5299.768408,6039
M9R,2026-03-07 09:00:00,5555.359714,6039
M9R,2026-03-07 10:00:00,5868.09995,6039
M9R,2026-03-07 11:00:00,6108.736664999999,6039
M9R,2026-03-07 12:00:00,6453.350747,6039
M9R,2026-03-07 13:00:00,6297.3640909999995,6039
M9R,2026-03-07 14:00:00,6114.64956,6039
M9R,2026-03-07 15:00:00,6012.873237,6039
M9R,2026-03-07 16:00:00,6169.170809,6039
M9R,2026-03-07 17:00:00,6638.696778,6039
M9R,2026-03-07 18:00:00,6817.73116,6039
M9R,2026-03-07 19:00:00,6614.365681,6039
M9R,2026-03-07 20:00:00,6389.421317,6039
M9R,2026-03-07 21:00:00,5989.2244009999995,6039
M9R,2026-03-07 22:00:00,5586.336161,6039
M9R,2026-03-07 23:00:00,5060.085405,6039
M9R,2026-03-08 00:00:00,4620.570707,6039
M9R,2026-03-08 01:00:00,4238.6103330000005,6039
M9R,2026-03-08 02:00:00,4036.8517869999996,6039
M9R,2026-03-08 03:00:00,3891.341914,6039
M9R,2026-03-08 04:00:00,3934.484904,6039
M9R,2026-03-08 05:00:00,4049.750143,6039
M9R,2026-03-08 06:00:00,4274.141978,6039
M9R,2026-03-08 07:00:00,4631.355533,6039
M9R,2026-03-08 08:00:00,5178.634815,6039
M9R,2026-03-08 09:00:00,5617.661876,6039
M9R,2026-03-08 10:00:00,5894.704016,6039
M9R,2026-03-08 11:00:00,6159.644152,6039
M9R,2026-03-08 12:00:00,6185.895684,6039
M9R,2026-03-08 13:00:00,6105.7347580000005,6039
M9R,2026-03-08 14:00:00,6113.825428,6039
M9R,2026-03-08 15:00:00,6257.398126,6039
M9R,2026-03-08 16:00:00,6530.236553000001,6039
M9R,2026-03-08 17:00:00,6708.087097,6039
M9R,2026-03-08 18:00:00,6974.0265739999995,6039
M9R,2026-03-08 19:00:00,7017.817494999999,6039
M9R,2026-03-08 20:00:00,6700.180473999999,6039
M9R,2026-03-08 21:00:00,6130.328092,6039
M9R,2026-03-08 22:00:00,5438.587604,6039
M9R,2026-03-08 23:00:00,4743.489947,6039
M9R,2026-03-09 00:00:00,4149.825372,6039
M9R,2026-03-09 01:00:00,3864.9121720000003,6039
M9R,2026-03-09 02:00:00,3699.448462,6039
M9R,2026-03-09 03:00:00,3657.585882,6039
M9R,2026-03-09 04:00:00,3879.569216,6039
M9R,2026-03-09 05:00:00,4130.981384,6039
M9R,2026-03-09 06:00:00,4497.371469,6039
M9R,2026-03-09 07:00:00,4593.779848,6039
M9R,2026-03-09 08:00:00,4425.303903,6039
M9R,2026-03-09 09:00:00,4412.540443,6040
M9R,2026-03-09 10:00:00,4552.40205,6040
M9R,2026-03-09 11:00:00,4590.727797,6040
M9R,2026-03-09 12:00:00,4567.305501,6040
M9R,2026-03-09 13:00:00,4448.3923190000005,6040
M9R,2026-03-09 14:00:00,4569.435522,6040
M9R,2026-03-09 15:00:00,4995.835564,6040
M9R,2026-03-09 16:00:00,5431.1974740000005,6040
M9R,2026-03-09 17:00:00,5713.532043,6040
M9R,2026-03-09 18:00:00,6023.807000000001,6040
M9R,2026-03-09 19:00:00,6239.140939,6040
M9R,2026-03-09 20:00:00,5994.529962,6040
M9R,2026-03-09 21:00:00,5516.240638000001,6040
M9R,2026-03-09 22:00:00,4909.505304,6040
M9R,2026-03-09 23:00:00,4302.158974999999,6042
M9R,2026-03-10 00:00:00,3769.337166,6040
M9R,2026-03-10 01:00:00,3508.291528,6040
M9R,2026-03-10 02:00:00,3421.8737130000004,6040
M9R,2026-03-10 03:00:00,3456.2880360000004,6040
M9R,2026-03-10 04:00:00,3745.8522239999998,6040
M9R,2026-03-10 05:00:00,4053.7736989999994,6040
M9R,2026-03-10 06:00:00,4538.449492,6040
M9R,2026-03-10 07:00:00,4542.253917,6040
M9R,2026-03-10 08:00:00,4327.617698,6040
M9R,2026-03-10 09:00:00,4255.364088,6040
M9R,2026-03-10 10:00:00,4392.282188,6040
M9R,2026-03-10 11:00:00,4381.31459,6040
M9R,2026-03-10 12:00:00,4327.602128,6040
M9R,2026-03-10 13:00:00,4276.7917449999995,6040
M9R,2026-03-10 14:00:00,4612.828101,6040
M9R,2026-03-10 15:00:00,5101.156335,6040
M9R,2026-03-10 16:00:00,5524.401358,6040
M9R,2026-03-10 17:00:00,5891.774782,6040
M9R,2026-03-10 18:00:00,6235.05454,6040
M9R,2026-03-10 19:00:00,6314.429056,6040
M9R,2026-03-10 20:00:00,6068.781091,6040
M9R,2026-03-10 21:00:00,5571.045254000001,6040
M9R,2026-03-10 22:00:00,4829.77501,6040
M9R,2026-03-10 23:00:00,4350.5744429999995,6042
M9R,2026-03-11 00:00:00,3924.455303,6041
M9R,2026-03-11 01:00:00,3776.4345059999996,6041
M9R,2026-03-11 02:00:00,3659.405198,6041
M9R,2026-03-11 03:00:00,3806.57498,6041
M9R,2026-03-11 04:00:00,4042.5868619999997,6041
M9R,2026-03-11 05:00:00,4428.721957,6041
M9R,2026-03-11 06:00:00,4806.199021,6041
M9R,2026-03-11 07:00:00,4951.198451,6041
M9R,2026-03-11 08:00:00,4930.1148,6041
M9R,2026-03-11 09:00:00,4957.42905,6041
M9R,2026-03-11 10:00:00,5165.9045989999995,6041
M9R,2026-03-11 11:00:00,5346.439752,6041
M9R,2026-03-11 12:00:00,5374.146455,6041
M9R,2026-03-11 13:00:00,5326.728824999999,6041
M9R,2026-03-11 14:00:00,5482.289199,6041
M9R,2026-03-11 15:00:00,5894.08416,6041
M9R,2026-03-11 16:00:00,6313.903666,6041
M9R,2026-03-11 17:00:00,6587.756815999999,6041
M9R,2026-03-11 18:00:00,6723.585918,6041
M9R,2026-03-11 19:00:00,6798.7770519999995,6041
M9R,2026-03-11 20:00:00,6575.684307,6041
M9R,2026-03-11 21:00:00,6045.978044,6041
M9R,2026-03-11 22:00:00,5504.770017,6041
M9R,2026-03-11 23:00:00,4940.865668,6041
M9R,2026-03-12 00:00:00,4416.205123,6042
M9R,2026-03-12 01:00:00,4178.343267,6042
M9R,2026-03-12 02:00:00,3994.886231,6042
M9R,2026-03-12 03:00:00,4180.280094,6042
M9R,2026-03-12 04:00:00,4443.351793,6042
M9R,2026-03-12 05:00:00,4808.867438,6042
M9R,2026-03-12 06:00:00,5326.87442,6042
M9R,2026-03-12 07:00:00,5217.72727,6042
M9R,2026-03-12 08:00:00,5104.634733000001,6042
M9R,2026-03-12 09:00:00,5064.199670999999,6042
M9R,2026-03-12 10:00:00,5116.837875,6042
M9R,2026-03-12 11:00:00,5324.383314,6042
M9R,2026-03-12 12:00:00,5399.591625999999,6042
M9R,2026-03-12 13:00:00,5298.779133,6042
M9R,2026-03-12 14:00:00,5385.194919,6042
M9R,2026-03-12 15:00:00,5836.160672,6042
M9R,2026-03-12 16:00:00,6455.962704,6042
M9R,2026-03-12 17:00:00,6626.593159999999,6042
M9R,2026-03-12 18:00:00,7039.772858,6042
M9R,2026-03-12 19:00:00,7301.144811,6042
M9R,2026-03-12 20:00:00,6970.996916,6042
M9R,2026-03-12 21:00:00,6442.075059000001,6042
M9R,2026-03-12 22:00:00,5740.792925,6042
M9R,2026-03-12 23:00:00,5142.660183999999,6043
M9R,2026-03-13 00:00:00,4649.894703,6042
M9R,2026-03-13 01:00:00,4372.559871,6042
M9R,2026-03-13 02:00:00,4197.027147000001,6042
M9R,2026-03-13 03:00:00,4336.0885960000005,6042
M9R,2026-03-13 04:00:00,4601.062575,6042
M9R,2026-03-13 05:00:00,4924.231801,6042
M9R,2026-03-13 06:00:00,5382.889453000001,6042
M9R,2026-03-13 07:00:00,5484.843261,6042
M9R,2026-03-13 08:00:00,5574.679146,6042
M9R,2026-03-13 09:00:00,5668.405022000001,6042
M9R,2026-03-13 10:00:00,5949.385047,6042
M9R,2026-03-13 11:00:00,6152.798869,6042
M9R,2026-03-13 12:00:00,6167.692444,6042
M9R,2026-03-13 13:00:00,6053.924919,6042
M9R,2026-03-13 14:00:00,6043.808486,6042
M9R,2026-03-13 15:00:00,6566.543989999999,6042
M9R,2026-03-13 16:00:00,6925.4127260000005,6042
M9R,2026-03-13 17:00:00,6882.37532,6042
M9R,2026-03-13 18:00:00,7083.487963,6042
M9R,2026-03-13 19:00:00,7126.125291,6042
M9R,2026-03-13 20:00:00,6879.022239000001,6042
M9R,2026-03-13 21:00:00,6423.520182,6042
M9R,2026-03-13 22:00:00,5894.370234,6042
M9R,2026-03-13 23:00:00,5464.743958,6042
M9R,2026-03-14 00:00:00,4985.0914490000005,6042
M9R,2026-03-14 01:00:00,4637.493571,6042
M9R,2026-03-14 02:00:00,4479.549494,6042
M9R,2026-03-14 03:00:00,4479.270265,6042
M9R,2026-03-14 04:00:00,4573.89053,6042
M9R,2026-03-14 05:00:00,4731.763111,6042
M9R,2026-03-14 06:00:00,5118.874882,6042
M9R,2026-03-14 07:00:00,5570.969137,6042
M9R,2026-03-14 08:00:00,5923.930318999999,6042
M9R,2026-03-14 09:00:00,6237.111249,6042
M9R,2026-03-14 10:00:00,6709.956214999999,6042
M9R,2026-03-14 11:00:00,6746.933950000001,6042
M9R,2026-03-14 12:00:00,6819.5922439999995,6042
M9R,2026-03-14 13:00:00,6687.932008,6042
M9R,2026-03-14 14:00:00,6492.575828,6042
M9R,2026-03-14 15:00:00,6612.570216,6042
M9R,2026-03-14 16:00:00,6747.753957000001,6042
M9R,2026-03-14 17:00:00,6953.318946,6042
M9R,2026-03-14 18:00:00,7170.841702999999,6042
M9R,2026-03-14 19:00:00,7212.046498000001,6042
M9R,2026-03-14 20:00:00,6907.092879,6042
M9R,2026-03-14 21:00:00,6474.468953,6042
M9R,2026-03-14 22:00:00,5885.163497,6042
M9R,2026-03-14 23:00:00,5369.979187999999,6042
M9R,2026-03-15 00:00:00,4882.443982,6042
M9R,2026-03-15 01:00:00,4570.279956,6042
M9R,2026-03-15 02:00:00,4443.803774,6042
M9R,2026-03-15 03:00:00,4335.458851,6042
M9R,2026-03-15 04:00:00,4411.770364999999,6042
M9R,2026-03-15 05:00:00,4498.913908,6042
M9R,2026-03-15 06:00:00,4863.763696,6042
M9R,2026-03-15 07:00:00,5442.153906,6042
M9R,2026-03-15 08:00:00,5995.429049,6042
M9R,2026-03-15 09:00:00,6549.395931,6042
M9R,2026-03-15 10:00:00,6946.108956,6042
M9R,2026-03-15 11:00:00,7045.325461,6042
M9R,2026-03-15 12:00:00,6959.3522299999995,6042
M9R,2026-03-15 13:00:00,7000.525384,6042
M9R,2026-03-15 14:00:00,7081.100355,6042
M9R,2026-03-15 15:00:00,7262.209994,6042
M9R,2026-03-15 16:00:00,7379.760079,6042
M9R,2026-03-15 17:00:00,7378.004288,6042
M9R,2026-03-15 18:00:00,7550.350147,6042
M9R,2026-03-15 19:00:00,7481.094940000001,6042
M9R,2026-03-15 20:00:00,6971.35319,6042
M9R,2026-03-15 21:00:00,6349.679491,6042
M9R,2026-03-15 22:00:00,5660.638787,6042
M9R,2026-03-15 23:00:00,4990.357583,6042
M9R,2026-03-16 00:00:00,4446.798197,6042
M9R,2026-03-16 01:00:00,4148.80191,6042
M9R,2026-03-16 02:00:00,3979.477809,6042
M9R,2026-03-16 03:00:00,3985.7941730000002,6042
M9R,2026-03-16 04:00:00,4169.821865,6042
M9R,2026-03-16 05:00:00,4302.697434,6042
M9R,2026-03-16 06:00:00,4557.639228,6042
M9R,2026-03-16 07:00:00,4791.297528,6042
M9R,2026-03-16 08:00:00,4902.50791,6042
M9R,2026-03-16 09:00:00,4991.894206999999,6042
M9R,2026-03-16 10:00:00,5130.924472,6042
M9R,2026-03-16 11:00:00,5381.093053,6042
M9R,2026-03-16 12:00:00,5385.199242000001,6042
M9R,2026-03-16 13:00:00,5428.046794999999,6042
M9R,2026-03-16 14:00:00,5562.409431,6042
M9R,2026-03-16 15:00:00,6000.540043999999,6042
M9R,2026-03-16 16:00:00,6613.450881999999,6042
M9R,2026-03-16 17:00:00,6876.480445,6042
M9R,2026-03-16 18:00:00,7066.070841,6042
M9R,2026-03-16 19:00:00,7058.939006,6042
M9R,2026-03-16 20:00:00,6819.175455,6042
M9R,2026-03-16 21:00:00,6222.254701,6042
M9R,2026-03-16 22:00:00,5665.533325,6042
M9R,2026-03-16 23:00:00,5196.728188,6042
M9R,2026-03-17 00:00:00,4994.322602,6041
M9R,2026-03-17 01:00:00,4748.270097,6041
M9R,2026-03-17 02:00:00,4596.0127569999995,6041
M9R,2026-03-17 03:00:00,4555.03086,6041
M9R,2026-03-17 04:00:00,4806.9068449999995,6042
M9R,2026-03-17 05:00:00,5122.717429,6042
M9R,2026-03-17 06:00:00,5512.407690000001,6042
M9R,2026-03-17 07:00:00,5714.407491999999,6042
M9R,2026-03-17 08:00:00,5736.329597,6042
M9R,2026-03-17 09:00:00,5823.401470000001,6042
M9R,2026-03-17 10:00:00,5915.163017,6042
M9R,2026-03-17 11:00:00,5887.056181,6043
M9R,2026-03-17 12:00:00,5792.641588,6042
M9R,2026-03-17 13:00:00,5857.10959,6043
M9R,2026-03-17 14:00:00,6049.6748130000005,6043
M9R,2026-03-17 15:00:00,6363.251456,6043
M9R,2026-03-17 16:00:00,6895.699101,6043
M9R,2026-03-17 17:00:00,7123.583878,6043
M9R,2026-03-17 18:00:00,7544.597989,6043
M9R,2026-03-17 19:00:00,7593.586644,6043
M9R,2026-03-17 20:00:00,7372.436917,6043
M9R,2026-03-17 21:00:00,6933.237020999999,6043
M9R,2026-03-17 22:00:00,6265.34779,6043
M9R,2026-03-17 23:00:00,5667.173369,6043
M9R,2026-03-18 00:00:00,5014.3820749999995,6043
M9R,2026-03-18 01:00:00,4722.4001769999995,6043
M9R,2026-03-18 02:00:00,4551.333289,6043
M9R,2026-03-18 03:00:00,4610.171368,6043
M9R,2026-03-18 04:00:00,4838.238619,6043
M9R,2026-03-18 05:00:00,5042.079748,6043
M9R,2026-03-18 06:00:00,5311.744179,6043
M9R,2026-03-18 07:00:00,5405.139958,6043
M9R,2026-03-18 08:00:00,5404.7413639999995,6043
M9R,2026-03-18 09:00:00,5506.956839,6043
M9R,2026-03-18 10:00:00,5635.337355000001,6043
M9R,2026-03-18 11:00:00,5838.021543999999,6043
M9R,2026-03-18 12:00:00,5906.065656,6043
M9R,2026-03-18 13:00:00,5912.119691,6043
M9R,2026-03-18 14:00:00,5963.169925,6043
M9R,2026-03-18 15:00:00,6256.082444000001,6043
M9R,2026-03-18 16:00:00,6876.267957,6043
M9R,2026-03-18 17:00:00,7185.605462,6043
M9R,2026-03-18 18:00:00,7369.057306,6043
M9R,2026-03-18 19:00:00,7368.1675190000005,6043
M9R,2026-03-18 20:00:00,7120.197561,6043
M9R,2026-03-18 21:00:00,6579.132563,6043
M9R,2026-03-18 22:00:00,5944.410116999999,6043
M9R,2026-03-18 23:00:00,5351.737342,6043
M9R,2026-03-19 00:00:00,4849.985267999999,6043
M9R,2026-03-19 01:00:00,4481.389563000001,6043
M9R,2026-03-19 02:00:00,4295.779039,6043
M9R,2026-03-19 03:00:00,4350.455015,6043
M9R,2026-03-19 04:00:00,4621.019483,6043
M9R,2026-03-19 05:00:00,4853.190223,6043
M9R,2026-03-19 06:00:00,5214.359928,6043
M9R,2026-03-19 07:00:00,5276.923248000001,6043
M9R,2026-03-19 08:00:00,5341.580387,6043
M9R,2026-03-19 09:00:00,5352.111048,6043
M9R,2026-03-19 10:00:00,5359.451355,6043
M9R,2026-03-19 11:00:00,5436.021766,6043
M9R,2026-03-19 12:00:00,5345.7147429999995,6043
M9R,2026-03-19 13:00:00,5323.421415000001,6043
M9R,2026-03-19 14:00:00,5409.082787,6043
M9R,2026-03-19 15:00:00,5859.701453000001,6043
M9R,2026-03-19 16:00:00,6219.511748,6043
M9R,2026-03-19 17:00:00,6461.214195999999,6043
M9R,2026-03-19 18:00:00,6769.008076,6043
M9R,2026-03-19 19:00:00,6870.474931000001,6043
M9R,2026-03-19 20:00:00,6786.7980880000005,6043
M9R,2026-03-19 21:00:00,6353.3941270000005,6043
M9R,2026-03-19 22:00:00,5678.899512,6044
M9R,2026-03-19 23:00:00,5174.8712049999995,6044
M9R,2026-03-20 00:00:00,4690.052243,6044
M9R,2026-03-20 01:00:00,4408.777852,6044
M9R,2026-03-20 02:00:00,4234.314142,6044
M9R,2026-03-20 03:00:00,4184.748269,6044
M9R,2026-03-20 04:00:00,4347.080852,6044
M9R,2026-03-20 05:00:00,4647.5086329999995,6044
M9R,2026-03-20 06:00:00,5081.617703,6044
M9R,2026-03-20 07:00:00,5415.06198,6044
M9R,2026-03-20 08:00:00,5673.435267,6044
M9R,2026-03-20 09:00:00,5854.087017000001,6044
M9R,2026-03-20 10:00:00,5930.865815,6044
M9R,2026-03-20 11:00:00,6050.58706,6044
M9R,2026-03-20 12:00:00,5970.776293000001,6044
M9R,2026-03-20 13:00:00,5793.019644999999,6044
M9R,2026-03-20 14:00:00,5745.166302,6044
M9R,2026-03-20 15:00:00,5962.853039999999,6044
M9R,2026-03-20 16:00:00,6360.082574,6044
M9R,2026-03-20 17:00:00,6489.995620000001,6044
M9R,2026-03-20 18:00:00,6670.048185000001,6044
M9R,2026-03-20 19:00:00,6726.314533,6044
M9R,2026-03-20 20:00:00,6579.512804999999,6044
M9R,2026-03-20 21:00:00,6242.986875,6044
M9R,2026-03-20 22:00:00,5628.14916,6044
M9R,2026-03-20 23:00:00,5172.227475,6044
M9R,2026-03-21 00:00:00,4666.356579,6043
M9R,2026-03-21 01:00:00,4371.916374,6043
M9R,2026-03-21 02:00:00,4146.662287,6043
M9R,2026-03-21 03:00:00,4123.050922,6043
M9R,2026-03-21 04:00:00,4177.200105999999,6043
M9R,2026-03-21 05:00:00,4364.206179,6043
M9R,2026-03-21 06:00:00,4707.066494,6043
M9R,2026-03-21 07:00:00,5182.435350999999,6043
M9R,2026-03-21 08:00:00,5597.266777000001,6043
M9R,2026-03-21 09:00:00,5995.993449,6043
M9R,2026-03-21 10:00:00,6395.694813,6043
M9R,2026-03-21 11:00:00,6634.062678,6043
M9R,2026-03-21 12:00:00,6566.0801599999995,6043
M9R,2026-03-21 13:00:00,6597.656107,6043
M9R,2026-03-21 14:00:00,6675.104825,6043
M9R,2026-03-21 15:00:00,6677.500102,6043
M9R,2026-03-21 16:00:00,6940.9869419999995,6043
M9R,2026-03-21 17:00:00,6972.2384090000005,6043
M9R,2026-03-21 18:00:00,7009.099423000001,6043
M9R,2026-03-21 19:00:00,7000.590449,6043
M9R,2026-03-21 20:00:00,6624.852062,6043
M9R,2026-03-21 21:00:00,6220.554778,6043
M9R,2026-03-21 22:00:00,5710.850348,6043
M9R,2026-03-21 23:00:00,5226.387679999999,6043
M9R,2026-03-22 00:00:00,4760.030981,6043
M9R,2026-03-22 01:00:00,4409.502616,6044
M9R,2026-03-22 02:00:00,4215.6586259999995,6044
M9R,2026-03-22 03:00:00,4090.2407970000004,6044
M9R,2026-03-22 04:00:00,4144.119981,6044
M9R,2026-03-22 05:00:00,4318.943088,6044
M9R,2026-03-22 06:00:00,4699.856621,6044
M9R,2026-03-22 07:00:00,5175.457439000001,6044
M9R,2026-03-22 08:00:00,5789.2194469999995,6044
M9R,2026-03-22 09:00:00,6367.372858000001,6044
M9R,2026-03-22 10:00:00,6800.945535999999,6044
M9R,2026-03-22 11:00:00,7018.370514,6044
M9R,2026-03-22 12:00:00,6928.062051999999,6044
M9R,2026-03-22 13:00:00,6936.9388149999995,6044
M9R,2026-03-22 14:00:00,6837.138347,6044
M9R,2026-03-22 15:00:00,6987.030156,6044
M9R,2026-03-22 16:00:00,7345.815713,6044
M9R,2026-03-22 17:00:00,7344.447861000001,6044
M9R,2026-03-22 18:00:00,7366.248579,6044
M9R,2026-03-22 19:00:00,7501.317968,6044
M9R,2026-03-22 20:00:00,7135.281376,6044
M9R,2026-03-22 21:00:00,6438.958340000001,6044
M9R,2026-03-22 22:00:00,5651.322902,6044
M9R,2026-03-22 23:00:00,5008.452303,6044
M9R,2026-03-23 00:00:00,4509.486948,6044
M9R,2026-03-23 01:00:00,4188.140541000001,6044
M9R,2026-03-23 02:00:00,4076.2684560000002,6044
M9R,2026-03-23 03:00:00,4129.156147,6044
M9R,2026-03-23 04:00:00,4342.342778,6044
M9R,2026-03-23 05:00:00,4650.6378,6044
M9R,2026-03-23 06:00:00,5161.434023999999,6044
M9R,2026-03-23 07:00:00,5109.152797000001,6044
M9R,2026-03-23 08:00:00,5106.777163999999,6044
M9R,2026-03-23 09:00:00,5200.748009,6044
M9R,2026-03-23 10:00:00,5334.934133,6044
M9R,2026-03-23 11:00:00,5358.899845,6044
M9R,2026-03-23 12:00:00,5412.20158,6044
M9R,2026-03-23 13:00:00,5502.889543,6044
M9R,2026-03-23 14:00:00,5602.2004400000005,6044
M9R,2026-03-23 15:00:00,6075.855249999999,6044
M9R,2026-03-23 16:00:00,6609.641894,6044
M9R,2026-03-23 17:00:00,6756.030747999999,6044
M9R,2026-03-23 18:00:00,6967.288052999999,6044
M9R,2026-03-23 19:00:00,7252.696499,6044
M9R,2026-03-23 20:00:00,6977.426778000001,6044
M9R,2026-03-23 21:00:00,6398.514847,6044
M9R,2026-03-23 22:00:00,5767.403502000001,6044
M9R,2026-03-23 23:00:00,5218.982017,6044
M9R,2026-03-24 00:00:00,4728.782968,6043
M9R,2026-03-24 01:00:00,4515.160338000001,6043
M9R,2026-03-24 02:00:00,4361.921174,6043
M9R,2026-03-24 03:00:00,4363.324896,6043
M9R,2026-03-24 04:00:00,4591.865048,6043
M9R,2026-03-24 05:00:00,4988.789688,6043
M9R,2026-03-24 06:00:00,5488.846119000001,6043
M9R,2026-03-24 07:00:00,5280.530986000001,6043
M9R,2026-03-24 08:00:00,5116.43577,6043
M9R,2026-03-24 09:00:00,5094.981102,6043
M9R,2026-03-24 10:00:00,5207.256770000001,6043
M9R,2026-03-24 11:00:00,5239.067225000001,6043
M9R,2026-03-24 12:00:00,5087.176952,6043
M9R,2026-03-24 13:00:00,5228.234772,6043
M9R,2026-03-24 14:00:00,5347.580731999999,6043
M9R,2026-03-24 15:00:00,5702.947948,6043
M9R,2026-03-24 16:00:00,6237.678534000001,6043
M9R,2026-03-24 17:00:00,6406.429762,6043
M9R,2026-03-24 18:00:00,6669.497720000001,6043
M9R,2026-03-24 19:00:00,6977.711471,6043
M9R,2026-03-24 20:00:00,6765.595377,6043
M9R,2026-03-24 21:00:00,6211.481253,6043
M9R,2026-03-24 22:00:00,5446.314258,6043
M9R,2026-03-24 23:00:00,4916.467895,6043
M9R,2026-03-25 00:00:00,4485.413601,6043
M9R,2026-03-25 01:00:00,4206.714008,6043
M9R,2026-03-25 02:00:00,4103.260983,6043
M9R,2026-03-25 03:00:00,4166.531578,6043
M9R,2026-03-25 04:00:00,4382.432406,6043
M9R,2026-03-25 05:00:00,4732.794923,6043
M9R,2026-03-25 06:00:00,5253.058127,6043
M9R,2026-03-25 07:00:00,5181.925386000001,6043
M9R,2026-03-25 08:00:00,5110.0216629999995,6043
M9R,2026-03-25 09:00:00,5013.328838,6043
M9R,2026-03-25 10:00:00,5078.521677,6043
M9R,2026-03-25 11:00:00,5096.914811000001,6043
M9R,2026-03-25 12:00:00,4974.108619,6043
M9R,2026-03-25 13:00:00,4887.262509,6043
M9R,2026-03-25 14:00:00,5133.64375,6043
M9R,2026-03-25 15:00:00,5779.3207,6043
M9R,2026-03-25 16:00:00,6367.115254,6043
M9R,2026-03-25 17:00:00,6579.4533870000005,6043
M9R,2026-03-25 18:00:00,6781.838818,6043
M9R,2026-03-25 19:00:00,6777.0860139999995,6043
M9R,2026-03-25 20:00:00,6598.673679,6043
M9R,2026-03-25 21:00:00,6068.624678,6043
M9R,2026-03-25 22:00:00,5381.044803000001,6043
M9R,2026-03-25 23:00:00,4829.708143,6043
M9R,2026-03-26 00:00:00,4317.233308,6043
M9R,2026-03-26 01:00:00,4081.154523,6043
M9R,2026-03-26 02:00:00,3946.248699,6043
M9R,2026-03-26 03:00:00,4019.936134,6044
M9R,2026-03-26 04:00:00,4296.068123,6044
M9R,2026-03-26 05:00:00,4635.805657,6044
M9R,2026-03-26 06:00:00,5250.641813,6044
M9R,2026-03-26 07:00:00,5079.638992000001,6044
M9R,2026-03-26 08:00:00,4975.166979,6044
M9R,2026-03-26 09:00:00,5023.038194,6044
M9R,2026-03-26 10:00:00,5065.66486,6044
M9R,2026-03-26 11:00:00,5318.653673,6044
M9R,2026-03-26 12:00:00,5207.541838,6044
M9R,2026-03-26 13:00:00,5135.986317999999,6044
M9R,2026-03-26 14:00:00,5432.051861,6044
M9R,2026-03-26 15:00:00,5916.351673,6044
M9R,2026-03-26 16:00:00,6245.279896,6044
M9R,2026-03-26 17:00:00,6389.215725,6044
M9R,2026-03-26 18:00:00,6541.052041000001,6044
M9R,2026-03-26 19:00:00,6801.765051,6044
M9R,2026-03-26 20:00:00,6609.406436,6044
M9R,2026-03-26 21:00:00,6135.779184,6044
M9R,2026-03-26 22:00:00,5491.5178940000005,6044
M9R,2026-03-26 23:00:00,4947.483977,6044
M9R,2026-03-27 00:00:00,4506.311523,6044
M9R,2026-03-27 01:00:00,4297.432522,6044
M9R,2026-03-27 02:00:00,4185.385491999999,6044
M9R,2026-03-27 03:00:00,4247.389955000001,6044
M9R,2026-03-27 04:00:00,4509.34299,6044
M9R,2026-03-27 05:00:00,4909.782652,6044
M9R,2026-03-27 06:00:00,5501.837015,6044
M9R,2026-03-27 07:00:00,5331.684528,6044
M9R,2026-03-27 08:00:00,5275.742582999999,6044
M9R,2026-03-27 09:00:00,5357.667151999999,6044
M9R,2026-03-27 10:00:00,5487.640316,6044
M9R,2026-03-27 11:00:00,5606.078186999999,6044
M9R,2026-03-27 12:00:00,5443.859438,6044
M9R,2026-03-27 13:00:00,5310.086179,6044
M9R,2026-03-27 14:00:00,5376.436866,6044
M9R,2026-03-27 15:00:00,5755.651607999999,6044
M9R,2026-03-27 16:00:00,6038.727330000001,6044
M9R,2026-03-27 17:00:00,6174.513277,6044
M9R,2026-03-27 18:00:00,6581.309784,6044
M9R,2026-03-27 19:00:00,6975.188846999999,6044
M9R,2026-03-27 20:00:00,6950.753892,6044
M9R,2026-03-27 21:00:00,6525.986667,6044
M9R,2026-03-27 22:00:00,6061.125229,6044
M9R,2026-03-27 23:00:00,5456.3749419999995,6044
M9R,2026-03-28 00:00:00,4943.487678,6044
M9R,2026-03-28 01:00:00,4628.5477869999995,6044
M9R,2026-03-28 02:00:00,4484.227634999999,6044
M9R,2026-03-28 03:00:00,4406.920503,6044
M9R,2026-03-28 04:00:00,4474.271012,6044
M9R,2026-03-28 05:00:00,4683.749651,6044
M9R,2026-03-28 06:00:00,5169.206574,6044
M9R,2026-03-28 07:00:00,5593.733372,6044
M9R,2026-03-28 08:00:00,5932.634544,6044
M9R,2026-03-28 09:00:00,6341.3159940000005,6044
M9R,2026-03-28 10:00:00,6758.9818940000005,6044
M9R,2026-03-28 11:00:00,6938.379531,6044
M9R,2026-03-28 12:00:00,6864.338164,6044
M9R,2026-03-28 13:00:00,6778.767998,6044
M9R,2026-03-28 14:00:00,6681.292503,6044
M9R,2026-03-28 15:00:00,6809.09742,6044
M9R,2026-03-28 16:00:00,6915.396771,6044
M9R,2026-03-28 17:00:00,6996.0855870000005,6044
M9R,2026-03-28 18:00:00,7223.476964,6044
M9R,2026-03-28 19:00:00,7231.67289,6044
M9R,2026-03-28 20:00:00,7001.835821999999,6044
M9R,2026-03-28 21:00:00,6458.008518,6044
M9R,2026-03-28 22:00:00,5902.29913,6044
M9R,2026-03-28 23:00:00,5324.459578,6044
M9R,2026-03-29 00:00:00,4772.333579,6044
M9R,2026-03-29 01:00:00,4427.2346,6044
M9R,2026-03-29 02:00:00,4221.433499,6044
M9R,2026-03-29 03:00:00,4137.672433,6044
M9R,2026-03-29 04:00:00,4214.04872,6044
M9R,2026-03-29 05:00:00,4380.26563,6044
M9R,2026-03-29 06:00:00,4859.42432,6044
M9R,2026-03-29 07:00:00,5309.435505000001,6044
M9R,2026-03-29 08:00:00,5725.885268999999,6044
M9R,2026-03-29 09:00:00,5965.132675,6044
M9R,2026-03-29 10:00:00,6357.346272,6044
M9R,2026-03-29 11:00:00,6438.6777,6044
M9R,2026-03-29 12:00:00,6487.557674000001,6044
M9R,2026-03-29 13:00:00,6466.7703839999995,6044
M9R,2026-03-29 14:00:00,6407.611838999999,6044
M9R,2026-03-29 15:00:00,6557.997766,6044
M9R,2026-03-29 16:00:00,6846.723345,6044
M9R,2026-03-29 17:00:00,6933.507958,6044
M9R,2026-03-29 18:00:00,6979.089341,6044
M9R,2026-03-29 19:00:00,7136.380597,6044
M9R,2026-03-29 20:00:00,6799.404279,6044
M9R,2026-03-29 21:00:00,6169.349036,6044
M9R,2026-03-29 22:00:00,5371.390179,6044
M9R,2026-03-29 23:00:00,4729.41989,6044
M9R,2026-03-30 00:00:00,4214.8764,6044
M9R,2026-03-30 01:00:00,3944.0025739999996,6044
M9R,2026-03-30 02:00:00,3830.360901,6044
M9R,2026-03-30 03:00:00,3936.552311,6044
M9R,2026-03-30 04:00:00,4189.280361,6044
M9R,2026-03-30 05:00:00,4633.3575280000005,6045
M9R,2026-03-30 06:00:00,5123.658746000001,6046
M9R,2026-03-30 07:00:00,5002.949108,6046
M9R,2026-03-30 08:00:00,4870.8503550000005,6046
M9R,2026-03-30 09:00:00,4795.359131,6046
M9R,2026-03-30 10:00:00,4790.269162,6046
M9R,2026-03-30 11:00:00,4792.738571999999,6046
M9R,2026-03-30 12:00:00,4669.621913,6046
M9R,2026-03-30 13:00:00,4557.537856,6046
M9R,2026-03-30 14:00:00,4667.219891,6046
M9R,2026-03-30 15:00:00,4966.945913,6046
M9R,2026-03-30 16:00:00,5306.83539,6046
M9R,2026-03-30 17:00:00,5519.031836,6046
M9R,2026-03-30 18:00:00,5890.122136,6046
M9R,2026-03-30 19:00:00,6184.034624,6046
M9R,2026-03-30 20:00:00,5948.120349,6046
M9R,2026-03-30 21:00:00,5329.494205999999,6046
M9R,2026-03-30 22:00:00,4640.5129560000005,6046
M9R,2026-03-30 23:00:00,4035.435814,6047
M9R,2026-03-31 00:00:00,3583.818138,6046
M9R,2026-03-31 01:00:00,3383.404512,6046
M9R,2026-03-31 02:00:00,3293.9787730000003,6046
M9R,2026-03-31 03:00:00,3329.487851,6046
M9R,2026-03-31 04:00:00,3521.9354620000004,6046
M9R,2026-03-31 05:00:00,3901.1530740000003,6046
M9R,2026-03-31 06:00:00,4476.253258,6046
M9R,2026-03-31 07:00:00,4469.73521,6046
M9R,2026-03-31 08:00:00,4306.817869,6046
M9R,2026-03-31 09:00:00,4361.531492,6046
M9R,2026-03-31 10:00:00,4398.995781,6046
M9R,2026-03-31 11:00:00,4594.728375,6046
M9R,2026-03-31 12:00:00,4746.984102,6046
M9R,2026-03-31 13:00:00,4611.444814,6046
M9R,2026-03-31 14:00:00,4681.3418599999995,6046
M9R,2026-03-31 15:00:00,5076.413946999999,6046
M9R,2026-03-31 16:00:00,5595.648038,6046
M9R,2026-03-31 17:00:00,5905.4587089999995,6046
M9R,2026-03-31 18:00:00,6258.975909000001,6046
M9R,2026-03-31 19:00:00,6368.783999,6046
M9R,2026-03-31 20:00:00,5953.452153,6046
M9R,2026-03-31 21:00:00,5454.3073859999995,6046
M9R,2026-03-31 22:00:00,4700.146666,6046
M9R,2026-03-31 23:00:00,4223.085186,6049
M9R,2026-04-01 00:00:00,3913.587531,6046
M9R,2026-04-01 01:00:00,3702.754215,6046
M9R,2026-04-01 02:00:00,3555.172953,6046
M9R,2026-04-01 03:00:00,3615.350023,6046
M9R,2026-04-01 04:00:00,3900.943624,6046
M9R,2026-04-01 05:00:00,4404.699509,6046
M9R,2026-04-01 06:00:00,4985.5356,6046
M9R,2026-04-01 07:00:00,4931.271887,6046
M9R,2026-04-01 08:00:00,4898.741398,6046
M9R,2026-04-01 09:00:00,4909.667342,6046
M9R,2026-04-01 10:00:00,5017.823078,6046
M9R,2026-04-01 11:00:00,5157.445352000001,6046
M9R,2026-04-01 12:00:00,5131.259623,6046
M9R,2026-04-01 13:00:00,5164.966733,6046
M9R,2026-04-01 14:00:00,5275.213543,6046
M9R,2026-04-01 15:00:00,5728.547302999999,6046
M9R,2026-04-01 16:00:00,6084.91205,6046
M9R,2026-04-01 17:00:00,6276.075289,6046
M9R,2026-04-01 18:00:00,6529.0916640000005,6046
M9R,2026-04-01 19:00:00,6873.700388,6046
M9R,2026-04-01 20:00:00,6661.488337,6046
M9R,2026-04-01 21:00:00,6066.893016,6046
M9R,2026-04-01 22:00:00,5414.988909000001,6046
M9R,2026-04-01 23:00:00,4805.227463,6049
M9R,2026-04-02 00:00:00,4373.241397,6046
M9R,2026-04-02 01:00:00,4094.5711119999996,6046
M9R,2026-04-02 02:00:00,3989.405807,6046
M9R,2026-04-02 03:00:00,4021.9180290000004,6046
M9R,2026-04-02 04:00:00,4252.093059000001,6046
M9R,2026-04-02 05:00:00,4665.423328999999,6046
M9R,2026-04-02 06:00:00,5296.334578,6046
M9R,2026-04-02 07:00:00,5177.037968,6046
M9R,2026-04-02 08:00:00,5150.7856170000005,6046
M9R,2026-04-02 09:00:00,5247.731191000001,6046
M9R,2026-04-02 10:00:00,5431.189555000001,6046
M9R,2026-04-02 11:00:00,5675.016468,6046
M9R,2026-04-02 12:00:00,5690.628585,6046
M9R,2026-04-02 13:00:00,5678.992863,6046
M9R,2026-04-02 14:00:00,5766.469940999999,6046
M9R,2026-04-02 15:00:00,6157.899976000001,6046
M9R,2026-04-02 16:00:00,6493.6279589999995,6046
M9R,2026-04-02 17:00:00,6643.620215000001,6046
M9R,2026-04-02 18:00:00,6743.110964,6046
M9R,2026-04-02 19:00:00,6896.961355,6046
M9R,2026-04-02 20:00:00,6712.437077999999,6046
M9R,2026-04-02 21:00:00,6280.080548000001,6046
M9R,2026-04-02 22:00:00,5514.458481,6046
M9R,2026-04-02 23:00:00,4872.845388,6047
M9R,2026-04-03 00:00:00,4428.670509,6046
M9R,2026-04-03 01:00:00,4140.04696,6046
M9R,2026-04-03 02:00:00,3968.928494,6046
M9R,2026-04-03 03:00:00,3880.5753480000003,6046
M9R,2026-04-03 04:00:00,3932.054207,6046
M9R,2026-04-03 05:00:00,4118.110007,6046
M9R,2026-04-03 06:00:00,4420.163444,6046
M9R,2026-04-03 07:00:00,4877.132017,6046
M9R,2026-04-03 08:00:00,5242.241362000001,6046
M9R,2026-04-03 09:00:00,5633.537490000001,6046
M9R,2026-04-03 10:00:00,5971.431799,6046
M9R,2026-04-03 11:00:00,6117.660042,6046
M9R,2026-04-03 12:00:00,5929.276153,6046
M9R,2026-04-03 13:00:00,5661.0476929999995,6046
M9R,2026-04-03 14:00:00,5515.980746,6046
M9R,2026-04-03 15:00:00,5569.693873,6046
M9R,2026-04-03 16:00:00,5744.9586659999995,6046
M9R,2026-04-03 17:00:00,5820.784645,6046
M9R,2026-04-03 18:00:00,5888.594241999999,6046
M9R,2026-04-03 19:00:00,6232.300782,6046
M9R,2026-04-03 20:00:00,6117.2467209999995,6046
M9R,2026-04-03 21:00:00,5755.116758,6046
M9R,2026-04-03 22:00:00,5119.966531,6046
M9R,2026-04-03 23:00:00,4613.849272,6046
M9R,2026-04-04 00:00:00,4136.961998,6045
M9R,2026-04-04 01:00:00,3898.377818,6045
M9R,2026-04-04 02:00:00,3792.245536,6045
M9R,2026-04-04 03:00:00,3663.0249649999996,6045
M9R,2026-04-04 04:00:00,3764.1782860000003,6045
M9R,2026-04-04 05:00:00,3998.65671,6045
M9R,2026-04-04 06:00:00,4469.353142,6045
M9R,2026-04-04 07:00:00,5068.835946,6045
M9R,2026-04-04 08:00:00,5592.681144,6045
M9R,2026-04-04 09:00:00,6013.692457,6045
M9R,2026-04-04 10:00:00,6588.087492000001,6045
M9R,2026-04-04 11:00:00,6947.556454,6045
M9R,2026-04-04 12:00:00,6912.204459999999,6045
M9R,2026-04-04 13:00:00,6646.846842,6045
M9R,2026-04-04 14:00:00,6425.584337,6045
M9R,2026-04-04 15:00:00,6361.995068,6044
M9R,2026-04-04 16:00:00,6518.839826,6045
M9R,2026-04-04 17:00:00,6567.938453000001,6045
M9R,2026-04-04 18:00:00,6600.056,6045
M9R,2026-04-04 19:00:00,6707.294525,6045
M9R,2026-04-04 20:00:00,6467.8926280000005,6045
M9R,2026-04-04 21:00:00,6059.514455,6045
M9R,2026-04-04 22:00:00,5436.201993000001,6045
M9R,2026-04-04 23:00:00,4821.717349,6045
M9R,2026-04-05 00:00:00,4299.811942,6045
M9R,2026-04-05 01:00:00,4035.7268489999997,6045
M9R,2026-04-05 02:00:00,3840.605224,6045
M9R,2026-04-05 03:00:00,3817.474468,6045
M9R,2026-04-05 04:00:00,3887.406795,6045
M9R,2026-04-05 05:00:00,4079.376081,6045
M9R,2026-04-05 06:00:00,4506.8766,6045
M9R,2026-04-05 07:00:00,5142.107267,6045
M9R,2026-04-05 08:00:00,5759.9146519999995,6045
M9R,2026-04-05 09:00:00,6198.149648,6045
M9R,2026-04-05 10:00:00,6634.057592,6045
M9R,2026-04-05 11:00:00,6853.00519,6045
M9R,2026-04-05 12:00:00,6780.7150870000005,6045
M9R,2026-04-05 13:00:00,6633.453988,6045
M9R,2026-04-05 14:00:00,6576.202014,6045
M9R,2026-04-05 15:00:00,6636.724424,6045
M9R,2026-04-05 16:00:00,6672.018889999999,6045
M9R,2026-04-05 17:00:00,6665.208162999999,6045
M9R,2026-04-05 18:00:00,6768.176924,6045
M9R,2026-04-05 19:00:00,7013.246499000001,6045
M9R,2026-04-05 20:00:00,6831.672234000001,6045
M9R,2026-04-05 21:00:00,6259.848316,6045
M9R,2026-04-05 22:00:00,5663.991906,6045
M9R,2026-04-05 23:00:00,4996.803038999999,6045
M9R,2026-04-06 00:00:00,4471.969083,6045
M9R,2026-04-06 01:00:00,4189.697422,6045
M9R,2026-04-06 02:00:00,4030.130297,6045
M9R,2026-04-06 03:00:00,3968.6596799999998,6045
M9R,2026-04-06 04:00:00,4185.048772,6045
M9R,2026-04-06 05:00:00,4437.186765,6045
M9R,2026-04-06 06:00:00,4740.897284000001,6045
M9R,2026-04-06 07:00:00,4940.793279,6045
M9R,2026-04-06 08:00:00,5018.403513,6045
M9R,2026-04-06 09:00:00,5188.4630799999995,6045
M9R,2026-04-06 10:00:00,5476.776293999999,6045
M9R,2026-04-06 11:00:00,5599.3471660000005,6045
M9R,2026-04-06 12:00:00,5611.546927,6045
M9R,2026-04-06 13:00:00,5577.904815,6045
M9R,2026-04-06 14:00:00,5705.195224,6045
M9R,2026-04-06 15:00:00,6099.401709,6045
M9R,2026-04-06 16:00:00,6640.758473999999,6045
M9R,2026-04-06 17:00:00,6727.957493,6046
M9R,2026-04-06 18:00:00,6791.519544000001,6046
M9R,2026-04-06 19:00:00,7067.5218669999995,6046
M9R,2026-04-06 20:00:00,6871.589202,6046
M9R,2026-04-06 21:00:00,6167.40351,6046
M9R,2026-04-06 22:00:00,5440.286636,6046
M9R,2026-04-06 23:00:00,4841.368795,6046
M9R,2026-04-07 00:00:00,4557.333882,6046
M9R,2026-04-07 01:00:00,4370.098307,6046
M9R,2026-04-07 02:00:00,4247.93374,6046
M9R,2026-04-07 03:00:00,4184.417957,6045
M9R,2026-04-07 04:00:00,4385.81381,6045
M9R,2026-04-07 05:00:00,4837.723109,6045
M9R,2026-04-07 06:00:00,5390.271552,6045
M9R,2026-04-07 07:00:00,5243.582493999999,6045
M9R,2026-04-07 08:00:00,5139.777792,6045
M9R,2026-04-07 09:00:00,5195.845552999999,6045
M9R,2026-04-07 10:00:00,5280.34251,6045
M9R,2026-04-07 11:00:00,5351.049827000001,6044
M9R,2026-04-07 12:00:00,5287.2360770000005,6045
M9R,2026-04-07 13:00:00,5273.212866999999,6045
M9R,2026-04-07 14:00:00,5380.971619000001,6045
M9R,2026-04-07 15:00:00,5683.15626,6045
M9R,2026-04-07 16:00:00,5981.657800999999,6045
M9R,2026-04-07 17:00:00,6238.055533,6045
M9R,2026-04-07 18:00:00,6531.673161,6045
M9R,2026-04-07 19:00:00,6925.078564,6045
M9R,2026-04-07 20:00:00,6730.905133000001,6045
M9R,2026-04-07 21:00:00,6184.43557,6045
M9R,2026-04-07 22:00:00,5491.838296,6045
M9R,2026-04-07 23:00:00,4961.818101,6047
M9R,2026-04-08 00:00:00,4635.818612,6047
M9R,2026-04-08 01:00:00,4359.859779,6047
M9R,2026-04-08 02:00:00,4270.181905,6047
M9R,2026-04-08 03:00:00,4293.783474,6047
M9R,2026-04-08 04:00:00,4563.129693,6047
M9R,2026-04-08 05:00:00,4975.308072000001,6047
M9R,2026-04-08 06:00:00,5440.350809,6047
M9R,2026-04-08 07:00:00,5122.07117,6047
M9R,2026-04-08 08:00:00,5047.379054,6047
M9R,2026-04-08 09:00:00,5018.038092,6047
M9R,2026-04-08 10:00:00,5135.0755070000005,6047
M9R,2026-04-08 11:00:00,5193.121636,6047
M9R,2026-04-08 12:00:00,5128.232384,6047
M9R,2026-04-08 13:00:00,5113.572287,6047
M9R,2026-04-08 14:00:00,5212.948469999999,6047
M9R,2026-04-08 15:00:00,5566.500394999999,6047
M9R,2026-04-08 16:00:00,5981.620341,6047
M9R,2026-04-08 17:00:00,6111.7100709999995,6047
M9R,2026-04-08 18:00:00,6490.106718,6047
M9R,2026-04-08 19:00:00,6934.354302,6047
M9R,2026-04-08 20:00:00,6849.415618,6047
M9R,2026-04-08 21:00:00,6178.8106800000005,6047
M9R,2026-04-08 22:00:00,5432.1544619999995,6047
M9R,2026-04-08 23:00:00,4812.450492999999,6047
M9R,2026-04-09 00:00:00,4243.603141,6047
M9R,2026-04-09 01:00:00,4028.1196440000003,6047
M9R,2026-04-09 02:00:00,3913.3332259999997,6047
M9R,2026-04-09 03:00:00,3974.105876,6048
M9R,2026-04-09 04:00:00,4265.413682,6048
M9R,2026-04-09 05:00:00,4676.911866,6048
M9R,2026-04-09 06:00:00,5113.089173,6048
M9R,2026-04-09 07:00:00,4834.989702,6048
M9R,2026-04-09 08:00:00,4678.675236,6048
M9R,2026-04-09 09:00:00,4641.9766979999995,6048
M9R,2026-04-09 10:00:00,4669.414368000001,6048
M9R,2026-04-09 11:00:00,4788.708575,6048
M9R,2026-04-09 12:00:00,4879.273529,6048
M9R,2026-04-09 13:00:00,4688.565914,6048
M9R,2026-04-09 14:00:00,4632.11809,6048
M9R,2026-04-09 15:00:00,4990.497615,6048
M9R,2026-04-09 16:00:00,5306.518059,6048
M9R,2026-04-09 17:00:00,5378.706722000001,6048
M9R,2026-04-09 18:00:00,5642.986615,6048
M9R,2026-04-09 19:00:00,6120.602705,6048
M9R,2026-04-09 20:00:00,6118.585852000001,6048
M9R,2026-04-09 21:00:00,5578.702439,6048
M9R,2026-04-09 22:00:00,4938.618614,6048
M9R,2026-04-09 23:00:00,4340.222643,6048
M9R,2026-04-10 00:00:00,4066.850853,6047
M9R,2026-04-10 01:00:00,3896.318138,6047
M9R,2026-04-10 02:00:00,3685.2955170000005,6047
M9R,2026-04-10 03:00:00,3707.16548,6047
M9R,2026-04-10 04:00:00,3952.159548,6047
M9R,2026-04-10 05:00:00,4332.6439820000005,6047
M9R,2026-04-10 06:00:00,4898.136826,6047
M9R,2026-04-10 07:00:00,4974.987001,6047
M9R,2026-04-10 08:00:00,4957.910376,6047
M9R,2026-04-10 09:00:00,5166.425703999999,6047
M9R,2026-04-10 10:00:00,5353.092933000001,6047
M9R,2026-04-10 11:00:00,5490.640187,6047
M9R,2026-04-10 12:00:00,5381.726656999999,6047
M9R,2026-04-10 13:00:00,5275.568176,6047
M9R,2026-04-10 14:00:00,5236.992633999999,6047
M9R,2026-04-10 15:00:00,5498.387277,6047
M9R,2026-04-10 16:00:00,5955.598429000001,6047
M9R,2026-04-10 17:00:00,6175.504844000001,6047
M9R,2026-04-10 18:00:00,6212.936191000001,6047
M9R,2026-04-10 19:00:00,6428.213986,6047
M9R,2026-04-10 20:00:00,6256.55817,6047
M9R,2026-04-10 21:00:00,5910.289161000001,6047
M9R,2026-04-10 22:00:00,5388.79813,6047
M9R,2026-04-10 23:00:00,4867.162455000001,6048
M9R,2026-04-11 00:00:00,4440.836166,6048
M9R,2026-04-11 01:00:00,4134.155845,6048
M9R,2026-04-11 02:00:00,3995.613294,6048
M9R,2026-04-11 03:00:00,3930.019605,6048
M9R,2026-04-11 04:00:00,4024.587474,6048
M9R,2026-04-11 05:00:00,4281.7997700000005,6048
M9R,2026-04-11 06:00:00,4671.527734,6048
M9R,2026-04-11 07:00:00,5116.342733,6048
M9R,2026-04-11 08:00:00,5497.188982999999,6048
M9R,2026-04-11 09:00:00,5732.189035,6048
M9R,2026-04-11 10:00:00,5988.367204,6048
M9R,2026-04-11 11:00:00,6108.811442,6048
M9R,2026-04-11 12:00:00,6028.618738,6048
M9R,2026-04-11 13:00:00,5938.8367450000005,6048
M9R,2026-04-11 14:00:00,5817.159178,6048
M9R,2026-04-11 15:00:00,5883.954034,6048
M9R,2026-04-11 16:00:00,5953.125671000001,6048
M9R,2026-04-11 17:00:00,6079.705654,6048
M9R,2026-04-11 18:00:00,6107.78744,6048
M9R,2026-04-11 19:00:00,6386.560942,6048
M9R,2026-04-11 20:00:00,6229.548360999999,6048
M9R,2026-04-11 21:00:00,5857.396178,6048
M9R,2026-04-11 22:00:00,5426.640754000001,6048
M9R,2026-04-11 23:00:00,4871.373431,6048
M9R,2026-04-12 00:00:00,4473.400207,6048
M9R,2026-04-12 01:00:00,4170.647769,6048
M9R,2026-04-12 02:00:00,3959.265118,6048
M9R,2026-04-12 03:00:00,3852.7759799999994,6048
M9R,2026-04-12 04:00:00,3883.615382,6048
M9R,2026-04-12 05:00:00,4035.2048409999998,6048
M9R,2026-04-12 06:00:00,4442.717182,6048
M9R,2026-04-12 07:00:00,4998.7393520000005,6048
M9R,2026-04-12 08:00:00,5606.418758999999,6048
M9R,2026-04-12 09:00:00,6088.474505,6048
M9R,2026-04-12 10:00:00,6610.170588,6048
M9R,2026-04-12 11:00:00,6880.366806999999,6048
M9R,2026-04-12 12:00:00,6887.126088000001,6048
M9R,2026-04-12 13:00:00,6889.719407999999,6048
M9R,2026-04-12 14:00:00,6732.7228700000005,6048
M9R,2026-04-12 15:00:00,6935.941189,6048
M9R,2026-04-12 16:00:00,7038.485497,6048
M9R,2026-04-12 17:00:00,6972.767151,6048
M9R,2026-04-12 18:00:00,6995.431376,6048
M9R,2026-04-12 19:00:00,7082.951451999999,6048
M9R,2026-04-12 20:00:00,6808.884672,6048
M9R,2026-04-12 21:00:00,6104.741916999999,6048
M9R,2026-04-12 22:00:00,5247.153659,6048
M9R,2026-04-12 23:00:00,4628.763446000001,6049
M9R,2026-04-13 00:00:00,4228.501891,6048
M9R,2026-04-13 01:00:00,3881.0845529999997,6048
M9R,2026-04-13 02:00:00,3652.249728,6048
M9R,2026-04-13 03:00:00,3637.961434,6048
M9R,2026-04-13 04:00:00,3873.92246,6048
M9R,2026-04-13 05:00:00,4307.365047,6048
M9R,2026-04-13 06:00:00,4852.252479,6048
M9R,2026-04-13 07:00:00,4776.565754,6048
M9R,2026-04-13 08:00:00,4685.159412,6048
M9R,2026-04-13 09:00:00,4640.177027,6048
M9R,2026-04-13 10:00:00,4710.876497,6048
M9R,2026-04-13 11:00:00,4690.428037,6048
M9R,2026-04-13 12:00:00,4614.551608,6048
M9R,2026-04-13 13:00:00,4522.843209,6048
M9R,2026-04-13 14:00:00,4624.411633,6048
M9R,2026-04-13 15:00:00,5002.9982390000005,6048
M9R,2026-04-13 16:00:00,5450.995961,6048
M9R,2026-04-13 17:00:00,5427.6689320000005,6048
M9R,2026-04-13 18:00:00,5496.626422,6048
M9R,2026-04-13 19:00:00,5916.9118610000005,6048
M9R,2026-04-13 20:00:00,5805.327391,6048
M9R,2026-04-13 21:00:00,5360.579448,6048
M9R,2026-04-13 22:00:00,4624.853787,6048
M9R,2026-04-13 23:00:00,4055.917614,6049
M9R,2026-04-14 00:00:00,3632.8187279999997,6047
M9R,2026-04-14 01:00:00,3312.7086219999997,6047
M9R,2026-04-14 02:00:00,3228.3619240000003,6047
M9R,2026-04-14 03:00:00,3266.100903,6047
M9R,2026-04-14 04:00:00,3417.4411579999996,6047
M9R,2026-04-14 05:00:00,3829.146788,6047
M9R,2026-04-14 06:00:00,4450.472742,6047
M9R,2026-04-14 07:00:00,4384.6100369999995,6047
M9R,2026-04-14 08:00:00,4384.997755,6047
M9R,2026-04-14 09:00:00,4344.536498,6047
M9R,2026-04-14 10:00:00,4371.486385,6047
M9R,2026-04-14 11:00:00,4454.058601,6047
M9R,2026-04-14 12:00:00,4385.297038,6047
M9R,2026-04-14 13:00:00,4304.977788,6047
M9R,2026-04-14 14:00:00,4429.524548,6047
M9R,2026-04-14 15:00:00,4897.614726,6047
M9R,2026-04-14 16:00:00,5193.547013,6047
M9R,2026-04-14 17:00:00,5272.120928,6047
M9R,2026-04-14 18:00:00,5421.625491999999,6047
M9R,2026-04-14 19:00:00,5939.474439,6047
M9R,2026-04-14 20:00:00,5842.848603,6047
M9R,2026-04-14 21:00:00,5324.060488,6047
M9R,2026-04-14 22:00:00,4623.33705,6047
M9R,2026-04-14 23:00:00,3929.9607079999996,6047
M9R,2026-04-15 00:00:00,3508.6331880000002,6047
M9R,2026-04-15 01:00:00,3250.1628250000003,6047
M9R,2026-04-15 02:00:00,3156.698245,6047
M9R,2026-04-15 03:00:00,3218.188143,6047
M9R,2026-04-15 04:00:00,3501.6393569999996,6047
M9R,2026-04-15 05:00:00,3899.9262249999997,6047
M9R,2026-04-15 06:00:00,4518.668837,6048
M9R,2026-04-15 07:00:00,4452.013712999999,6048
M9R,2026-04-15 08:00:00,4395.796164,6048
M9R,2026-04-15 09:00:00,4552.0873280000005,6048
M9R,2026-04-15 10:00:00,4720.503512,6048
M9R,2026-04-15 11:00:00,4706.088702,6047
M9R,2026-04-15 12:00:00,4660.571358,6047
M9R,2026-04-15 13:00:00,4480.093301999999,6047
M9R,2026-04-15 14:00:00,4647.76323,6047
M9R,2026-04-15 15:00:00,5072.891286,6047
M9R,2026-04-15 16:00:00,5492.6179999999995,6047
M9R,2026-04-15 17:00:00,5644.821967,6047
M9R,2026-04-15 18:00:00,5655.822946,6047
M9R,2026-04-15 19:00:00,5783.918085,6047
M9R,2026-04-15 20:00:00,5795.768556,6047
M9R,2026-04-15 21:00:00,5318.698899999999,6047
M9R,2026-04-15 22:00:00,4607.904218,6047
M9R,2026-04-15 23:00:00,3943.6455250000004,6048
M9R,2026-04-16 00:00:00,3565.760751,6047
M9R,2026-04-16 01:00:00,3317.939186,6047
M9R,2026-04-16 02:00:00,3195.295185,6047
M9R,2026-04-16 03:00:00,3206.095006,6047
M9R,2026-04-16 04:00:00,3441.578206,6047
M9R,2026-04-16 05:00:00,3827.864305,6047
M9R,2026-04-16 06:00:00,4366.772318,6047
M9R,2026-04-16 07:00:00,4366.063015,6047
M9R,2026-04-16 08:00:00,4423.715415,6047
M9R,2026-04-16 09:00:00,4505.592406,6047
M9R,2026-04-16 10:00:00,4543.0466559999995,6047
M9R,2026-04-16 11:00:00,4469.347285,6047
M9R,2026-04-16 12:00:00,4571.669047,6047
M9R,2026-04-16 13:00:00,4622.677233,6047
M9R,2026-04-16 14:00:00,4841.169361,6047
M9R,2026-04-16 15:00:00,5238.209146,6047
M9R,2026-04-16 16:00:00,5403.310291,6047
M9R,2026-04-16 17:00:00,5589.703702,6047
M9R,2026-04-16 18:00:00,5741.713793,6047
M9R,2026-04-16 19:00:00,5911.875303,6047
M9R,2026-04-16 20:00:00,5867.252793,6047
M9R,2026-04-16 21:00:00,5300.454677999999,6047
M9R,2026-04-16 22:00:00,4718.482762,6047
M9R,2026-04-16 23:00:00,4130.684649,6047
M9R,2026-04-17 00:00:00,3698.670912,6047
M9R,2026-04-17 01:00:00,3474.2555620000003,6047
M9R,2026-04-17 02:00:00,3297.91347,6047
M9R,2026-04-17 03:00:00,3308.259592,6047
M9R,2026-04-17 04:00:00,3532.474421,6047
M9R,2026-04-17 05:00:00,3904.6513309999996,6047
M9R,2026-04-17 06:00:00,4423.567586,6047
M9R,2026-04-17 07:00:00,4479.41035,6047
M9R,2026-04-17 08:00:00,4460.148273,6047
M9R,2026-04-17 09:00:00,4538.79483,6047
M9R,2026-04-17 10:00:00,4564.410234,6047
M9R,2026-04-17 11:00:00,4591.953509,6047
M9R,2026-04-17 12:00:00,4492.038714,6047
M9R,2026-04-17 13:00:00,4422.543882,6047
M9R,2026-04-17 14:00:00,4478.440804,6047
M9R,2026-04-17 15:00:00,4756.953117999999,6047
M9R,2026-04-17 16:00:00,5019.2034060000005,6047
M9R,2026-04-17 17:00:00,5158.5105570000005,6047
M9R,2026-04-17 18:00:00,5275.677426,6047
M9R,2026-04-17 19:00:00,5725.265328,6047
M9R,2026-04-17 20:00:00,5730.160937,6047
M9R,2026-04-17 21:00:00,5373.396048,6047
M9R,2026-04-17 22:00:00,4830.338143,6047
M9R,2026-04-17 23:00:00,4305.912047,6047
M9R,2026-04-18 00:00:00,3858.955396,6047
M9R,2026-04-18 01:00:00,3541.79334,6047
M9R,2026-04-18 02:00:00,3385.344395,6047
M9R,2026-04-18 03:00:00,3326.887881,6047
M9R,2026-04-18 04:00:00,3448.278633,6047
M9R,2026-04-18 05:00:00,3625.187295,6047
M9R,2026-04-18 06:00:00,4050.204231,6046
M9R,2026-04-18 07:00:00,4566.009692,6047
M9R,2026-04-18 08:00:00,5013.85233,6047
M9R,2026-04-18 09:00:00,5263.286743999999,6047
M9R,2026-04-18 10:00:00,5691.303032,6047
M9R,2026-04-18 11:00:00,5746.8806270000005,6047
M9R,2026-04-18 12:00:00,5826.211735999999,6047
M9R,2026-04-18 13:00:00,5799.8196290000005,6047
M9R,2026-04-18 14:00:00,5895.036456,6047
M9R,2026-04-18 15:00:00,5821.378521,6047
M9R,2026-04-18 16:00:00,6086.908051,6047
M9R,2026-04-18 17:00:00,6013.264439,6047
M9R,2026-04-18 18:00:00,6052.771556999999,6047
M9R,2026-04-18 19:00:00,6140.879768,6047
M9R,2026-04-18 20:00:00,5916.491195999999,6047
M9R,2026-04-18 21:00:00,5469.885341,6047
M9R,2026-04-18 22:00:00,5003.993093,6047
M9R,2026-04-18 23:00:00,4497.468882,6047
M9R,2026-04-19 00:00:00,4054.953747,6047
M9R,2026-04-19 01:00:00,3745.2315399999998,6047
M9R,2026-04-19 02:00:00,3612.3619769999996,6047
M9R,2026-04-19 03:00:00,3538.648118,6047
M9R,2026-04-19 04:00:00,3592.904892,6047
M9R,2026-04-19 05:00:00,3811.2045890000004,6047
M9R,2026-04-19 06:00:00,4273.346061,6047
M9R,2026-04-19 07:00:00,4864.599126,6047
M9R,2026-04-19 08:00:00,5406.180893,6047
M9R,2026-04-19 09:00:00,5741.800048,6047
M9R,2026-04-19 10:00:00,6186.155177000001,6047
M9R,2026-04-19 11:00:00,6273.519555,6047
M9R,2026-04-19 12:00:00,6370.93359,6047
M9R,2026-04-19 13:00:00,6208.668565000001,6047
M9R,2026-04-19 14:00:00,6274.339886000001,6047
M9R,2026-04-19 15:00:00,6536.505163,6047
M9R,2026-04-19 16:00:00,6799.867291,6047
M9R,2026-04-19 17:00:00,6857.176884,6047
M9R,2026-04-19 18:00:00,6775.8357000000005,6047
M9R,2026-04-19 19:00:00,6948.835888,6047
M9R,2026-04-19 20:00:00,6828.987339,6047
M9R,2026-04-19 21:00:00,6168.64108,6047
M9R,2026-04-19 22:00:00,5505.969234,6047
M9R,2026-04-19 23:00:00,4856.49766,6047
M9R,2026-04-20 00:00:00,4333.655292,6047
M9R,2026-04-20 01:00:00,4064.309193,6047
M9R,2026-04-20 02:00:00,3941.51929,6047
M9R,2026-04-20 03:00:00,3981.366271,6047
M9R,2026-04-20 04:00:00,4211.5856890000005,6047
M9R,2026-04-20 05:00:00,4704.808666,6047
M9R,2026-04-20 06:00:00,5111.165816000001,6047
M9R,2026-04-20 07:00:00,4799.188505,6047
M9R,2026-04-20 08:00:00,4773.71312,6047
M9R,2026-04-20 09:00:00,4886.66462,6047
M9R,2026-04-20 10:00:00,5062.769289,6047
M9R,2026-04-20 11:00:00,5170.078379999999,6047
M9R,2026-04-20 12:00:00,5006.943072,6047
M9R,2026-04-20 13:00:00,4924.765520999999,6047
M9R,2026-04-20 14:00:00,5105.318831999999,6047
M9R,2026-04-20 15:00:00,5505.104621,6047
M9R,2026-04-20 16:00:00,5955.738424,6047
M9R,2026-04-20 17:00:00,6088.121437,6047
M9R,2026-04-20 18:00:00,6169.120701000001,6047
M9R,2026-04-20 19:00:00,6640.326249000001,6047
M9R,2026-04-20 20:00:00,6615.053073,6047
M9R,2026-04-20 21:00:00,5995.801458,6047
M9R,2026-04-20 22:00:00,5278.3337,6047
M9R,2026-04-20 23:00:00,4715.508538,6047
M9R,2026-04-21 00:00:00,4231.759492,6047
M9R,2026-04-21 01:00:00,4033.156368,6047
M9R,2026-04-21 02:00:00,3921.4880820000003,6047
M9R,2026-04-21 03:00:00,3930.322935,6047
M9R,2026-04-21 04:00:00,4169.123161,6047
M9R,2026-04-21 05:00:00,4595.656704999999,6047
M9R,2026-04-21 06:00:00,5040.732058,6047
M9R,2026-04-21 07:00:00,4770.660604,6047
M9R,2026-04-21 08:00:00,4699.145488,6047
M9R,2026-04-21 09:00:00,4785.374162,6047
M9R,2026-04-21 10:00:00,4815.143066,6047
M9R,2026-04-21 11:00:00,4791.416974,6047
M9R,2026-04-21 12:00:00,4680.980305,6047
M9R,2026-04-21 13:00:00,4602.20481,6047
M9R,2026-04-21 14:00:00,4856.572078,6047
M9R,2026-04-21 15:00:00,5242.3952659999995,6047
M9R,2026-04-21 16:00:00,5633.708143,6047
M9R,2026-04-21 17:00:00,5701.045153,6047
M9R,2026-04-21 18:00:00,5933.946361,6047
M9R,2026-04-21 19:00:00,6359.921845,6047
M9R,2026-04-21 20:00:00,6201.88089,6047
M9R,2026-04-21 21:00:00,5690.687722,6047
M9R,2026-04-21 22:00:00,5002.6673710000005,6047
M9R,2026-04-21 23:00:00,4364.0509569999995,6047
M9R,2026-04-22 00:00:00,3975.120442,6047
M9R,2026-04-22 01:00:00,3756.648272,6047
M9R,2026-04-22 02:00:00,3646.965266,6047
M9R,2026-04-22 03:00:00,3683.726038,6047
M9R,2026-04-22 04:00:00,3948.0535680000003,6047
M9R,2026-04-22 05:00:00,4370.708643,6047
M9R,2026-04-22 06:00:00,4734.389671,6047
M9R,2026-04-22 07:00:00,4413.373585,6047
M9R,2026-04-22 08:00:00,4324.5985040000005,6047
M9R,2026-04-22 09:00:00,4301.634658,6047
M9R,2026-04-22 10:00:00,4345.521273,6047
M9R,2026-04-22 11:00:00,4308.7421429999995,6047
M9R,2026-04-22 12:00:00,4251.284764,6047
M9R,2026-04-22 13:00:00,4241.19811,6047
M9R,2026-04-22 14:00:00,4365.401655,6047
M9R,2026-04-22 15:00:00,4703.232552,6047
M9R,2026-04-22 16:00:00,4999.056708,6047
M9R,2026-04-22 17:00:00,5105.6411800000005,6047
M9R,2026-04-22 18:00:00,5290.480037,6047
M9R,2026-04-22 19:00:00,5799.348046,6047
M9R,2026-04-22 20:00:00,5773.422934,6047
M9R,2026-04-22 21:00:00,5304.727436,6047
M9R,2026-04-22 22:00:00,4601.352809,6047
M9R,2026-04-22 23:00:00,4077.4901790000004,6047
M9R,2026-04-23 00:00:00,3611.7640850000003,6047
M9R,2026-04-23 01:00:00,3408.913513,6047
M9R,2026-04-23 02:00:00,3303.766987,6047
M9R,2026-04-23 03:00:00,3410.7083279999997,6047
M9R,2026-04-23 04:00:00,3625.0832279999995,6047
M9R,2026-04-23 05:00:00,4105.099864000001,6047
M9R,2026-04-23 06:00:00,4483.330807,6047
M9R,2026-04-23 07:00:00,4249.839704,6047
M9R,2026-04-23 08:00:00,4192.006556,6047
M9R,2026-04-23 09:00:00,4216.618444,6047
M9R,2026-04-23 10:00:00,4319.204512,6047
M9R,2026-04-23 11:00:00,4392.937228,6047
M9R,2026-04-23 12:00:00,4266.701367000001,6047
M9R,2026-04-23 13:00:00,4171.042221,6047
M9R,2026-04-23 14:00:00,4249.23619,6047
M9R,2026-04-23 15:00:00,4681.650984,6047
M9R,2026-04-23 16:00:00,5032.452311,6047
M9R,2026-04-23 17:00:00,5192.740414000001,6047
M9R,2026-04-23 18:00:00,5359.985172,6047
M9R,2026-04-23 19:00:00,5834.255061,6047
M9R,2026-04-23 20:00:00,5879.341948,6047
M9R,2026-04-23 21:00:00,5297.351372,6047
M9R,2026-04-23 22:00:00,4512.493181,6047
M9R,2026-04-23 23:00:00,3992.641466,6047
M9R,2026-04-24 00:00:00,3601.405903,6047
M9R,2026-04-24 01:00:00,3346.945747,6047
M9R,2026-04-24 02:00:00,3240.434379,6047
M9R,2026-04-24 03:00:00,3287.417051,6047
M9R,2026-04-24 04:00:00,3515.611195,6047
M9R,2026-04-24 05:00:00,3909.971524,6047
M9R,2026-04-24 06:00:00,4368.545824000001,6047
M9R,2026-04-24 07:00:00,4485.520434,6047
M9R,2026-04-24 08:00:00,4586.479975,6047
M9R,2026-04-24 09:00:00,4709.399732,6047
M9R,2026-04-24 10:00:00,4836.88018,6047
M9R,2026-04-24 11:00:00,5018.068037,6047
M9R,2026-04-24 12:00:00,4978.665352999999,6047
M9R,2026-04-24 13:00:00,4750.29347,6047
M9R,2026-04-24 14:00:00,4830.487863,6047
M9R,2026-04-24 15:00:00,5115.887936,6047
M9R,2026-04-24 16:00:00,5490.62715,6047
M9R,2026-04-24 17:00:00,5408.846259999999,6047
M9R,2026-04-24 18:00:00,5706.920783,6047
M9R,2026-04-24 19:00:00,6154.916028,6047
M9R,2026-04-24 20:00:00,6080.389007,6047
M9R,2026-04-24 21:00:00,5632.774833,6047
M9R,2026-04-24 22:00:00,5040.970978,6047
M9R,2026-04-24 23:00:00,4524.2298120000005,6047
M9R,2026-04-25 00:00:00,4096.788284,6047
M9R,2026-04-25 01:00:00,3778.8112279999996,6047
M9R,2026-04-25 02:00:00,3620.921234,6047
M9R,2026-04-25 03:00:00,3627.232454,6047
M9R,2026-04-25 04:00:00,3693.408494,6047
M9R,2026-04-25 05:00:00,3912.4386689999997,6047
M9R,2026-04-25 06:00:00,4470.715396,6047
M9R,2026-04-25 07:00:00,5123.027209999999,6047
M9R,2026-04-25 08:00:00,5723.204132,6047
M9R,2026-04-25 09:00:00,6154.682586,6047
M9R,2026-04-25 10:00:00,6505.646887,6047
M9R,2026-04-25 11:00:00,6620.300695999999,6047
M9R,2026-04-25 12:00:00,6513.55452,6047
M9R,2026-04-25 13:00:00,6444.769851,6047
M9R,2026-04-25 14:00:00,6403.230677,6047
M9R,2026-04-25 15:00:00,6443.243898,6047
M9R,2026-04-25 16:00:00,6476.171869,6047
M9R,2026-04-25 17:00:00,6349.873404,6047
M9R,2026-04-25 18:00:00,6269.200544,6047
M9R,2026-04-25 19:00:00,6555.840071,6047
M9R,2026-04-25 20:00:00,6385.435085,6047
M9R,2026-04-25 21:00:00,5812.978674,6047
M9R,2026-04-25 22:00:00,5217.201352,6047
M9R,2026-04-25 23:00:00,4778.187978,6047
M9R,2026-04-26 00:00:00,4356.205508999999,6047
M9R,2026-04-26 01:00:00,3982.6972419999997,6047
M9R,2026-04-26 02:00:00,3831.4382050000004,6047
M9R,2026-04-26 03:00:00,3801.749018,6047
M9R,2026-04-26 04:00:00,3875.232427,6047
M9R,2026-04-26 05:00:00,4071.1263890000005,6047
M9R,2026-04-26 06:00:00,4451.187256,6047
M9R,2026-04-26 07:00:00,4801.297206,6047
M9R,2026-04-26 08:00:00,5212.934918000001,6047
M9R,2026-04-26 09:00:00,5604.571525000001,6047
M9R,2026-04-26 10:00:00,5736.837459,6047
M9R,2026-04-26 11:00:00,5762.414314000001,6047
M9R,2026-04-26 12:00:00,5634.365145,6047
M9R,2026-04-26 13:00:00,5529.431665,6047
M9R,2026-04-26 14:00:00,5491.649137,6047
M9R,2026-04-26 15:00:00,5687.222267,6047
M9R,2026-04-26 16:00:00,5884.63518,6047
M9R,2026-04-26 17:00:00,5998.12653,6047
M9R,2026-04-26 18:00:00,6088.958416999999,6047
M9R,2026-04-26 19:00:00,6413.400199,6047
M9R,2026-04-26 20:00:00,6392.999438000001,6047
M9R,2026-04-26 21:00:00,5792.979427,6047
M9R,2026-04-26 22:00:00,4961.94741,6047
M9R,2026-04-26 23:00:00,4281.662897,6047
M9R,2026-04-27 00:00:00,3825.03046,6047
M9R,2026-04-27 01:00:00,3569.1280320000005,6047
M9R,2026-04-27 02:00:00,3475.1306059999997,6047
M9R,2026-04-27 03:00:00,3520.5573679999998,6047
M9R,2026-04-27 04:00:00,3764.0681510000004,6047
M9R,2026-04-27 05:00:00,4229.5821,6047
M9R,2026-04-27 06:00:00,4596.290442,6047
M9R,2026-04-27 07:00:00,4356.436993,6047
M9R,2026-04-27 08:00:00,4343.928171,6047
M9R,2026-04-27 09:00:00,4390.119778,6047
M9R,2026-04-27 10:00:00,4443.164209,6043
M9R,2026-04-27 11:00:00,4538.868259,6047
M9R,2026-04-27 12:00:00,4490.872966999999,6047
M9R,2026-04-27 13:00:00,4368.127672,6047
M9R,2026-04-27 14:00:00,4556.416018,6047
M9R,2026-04-27 15:00:00,4917.069649,6047
M9R,2026-04-27 16:00:00,5299.559901,6047
M9R,2026-04-27 17:00:00,5395.753345,6047
M9R,2026-04-27 18:00:00,5472.968219,6047
M9R,2026-04-27 19:00:00,5823.457771,6047
M9R,2026-04-27 20:00:00,5825.5799400000005,6047
M9R,2026-04-27 21:00:00,5315.305093999999,6047
M9R,2026-04-27 22:00:00,4589.651313,6047
M9R,2026-04-27 23:00:00,4120.3335289999995,6049
M9R,2026-04-28 00:00:00,3658.7497810000004,6047
M9R,2026-04-28 01:00:00,3371.0019810000003,6047
M9R,2026-04-28 02:00:00,3259.723943,6047
M9R,2026-04-28 03:00:00,3249.12325,6047
M9R,2026-04-28 04:00:00,3404.9863860000005,6047
M9R,2026-04-28 05:00:00,3837.882107,6047
M9R,2026-04-28 06:00:00,4390.709329,6047
M9R,2026-04-28 07:00:00,4404.174769,6047
M9R,2026-04-28 08:00:00,4422.929269,6047
M9R,2026-04-28 09:00:00,4563.565273,6047
M9R,2026-04-28 10:00:00,4798.185305999999,6047
M9R,2026-04-28 11:00:00,4877.932634000001,6047
M9R,2026-04-28 12:00:00,4696.27305,6047
M9R,2026-04-28 13:00:00,4541.136337,6047
M9R,2026-04-28 14:00:00,4752.595469,6047
M9R,2026-04-28 15:00:00,5119.311992,6047
M9R,2026-04-28 16:00:00,5496.532816,6047
M9R,2026-04-28 17:00:00,5775.548701,6047
M9R,2026-04-28 18:00:00,5883.21348,6047
M9R,2026-04-28 19:00:00,6010.767493,6047
M9R,2026-04-28 20:00:00,5815.278414,6047
M9R,2026-04-28 21:00:00,5275.117883999999,6047
M9R,2026-04-28 22:00:00,4666.415986,6047
M9R,2026-04-28 23:00:00,4050.939371,6047
M9R,2026-04-29 00:00:00,3664.095367,6047
M9R,2026-04-29 01:00:00,3399.180739,6047
M9R,2026-04-29 02:00:00,3301.145368,6047
M9R,2026-04-29 03:00:00,3306.114935,6047
M9R,2026-04-29 04:00:00,3552.438779,6047
M9R,2026-04-29 05:00:00,3989.0828709999996,6047
M9R,2026-04-29 06:00:00,4392.699148,6047
M9R,2026-04-29 07:00:00,4381.917676,6047
M9R,2026-04-29 08:00:00,4486.744766,6047
M9R,2026-04-29 09:00:00,4564.640153,6047
M9R,2026-04-29 10:00:00,4685.2790430000005,6047
M9R,2026-04-29 11:00:00,4713.77706,6047
M9R,2026-04-29 12:00:00,4765.671815,6047
M9R,2026-04-29 13:00:00,4704.491889,6047
M9R,2026-04-29 14:00:00,4957.945597,6047
M9R,2026-04-29 15:00:00,5348.7791130000005,6047
M9R,2026-04-29 16:00:00,5843.9480300000005,6047
M9R,2026-04-29 17:00:00,5944.756582,6047
M9R,2026-04-29 18:00:00,6118.3272130000005,6047
M9R,2026-04-29 19:00:00,6339.63672,6047
M9R,2026-04-29 20:00:00,6169.101135000001,6047
M9R,2026-04-29 21:00:00,5658.450845,6047
M9R,2026-04-29 22:00:00,4991.2613759999995,6047
M9R,2026-04-29 23:00:00,4463.961138,6047
M9R,2026-04-30 00:00:00,4002.8524859999998,6047
M9R,2026-04-30 01:00:00,3748.700761,6047
M9R,2026-04-30 02:00:00,3622.8067260000003,6047
M9R,2026-04-30 03:00:00,3650.4640719999998,6047
M9R,2026-04-30 04:00:00,3877.508165,6047
M9R,2026-04-30 05:00:00,4315.372796,6047
M9R,2026-04-30 06:00:00,4783.265464,6047
M9R,2026-04-30 07:00:00,4737.627674,6047
M9R,2026-04-30 08:00:00,4599.119971,6047
M9R,2026-04-30 09:00:00,4513.603661,6047
M9R,2026-04-30 10:00:00,4595.802581,6047
M9R,2026-04-30 11:00:00,4733.632509,6047
M9R,2026-04-30 12:00:00,4678.069936,6047
M9R,2026-04-30 13:00:00,4547.953832,6047
M9R,2026-04-30 14:00:00,4699.815285,6047
M9R,2026-04-30 15:00:00,5017.531274,6047
M9R,2026-04-30 16:00:00,5408.063536000001,6047
M9R,2026-04-30 17:00:00,5471.918877,6047
M9R,2026-04-30 18:00:00,5736.643331,6047
M9R,2026-04-30 19:00:00,6164.047369999999,6047
M9R,2026-04-30 20:00:00,6187.711698,6047
M9R,2026-04-30 21:00:00,5674.196945,6047
M9R,2026-04-30 22:00:00,4982.196879,6047
M9R,2026-04-30 23:00:00,4375.067768,6048
