fsa,timestamp,total_consumption_kwh,reported_premise_count
M9W,2026-01-01 00:00:00,14297.699999999999,11236
M9W,2026-01-01 01:00:00,13913.3,11236
M9W,2026-01-01 02:00:00,13439.2,11236
M9W,2026-01-01 03:00:00,12999.8,11236
M9W,2026-01-01 04:00:00,12791.5,11236
M9W,2026-01-01 05:00:00,12745.2,11236
M9W,2026-01-01 06:00:00,12877.3,11236
M9W,2026-01-01 07:00:00,13143.4,11236
M9W,2026-01-01 08:00:00,13350.4,11236
M9W,2026-01-01 09:00:00,13963.4,11236
M9W,2026-01-01 10:00:00,14791.900000000001,11236
M9W,2026-01-01 11:00:00,15891.3,11236
M9W,2026-01-01 12:00:00,16415.7,11236
M9W,2026-01-01 13:00:00,16230.0,11236
M9W,2026-01-01 14:00:00,16488.9,11236
M9W,2026-01-01 15:00:00,16797.3,11236
M9W,2026-01-01 16:00:00,17265.699999999997,11235
M9W,2026-01-01 17:00:00,18297.5,11235
M9W,2026-01-01 18:00:00,18235.9,11235
M9W,2026-01-01 19:00:00,18016.2,11235
M9W,2026-01-01 20:00:00,17718.1,11235
M9W,2026-01-01 21:00:00,17058.899999999998,11235
M9W,2026-01-01 22:00:00,16108.300000000001,11235
M9W,2026-01-01 23:00:00,15037.800000000001,11235
M9W,2026-01-02 00:00:00,14172.400000000001,11235
M9W,2026-01-02 01:00:00,13348.5,11235
M9W,2026-01-02 02:00:00,12845.2,11235
M9W,2026-01-02 03:00:00,12536.3,11235
M9W,2026-01-02 04:00:00,12507.7,11235
M9W,2026-01-02 05:00:00,12691.699999999999,11235
M9W,2026-01-02 06:00:00,13188.599999999999,11235
M9W,2026-01-02 07:00:00,13800.400000000001,11233
M9W,2026-01-02 08:00:00,14569.5,11233
M9W,2026-01-02 09:00:00,15592.5,11233
M9W,2026-01-02 10:00:00,16242.8,11233
M9W,2026-01-02 11:00:00,16902.1,11233
M9W,2026-01-02 12:00:00,17265.0,11233
M9W,2026-01-02 13:00:00,17149.6,11233
M9W,2026-01-02 14:00:00,16873.800000000003,11233
M9W,2026-01-02 15:00:00,17059.3,11233
M9W,2026-01-02 16:00:00,17642.2,11233
M9W,2026-01-02 17:00:00,18705.4,11233
M9W,2026-01-02 18:00:00,18349.9,11233
M9W,2026-01-02 19:00:00,18339.0,11233
M9W,2026-01-02 20:00:00,18071.1,11233
M9W,2026-01-02 21:00:00,17410.4,11233
M9W,2026-01-02 22:00:00,16471.1,11233
M9W,2026-01-02 23:00:00,15382.5,11233
M9W,2026-01-03 00:00:00,14257.7,11233
M9W,2026-01-03 01:00:00,13436.2,11233
M9W,2026-01-03 02:00:00,12901.900000000001,11233
M9W,2026-01-03 03:00:00,12409.6,11233
M9W,2026-01-03 04:00:00,12269.7,11233
M9W,2026-01-03 05:00:00,12299.4,11233
M9W,2026-01-03 06:00:00,12599.3,11233
M9W,2026-01-03 07:00:00,13166.5,11233
M9W,2026-01-03 08:00:00,13977.3,11233
M9W,2026-01-03 09:00:00,15377.3,11233
M9W,2026-01-03 10:00:00,16751.7,11233
M9W,2026-01-03 11:00:00,17577.5,11233
M9W,2026-01-03 12:00:00,17922.4,11233
M9W,2026-01-03 13:00:00,17989.2,11233
M9W,2026-01-03 14:00:00,18060.8,11233
M9W,2026-01-03 15:00:00,18076.2,11233
M9W,2026-01-03 16:00:00,18530.2,11233
M9W,2026-01-03 17:00:00,19187.9,11233
M9W,2026-01-03 18:00:00,18891.7,11233
M9W,2026-01-03 19:00:00,18358.7,11233
M9W,2026-01-03 20:00:00,17794.5,11233
M9W,2026-01-03 21:00:00,17116.6,11233
M9W,2026-01-03 22:00:00,16314.699999999999,11233
M9W,2026-01-03 23:00:00,15181.099999999999,11233
M9W,2026-01-04 00:00:00,14123.900000000001,11233
M9W,2026-01-04 01:00:00,13272.8,11233
M9W,2026-01-04 02:00:00,12590.1,11233
M9W,2026-01-04 03:00:00,12176.6,11233
M9W,2026-01-04 04:00:00,11953.6,11233
M9W,2026-01-04 05:00:00,11931.400000000001,11233
M9W,2026-01-04 06:00:00,12139.0,11233
M9W,2026-01-04 07:00:00,12564.9,11233
M9W,2026-01-04 08:00:00,13211.300000000001,11233
M9W,2026-01-04 09:00:00,14362.199999999999,11233
M9W,2026-01-04 10:00:00,15474.0,11233
M9W,2026-01-04 11:00:00,16551.5,11233
M9W,2026-01-04 12:00:00,17264.1,11233
M9W,2026-01-04 13:00:00,17494.9,11233
M9W,2026-01-04 14:00:00,17370.5,11233
M9W,2026-01-04 15:00:00,17632.699999999997,11233
M9W,2026-01-04 16:00:00,18392.300000000003,11233
M9W,2026-01-04 17:00:00,19446.7,11233
M9W,2026-01-04 18:00:00,19263.0,11233
M9W,2026-01-04 19:00:00,18902.600000000002,11233
M9W,2026-01-04 20:00:00,18302.1,11233
M9W,2026-01-04 21:00:00,17334.6,11233
M9W,2026-01-04 22:00:00,15939.3,11233
M9W,2026-01-04 23:00:00,14631.599999999999,11233
M9W,2026-01-05 00:00:00,13349.9,11233
M9W,2026-01-05 01:00:00,12478.8,11234
M9W,2026-01-05 02:00:00,11945.2,11234
M9W,2026-01-05 03:00:00,11687.0,11234
M9W,2026-01-05 04:00:00,11786.900000000001,11234
M9W,2026-01-05 05:00:00,12271.7,11234
M9W,2026-01-05 06:00:00,13304.7,11234
M9W,2026-01-05 07:00:00,14813.8,11234
M9W,2026-01-05 08:00:00,15411.6,11234
M9W,2026-01-05 09:00:00,16404.3,11234
M9W,2026-01-05 10:00:00,17144.1,11234
M9W,2026-01-05 11:00:00,17689.7,11234
M9W,2026-01-05 12:00:00,17868.0,11234
M9W,2026-01-05 13:00:00,17862.4,11234
M9W,2026-01-05 14:00:00,17664.699999999997,11234
M9W,2026-01-05 15:00:00,17717.4,11234
M9W,2026-01-05 16:00:00,18112.2,11234
M9W,2026-01-05 17:00:00,18634.8,11234
M9W,2026-01-05 18:00:00,18289.2,11234
M9W,2026-01-05 19:00:00,17902.0,11234
M9W,2026-01-05 20:00:00,17404.5,11234
M9W,2026-01-05 21:00:00,16516.800000000003,11234
M9W,2026-01-05 22:00:00,15062.900000000001,11234
M9W,2026-01-05 23:00:00,13885.599999999999,11234
M9W,2026-01-06 00:00:00,12930.0,11234
M9W,2026-01-06 01:00:00,12207.3,11234
M9W,2026-01-06 02:00:00,11721.5,11234
M9W,2026-01-06 03:00:00,11470.0,11234
M9W,2026-01-06 04:00:00,11571.9,11234
M9W,2026-01-06 05:00:00,12157.3,11234
M9W,2026-01-06 06:00:00,13108.599999999999,11234
M9W,2026-01-06 07:00:00,14600.2,11234
M9W,2026-01-06 08:00:00,15346.6,11234
M9W,2026-01-06 09:00:00,16068.400000000001,11234
M9W,2026-01-06 10:00:00,16701.8,11234
M9W,2026-01-06 11:00:00,17390.8,11234
M9W,2026-01-06 12:00:00,17636.3,11234
M9W,2026-01-06 13:00:00,17766.9,11234
M9W,2026-01-06 14:00:00,17705.9,11234
M9W,2026-01-06 15:00:00,17659.1,11234
M9W,2026-01-06 16:00:00,18183.300000000003,11234
M9W,2026-01-06 17:00:00,18711.4,11234
M9W,2026-01-06 18:00:00,18229.8,11232
M9W,2026-01-06 19:00:00,17836.600000000002,11232
M9W,2026-01-06 20:00:00,17318.4,11232
M9W,2026-01-06 21:00:00,16276.199999999999,11232
M9W,2026-01-06 22:00:00,14925.0,11232
M9W,2026-01-06 23:00:00,13748.5,11232
M9W,2026-01-07 00:00:00,12719.2,11231
M9W,2026-01-07 01:00:00,12020.8,11231
M9W,2026-01-07 02:00:00,11566.2,11231
M9W,2026-01-07 03:00:00,11331.7,11231
M9W,2026-01-07 04:00:00,11437.1,11231
M9W,2026-01-07 05:00:00,11999.7,11231
M9W,2026-01-07 06:00:00,12897.8,11231
M9W,2026-01-07 07:00:00,14307.2,11231
M9W,2026-01-07 08:00:00,14677.6,11231
M9W,2026-01-07 09:00:00,15367.2,11231
M9W,2026-01-07 10:00:00,16050.0,11231
M9W,2026-01-07 11:00:00,16817.4,11231
M9W,2026-01-07 12:00:00,17042.3,11231
M9W,2026-01-07 13:00:00,16845.5,11231
M9W,2026-01-07 14:00:00,16783.6,11231
M9W,2026-01-07 15:00:00,16961.600000000002,11232
M9W,2026-01-07 16:00:00,17197.5,11232
M9W,2026-01-07 17:00:00,18022.199999999997,11232
M9W,2026-01-07 18:00:00,17692.800000000003,11232
M9W,2026-01-07 19:00:00,17523.9,11232
M9W,2026-01-07 20:00:00,16986.4,11232
M9W,2026-01-07 21:00:00,16144.8,11231
M9W,2026-01-07 22:00:00,14896.9,11231
M9W,2026-01-07 23:00:00,13575.7,11231
M9W,2026-01-08 00:00:00,12391.4,11232
M9W,2026-01-08 01:00:00,11695.1,11232
M9W,2026-01-08 02:00:00,11218.099999999999,11232
M9W,2026-01-08 03:00:00,10952.3,11232
M9W,2026-01-08 04:00:00,11089.4,11232
M9W,2026-01-08 05:00:00,11632.3,11232
M9W,2026-01-08 06:00:00,12601.099999999999,11232
M9W,2026-01-08 07:00:00,14145.1,11232
M9W,2026-01-08 08:00:00,14698.6,11232
M9W,2026-01-08 09:00:00,15355.7,11232
M9W,2026-01-08 10:00:00,16120.0,11232
M9W,2026-01-08 11:00:00,16615.1,11232
M9W,2026-01-08 12:00:00,16397.9,11232
M9W,2026-01-08 13:00:00,16154.900000000001,11232
M9W,2026-01-08 14:00:00,15858.1,11232
M9W,2026-01-08 15:00:00,15840.0,11232
M9W,2026-01-08 16:00:00,16381.2,11232
M9W,2026-01-08 17:00:00,17359.699999999997,11232
M9W,2026-01-08 18:00:00,17314.0,11232
M9W,2026-01-08 19:00:00,16986.6,11232
M9W,2026-01-08 20:00:00,16487.5,11232
M9W,2026-01-08 21:00:00,15855.8,11232
M9W,2026-01-08 22:00:00,14548.300000000001,11232
M9W,2026-01-08 23:00:00,13328.9,11232
M9W,2026-01-09 00:00:00,12266.1,11232
M9W,2026-01-09 01:00:00,11498.9,11232
M9W,2026-01-09 02:00:00,10971.1,11232
M9W,2026-01-09 03:00:00,10656.3,11232
M9W,2026-01-09 04:00:00,10760.9,11232
M9W,2026-01-09 05:00:00,11251.7,11232
M9W,2026-01-09 06:00:00,12100.1,11232
M9W,2026-01-09 07:00:00,13541.4,11232
M9W,2026-01-09 08:00:00,14419.2,11232
M9W,2026-01-09 09:00:00,15114.0,11232
M9W,2026-01-09 10:00:00,15788.6,11232
M9W,2026-01-09 11:00:00,16215.3,11232
M9W,2026-01-09 12:00:00,15984.6,11232
M9W,2026-01-09 13:00:00,15758.1,11232
M9W,2026-01-09 14:00:00,15619.8,11232
M9W,2026-01-09 15:00:00,16084.400000000001,11232
M9W,2026-01-09 16:00:00,16340.6,11232
M9W,2026-01-09 17:00:00,16987.9,11232
M9W,2026-01-09 18:00:00,16856.9,11232
M9W,2026-01-09 19:00:00,16534.5,11232
M9W,2026-01-09 20:00:00,16199.5,11232
M9W,2026-01-09 21:00:00,15475.1,11232
M9W,2026-01-09 22:00:00,14621.199999999997,11232
M9W,2026-01-09 23:00:00,13579.7,11232
M9W,2026-01-10 00:00:00,12556.8,11232
M9W,2026-01-10 01:00:00,11702.3,11232
M9W,2026-01-10 02:00:00,11095.7,11232
M9W,2026-01-10 03:00:00,10733.0,11232
M9W,2026-01-10 04:00:00,10605.0,11232
M9W,2026-01-10 05:00:00,10760.900000000001,11232
M9W,2026-01-10 06:00:00,11279.5,11232
M9W,2026-01-10 07:00:00,12092.3,11232
M9W,2026-01-10 08:00:00,13122.2,11232
M9W,2026-01-10 09:00:00,14551.199999999999,11232
M9W,2026-01-10 10:00:00,15964.8,11232
M9W,2026-01-10 11:00:00,16893.1,11232
M9W,2026-01-10 12:00:00,17347.2,11232
M9W,2026-01-10 13:00:00,17668.2,11232
M9W,2026-01-10 14:00:00,17456.2,11232
M9W,2026-01-10 15:00:00,17469.800000000003,11232
M9W,2026-01-10 16:00:00,17784.2,11232
M9W,2026-01-10 17:00:00,18245.399999999998,11232
M9W,2026-01-10 18:00:00,17976.3,11232
M9W,2026-01-10 19:00:00,17436.600000000002,11232
M9W,2026-01-10 20:00:00,16747.8,11232
M9W,2026-01-10 21:00:00,15825.0,11232
M9W,2026-01-10 22:00:00,14967.0,11232
M9W,2026-01-10 23:00:00,14009.9,11232
M9W,2026-01-11 00:00:00,13140.9,11232
M9W,2026-01-11 01:00:00,12419.599999999999,11232
M9W,2026-01-11 02:00:00,11781.5,11232
M9W,2026-01-11 03:00:00,11351.8,11232
M9W,2026-01-11 04:00:00,11253.1,11232
M9W,2026-01-11 05:00:00,11279.0,11232
M9W,2026-01-11 06:00:00,11703.900000000001,11232
M9W,2026-01-11 07:00:00,12218.599999999999,11232
M9W,2026-01-11 08:00:00,12989.7,11232
M9W,2026-01-11 09:00:00,14435.099999999999,11232
M9W,2026-01-11 10:00:00,15598.399999999998,11232
M9W,2026-01-11 11:00:00,16534.9,11232
M9W,2026-01-11 12:00:00,17235.5,11232
M9W,2026-01-11 13:00:00,17548.9,11232
M9W,2026-01-11 14:00:00,17454.4,11232
M9W,2026-01-11 15:00:00,17383.5,11232
M9W,2026-01-11 16:00:00,17790.5,11232
M9W,2026-01-11 17:00:00,18978.600000000002,11232
M9W,2026-01-11 18:00:00,19181.4,11232
M9W,2026-01-11 19:00:00,18661.7,11232
M9W,2026-01-11 20:00:00,18160.4,11232
M9W,2026-01-11 21:00:00,17267.9,11232
M9W,2026-01-11 22:00:00,15854.099999999999,11232
M9W,2026-01-11 23:00:00,14400.6,11232
M9W,2026-01-12 00:00:00,13130.1,11232
M9W,2026-01-12 01:00:00,12344.099999999999,11232
M9W,2026-01-12 02:00:00,11785.0,11232
M9W,2026-01-12 03:00:00,11488.3,11232
M9W,2026-01-12 04:00:00,11616.5,11232
M9W,2026-01-12 05:00:00,12167.5,11232
M9W,2026-01-12 06:00:00,13309.5,11232
M9W,2026-01-12 07:00:00,14758.6,11232
M9W,2026-01-12 08:00:00,15425.5,11232
M9W,2026-01-12 09:00:00,16263.1,11232
M9W,2026-01-12 10:00:00,17203.3,11232
M9W,2026-01-12 11:00:00,17672.1,11232
M9W,2026-01-12 12:00:00,18001.199999999997,11232
M9W,2026-01-12 13:00:00,17918.3,11232
M9W,2026-01-12 14:00:00,17715.8,11232
M9W,2026-01-12 15:00:00,17702.6,11232
M9W,2026-01-12 16:00:00,18060.8,11232
M9W,2026-01-12 17:00:00,18660.8,11232
M9W,2026-01-12 18:00:00,18421.699999999997,11232
M9W,2026-01-12 19:00:00,18139.2,11232
M9W,2026-01-12 20:00:00,17526.4,11232
M9W,2026-01-12 21:00:00,16534.6,11232
M9W,2026-01-12 22:00:00,15097.099999999999,11232
M9W,2026-01-12 23:00:00,13765.0,11232
M9W,2026-01-13 00:00:00,12736.3,11232
M9W,2026-01-13 01:00:00,12061.8,11232
M9W,2026-01-13 02:00:00,11507.3,11232
M9W,2026-01-13 03:00:00,11275.4,11232
M9W,2026-01-13 04:00:00,11350.8,11232
M9W,2026-01-13 05:00:00,11929.599999999999,11232
M9W,2026-01-13 06:00:00,12959.4,11232
M9W,2026-01-13 07:00:00,14325.5,11232
M9W,2026-01-13 08:00:00,14985.1,11232
M9W,2026-01-13 09:00:00,15743.1,11232
M9W,2026-01-13 10:00:00,16562.5,11232
M9W,2026-01-13 11:00:00,17063.800000000003,11232
M9W,2026-01-13 12:00:00,17297.1,11232
M9W,2026-01-13 13:00:00,17131.0,11232
M9W,2026-01-13 14:00:00,16931.5,11232
M9W,2026-01-13 15:00:00,17063.800000000003,11232
M9W,2026-01-13 16:00:00,17610.4,11231
M9W,2026-01-13 17:00:00,18186.7,11232
M9W,2026-01-13 18:00:00,17923.1,11232
M9W,2026-01-13 19:00:00,17494.4,11232
M9W,2026-01-13 20:00:00,16877.7,11232
M9W,2026-01-13 21:00:00,16050.0,11232
M9W,2026-01-13 22:00:00,14637.8,11232
M9W,2026-01-13 23:00:00,13306.8,11232
M9W,2026-01-14 00:00:00,12328.9,11232
M9W,2026-01-14 01:00:00,11550.2,11232
M9W,2026-01-14 02:00:00,11009.1,11232
M9W,2026-01-14 03:00:00,10781.8,11232
M9W,2026-01-14 04:00:00,10862.2,11232
M9W,2026-01-14 05:00:00,11480.3,11232
M9W,2026-01-14 06:00:00,12518.7,11232
M9W,2026-01-14 07:00:00,13919.599999999999,11231
M9W,2026-01-14 08:00:00,14514.6,11231
M9W,2026-01-14 09:00:00,15365.1,11231
M9W,2026-01-14 10:00:00,15808.2,11231
M9W,2026-01-14 11:00:00,16199.6,11231
M9W,2026-01-14 12:00:00,16434.4,11231
M9W,2026-01-14 13:00:00,16447.699999999997,11231
M9W,2026-01-14 14:00:00,16665.9,11231
M9W,2026-01-14 15:00:00,16948.5,11231
M9W,2026-01-14 16:00:00,17367.7,11231
M9W,2026-01-14 17:00:00,17974.1,11231
M9W,2026-01-14 18:00:00,17936.399999999998,11231
M9W,2026-01-14 19:00:00,17698.899999999998,11231
M9W,2026-01-14 20:00:00,17363.7,11231
M9W,2026-01-14 21:00:00,16640.5,11231
M9W,2026-01-14 22:00:00,15322.499999999998,11231
M9W,2026-01-14 23:00:00,14242.5,11231
M9W,2026-01-15 00:00:00,13348.099999999999,11231
M9W,2026-01-15 01:00:00,12759.3,11231
M9W,2026-01-15 02:00:00,12419.9,11231
M9W,2026-01-15 03:00:00,12217.1,11231
M9W,2026-01-15 04:00:00,12308.4,11231
M9W,2026-01-15 05:00:00,12841.0,11232
M9W,2026-01-15 06:00:00,13686.6,11232
M9W,2026-01-15 07:00:00,14886.3,11232
M9W,2026-01-15 08:00:00,15899.1,11232
M9W,2026-01-15 09:00:00,17084.2,11232
M9W,2026-01-15 10:00:00,17929.4,11231
M9W,2026-01-15 11:00:00,18576.3,11231
M9W,2026-01-15 12:00:00,18776.0,11231
M9W,2026-01-15 13:00:00,18572.4,11231
M9W,2026-01-15 14:00:00,18222.4,11231
M9W,2026-01-15 15:00:00,18025.699999999997,11231
M9W,2026-01-15 16:00:00,18264.5,11231
M9W,2026-01-15 17:00:00,19187.2,11231
M9W,2026-01-15 18:00:00,19293.9,11231
M9W,2026-01-15 19:00:00,19005.6,11231
M9W,2026-01-15 20:00:00,18556.5,11231
M9W,2026-01-15 21:00:00,17705.4,11231
M9W,2026-01-15 22:00:00,16451.4,11231
M9W,2026-01-15 23:00:00,15214.2,11231
M9W,2026-01-16 00:00:00,13992.9,11231
M9W,2026-01-16 01:00:00,13297.5,11231
M9W,2026-01-16 02:00:00,12806.1,11231
M9W,2026-01-16 03:00:00,12520.1,11231
M9W,2026-01-16 04:00:00,12703.0,11231
M9W,2026-01-16 05:00:00,13138.3,11231
M9W,2026-01-16 06:00:00,13913.5,11231
M9W,2026-01-16 07:00:00,15108.1,11231
M9W,2026-01-16 08:00:00,16040.9,11231
M9W,2026-01-16 09:00:00,17100.5,11231
M9W,2026-01-16 10:00:00,17842.7,11231
M9W,2026-01-16 11:00:00,18242.9,11231
M9W,2026-01-16 12:00:00,18455.8,11231
M9W,2026-01-16 13:00:00,18545.1,11231
M9W,2026-01-16 14:00:00,18307.1,11231
M9W,2026-01-16 15:00:00,18257.8,11231
M9W,2026-01-16 16:00:00,18347.300000000003,11231
M9W,2026-01-16 17:00:00,18725.5,11231
M9W,2026-01-16 18:00:00,18433.899999999998,11231
M9W,2026-01-16 19:00:00,18373.3,11231
M9W,2026-01-16 20:00:00,18064.9,11231
M9W,2026-01-16 21:00:00,17310.2,11231
M9W,2026-01-16 22:00:00,16131.699999999999,11231
M9W,2026-01-16 23:00:00,14945.5,11231
M9W,2026-01-17 00:00:00,13835.3,11231
M9W,2026-01-17 01:00:00,12937.1,11231
M9W,2026-01-17 02:00:00,12316.099999999999,11230
M9W,2026-01-17 03:00:00,11877.1,11230
M9W,2026-01-17 04:00:00,11769.5,11230
M9W,2026-01-17 05:00:00,11824.9,11230
M9W,2026-01-17 06:00:00,12292.8,11230
M9W,2026-01-17 07:00:00,12961.4,11230
M9W,2026-01-17 08:00:00,13909.199999999999,11230
M9W,2026-01-17 09:00:00,15219.8,11230
M9W,2026-01-17 10:00:00,16464.0,11230
M9W,2026-01-17 11:00:00,17152.8,11230
M9W,2026-01-17 12:00:00,17615.6,11230
M9W,2026-01-17 13:00:00,17521.5,11230
M9W,2026-01-17 14:00:00,17488.399999999998,11230
M9W,2026-01-17 15:00:00,17297.4,11230
M9W,2026-01-17 16:00:00,17595.2,11230
M9W,2026-01-17 17:00:00,18581.0,11230
M9W,2026-01-17 18:00:00,18670.899999999998,11230
M9W,2026-01-17 19:00:00,18090.6,11230
M9W,2026-01-17 20:00:00,17658.6,11230
M9W,2026-01-17 21:00:00,16955.9,11230
M9W,2026-01-17 22:00:00,15990.099999999999,11230
M9W,2026-01-17 23:00:00,15029.900000000001,11230
M9W,2026-01-18 00:00:00,13952.0,11230
M9W,2026-01-18 01:00:00,13270.8,11230
M9W,2026-01-18 02:00:00,12677.9,11230
M9W,2026-01-18 03:00:00,12300.3,11230
M9W,2026-01-18 04:00:00,12202.2,11230
M9W,2026-01-18 05:00:00,12273.4,11230
M9W,2026-01-18 06:00:00,12550.2,11230
M9W,2026-01-18 07:00:00,13127.8,11230
M9W,2026-01-18 08:00:00,13958.6,11230
M9W,2026-01-18 09:00:00,15340.7,11230
M9W,2026-01-18 10:00:00,16325.600000000002,11230
M9W,2026-01-18 11:00:00,17239.5,11230
M9W,2026-01-18 12:00:00,17788.9,11230
M9W,2026-01-18 13:00:00,17832.2,11230
M9W,2026-01-18 14:00:00,17989.199999999997,11230
M9W,2026-01-18 15:00:00,17811.6,11230
M9W,2026-01-18 16:00:00,18210.3,11230
M9W,2026-01-18 17:00:00,19415.5,11230
M9W,2026-01-18 18:00:00,19682.0,11230
M9W,2026-01-18 19:00:00,19156.7,11230
M9W,2026-01-18 20:00:00,18662.5,11230
M9W,2026-01-18 21:00:00,17700.5,11230
M9W,2026-01-18 22:00:00,16206.999999999998,11230
M9W,2026-01-18 23:00:00,14725.5,11230
M9W,2026-01-19 00:00:00,13589.0,11230
M9W,2026-01-19 01:00:00,12798.7,11230
M9W,2026-01-19 02:00:00,12230.3,11230
M9W,2026-01-19 03:00:00,12058.3,11230
M9W,2026-01-19 04:00:00,12257.4,11230
M9W,2026-01-19 05:00:00,12873.8,11230
M9W,2026-01-19 06:00:00,13964.9,11230
M9W,2026-01-19 07:00:00,15450.0,11232
M9W,2026-01-19 08:00:00,16079.400000000001,11232
M9W,2026-01-19 09:00:00,17129.3,11232
M9W,2026-01-19 10:00:00,17846.0,11232
M9W,2026-01-19 11:00:00,18142.1,11231
M9W,2026-01-19 12:00:00,18304.5,11231
M9W,2026-01-19 13:00:00,18409.4,11231
M9W,2026-01-19 14:00:00,18277.0,11231
M9W,2026-01-19 15:00:00,18130.199999999997,11231
M9W,2026-01-19 16:00:00,18566.9,11231
M9W,2026-01-19 17:00:00,19558.1,11231
M9W,2026-01-19 18:00:00,19635.2,11231
M9W,2026-01-19 19:00:00,19396.2,11231
M9W,2026-01-19 20:00:00,18873.600000000002,11231
M9W,2026-01-19 21:00:00,17796.9,11231
M9W,2026-01-19 22:00:00,16462.4,11231
M9W,2026-01-19 23:00:00,15159.8,11231
M9W,2026-01-20 00:00:00,14168.8,11231
M9W,2026-01-20 01:00:00,13417.2,11231
M9W,2026-01-20 02:00:00,12918.7,11231
M9W,2026-01-20 03:00:00,12773.3,11231
M9W,2026-01-20 04:00:00,12954.5,11231
M9W,2026-01-20 05:00:00,13508.8,11231
M9W,2026-01-20 06:00:00,14667.2,11231
M9W,2026-01-20 07:00:00,16113.099999999999,11231
M9W,2026-01-20 08:00:00,16653.0,11231
M9W,2026-01-20 09:00:00,17356.3,11231
M9W,2026-01-20 10:00:00,18124.7,11231
M9W,2026-01-20 11:00:00,18572.800000000003,11231
M9W,2026-01-20 12:00:00,18719.9,11231
M9W,2026-01-20 13:00:00,18671.0,11231
M9W,2026-01-20 14:00:00,18573.6,11231
M9W,2026-01-20 15:00:00,18569.2,11231
M9W,2026-01-20 16:00:00,18851.1,11231
M9W,2026-01-20 17:00:00,19926.3,11231
M9W,2026-01-20 18:00:00,20129.6,11231
M9W,2026-01-20 19:00:00,19896.9,11231
M9W,2026-01-20 20:00:00,19395.1,11231
M9W,2026-01-20 21:00:00,18421.0,11231
M9W,2026-01-20 22:00:00,17082.100000000002,11231
M9W,2026-01-20 23:00:00,15658.000000000002,11231
M9W,2026-01-21 00:00:00,14754.8,11231
M9W,2026-01-21 01:00:00,13972.7,11231
M9W,2026-01-21 02:00:00,13401.400000000001,11231
M9W,2026-01-21 03:00:00,13144.2,11231
M9W,2026-01-21 04:00:00,13140.3,11231
M9W,2026-01-21 05:00:00,13720.2,11231
M9W,2026-01-21 06:00:00,14659.7,11231
M9W,2026-01-21 07:00:00,15924.6,11231
M9W,2026-01-21 08:00:00,16657.5,11231
M9W,2026-01-21 09:00:00,17492.0,11231
M9W,2026-01-21 10:00:00,18331.4,11230
M9W,2026-01-21 11:00:00,18618.8,11230
M9W,2026-01-21 12:00:00,18895.4,11231
M9W,2026-01-21 13:00:00,18739.3,11230
M9W,2026-01-21 14:00:00,18427.699999999997,11230
M9W,2026-01-21 15:00:00,18393.5,11230
M9W,2026-01-21 16:00:00,18717.0,11230
M9W,2026-01-21 17:00:00,19250.6,11230
M9W,2026-01-21 18:00:00,19005.7,11230
M9W,2026-01-21 19:00:00,18827.1,11230
M9W,2026-01-21 20:00:00,18182.7,11231
M9W,2026-01-21 21:00:00,17277.3,11231
M9W,2026-01-21 22:00:00,15886.2,11231
M9W,2026-01-21 23:00:00,14541.599999999999,11231
M9W,2026-01-22 00:00:00,13558.9,11232
M9W,2026-01-22 01:00:00,12808.7,11233
M9W,2026-01-22 02:00:00,12440.8,11233
M9W,2026-01-22 03:00:00,12182.2,11233
M9W,2026-01-22 04:00:00,12337.1,11233
M9W,2026-01-22 05:00:00,12825.4,11233
M9W,2026-01-22 06:00:00,13831.3,11233
M9W,2026-01-22 07:00:00,15136.2,11233
M9W,2026-01-22 08:00:00,15660.4,11233
M9W,2026-01-22 09:00:00,16314.4,11233
M9W,2026-01-22 10:00:00,16967.800000000003,11233
M9W,2026-01-22 11:00:00,17408.3,11233
M9W,2026-01-22 12:00:00,17721.6,11233
M9W,2026-01-22 13:00:00,17608.4,11233
M9W,2026-01-22 14:00:00,17647.8,11233
M9W,2026-01-22 15:00:00,17714.2,11233
M9W,2026-01-22 16:00:00,18012.800000000003,11233
M9W,2026-01-22 17:00:00,18851.5,11233
M9W,2026-01-22 18:00:00,19024.800000000003,11233
M9W,2026-01-22 19:00:00,18957.9,11233
M9W,2026-01-22 20:00:00,18442.5,11233
M9W,2026-01-22 21:00:00,17640.5,11233
M9W,2026-01-22 22:00:00,16415.699999999997,11233
M9W,2026-01-22 23:00:00,15225.7,11233
M9W,2026-01-23 00:00:00,14215.6,11233
M9W,2026-01-23 01:00:00,13551.4,11233
M9W,2026-01-23 02:00:00,13049.5,11233
M9W,2026-01-23 03:00:00,12795.599999999999,11233
M9W,2026-01-23 04:00:00,12877.6,11233
M9W,2026-01-23 05:00:00,13486.2,11233
M9W,2026-01-23 06:00:00,14479.599999999999,11233
M9W,2026-01-23 07:00:00,15755.1,11233
M9W,2026-01-23 08:00:00,16515.7,11232
M9W,2026-01-23 09:00:00,17567.899999999998,11232
M9W,2026-01-23 10:00:00,18266.4,11232
M9W,2026-01-23 11:00:00,19065.1,11232
M9W,2026-01-23 12:00:00,19216.4,11232
M9W,2026-01-23 13:00:00,18802.9,11232
M9W,2026-01-23 14:00:00,18724.8,11232
M9W,2026-01-23 15:00:00,19022.5,11232
M9W,2026-01-23 16:00:00,19122.300000000003,11232
M9W,2026-01-23 17:00:00,19783.699999999997,11232
M9W,2026-01-23 18:00:00,19947.699999999997,11232
M9W,2026-01-23 19:00:00,19877.6,11232
M9W,2026-01-23 20:00:00,19569.7,11232
M9W,2026-01-23 21:00:00,18769.4,11232
M9W,2026-01-23 22:00:00,17756.8,11232
M9W,2026-01-23 23:00:00,16639.8,11232
M9W,2026-01-24 00:00:00,15554.5,11231
M9W,2026-01-24 01:00:00,14649.0,11231
M9W,2026-01-24 02:00:00,14137.5,11231
M9W,2026-01-24 03:00:00,13801.1,11231
M9W,2026-01-24 04:00:00,13741.800000000001,11231
M9W,2026-01-24 05:00:00,13861.599999999999,11231
M9W,2026-01-24 06:00:00,14358.5,11231
M9W,2026-01-24 07:00:00,15223.5,11233
M9W,2026-01-24 08:00:00,16229.5,11233
M9W,2026-01-24 09:00:00,17404.800000000003,11233
M9W,2026-01-24 10:00:00,18631.0,11233
M9W,2026-01-24 11:00:00,19545.0,11233
M9W,2026-01-24 12:00:00,19920.0,11233
M9W,2026-01-24 13:00:00,19751.7,11233
M9W,2026-01-24 14:00:00,19434.5,11233
M9W,2026-01-24 15:00:00,19533.7,11233
M9W,2026-01-24 16:00:00,19681.1,11233
M9W,2026-01-24 17:00:00,20215.7,11233
M9W,2026-01-24 18:00:00,20313.4,11233
M9W,2026-01-24 19:00:00,19860.6,11233
M9W,2026-01-24 20:00:00,19286.9,11233
M9W,2026-01-24 21:00:00,18439.3,11233
M9W,2026-01-24 22:00:00,17434.6,11233
M9W,2026-01-24 23:00:00,16256.7,11233
M9W,2026-01-25 00:00:00,15237.400000000001,11232
M9W,2026-01-25 01:00:00,14357.4,11232
M9W,2026-01-25 02:00:00,13764.6,11232
M9W,2026-01-25 03:00:00,13396.5,11231
M9W,2026-01-25 04:00:00,13209.699999999999,11231
M9W,2026-01-25 05:00:00,13194.0,11231
M9W,2026-01-25 06:00:00,13434.8,11231
M9W,2026-01-25 07:00:00,13944.6,11232
M9W,2026-01-25 08:00:00,14654.4,11232
M9W,2026-01-25 09:00:00,16147.9,11232
M9W,2026-01-25 10:00:00,17719.899999999998,11232
M9W,2026-01-25 11:00:00,18842.0,11232
M9W,2026-01-25 12:00:00,19565.6,11232
M9W,2026-01-25 13:00:00,19769.0,11232
M9W,2026-01-25 14:00:00,19838.5,11232
M9W,2026-01-25 15:00:00,19822.6,11232
M9W,2026-01-25 16:00:00,20125.4,11232
M9W,2026-01-25 17:00:00,20869.8,11232
M9W,2026-01-25 18:00:00,21041.0,11232
M9W,2026-01-25 19:00:00,20538.4,11232
M9W,2026-01-25 20:00:00,19695.699999999997,11232
M9W,2026-01-25 21:00:00,18626.100000000002,11232
M9W,2026-01-25 22:00:00,17307.5,11232
M9W,2026-01-25 23:00:00,15970.6,11234
M9W,2026-01-26 00:00:00,14768.4,11233
M9W,2026-01-26 01:00:00,13919.099999999999,11234
M9W,2026-01-26 02:00:00,13276.9,11234
M9W,2026-01-26 03:00:00,13067.3,11234
M9W,2026-01-26 04:00:00,13167.8,11234
M9W,2026-01-26 05:00:00,13698.8,11235
M9W,2026-01-26 06:00:00,14078.6,11235
M9W,2026-01-26 07:00:00,15012.900000000001,11235
M9W,2026-01-26 08:00:00,15927.699999999999,11235
M9W,2026-01-26 09:00:00,17080.800000000003,11235
M9W,2026-01-26 10:00:00,17930.6,11235
M9W,2026-01-26 11:00:00,18410.300000000003,11234
M9W,2026-01-26 12:00:00,18836.1,11234
M9W,2026-01-26 13:00:00,18947.7,11234
M9W,2026-01-26 14:00:00,18602.6,11234
M9W,2026-01-26 15:00:00,18406.0,11234
M9W,2026-01-26 16:00:00,18655.5,11234
M9W,2026-01-26 17:00:00,19315.1,11234
M9W,2026-01-26 18:00:00,19781.6,11234
M9W,2026-01-26 19:00:00,19504.2,11234
M9W,2026-01-26 20:00:00,18944.3,11234
M9W,2026-01-26 21:00:00,18006.7,11234
M9W,2026-01-26 22:00:00,16833.8,11234
M9W,2026-01-26 23:00:00,15448.1,11234
M9W,2026-01-27 00:00:00,14279.5,11234
M9W,2026-01-27 01:00:00,13559.7,11234
M9W,2026-01-27 02:00:00,13091.0,11234
M9W,2026-01-27 03:00:00,12860.6,11234
M9W,2026-01-27 04:00:00,13112.0,11234
M9W,2026-01-27 05:00:00,13743.4,11234
M9W,2026-01-27 06:00:00,14864.7,11234
M9W,2026-01-27 07:00:00,16182.2,11234
M9W,2026-01-27 08:00:00,16744.4,11234
M9W,2026-01-27 09:00:00,17633.5,11234
M9W,2026-01-27 10:00:00,18362.1,11234
M9W,2026-01-27 11:00:00,18904.5,11234
M9W,2026-01-27 12:00:00,19156.0,11234
M9W,2026-01-27 13:00:00,18965.4,11234
M9W,2026-01-27 14:00:00,18652.5,11234
M9W,2026-01-27 15:00:00,18619.899999999998,11234
M9W,2026-01-27 16:00:00,18886.8,11234
M9W,2026-01-27 17:00:00,19528.6,11234
M9W,2026-01-27 18:00:00,19924.1,11234
M9W,2026-01-27 19:00:00,19613.7,11234
M9W,2026-01-27 20:00:00,19063.7,11234
M9W,2026-01-27 21:00:00,18077.0,11234
M9W,2026-01-27 22:00:00,16642.4,11234
M9W,2026-01-27 23:00:00,15559.3,11234
M9W,2026-01-28 00:00:00,14438.100000000002,11235
M9W,2026-01-28 01:00:00,13802.900000000001,11235
M9W,2026-01-28 02:00:00,13359.6,11235
M9W,2026-01-28 03:00:00,13073.5,11235
M9W,2026-01-28 04:00:00,13178.3,11235
M9W,2026-01-28 05:00:00,13752.099999999999,11235
M9W,2026-01-28 06:00:00,14768.900000000001,11235
M9W,2026-01-28 07:00:00,16003.599999999999,11235
M9W,2026-01-28 08:00:00,16591.0,11235
M9W,2026-01-28 09:00:00,17213.6,11235
M9W,2026-01-28 10:00:00,17807.5,11235
M9W,2026-01-28 11:00:00,18293.0,11235
M9W,2026-01-28 12:00:00,18861.9,11234
M9W,2026-01-28 13:00:00,18866.8,11235
M9W,2026-01-28 14:00:00,18479.1,11235
M9W,2026-01-28 15:00:00,18494.4,11235
M9W,2026-01-28 16:00:00,18786.6,11235
M9W,2026-01-28 17:00:00,19508.199999999997,11236
M9W,2026-01-28 18:00:00,19897.699999999997,11236
M9W,2026-01-28 19:00:00,19685.800000000003,11236
M9W,2026-01-28 20:00:00,19177.3,11236
M9W,2026-01-28 21:00:00,18298.5,11236
M9W,2026-01-28 22:00:00,16829.6,11237
M9W,2026-01-28 23:00:00,15547.8,11237
M9W,2026-01-29 00:00:00,14564.8,11236
M9W,2026-01-29 01:00:00,13769.7,11235
M9W,2026-01-29 02:00:00,13300.8,11235
M9W,2026-01-29 03:00:00,12994.3,11235
M9W,2026-01-29 04:00:00,13071.1,11235
M9W,2026-01-29 05:00:00,13685.2,11234
M9W,2026-01-29 06:00:00,14807.699999999999,11234
M9W,2026-01-29 07:00:00,16144.1,11234
M9W,2026-01-29 08:00:00,16691.3,11234
M9W,2026-01-29 09:00:00,17365.300000000003,11234
M9W,2026-01-29 10:00:00,18177.2,11234
M9W,2026-01-29 11:00:00,18583.1,11234
M9W,2026-01-29 12:00:00,18789.6,11234
M9W,2026-01-29 13:00:00,18859.9,11234
M9W,2026-01-29 14:00:00,18585.4,11234
M9W,2026-01-29 15:00:00,18594.5,11234
M9W,2026-01-29 16:00:00,18755.100000000002,11234
M9W,2026-01-29 17:00:00,19665.4,11234
M9W,2026-01-29 18:00:00,20144.199999999997,11234
M9W,2026-01-29 19:00:00,19985.1,11234
M9W,2026-01-29 20:00:00,19563.3,11234
M9W,2026-01-29 21:00:00,18801.9,11234
M9W,2026-01-29 22:00:00,17511.600000000002,11234
M9W,2026-01-29 23:00:00,16202.1,11234
M9W,2026-01-30 00:00:00,15237.8,11235
M9W,2026-01-30 01:00:00,14426.300000000001,11235
M9W,2026-01-30 02:00:00,13966.5,11235
M9W,2026-01-30 03:00:00,13679.0,11235
M9W,2026-01-30 04:00:00,13823.8,11235
M9W,2026-01-30 05:00:00,14418.7,11235
M9W,2026-01-30 06:00:00,15324.5,11235
M9W,2026-01-30 07:00:00,16769.5,11235
M9W,2026-01-30 08:00:00,17673.6,11235
M9W,2026-01-30 09:00:00,18547.6,11235
M9W,2026-01-30 10:00:00,19232.8,11235
M9W,2026-01-30 11:00:00,19377.7,11235
M9W,2026-01-30 12:00:00,19255.9,11235
M9W,2026-01-30 13:00:00,19092.8,11235
M9W,2026-01-30 14:00:00,18852.6,11235
M9W,2026-01-30 15:00:00,18988.0,11235
M9W,2026-01-30 16:00:00,19188.5,11235
M9W,2026-01-30 17:00:00,19686.0,11236
M9W,2026-01-30 18:00:00,19781.899999999998,11236
M9W,2026-01-30 19:00:00,19538.4,11236
M9W,2026-01-30 20:00:00,19351.0,11236
M9W,2026-01-30 21:00:00,18718.1,11236
M9W,2026-01-30 22:00:00,17629.8,11236
M9W,2026-01-30 23:00:00,16465.0,11236
M9W,2026-01-31 00:00:00,15436.0,11236
M9W,2026-01-31 01:00:00,14568.8,11236
M9W,2026-01-31 02:00:00,13939.8,11236
M9W,2026-01-31 03:00:00,13555.8,11236
M9W,2026-01-31 04:00:00,13494.699999999999,11236
M9W,2026-01-31 05:00:00,13587.4,11236
M9W,2026-01-31 06:00:00,14111.7,11236
M9W,2026-01-31 07:00:00,14925.7,11236
M9W,2026-01-31 08:00:00,16000.2,11236
M9W,2026-01-31 09:00:00,17189.5,11236
M9W,2026-01-31 10:00:00,18218.3,11236
M9W,2026-01-31 11:00:00,18914.6,11236
M9W,2026-01-31 12:00:00,18957.7,11236
M9W,2026-01-31 13:00:00,18968.3,11236
M9W,2026-01-31 14:00:00,18765.1,11236
M9W,2026-01-31 15:00:00,18673.9,11237
M9W,2026-01-31 16:00:00,19044.1,11237
M9W,2026-01-31 17:00:00,19807.399999999998,11237
M9W,2026-01-31 18:00:00,20380.0,11237
M9W,2026-01-31 19:00:00,19976.4,11237
M9W,2026-01-31 20:00:00,19477.6,11237
M9W,2026-01-31 21:00:00,18556.0,11237
M9W,2026-01-31 22:00:00,17616.2,11237
M9W,2026-01-31 23:00:00,16454.199999999997,11237
M9W,2026-02-01 00:00:00,15437.180397,11238
M9W,2026-02-01 01:00:00,14607.125048,11238
M9W,2026-02-01 02:00:00,14027.114569,11238
M9W,2026-02-01 03:00:00,13450.437803,11238
M9W,2026-02-01 04:00:00,13298.066887,11238
M9W,2026-02-01 05:00:00,13422.322193,11237
M9W,2026-02-01 06:00:00,13746.213243,11237
M9W,2026-02-01 07:00:00,14359.541453,11237
M9W,2026-02-01 08:00:00,15253.869382,11237
M9W,2026-02-01 09:00:00,16452.422704999997,11237
M9W,2026-02-01 10:00:00,17425.210475,11237
M9W,2026-02-01 11:00:00,18166.744183,11237
M9W,2026-02-01 12:00:00,18724.732586,11237
M9W,2026-02-01 13:00:00,18486.661028000002,11237
M9W,2026-02-01 14:00:00,18316.000351,11237
M9W,2026-02-01 15:00:00,18167.728718,11237
M9W,2026-02-01 16:00:00,18592.99558,11237
M9W,2026-02-01 17:00:00,19877.08984,11237
M9W,2026-02-01 18:00:00,20413.43438,11237
M9W,2026-02-01 19:00:00,20120.166566,11236
M9W,2026-02-01 20:00:00,19527.927499999998,11236
M9W,2026-02-01 21:00:00,18501.651052999998,11236
M9W,2026-02-01 22:00:00,17096.974211,11236
M9W,2026-02-01 23:00:00,15725.431649999999,11244
M9W,2026-02-02 00:00:00,14442.39705,11236
M9W,2026-02-02 01:00:00,13655.053635,11236
M9W,2026-02-02 02:00:00,13117.432321,11236
M9W,2026-02-02 03:00:00,12949.127803,11236
M9W,2026-02-02 04:00:00,13101.459978,11235
M9W,2026-02-02 05:00:00,13767.200839000001,11235
M9W,2026-02-02 06:00:00,14726.453304,11234
M9W,2026-02-02 07:00:00,16067.186279000001,11234
M9W,2026-02-02 08:00:00,16621.073153999998,11234
M9W,2026-02-02 09:00:00,17338.624657,11234
M9W,2026-02-02 10:00:00,17907.473353,11234
M9W,2026-02-02 11:00:00,18212.782036,11234
M9W,2026-02-02 12:00:00,18221.978551,11234
M9W,2026-02-02 13:00:00,18084.276444,11234
M9W,2026-02-02 14:00:00,17867.472524999997,11234
M9W,2026-02-02 15:00:00,17943.604541,11234
M9W,2026-02-02 16:00:00,18152.14875,11234
M9W,2026-02-02 17:00:00,18900.304549,11234
M9W,2026-02-02 18:00:00,19349.41414,11233
M9W,2026-02-02 19:00:00,18918.809375999997,11233
M9W,2026-02-02 20:00:00,18498.73287,11233
M9W,2026-02-02 21:00:00,17573.408041000002,11233
M9W,2026-02-02 22:00:00,16114.270334,11233
M9W,2026-02-02 23:00:00,14860.191895,11235
M9W,2026-02-03 00:00:00,13671.653058,11232
M9W,2026-02-03 01:00:00,12933.535564000002,11232
M9W,2026-02-03 02:00:00,12420.238421000002,11232
M9W,2026-02-03 03:00:00,12161.652578,11231
M9W,2026-02-03 04:00:00,12279.936757,11231
M9W,2026-02-03 05:00:00,12904.020263,11231
M9W,2026-02-03 06:00:00,13912.242956,11231
M9W,2026-02-03 07:00:00,15320.678295,11232
M9W,2026-02-03 08:00:00,15986.532804,11233
M9W,2026-02-03 09:00:00,16853.40939,11233
M9W,2026-02-03 10:00:00,17589.819976,11233
M9W,2026-02-03 11:00:00,18021.503396,11233
M9W,2026-02-03 12:00:00,18392.715174,11233
M9W,2026-02-03 13:00:00,18283.968824,11233
M9W,2026-02-03 14:00:00,17829.947308,11233
M9W,2026-02-03 15:00:00,17740.042101,11233
M9W,2026-02-03 16:00:00,18276.173311,11230
M9W,2026-02-03 17:00:00,18820.709905,11230
M9W,2026-02-03 18:00:00,19164.062525,11230
M9W,2026-02-03 19:00:00,18944.481393000002,11230
M9W,2026-02-03 20:00:00,18348.033512,11230
M9W,2026-02-03 21:00:00,17401.568983999998,11230
M9W,2026-02-03 22:00:00,16167.344793000002,11230
M9W,2026-02-03 23:00:00,14882.731107,11230
M9W,2026-02-04 00:00:00,13937.445064,11230
M9W,2026-02-04 01:00:00,13239.43648,11230
M9W,2026-02-04 02:00:00,12823.059621,11230
M9W,2026-02-04 03:00:00,12574.500193,11230
M9W,2026-02-04 04:00:00,12712.236918,11230
M9W,2026-02-04 05:00:00,13439.140801000001,11230
M9W,2026-02-04 06:00:00,14479.291514,11230
M9W,2026-02-04 07:00:00,15928.815483,11230
M9W,2026-02-04 08:00:00,16483.474364,11230
M9W,2026-02-04 09:00:00,16961.44335,11230
M9W,2026-02-04 10:00:00,17634.625711,11230
M9W,2026-02-04 11:00:00,17959.931000999997,11230
M9W,2026-02-04 12:00:00,18134.901446,11230
M9W,2026-02-04 13:00:00,17924.414961,11230
M9W,2026-02-04 14:00:00,17625.715741,11230
M9W,2026-02-04 15:00:00,17596.691620999998,11230
M9W,2026-02-04 16:00:00,18002.432083,11230
M9W,2026-02-04 17:00:00,18602.912179,11230
M9W,2026-02-04 18:00:00,19107.942146,11230
M9W,2026-02-04 19:00:00,18855.717925999998,11230
M9W,2026-02-04 20:00:00,18487.281229,11231
M9W,2026-02-04 21:00:00,17760.999927,11231
M9W,2026-02-04 22:00:00,16364.965481,11231
M9W,2026-02-04 23:00:00,15049.813306,11231
M9W,2026-02-05 00:00:00,14091.509817999999,11230
M9W,2026-02-05 01:00:00,13409.449136,11230
M9W,2026-02-05 02:00:00,12916.669532,11230
M9W,2026-02-05 03:00:00,12670.359384,11230
M9W,2026-02-05 04:00:00,12840.288294999998,11230
M9W,2026-02-05 05:00:00,13433.666933,11230
M9W,2026-02-05 06:00:00,14595.555496,11230
M9W,2026-02-05 07:00:00,16009.514577999998,11230
M9W,2026-02-05 08:00:00,16506.670149999998,11230
M9W,2026-02-05 09:00:00,17198.161088,11230
M9W,2026-02-05 10:00:00,17845.106686,11230
M9W,2026-02-05 11:00:00,18144.036529999998,11230
M9W,2026-02-05 12:00:00,18147.650509,11230
M9W,2026-02-05 13:00:00,18032.230671999998,11230
M9W,2026-02-05 14:00:00,17956.276111,11230
M9W,2026-02-05 15:00:00,17998.680306000002,11230
M9W,2026-02-05 16:00:00,17962.667391000003,11230
M9W,2026-02-05 17:00:00,18330.613538,11230
M9W,2026-02-05 18:00:00,18857.561626000002,11230
M9W,2026-02-05 19:00:00,18925.03529,11230
M9W,2026-02-05 20:00:00,18572.745529,11230
M9W,2026-02-05 21:00:00,17668.251202,11230
M9W,2026-02-05 22:00:00,16334.576703,11230
M9W,2026-02-05 23:00:00,15155.543742999998,11233
M9W,2026-02-06 00:00:00,14020.243698999999,11226
M9W,2026-02-06 01:00:00,13297.164767,11227
M9W,2026-02-06 02:00:00,12792.206140999999,11227
M9W,2026-02-06 03:00:00,12526.404597,11227
M9W,2026-02-06 04:00:00,12651.090053,11227
M9W,2026-02-06 05:00:00,13197.919883,11227
M9W,2026-02-06 06:00:00,14113.099719,11227
M9W,2026-02-06 07:00:00,15378.925658,11227
M9W,2026-02-06 08:00:00,16112.247156000001,11227
M9W,2026-02-06 09:00:00,16952.524877,11227
M9W,2026-02-06 10:00:00,17683.043068,11227
M9W,2026-02-06 11:00:00,18001.810985,11227
M9W,2026-02-06 12:00:00,17853.890427,11227
M9W,2026-02-06 13:00:00,17792.634277999998,11227
M9W,2026-02-06 14:00:00,17619.655805,11227
M9W,2026-02-06 15:00:00,17513.546991,11227
M9W,2026-02-06 16:00:00,18028.517112,11227
M9W,2026-02-06 17:00:00,18393.223422,11227
M9W,2026-02-06 18:00:00,18605.163813,11227
M9W,2026-02-06 19:00:00,18739.328935999998,11227
M9W,2026-02-06 20:00:00,18586.261033,11227
M9W,2026-02-06 21:00:00,17912.088137,11227
M9W,2026-02-06 22:00:00,16947.781648,11227
M9W,2026-02-06 23:00:00,16075.046914999999,11227
M9W,2026-02-07 00:00:00,15102.710785,11228
M9W,2026-02-07 01:00:00,14395.349793000001,11228
M9W,2026-02-07 02:00:00,13894.891468,11228
M9W,2026-02-07 03:00:00,13653.291509,11228
M9W,2026-02-07 04:00:00,13666.92921,11230
M9W,2026-02-07 05:00:00,13946.466394,11230
M9W,2026-02-07 06:00:00,14465.334777,11230
M9W,2026-02-07 07:00:00,15144.047747,11230
M9W,2026-02-07 08:00:00,16514.900596,11230
M9W,2026-02-07 09:00:00,17897.923415999998,11230
M9W,2026-02-07 10:00:00,19149.245338,11230
M9W,2026-02-07 11:00:00,19673.759215,11230
M9W,2026-02-07 12:00:00,20052.085837,11230
M9W,2026-02-07 13:00:00,19915.051270999997,11230
M9W,2026-02-07 14:00:00,19558.014692,11230
M9W,2026-02-07 15:00:00,19432.458059,11230
M9W,2026-02-07 16:00:00,19565.282657,11230
M9W,2026-02-07 17:00:00,20314.647226999998,11230
M9W,2026-02-07 18:00:00,21124.054101,11230
M9W,2026-02-07 19:00:00,20534.705222,11230
M9W,2026-02-07 20:00:00,19812.523444000002,11230
M9W,2026-02-07 21:00:00,18951.79707,11230
M9W,2026-02-07 22:00:00,17857.478247,11230
M9W,2026-02-07 23:00:00,16818.606945,11230
M9W,2026-02-08 00:00:00,15691.264888,11230
M9W,2026-02-08 01:00:00,14896.083158000001,11230
M9W,2026-02-08 02:00:00,14325.5285,11230
M9W,2026-02-08 03:00:00,13917.742398999999,11230
M9W,2026-02-08 04:00:00,13897.528371,11230
M9W,2026-02-08 05:00:00,13961.164369,11230
M9W,2026-02-08 06:00:00,14288.692914,11230
M9W,2026-02-08 07:00:00,14894.187995,11230
M9W,2026-02-08 08:00:00,15799.499806,11230
M9W,2026-02-08 09:00:00,17073.386132,11230
M9W,2026-02-08 10:00:00,18222.202981000002,11230
M9W,2026-02-08 11:00:00,19227.761162,11230
M9W,2026-02-08 12:00:00,19545.456047,11230
M9W,2026-02-08 13:00:00,19502.621487999997,11230
M9W,2026-02-08 14:00:00,19224.777706,11230
M9W,2026-02-08 15:00:00,19031.665896,11230
M9W,2026-02-08 16:00:00,19218.152894,11230
M9W,2026-02-08 17:00:00,20212.517456,11230
M9W,2026-02-08 18:00:00,21211.800341000002,11230
M9W,2026-02-08 19:00:00,20900.444123,11230
M9W,2026-02-08 20:00:00,20163.74858,11230
M9W,2026-02-08 21:00:00,19344.572788999998,11230
M9W,2026-02-08 22:00:00,18071.19343,11230
M9W,2026-02-08 23:00:00,16599.8162,11231
M9W,2026-02-09 00:00:00,15439.417028,11230
M9W,2026-02-09 01:00:00,14637.694566,11230
M9W,2026-02-09 02:00:00,14031.612836,11230
M9W,2026-02-09 03:00:00,13757.14546,11230
M9W,2026-02-09 04:00:00,13888.947587999999,11230
M9W,2026-02-09 05:00:00,14528.048094999998,11230
M9W,2026-02-09 06:00:00,15582.667136,11228
M9W,2026-02-09 07:00:00,16931.264532,11228
M9W,2026-02-09 08:00:00,17359.662846,11228
M9W,2026-02-09 09:00:00,18225.481435,11228
M9W,2026-02-09 10:00:00,19006.880633,11229
M9W,2026-02-09 11:00:00,19480.274305,11229
M9W,2026-02-09 12:00:00,19297.350385,11229
M9W,2026-02-09 13:00:00,19175.896685,11228
M9W,2026-02-09 14:00:00,18810.076357,11228
M9W,2026-02-09 15:00:00,18479.557116,11228
M9W,2026-02-09 16:00:00,18728.036472,11228
M9W,2026-02-09 17:00:00,19425.058913,11228
M9W,2026-02-09 18:00:00,19952.804056,11228
M9W,2026-02-09 19:00:00,19616.240033000002,11228
M9W,2026-02-09 20:00:00,19071.340926,11228
M9W,2026-02-09 21:00:00,18082.403434,11228
M9W,2026-02-09 22:00:00,16436.971511,11228
M9W,2026-02-09 23:00:00,15310.508371,11229
M9W,2026-02-10 00:00:00,14154.341632,11228
M9W,2026-02-10 01:00:00,13329.648939,11227
M9W,2026-02-10 02:00:00,12808.089656,11227
M9W,2026-02-10 03:00:00,12555.262655999999,11227
M9W,2026-02-10 04:00:00,12661.068631,11226
M9W,2026-02-10 05:00:00,13218.077618,11226
M9W,2026-02-10 06:00:00,14166.52107,11226
M9W,2026-02-10 07:00:00,15335.816736,11226
M9W,2026-02-10 08:00:00,15941.93784,11226
M9W,2026-02-10 09:00:00,16875.546601000002,11226
M9W,2026-02-10 10:00:00,17449.889538000003,11226
M9W,2026-02-10 11:00:00,17752.789159,11226
M9W,2026-02-10 12:00:00,17969.169046,11226
M9W,2026-02-10 13:00:00,17602.350001,11226
M9W,2026-02-10 14:00:00,16855.110848,11226
M9W,2026-02-10 15:00:00,16850.853584999997,11225
M9W,2026-02-10 16:00:00,17503.239735000003,11225
M9W,2026-02-10 17:00:00,17877.863304,11225
M9W,2026-02-10 18:00:00,18264.666425,11225
M9W,2026-02-10 19:00:00,18154.217344999997,11225
M9W,2026-02-10 20:00:00,17615.390996000002,11225
M9W,2026-02-10 21:00:00,16597.812253,11225
M9W,2026-02-10 22:00:00,15410.896120000001,11225
M9W,2026-02-10 23:00:00,14170.657947,11225
M9W,2026-02-11 00:00:00,13170.003661,11225
M9W,2026-02-11 01:00:00,12388.322242,11225
M9W,2026-02-11 02:00:00,11847.530490000001,11225
M9W,2026-02-11 03:00:00,11686.050242,11225
M9W,2026-02-11 04:00:00,11917.001078000001,11225
M9W,2026-02-11 05:00:00,12587.862435,11225
M9W,2026-02-11 06:00:00,13611.688317,11225
M9W,2026-02-11 07:00:00,14921.712038000001,11225
M9W,2026-02-11 08:00:00,15762.193194,11221
M9W,2026-02-11 09:00:00,16448.679775,11224
M9W,2026-02-11 10:00:00,16922.563164,11224
M9W,2026-02-11 11:00:00,17462.528766,11224
M9W,2026-02-11 12:00:00,18000.095144,11224
M9W,2026-02-11 13:00:00,18023.517941000002,11224
M9W,2026-02-11 14:00:00,17801.551415,11224
M9W,2026-02-11 15:00:00,17883.422319999998,11224
M9W,2026-02-11 16:00:00,18123.373462,11224
M9W,2026-02-11 17:00:00,18561.140633000003,11224
M9W,2026-02-11 18:00:00,18848.797868,11224
M9W,2026-02-11 19:00:00,18656.236383,11224
M9W,2026-02-11 20:00:00,18143.739805,11224
M9W,2026-02-11 21:00:00,17084.45648,11224
M9W,2026-02-11 22:00:00,15575.318205,11224
M9W,2026-02-11 23:00:00,14399.768929,11224
M9W,2026-02-12 00:00:00,13486.998455,11224
M9W,2026-02-12 01:00:00,12745.783180999999,11223
M9W,2026-02-12 02:00:00,12273.402423,11223
M9W,2026-02-12 03:00:00,12070.750443,11223
M9W,2026-02-12 04:00:00,12167.560474000002,11223
M9W,2026-02-12 05:00:00,12826.389518,11223
M9W,2026-02-12 06:00:00,13920.064021,11223
M9W,2026-02-12 07:00:00,15252.614318,11223
M9W,2026-02-12 08:00:00,16020.562394,11223
M9W,2026-02-12 09:00:00,16720.497659,11223
M9W,2026-02-12 10:00:00,17284.185573000002,11223
M9W,2026-02-12 11:00:00,17718.599113,11223
M9W,2026-02-12 12:00:00,17819.324465,11223
M9W,2026-02-12 13:00:00,17675.28338,11223
M9W,2026-02-12 14:00:00,17305.934359,11223
M9W,2026-02-12 15:00:00,17180.778152,11223
M9W,2026-02-12 16:00:00,17498.781633,11223
M9W,2026-02-12 17:00:00,17800.626532000002,11223
M9W,2026-02-12 18:00:00,18616.80773,11223
M9W,2026-02-12 19:00:00,18450.706439,11223
M9W,2026-02-12 20:00:00,18121.73238,11223
M9W,2026-02-12 21:00:00,17281.2941,11223
M9W,2026-02-12 22:00:00,16081.759906000001,11223
M9W,2026-02-12 23:00:00,14879.774278,11225
M9W,2026-02-13 00:00:00,13916.866318,11223
M9W,2026-02-13 01:00:00,13146.819066,11223
M9W,2026-02-13 02:00:00,12708.050778,11223
M9W,2026-02-13 03:00:00,12501.724585,11223
M9W,2026-02-13 04:00:00,12650.478134,11223
M9W,2026-02-13 05:00:00,13160.674910000002,11223
M9W,2026-02-13 06:00:00,14010.436455,11223
M9W,2026-02-13 07:00:00,15111.181502,11223
M9W,2026-02-13 08:00:00,16285.252724999998,11223
M9W,2026-02-13 09:00:00,16875.28344,11223
M9W,2026-02-13 10:00:00,17467.412696,11224
M9W,2026-02-13 11:00:00,17758.944989,11224
M9W,2026-02-13 12:00:00,17858.26878,11224
M9W,2026-02-13 13:00:00,17840.332437,11224
M9W,2026-02-13 14:00:00,17513.703291,11224
M9W,2026-02-13 15:00:00,17367.067673999998,11224
M9W,2026-02-13 16:00:00,17557.807088,11224
M9W,2026-02-13 17:00:00,17950.255878,11224
M9W,2026-02-13 18:00:00,18136.11357,11224
M9W,2026-02-13 19:00:00,17911.656302000003,11224
M9W,2026-02-13 20:00:00,17660.605723,11224
M9W,2026-02-13 21:00:00,16947.096598,11224
M9W,2026-02-13 22:00:00,15900.379056000002,11224
M9W,2026-02-13 23:00:00,14724.287414999999,11225
M9W,2026-02-14 00:00:00,13577.099863,11223
M9W,2026-02-14 01:00:00,12790.308911,11224
M9W,2026-02-14 02:00:00,12224.400612000001,11224
M9W,2026-02-14 03:00:00,11756.587305000001,11224
M9W,2026-02-14 04:00:00,11736.660659000001,11224
M9W,2026-02-14 05:00:00,11827.889608,11224
M9W,2026-02-14 06:00:00,12326.925467000001,11224
M9W,2026-02-14 07:00:00,12879.02536,11224
M9W,2026-02-14 08:00:00,13777.050488,11224
M9W,2026-02-14 09:00:00,14977.696114999999,11224
M9W,2026-02-14 10:00:00,16091.018782,11224
M9W,2026-02-14 11:00:00,16919.63261,11224
M9W,2026-02-14 12:00:00,17176.942176,11224
M9W,2026-02-14 13:00:00,17177.623591,11224
M9W,2026-02-14 14:00:00,16755.191206000003,11224
M9W,2026-02-14 15:00:00,16744.049765999996,11224
M9W,2026-02-14 16:00:00,16691.619964999998,11224
M9W,2026-02-14 17:00:00,17026.768507,11224
M9W,2026-02-14 18:00:00,17583.611496999998,11224
M9W,2026-02-14 19:00:00,17242.355353,11224
M9W,2026-02-14 20:00:00,16751.491275,11224
M9W,2026-02-14 21:00:00,16157.911135,11224
M9W,2026-02-14 22:00:00,15257.145588,11224
M9W,2026-02-14 23:00:00,14314.851491000001,11224
M9W,2026-02-15 00:00:00,13377.573814,11224
M9W,2026-02-15 01:00:00,12588.861085,11224
M9W,2026-02-15 02:00:00,12022.316735,11224
M9W,2026-02-15 03:00:00,11711.423352000002,11224
M9W,2026-02-15 04:00:00,11492.422561,11224
M9W,2026-02-15 05:00:00,11563.504882,11224
M9W,2026-02-15 06:00:00,11929.376962,11224
M9W,2026-02-15 07:00:00,12390.052709,11224
M9W,2026-02-15 08:00:00,13288.776735,11224
M9W,2026-02-15 09:00:00,14399.411778000002,11224
M9W,2026-02-15 10:00:00,15675.394977,11224
M9W,2026-02-15 11:00:00,16516.788569,11224
M9W,2026-02-15 12:00:00,16815.331942999997,11224
M9W,2026-02-15 13:00:00,16348.145944,11224
M9W,2026-02-15 14:00:00,16147.045422,11224
M9W,2026-02-15 15:00:00,15999.392642,11224
M9W,2026-02-15 16:00:00,16142.898847,11224
M9W,2026-02-15 17:00:00,16880.739511,11224
M9W,2026-02-15 18:00:00,17380.749039,11224
M9W,2026-02-15 19:00:00,17192.998254,11224
M9W,2026-02-15 20:00:00,16806.891689000004,11224
M9W,2026-02-15 21:00:00,16165.760764999999,11224
M9W,2026-02-15 22:00:00,15226.741436999999,11224
M9W,2026-02-15 23:00:00,14136.369208,11224
M9W,2026-02-16 00:00:00,13139.210372,11224
M9W,2026-02-16 01:00:00,12316.429469,11224
M9W,2026-02-16 02:00:00,11924.496272,11224
M9W,2026-02-16 03:00:00,11612.398875,11224
M9W,2026-02-16 04:00:00,11522.543071,11224
M9W,2026-02-16 05:00:00,11658.108313,11224
M9W,2026-02-16 06:00:00,12071.158422,11224
M9W,2026-02-16 07:00:00,12391.887479,11224
M9W,2026-02-16 08:00:00,13225.104051,11224
M9W,2026-02-16 09:00:00,14482.345714,11223
M9W,2026-02-16 10:00:00,15573.239762000001,11223
M9W,2026-02-16 11:00:00,16254.957735,11223
M9W,2026-02-16 12:00:00,16383.857786,11223
M9W,2026-02-16 13:00:00,15997.855116,11223
M9W,2026-02-16 14:00:00,15846.128168000001,11223
M9W,2026-02-16 15:00:00,15994.520312,11223
M9W,2026-02-16 16:00:00,16357.169623,11223
M9W,2026-02-16 17:00:00,16949.138065,11223
M9W,2026-02-16 18:00:00,17580.843702,11223
M9W,2026-02-16 19:00:00,17251.838748000002,11223
M9W,2026-02-16 20:00:00,16803.890895,11223
M9W,2026-02-16 21:00:00,15917.6,11223
M9W,2026-02-16 22:00:00,14655.710025999999,11223
M9W,2026-02-16 23:00:00,13363.609636,11224
M9W,2026-02-17 00:00:00,12258.688969,11223
M9W,2026-02-17 01:00:00,11518.980327000001,11223
M9W,2026-02-17 02:00:00,11008.711136,11223
M9W,2026-02-17 03:00:00,10810.539621,11223
M9W,2026-02-17 04:00:00,10958.923148999998,11223
M9W,2026-02-17 05:00:00,11714.201301000001,11223
M9W,2026-02-17 06:00:00,12810.278755,11223
M9W,2026-02-17 07:00:00,13945.41727,11223
M9W,2026-02-17 08:00:00,14500.567316,11223
M9W,2026-02-17 09:00:00,15042.600865,11223
M9W,2026-02-17 10:00:00,15644.459624,11224
M9W,2026-02-17 11:00:00,15983.449311,11224
M9W,2026-02-17 12:00:00,16003.634936,11224
M9W,2026-02-17 13:00:00,15823.172976999998,11224
M9W,2026-02-17 14:00:00,15540.18243,11224
M9W,2026-02-17 15:00:00,15361.005289,11224
M9W,2026-02-17 16:00:00,15701.628612,11224
M9W,2026-02-17 17:00:00,16132.542307,11224
M9W,2026-02-17 18:00:00,17010.755657,11224
M9W,2026-02-17 19:00:00,16969.846047,11225
M9W,2026-02-17 20:00:00,16372.633824,11225
M9W,2026-02-17 21:00:00,15493.982681000001,11225
M9W,2026-02-17 22:00:00,14439.928824,11225
M9W,2026-02-17 23:00:00,13261.713686000001,11225
M9W,2026-02-18 00:00:00,12305.632531,11225
M9W,2026-02-18 01:00:00,11540.13135,11225
M9W,2026-02-18 02:00:00,11102.962183,11225
M9W,2026-02-18 03:00:00,10838.097463,11225
M9W,2026-02-18 04:00:00,11058.490546,11225
M9W,2026-02-18 05:00:00,11661.68897,11225
M9W,2026-02-18 06:00:00,12661.752917000002,11225
M9W,2026-02-18 07:00:00,13907.801465,11225
M9W,2026-02-18 08:00:00,14764.026599,11225
M9W,2026-02-18 09:00:00,16003.527823,11225
M9W,2026-02-18 10:00:00,16851.784583,11225
M9W,2026-02-18 11:00:00,17516.968784,11225
M9W,2026-02-18 12:00:00,17812.58735,11225
M9W,2026-02-18 13:00:00,17683.484253000002,11225
M9W,2026-02-18 14:00:00,17379.694731,11225
M9W,2026-02-18 15:00:00,17297.1505,11225
M9W,2026-02-18 16:00:00,17779.614897,11225
M9W,2026-02-18 17:00:00,18146.594156,11225
M9W,2026-02-18 18:00:00,17886.619072,11225
M9W,2026-02-18 19:00:00,17549.186851000002,11225
M9W,2026-02-18 20:00:00,17127.698687,11225
M9W,2026-02-18 21:00:00,16195.812242,11225
M9W,2026-02-18 22:00:00,14879.224590000002,11225
M9W,2026-02-18 23:00:00,13607.398341,11225
M9W,2026-02-19 00:00:00,12707.425266,11226
M9W,2026-02-19 01:00:00,12049.385355,11225
M9W,2026-02-19 02:00:00,11595.834126,11225
M9W,2026-02-19 03:00:00,11350.635998,11225
M9W,2026-02-19 04:00:00,11585.66265,11225
M9W,2026-02-19 05:00:00,12256.552599999999,11225
M9W,2026-02-19 06:00:00,13156.616385000001,11225
M9W,2026-02-19 07:00:00,14315.772243,11225
M9W,2026-02-19 08:00:00,14970.684743,11225
M9W,2026-02-19 09:00:00,15784.405244,11223
M9W,2026-02-19 10:00:00,16431.668467000003,11222
M9W,2026-02-19 11:00:00,16934.109279,11223
M9W,2026-02-19 12:00:00,16956.603921,11223
M9W,2026-02-19 13:00:00,16841.79885,11223
M9W,2026-02-19 14:00:00,16638.439739,11223
M9W,2026-02-19 15:00:00,16545.126407,11223
M9W,2026-02-19 16:00:00,17087.173648,11223
M9W,2026-02-19 17:00:00,17536.410303,11223
M9W,2026-02-19 18:00:00,17582.335263,11223
M9W,2026-02-19 19:00:00,17396.124617,11223
M9W,2026-02-19 20:00:00,16821.446443,11223
M9W,2026-02-19 21:00:00,16076.115118,11223
M9W,2026-02-19 22:00:00,14868.22437,11223
M9W,2026-02-19 23:00:00,13596.702669,11223
M9W,2026-02-20 00:00:00,12670.948954,11222
M9W,2026-02-20 01:00:00,11886.891595000001,11223
M9W,2026-02-20 02:00:00,11475.452528000002,11221
M9W,2026-02-20 03:00:00,11215.973461000001,11223
M9W,2026-02-20 04:00:00,11446.904009,11223
M9W,2026-02-20 05:00:00,12090.990451000001,11223
M9W,2026-02-20 06:00:00,12917.603018,11223
M9W,2026-02-20 07:00:00,14130.457916,11223
M9W,2026-02-20 08:00:00,14957.390427,11223
M9W,2026-02-20 09:00:00,15871.656263,11223
M9W,2026-02-20 10:00:00,16682.402166,11223
M9W,2026-02-20 11:00:00,17190.774706,11223
M9W,2026-02-20 12:00:00,17238.641781,11223
M9W,2026-02-20 13:00:00,17336.362798000002,11223
M9W,2026-02-20 14:00:00,17168.286271999998,11223
M9W,2026-02-20 15:00:00,17077.04918,11224
M9W,2026-02-20 16:00:00,17249.083725,11223
M9W,2026-02-20 17:00:00,17372.610252,11225
M9W,2026-02-20 18:00:00,17422.788918000002,11225
M9W,2026-02-20 19:00:00,17011.939522,11226
M9W,2026-02-20 20:00:00,16854.62928,11226
M9W,2026-02-20 21:00:00,16062.736198999999,11226
M9W,2026-02-20 22:00:00,15043.081755000001,11226
M9W,2026-02-20 23:00:00,14090.482557,11227
M9W,2026-02-21 00:00:00,12923.275055,11226
M9W,2026-02-21 01:00:00,12091.671472,11226
M9W,2026-02-21 02:00:00,11487.284182,11226
M9W,2026-02-21 03:00:00,11120.026010000001,11226
M9W,2026-02-21 04:00:00,11173.018376,11226
M9W,2026-02-21 05:00:00,11391.729635,11226
M9W,2026-02-21 06:00:00,11762.021765000001,11226
M9W,2026-02-21 07:00:00,12558.383201,11226
M9W,2026-02-21 08:00:00,13625.428214,11226
M9W,2026-02-21 09:00:00,15079.358623999999,11226
M9W,2026-02-21 10:00:00,16436.387749,11223
M9W,2026-02-21 11:00:00,17180.482452999997,11226
M9W,2026-02-21 12:00:00,17546.576381,11226
M9W,2026-02-21 13:00:00,17411.944552,11226
M9W,2026-02-21 14:00:00,17075.121941,11226
M9W,2026-02-21 15:00:00,17115.975986,11226
M9W,2026-02-21 16:00:00,17287.433127,11226
M9W,2026-02-21 17:00:00,17696.463843999998,11226
M9W,2026-02-21 18:00:00,17505.070931000002,11226
M9W,2026-02-21 19:00:00,16988.86101,11226
M9W,2026-02-21 20:00:00,16473.922827,11226
M9W,2026-02-21 21:00:00,15926.872651000001,11226
M9W,2026-02-21 22:00:00,15110.167897,11226
M9W,2026-02-21 23:00:00,14016.982683,11226
M9W,2026-02-22 00:00:00,13155.198799,11226
M9W,2026-02-22 01:00:00,12322.840059,11226
M9W,2026-02-22 02:00:00,11768.226608,11226
M9W,2026-02-22 03:00:00,11468.296140999999,11226
M9W,2026-02-22 04:00:00,11336.508117999998,11226
M9W,2026-02-22 05:00:00,11620.611459,11226
M9W,2026-02-22 06:00:00,11740.425312,11226
M9W,2026-02-22 07:00:00,12219.094232,11226
M9W,2026-02-22 08:00:00,13181.017961,11226
M9W,2026-02-22 09:00:00,14527.503215,11226
M9W,2026-02-22 10:00:00,15521.923227,11226
M9W,2026-02-22 11:00:00,16516.266359,11226
M9W,2026-02-22 12:00:00,16954.45276,11226
M9W,2026-02-22 13:00:00,16925.495277,11226
M9W,2026-02-22 14:00:00,16791.29081,11226
M9W,2026-02-22 15:00:00,16781.597260000002,11226
M9W,2026-02-22 16:00:00,16983.541299,11226
M9W,2026-02-22 17:00:00,17815.928482,11226
M9W,2026-02-22 18:00:00,18217.839775999997,11226
M9W,2026-02-22 19:00:00,17851.552655,11226
M9W,2026-02-22 20:00:00,17481.009985999997,11226
M9W,2026-02-22 21:00:00,16566.639896,11226
M9W,2026-02-22 22:00:00,15125.623338999998,11226
M9W,2026-02-22 23:00:00,13726.834061,11226
M9W,2026-02-23 00:00:00,12716.506909,11226
M9W,2026-02-23 01:00:00,11926.581811,11226
M9W,2026-02-23 02:00:00,11423.918357,11227
M9W,2026-02-23 03:00:00,11242.673856000001,11227
M9W,2026-02-23 04:00:00,11642.737184000001,11227
M9W,2026-02-23 05:00:00,12356.991734,11227
M9W,2026-02-23 06:00:00,13287.789866,11227
M9W,2026-02-23 07:00:00,14481.442543000001,11227
M9W,2026-02-23 08:00:00,15265.657243,11227
M9W,2026-02-23 09:00:00,16344.175389,11227
M9W,2026-02-23 10:00:00,17115.383575,11227
M9W,2026-02-23 11:00:00,17457.941059999997,11227
M9W,2026-02-23 12:00:00,17204.196122,11227
M9W,2026-02-23 13:00:00,17217.373917,11227
M9W,2026-02-23 14:00:00,16985.300948,11227
M9W,2026-02-23 15:00:00,16976.166171,11227
M9W,2026-02-23 16:00:00,17355.903288,11227
M9W,2026-02-23 17:00:00,17983.940309999998,11227
M9W,2026-02-23 18:00:00,18719.619895999997,11227
M9W,2026-02-23 19:00:00,18605.243781999998,11227
M9W,2026-02-23 20:00:00,18135.65047,11227
M9W,2026-02-23 21:00:00,17396.235485999998,11227
M9W,2026-02-23 22:00:00,16221.211168000002,11228
M9W,2026-02-23 23:00:00,15067.853989000001,11228
M9W,2026-02-24 00:00:00,14162.655197,11228
M9W,2026-02-24 01:00:00,13320.137923999999,11228
M9W,2026-02-24 02:00:00,12881.422306,11228
M9W,2026-02-24 03:00:00,12694.317475,11228
M9W,2026-02-24 04:00:00,12961.297042,11228
M9W,2026-02-24 05:00:00,13676.738328,11228
M9W,2026-02-24 06:00:00,14605.454811,11228
M9W,2026-02-24 07:00:00,15639.823337,11228
M9W,2026-02-24 08:00:00,16182.709602,11228
M9W,2026-02-24 09:00:00,16959.391392999998,11227
M9W,2026-02-24 10:00:00,17606.972455,11227
M9W,2026-02-24 11:00:00,17879.065341,11227
M9W,2026-02-24 12:00:00,17787.841993000002,11227
M9W,2026-02-24 13:00:00,17650.501603,11227
M9W,2026-02-24 14:00:00,17430.945402,11227
M9W,2026-02-24 15:00:00,17353.684914999998,11227
M9W,2026-02-24 16:00:00,17782.958275,11227
M9W,2026-02-24 17:00:00,18234.415612,11227
M9W,2026-02-24 18:00:00,18497.806098,11227
M9W,2026-02-24 19:00:00,18426.140359,11227
M9W,2026-02-24 20:00:00,17956.225753,11227
M9W,2026-02-24 21:00:00,16948.944753,11227
M9W,2026-02-24 22:00:00,15719.189494,11227
M9W,2026-02-24 23:00:00,14458.638223,11228
M9W,2026-02-25 00:00:00,13470.242868,11227
M9W,2026-02-25 01:00:00,12799.954327,11227
M9W,2026-02-25 02:00:00,12206.385523,11227
M9W,2026-02-25 03:00:00,11936.748221,11227
M9W,2026-02-25 04:00:00,12142.300983000001,11227
M9W,2026-02-25 05:00:00,12721.634986000001,11227
M9W,2026-02-25 06:00:00,13522.814222,11227
M9W,2026-02-25 07:00:00,14620.029849999999,11227
M9W,2026-02-25 08:00:00,15319.706924,11227
M9W,2026-02-25 09:00:00,16070.035857,11227
M9W,2026-02-25 10:00:00,16711.777824,11227
M9W,2026-02-25 11:00:00,17141.728848,11227
M9W,2026-02-25 12:00:00,17476.500665,11227
M9W,2026-02-25 13:00:00,17576.661941,11227
M9W,2026-02-25 14:00:00,17163.873813,11227
M9W,2026-02-25 15:00:00,17089.123209,11227
M9W,2026-02-25 16:00:00,17588.259828000002,11227
M9W,2026-02-25 17:00:00,17849.08555,11227
M9W,2026-02-25 18:00:00,18155.303118,11227
M9W,2026-02-25 19:00:00,18021.538975000003,11227
M9W,2026-02-25 20:00:00,17562.475316,11227
M9W,2026-02-25 21:00:00,16700.564617000004,11227
M9W,2026-02-25 22:00:00,15451.064333999999,11227
M9W,2026-02-25 23:00:00,14232.348835,11228
M9W,2026-02-26 00:00:00,13240.805906,11227
M9W,2026-02-26 01:00:00,12579.182513,11227
M9W,2026-02-26 02:00:00,12048.328823,11227
M9W,2026-02-26 03:00:00,11896.8607,11227
M9W,2026-02-26 04:00:00,12175.731755,11227
M9W,2026-02-26 05:00:00,12889.217497000001,11227
M9W,2026-02-26 06:00:00,13749.227517,11227
M9W,2026-02-26 07:00:00,14839.76391,11227
M9W,2026-02-26 08:00:00,15298.645019,11227
M9W,2026-02-26 09:00:00,15658.266705999999,11228
M9W,2026-02-26 10:00:00,16312.837429000001,11228
M9W,2026-02-26 11:00:00,16641.13266,11228
M9W,2026-02-26 12:00:00,16575.245927,11228
M9W,2026-02-26 13:00:00,16572.2431,11228
M9W,2026-02-26 14:00:00,16410.141203,11228
M9W,2026-02-26 15:00:00,16479.016884999997,11228
M9W,2026-02-26 16:00:00,16609.662271,11228
M9W,2026-02-26 17:00:00,17040.148117999997,11228
M9W,2026-02-26 18:00:00,17759.516448,11228
M9W,2026-02-26 19:00:00,17767.484556000003,11228
M9W,2026-02-26 20:00:00,17385.636588,11228
M9W,2026-02-26 21:00:00,16513.066325,11228
M9W,2026-02-26 22:00:00,15432.5401,11228
M9W,2026-02-26 23:00:00,14146.342263999999,11229
M9W,2026-02-27 00:00:00,13138.710658,11228
M9W,2026-02-27 01:00:00,12431.492977,11228
M9W,2026-02-27 02:00:00,11972.365578,11228
M9W,2026-02-27 03:00:00,11727.721682,11228
M9W,2026-02-27 04:00:00,11983.769171,11228
M9W,2026-02-27 05:00:00,12591.06799,11228
M9W,2026-02-27 06:00:00,13380.270013,11228
M9W,2026-02-27 07:00:00,14433.074674,11228
M9W,2026-02-27 08:00:00,15294.596753,11228
M9W,2026-02-27 09:00:00,16044.717120000001,11228
M9W,2026-02-27 10:00:00,16672.369172,11228
M9W,2026-02-27 11:00:00,16729.767495,11228
M9W,2026-02-27 12:00:00,16744.850155,11228
M9W,2026-02-27 13:00:00,16252.79629,11228
M9W,2026-02-27 14:00:00,15927.605646,11228
M9W,2026-02-27 15:00:00,15840.876773,11228
M9W,2026-02-27 16:00:00,15911.895195000001,11228
M9W,2026-02-27 17:00:00,16148.78744,11228
M9W,2026-02-27 18:00:00,16497.245442,11228
M9W,2026-02-27 19:00:00,16612.49302,11228
M9W,2026-02-27 20:00:00,16447.990641999997,11228
M9W,2026-02-27 21:00:00,15909.010842,11228
M9W,2026-02-27 22:00:00,14780.945829999999,11228
M9W,2026-02-27 23:00:00,13641.499897,11229
M9W,2026-02-28 00:00:00,12629.572009,11229
M9W,2026-02-28 01:00:00,11783.192338,11229
M9W,2026-02-28 02:00:00,11193.425525,11229
M9W,2026-02-28 03:00:00,10795.434199,11229
M9W,2026-02-28 04:00:00,10758.575163000001,11229
M9W,2026-02-28 05:00:00,10976.582279,11229
M9W,2026-02-28 06:00:00,11461.842924,11229
M9W,2026-02-28 07:00:00,12176.924876000001,11229
M9W,2026-02-28 08:00:00,13332.814244000001,11229
M9W,2026-02-28 09:00:00,14627.10406,11230
M9W,2026-02-28 10:00:00,15635.088214,11230
M9W,2026-02-28 11:00:00,16337.494732,11230
M9W,2026-02-28 12:00:00,16548.028807,11230
M9W,2026-02-28 13:00:00,16588.665009,11230
M9W,2026-02-28 14:00:00,16496.721133,11230
M9W,2026-02-28 15:00:00,16249.073686999998,11230
M9W,2026-02-28 16:00:00,16351.397039000001,11230
M9W,2026-02-28 17:00:00,17317.503427,11230
M9W,2026-02-28 18:00:00,17786.433767,11230
M9W,2026-02-28 19:00:00,17364.447528,11230
M9W,2026-02-28 20:00:00,17059.283534000002,11230
M9W,2026-02-28 21:00:00,16442.661108,11230
M9W,2026-02-28 22:00:00,15721.094245,11230
M9W,2026-02-28 23:00:00,14562.565218,11236
M9W,2026-03-01 00:00:00,13443.873874,11228
M9W,2026-03-01 01:00:00,12667.144704,11228
M9W,2026-03-01 02:00:00,12133.594106,11229
M9W,2026-03-01 03:00:00,11855.179121000001,11228
M9W,2026-03-01 04:00:00,11906.568325,11229
M9W,2026-03-01 05:00:00,12062.091655,11229
M9W,2026-03-01 06:00:00,12354.51615,11229
M9W,2026-03-01 07:00:00,12743.108988,11229
M9W,2026-03-01 08:00:00,13676.589014000001,11229
M9W,2026-03-01 09:00:00,15011.004106999999,11229
M9W,2026-03-01 10:00:00,15877.13955,11229
M9W,2026-03-01 11:00:00,16756.996114,11229
M9W,2026-03-01 12:00:00,17145.055734,11229
M9W,2026-03-01 13:00:00,17072.933230000002,11229
M9W,2026-03-01 14:00:00,16977.365013,11229
M9W,2026-03-01 15:00:00,16875.204362,11229
M9W,2026-03-01 16:00:00,17244.664201,11229
M9W,2026-03-01 17:00:00,18075.054524,11229
M9W,2026-03-01 18:00:00,19094.066396000002,11229
M9W,2026-03-01 19:00:00,19190.786637,11229
M9W,2026-03-01 20:00:00,18847.553514,11229
M9W,2026-03-01 21:00:00,17882.552132,11229
M9W,2026-03-01 22:00:00,16508.087805,11229
M9W,2026-03-01 23:00:00,15063.762608000001,11238
M9W,2026-03-02 00:00:00,13913.497806000001,11228
M9W,2026-03-02 01:00:00,13144.180204,11228
M9W,2026-03-02 02:00:00,12698.753005999999,11228
M9W,2026-03-02 03:00:00,12561.27183,11228
M9W,2026-03-02 04:00:00,12875.84151,11228
M9W,2026-03-02 05:00:00,13584.249794,11228
M9W,2026-03-02 06:00:00,14364.842325000001,11228
M9W,2026-03-02 07:00:00,15522.594669,11228
M9W,2026-03-02 08:00:00,16120.450198,11228
M9W,2026-03-02 09:00:00,16587.553427,11228
M9W,2026-03-02 10:00:00,17132.115693,11228
M9W,2026-03-02 11:00:00,17362.410843999998,11228
M9W,2026-03-02 12:00:00,17630.451285,11228
M9W,2026-03-02 13:00:00,17418.828795,11228
M9W,2026-03-02 14:00:00,17078.581352,11229
M9W,2026-03-02 15:00:00,17019.975763000002,11229
M9W,2026-03-02 16:00:00,17292.83541,11229
M9W,2026-03-02 17:00:00,17613.507533999997,11229
M9W,2026-03-02 18:00:00,18247.674786,11229
M9W,2026-03-02 19:00:00,18294.848971,11229
M9W,2026-03-02 20:00:00,17856.672083999998,11229
M9W,2026-03-02 21:00:00,17009.023345999998,11228
M9W,2026-03-02 22:00:00,15677.065135,11228
M9W,2026-03-02 23:00:00,14383.451901999999,11228
M9W,2026-03-03 00:00:00,13391.934823,11228
M9W,2026-03-03 01:00:00,12741.098395,11228
M9W,2026-03-03 02:00:00,12347.424837,11228
M9W,2026-03-03 03:00:00,12166.258253,11228
M9W,2026-03-03 04:00:00,12393.781566000001,11228
M9W,2026-03-03 05:00:00,12995.937265999999,11228
M9W,2026-03-03 06:00:00,13879.040007,11228
M9W,2026-03-03 07:00:00,15022.81051,11228
M9W,2026-03-03 08:00:00,15694.499575,11227
M9W,2026-03-03 09:00:00,16137.765410999998,11226
M9W,2026-03-03 10:00:00,16536.351596,11226
M9W,2026-03-03 11:00:00,16856.068592,11226
M9W,2026-03-03 12:00:00,16876.250656,11226
M9W,2026-03-03 13:00:00,16713.089582,11226
M9W,2026-03-03 14:00:00,16522.235728,11226
M9W,2026-03-03 15:00:00,16690.107254,11226
M9W,2026-03-03 16:00:00,17050.114638,11226
M9W,2026-03-03 17:00:00,17285.102999,11226
M9W,2026-03-03 18:00:00,17482.999278,11226
M9W,2026-03-03 19:00:00,17307.659406000002,11226
M9W,2026-03-03 20:00:00,16717.416562,11226
M9W,2026-03-03 21:00:00,15868.029999999999,11226
M9W,2026-03-03 22:00:00,14622.345447,11226
M9W,2026-03-03 23:00:00,13555.118273,11226
M9W,2026-03-04 00:00:00,12650.921502,11226
M9W,2026-03-04 01:00:00,12108.854297999998,11226
M9W,2026-03-04 02:00:00,11633.057176999999,11226
M9W,2026-03-04 03:00:00,11353.541508,11226
M9W,2026-03-04 04:00:00,11609.188639,11226
M9W,2026-03-04 05:00:00,12270.71371,11226
M9W,2026-03-04 06:00:00,13163.671957000002,11225
M9W,2026-03-04 07:00:00,14158.945611,11225
M9W,2026-03-04 08:00:00,14635.878849,11225
M9W,2026-03-04 09:00:00,15147.135687,11225
M9W,2026-03-04 10:00:00,15856.036083,11225
M9W,2026-03-04 11:00:00,16051.8942,11225
M9W,2026-03-04 12:00:00,16197.91635,11225
M9W,2026-03-04 13:00:00,15915.994988000002,11225
M9W,2026-03-04 14:00:00,15602.447822,11225
M9W,2026-03-04 15:00:00,15542.639352,11225
M9W,2026-03-04 16:00:00,15622.572192,11224
M9W,2026-03-04 17:00:00,15857.123118,11224
M9W,2026-03-04 18:00:00,16563.504938,11224
M9W,2026-03-04 19:00:00,16780.403855,11224
M9W,2026-03-04 20:00:00,16290.276629999998,11224
M9W,2026-03-04 21:00:00,15531.491117999998,11224
M9W,2026-03-04 22:00:00,14329.389044,11224
M9W,2026-03-04 23:00:00,13099.000731,11224
M9W,2026-03-05 00:00:00,12151.943374,11224
M9W,2026-03-05 01:00:00,11489.520895,11224
M9W,2026-03-05 02:00:00,11060.327762,11224
M9W,2026-03-05 03:00:00,10867.947176000001,11224
M9W,2026-03-05 04:00:00,11221.528300000002,11224
M9W,2026-03-05 05:00:00,11813.710777,11224
M9W,2026-03-05 06:00:00,12698.319607,11224
M9W,2026-03-05 07:00:00,13992.520453000001,11224
M9W,2026-03-05 08:00:00,14733.40031,11224
M9W,2026-03-05 09:00:00,15412.957776,11224
M9W,2026-03-05 10:00:00,15953.618364,11224
M9W,2026-03-05 11:00:00,16217.30605,11224
M9W,2026-03-05 12:00:00,16373.826025999999,11224
M9W,2026-03-05 13:00:00,16551.656736,11223
M9W,2026-03-05 14:00:00,16484.811523999997,11223
M9W,2026-03-05 15:00:00,16592.040608,11223
M9W,2026-03-05 16:00:00,16713.733182,11221
M9W,2026-03-05 17:00:00,16907.133229,11221
M9W,2026-03-05 18:00:00,17168.604209999998,11221
M9W,2026-03-05 19:00:00,16434.915054,11221
M9W,2026-03-05 20:00:00,16178.464837000001,11221
M9W,2026-03-05 21:00:00,15599.415009,11221
M9W,2026-03-05 22:00:00,14499.002153999998,11221
M9W,2026-03-05 23:00:00,13147.225328,11223
M9W,2026-03-06 00:00:00,12212.399121999999,11221
M9W,2026-03-06 01:00:00,11463.949117,11221
M9W,2026-03-06 02:00:00,11063.589182,11221
M9W,2026-03-06 03:00:00,10879.620493999999,11221
M9W,2026-03-06 04:00:00,11097.386571000001,11221
M9W,2026-03-06 05:00:00,11718.049015,11221
M9W,2026-03-06 06:00:00,12586.516693,11221
M9W,2026-03-06 07:00:00,13793.554062,11221
M9W,2026-03-06 08:00:00,14803.324163000001,11221
M9W,2026-03-06 09:00:00,15818.483118,11221
M9W,2026-03-06 10:00:00,16489.917084,11222
M9W,2026-03-06 11:00:00,16998.922419000002,11220
M9W,2026-03-06 12:00:00,17059.2241,11221
M9W,2026-03-06 13:00:00,17033.229255,11221
M9W,2026-03-06 14:00:00,16852.581182,11221
M9W,2026-03-06 15:00:00,16859.640421,11218
M9W,2026-03-06 16:00:00,16734.912173999997,11221
M9W,2026-03-06 17:00:00,16843.536993,11221
M9W,2026-03-06 18:00:00,17016.292327000003,11221
M9W,2026-03-06 19:00:00,16967.953875,11221
M9W,2026-03-06 20:00:00,16790.250949999998,11221
M9W,2026-03-06 21:00:00,16063.201799000002,11221
M9W,2026-03-06 22:00:00,14890.628954,11221
M9W,2026-03-06 23:00:00,13678.405811,11221
M9W,2026-03-07 00:00:00,12672.864387,11220
M9W,2026-03-07 01:00:00,11856.591763999999,11220
M9W,2026-03-07 02:00:00,11167.477933999999,11220
M9W,2026-03-07 03:00:00,10801.260309000001,11220
M9W,2026-03-07 04:00:00,10822.973413,11220
M9W,2026-03-07 05:00:00,10966.902725,11220
M9W,2026-03-07 06:00:00,11349.224753999999,11220
M9W,2026-03-07 07:00:00,12007.291378,11220
M9W,2026-03-07 08:00:00,13222.988062,11220
M9W,2026-03-07 09:00:00,14224.457927,11220
M9W,2026-03-07 10:00:00,15171.254415,11220
M9W,2026-03-07 11:00:00,15738.286481,11220
M9W,2026-03-07 12:00:00,16202.707792,11220
M9W,2026-03-07 13:00:00,15843.80898,11220
M9W,2026-03-07 14:00:00,15586.740005,11220
M9W,2026-03-07 15:00:00,15317.729803,11220
M9W,2026-03-07 16:00:00,15411.489346999999,11220
M9W,2026-03-07 17:00:00,15589.025555,11220
M9W,2026-03-07 18:00:00,15803.302483,11220
M9W,2026-03-07 19:00:00,15725.158278,11220
M9W,2026-03-07 20:00:00,15182.900524,11220
M9W,2026-03-07 21:00:00,14525.124945,11220
M9W,2026-03-07 22:00:00,13573.275754,11220
M9W,2026-03-07 23:00:00,12484.148398000001,11220
M9W,2026-03-08 00:00:00,11688.43534,11220
M9W,2026-03-08 01:00:00,11049.000696,11220
M9W,2026-03-08 02:00:00,10538.973487000001,11220
M9W,2026-03-08 03:00:00,10321.679124,11220
M9W,2026-03-08 04:00:00,10385.656844000001,11221
M9W,2026-03-08 05:00:00,10551.107311,11221
M9W,2026-03-08 06:00:00,10929.798659,11221
M9W,2026-03-08 07:00:00,11446.061696,11221
M9W,2026-03-08 08:00:00,12820.071357,11221
M9W,2026-03-08 09:00:00,13956.128873000001,11221
M9W,2026-03-08 10:00:00,14803.14317,11221
M9W,2026-03-08 11:00:00,15242.447849,11221
M9W,2026-03-08 12:00:00,15266.187403,11221
M9W,2026-03-08 13:00:00,15160.775401,11221
M9W,2026-03-08 14:00:00,15005.045708000001,11221
M9W,2026-03-08 15:00:00,14961.742501000002,11221
M9W,2026-03-08 16:00:00,15302.127037,11221
M9W,2026-03-08 17:00:00,15489.529362000001,11221
M9W,2026-03-08 18:00:00,16127.954353000001,11221
M9W,2026-03-08 19:00:00,16377.191216000001,11221
M9W,2026-03-08 20:00:00,15807.119825,11221
M9W,2026-03-08 21:00:00,14573.066616,11221
M9W,2026-03-08 22:00:00,13235.180485,11221
M9W,2026-03-08 23:00:00,11877.866354,11222
M9W,2026-03-09 00:00:00,10896.933593,11221
M9W,2026-03-09 01:00:00,10259.854863,11221
M9W,2026-03-09 02:00:00,10026.568128,11221
M9W,2026-03-09 03:00:00,10160.515254999998,11219
M9W,2026-03-09 04:00:00,10820.422114,11219
M9W,2026-03-09 05:00:00,11661.857067,11219
M9W,2026-03-09 06:00:00,12888.207824000001,11218
M9W,2026-03-09 07:00:00,13594.057241999999,11218
M9W,2026-03-09 08:00:00,14190.805374,11218
M9W,2026-03-09 09:00:00,14594.959552999999,11218
M9W,2026-03-09 10:00:00,15030.47705,11219
M9W,2026-03-09 11:00:00,14997.245361,11218
M9W,2026-03-09 12:00:00,14824.839123000002,11219
M9W,2026-03-09 13:00:00,14533.037373,11219
M9W,2026-03-09 14:00:00,14423.016059,11219
M9W,2026-03-09 15:00:00,14342.623234,11219
M9W,2026-03-09 16:00:00,14303.783126999999,11219
M9W,2026-03-09 17:00:00,14244.026887,11219
M9W,2026-03-09 18:00:00,14715.127833999999,11219
M9W,2026-03-09 19:00:00,14947.429895000001,11219
M9W,2026-03-09 20:00:00,14238.394799,11219
M9W,2026-03-09 21:00:00,12920.57095,11219
M9W,2026-03-09 22:00:00,11851.138519,11219
M9W,2026-03-09 23:00:00,10784.096953,11223
M9W,2026-03-10 00:00:00,10073.767775,11218
M9W,2026-03-10 01:00:00,9677.568424,11218
M9W,2026-03-10 02:00:00,9438.447546,11218
M9W,2026-03-10 03:00:00,9540.629885,11218
M9W,2026-03-10 04:00:00,10182.227245999999,11218
M9W,2026-03-10 05:00:00,11146.366878,11219
M9W,2026-03-10 06:00:00,12349.979956,11218
M9W,2026-03-10 07:00:00,12983.43594,11219
M9W,2026-03-10 08:00:00,13514.081908,11219
M9W,2026-03-10 09:00:00,13881.438053,11219
M9W,2026-03-10 10:00:00,14357.907399,11219
M9W,2026-03-10 11:00:00,14453.112442000001,11219
M9W,2026-03-10 12:00:00,14434.948793,11219
M9W,2026-03-10 13:00:00,14241.953235,11219
M9W,2026-03-10 14:00:00,14421.614880000001,11219
M9W,2026-03-10 15:00:00,14570.838558000001,11219
M9W,2026-03-10 16:00:00,14470.895987,11219
M9W,2026-03-10 17:00:00,14795.42513,11220
M9W,2026-03-10 18:00:00,15364.523245999999,11222
M9W,2026-03-10 19:00:00,15044.744697000002,11222
M9W,2026-03-10 20:00:00,14331.014038,11222
M9W,2026-03-10 21:00:00,13153.010268,11222
M9W,2026-03-10 22:00:00,12026.726439,11222
M9W,2026-03-10 23:00:00,11078.840154000001,11222
M9W,2026-03-11 00:00:00,10427.44166,11221
M9W,2026-03-11 01:00:00,10046.400661,11222
M9W,2026-03-11 02:00:00,9928.605706999999,11223
M9W,2026-03-11 03:00:00,10048.672181999998,11223
M9W,2026-03-11 04:00:00,10822.438233,11223
M9W,2026-03-11 05:00:00,11895.895889,11223
M9W,2026-03-11 06:00:00,13117.559725,11222
M9W,2026-03-11 07:00:00,13868.302801,11223
M9W,2026-03-11 08:00:00,14711.833601,11222
M9W,2026-03-11 09:00:00,15555.993186,11223
M9W,2026-03-11 10:00:00,16075.998022,11223
M9W,2026-03-11 11:00:00,16308.373419,11223
M9W,2026-03-11 12:00:00,16417.983868000003,11223
M9W,2026-03-11 13:00:00,16186.336186,11223
M9W,2026-03-11 14:00:00,16225.557451,11223
M9W,2026-03-11 15:00:00,16257.597882,11223
M9W,2026-03-11 16:00:00,16101.465673,11223
M9W,2026-03-11 17:00:00,15916.201633,11223
M9W,2026-03-11 18:00:00,16258.618805999999,11223
M9W,2026-03-11 19:00:00,16072.630331999999,11223
M9W,2026-03-11 20:00:00,15423.793307,11223
M9W,2026-03-11 21:00:00,14299.060825,11223
M9W,2026-03-11 22:00:00,13252.615882,11223
M9W,2026-03-11 23:00:00,12342.966351,11225
M9W,2026-03-12 00:00:00,11588.890836999999,11223
M9W,2026-03-12 01:00:00,11198.610736999999,11223
M9W,2026-03-12 02:00:00,10886.270815,11223
M9W,2026-03-12 03:00:00,11028.325085,11221
M9W,2026-03-12 04:00:00,11725.529928,11221
M9W,2026-03-12 05:00:00,12714.406751,11221
M9W,2026-03-12 06:00:00,13997.828307,11220
M9W,2026-03-12 07:00:00,14628.924619000001,11220
M9W,2026-03-12 08:00:00,15385.704707,11220
M9W,2026-03-12 09:00:00,15906.405842,11220
M9W,2026-03-12 10:00:00,16278.814813,11220
M9W,2026-03-12 11:00:00,16670.377937,11220
M9W,2026-03-12 12:00:00,16590.93259,11220
M9W,2026-03-12 13:00:00,16326.465297,11220
M9W,2026-03-12 14:00:00,16389.766666,11220
M9W,2026-03-12 15:00:00,16374.802867999999,11220
M9W,2026-03-12 16:00:00,16446.963670999998,11220
M9W,2026-03-12 17:00:00,16406.865363,11220
M9W,2026-03-12 18:00:00,16929.079173,11220
M9W,2026-03-12 19:00:00,16939.669976999998,11220
M9W,2026-03-12 20:00:00,16182.274293999999,11220
M9W,2026-03-12 21:00:00,15131.713028,11220
M9W,2026-03-12 22:00:00,14008.325862000002,11220
M9W,2026-03-12 23:00:00,12834.011696,11220
M9W,2026-03-13 00:00:00,11480.954315,11220
M9W,2026-03-13 01:00:00,10952.311678,11220
M9W,2026-03-13 02:00:00,10613.305812999999,11220
M9W,2026-03-13 03:00:00,11251.276106000001,11219
M9W,2026-03-13 04:00:00,11973.926488000001,11219
M9W,2026-03-13 05:00:00,12858.648967,11219
M9W,2026-03-13 06:00:00,14146.120902999999,11216
M9W,2026-03-13 07:00:00,14990.010692,11216
M9W,2026-03-13 08:00:00,15910.679119,11216
M9W,2026-03-13 09:00:00,16617.766308,11208
M9W,2026-03-13 10:00:00,17164.804269,11208
M9W,2026-03-13 11:00:00,17418.595887,11208
M9W,2026-03-13 12:00:00,17404.078439,11208
M9W,2026-03-13 13:00:00,17102.703783999998,11208
M9W,2026-03-13 14:00:00,16703.618374,11208
M9W,2026-03-13 15:00:00,16933.117483,11208
M9W,2026-03-13 16:00:00,16779.878538,11208
M9W,2026-03-13 17:00:00,16299.878639999999,11208
M9W,2026-03-13 18:00:00,16701.682037,11208
M9W,2026-03-13 19:00:00,17012.062832,11208
M9W,2026-03-13 20:00:00,16216.77938,11208
M9W,2026-03-13 21:00:00,15203.173629,11208
M9W,2026-03-13 22:00:00,14177.515483,11208
M9W,2026-03-13 23:00:00,13216.285446,11209
M9W,2026-03-14 00:00:00,12295.051582,11205
M9W,2026-03-14 01:00:00,11844.486105,11205
M9W,2026-03-14 02:00:00,11473.902986,11205
M9W,2026-03-14 03:00:00,11509.154367,11205
M9W,2026-03-14 04:00:00,11894.955113,11205
M9W,2026-03-14 05:00:00,12181.425286,11205
M9W,2026-03-14 06:00:00,12771.856342,11205
M9W,2026-03-14 07:00:00,13653.600371,11205
M9W,2026-03-14 08:00:00,14634.764056,11205
M9W,2026-03-14 09:00:00,15789.617757999999,11205
M9W,2026-03-14 10:00:00,16802.015406,11205
M9W,2026-03-14 11:00:00,17276.54587,11205
M9W,2026-03-14 12:00:00,17141.073391,11205
M9W,2026-03-14 13:00:00,16738.923778999997,11205
M9W,2026-03-14 14:00:00,16356.028424,11205
M9W,2026-03-14 15:00:00,16135.172464,11205
M9W,2026-03-14 16:00:00,16146.629946000001,11205
M9W,2026-03-14 17:00:00,16213.298715,11205
M9W,2026-03-14 18:00:00,16762.873133,11205
M9W,2026-03-14 19:00:00,16915.373606999998,11205
M9W,2026-03-14 20:00:00,16305.289321999999,11205
M9W,2026-03-14 21:00:00,15313.108978,11205
M9W,2026-03-14 22:00:00,14197.926338000001,11205
M9W,2026-03-14 23:00:00,13190.789583,11205
M9W,2026-03-15 00:00:00,12356.394509000002,11204
M9W,2026-03-15 01:00:00,11767.752568,11204
M9W,2026-03-15 02:00:00,11391.788379000001,11204
M9W,2026-03-15 03:00:00,11266.325017,11204
M9W,2026-03-15 04:00:00,11401.412037,11204
M9W,2026-03-15 05:00:00,11618.341541,11204
M9W,2026-03-15 06:00:00,12041.307141000001,11202
M9W,2026-03-15 07:00:00,12648.423299,11202
M9W,2026-03-15 08:00:00,14072.784098,11202
M9W,2026-03-15 09:00:00,15436.959512999998,11202
M9W,2026-03-15 10:00:00,16431.670308,11202
M9W,2026-03-15 11:00:00,16898.535988,11202
M9W,2026-03-15 12:00:00,16733.105646,11202
M9W,2026-03-15 13:00:00,16582.591426,11202
M9W,2026-03-15 14:00:00,16506.595906,11202
M9W,2026-03-15 15:00:00,16689.589439000003,11202
M9W,2026-03-15 16:00:00,16620.761382,11202
M9W,2026-03-15 17:00:00,16577.766956,11202
M9W,2026-03-15 18:00:00,17354.190217000003,11202
M9W,2026-03-15 19:00:00,17152.369595,11202
M9W,2026-03-15 20:00:00,16100.784184,11202
M9W,2026-03-15 21:00:00,14871.507442999999,11202
M9W,2026-03-15 22:00:00,13494.401052,11203
M9W,2026-03-15 23:00:00,12168.863292,11204
M9W,2026-03-16 00:00:00,11434.346774,11206
M9W,2026-03-16 01:00:00,10915.199761,11206
M9W,2026-03-16 02:00:00,10538.280506,11206
M9W,2026-03-16 03:00:00,10489.662415,11206
M9W,2026-03-16 04:00:00,11126.44897,11206
M9W,2026-03-16 05:00:00,11754.157836,11206
M9W,2026-03-16 06:00:00,12677.724540000001,11206
M9W,2026-03-16 07:00:00,13680.208845,11206
M9W,2026-03-16 08:00:00,14457.14688,11206
M9W,2026-03-16 09:00:00,15153.832273,11206
M9W,2026-03-16 10:00:00,15838.197011,11206
M9W,2026-03-16 11:00:00,16282.538837,11207
M9W,2026-03-16 12:00:00,16184.668470999999,11207
M9W,2026-03-16 13:00:00,16185.798532,11207
M9W,2026-03-16 14:00:00,15969.194526,11207
M9W,2026-03-16 15:00:00,16032.281490000001,11207
M9W,2026-03-16 16:00:00,16257.436638000001,11207
M9W,2026-03-16 17:00:00,16476.731484999997,11207
M9W,2026-03-16 18:00:00,16705.413458,11207
M9W,2026-03-16 19:00:00,16427.609886,11207
M9W,2026-03-16 20:00:00,15711.340479,11207
M9W,2026-03-16 21:00:00,14482.435545,11207
M9W,2026-03-16 22:00:00,13435.440116,11207
M9W,2026-03-16 23:00:00,12566.601715,11207
M9W,2026-03-17 00:00:00,12196.658975,11207
M9W,2026-03-17 01:00:00,11803.27464,11206
M9W,2026-03-17 02:00:00,11719.595541,11206
M9W,2026-03-17 03:00:00,12012.49558,11206
M9W,2026-03-17 04:00:00,12650.934859,11206
M9W,2026-03-17 05:00:00,13509.371376,11206
M9W,2026-03-17 06:00:00,14587.076172000001,11206
M9W,2026-03-17 07:00:00,15555.747653,11206
M9W,2026-03-17 08:00:00,16643.64385,11205
M9W,2026-03-17 09:00:00,17412.237089000002,11205
M9W,2026-03-17 10:00:00,17842.75971,11205
M9W,2026-03-17 11:00:00,18002.162623,11205
M9W,2026-03-17 12:00:00,17810.869804,11205
M9W,2026-03-17 13:00:00,17616.371516,11205
M9W,2026-03-17 14:00:00,17510.123018,11205
M9W,2026-03-17 15:00:00,17581.768862999998,11205
M9W,2026-03-17 16:00:00,17479.985819,11205
M9W,2026-03-17 17:00:00,17426.488932,11205
M9W,2026-03-17 18:00:00,18130.236051,11205
M9W,2026-03-17 19:00:00,18075.128976,11205
M9W,2026-03-17 20:00:00,17361.671387000002,11205
M9W,2026-03-17 21:00:00,15986.898455999999,11205
M9W,2026-03-17 22:00:00,14661.306493,11205
M9W,2026-03-17 23:00:00,13694.14177,11206
M9W,2026-03-18 00:00:00,12814.454522,11205
M9W,2026-03-18 01:00:00,12256.127136,11206
M9W,2026-03-18 02:00:00,11936.973166,11206
M9W,2026-03-18 03:00:00,12045.594464,11206
M9W,2026-03-18 04:00:00,12695.525363,11206
M9W,2026-03-18 05:00:00,13358.116404,11206
M9W,2026-03-18 06:00:00,14317.2798,11205
M9W,2026-03-18 07:00:00,15324.551205,11205
M9W,2026-03-18 08:00:00,16013.723623,11205
M9W,2026-03-18 09:00:00,16607.161305,11205
M9W,2026-03-18 10:00:00,17110.226979,11206
M9W,2026-03-18 11:00:00,17546.296639,11206
M9W,2026-03-18 12:00:00,17747.859117,11206
M9W,2026-03-18 13:00:00,17693.533127,11206
M9W,2026-03-18 14:00:00,17221.987526999997,11206
M9W,2026-03-18 15:00:00,17201.020065,11206
M9W,2026-03-18 16:00:00,17340.660632,11206
M9W,2026-03-18 17:00:00,17216.695168,11206
M9W,2026-03-18 18:00:00,17595.392883,11206
M9W,2026-03-18 19:00:00,17462.29035,11206
M9W,2026-03-18 20:00:00,16672.770669,11206
M9W,2026-03-18 21:00:00,15591.689182,11206
M9W,2026-03-18 22:00:00,14381.611567,11206
M9W,2026-03-18 23:00:00,13280.02162,11206
M9W,2026-03-19 00:00:00,12366.210672000001,11206
M9W,2026-03-19 01:00:00,11820.370716000001,11206
M9W,2026-03-19 02:00:00,11486.349644,11206
M9W,2026-03-19 03:00:00,11420.246415,11205
M9W,2026-03-19 04:00:00,11965.47413,11206
M9W,2026-03-19 05:00:00,12687.166045,11206
M9W,2026-03-19 06:00:00,13777.723261,11206
M9W,2026-03-19 07:00:00,14654.572098,11206
M9W,2026-03-19 08:00:00,15624.488937999999,11206
M9W,2026-03-19 09:00:00,16121.51012,11206
M9W,2026-03-19 10:00:00,16291.219826,11206
M9W,2026-03-19 11:00:00,16407.787163,11205
M9W,2026-03-19 12:00:00,16163.414525,11205
M9W,2026-03-19 13:00:00,16152.107557,11205
M9W,2026-03-19 14:00:00,15970.863637,11205
M9W,2026-03-19 15:00:00,15869.750504,11205
M9W,2026-03-19 16:00:00,15563.104789,11205
M9W,2026-03-19 17:00:00,15730.545153,11205
M9W,2026-03-19 18:00:00,16309.005082000001,11205
M9W,2026-03-19 19:00:00,16374.678903,11205
M9W,2026-03-19 20:00:00,15757.945258,11205
M9W,2026-03-19 21:00:00,14796.579712000002,11205
M9W,2026-03-19 22:00:00,13870.807013999998,11205
M9W,2026-03-19 23:00:00,12600.553952,11205
M9W,2026-03-20 00:00:00,11968.375627000001,11205
M9W,2026-03-20 01:00:00,11425.424428,11205
M9W,2026-03-20 02:00:00,11051.495997,11205
M9W,2026-03-20 03:00:00,10960.291549,11204
M9W,2026-03-20 04:00:00,11459.003504,11204
M9W,2026-03-20 05:00:00,12332.639304,11204
M9W,2026-03-20 06:00:00,13603.835189,11204
M9W,2026-03-20 07:00:00,14802.150729,11205
M9W,2026-03-20 08:00:00,15836.734,11204
M9W,2026-03-20 09:00:00,16300.235566,11205
M9W,2026-03-20 10:00:00,16821.271862,11205
M9W,2026-03-20 11:00:00,17071.004009,11205
M9W,2026-03-20 12:00:00,17007.526924,11205
M9W,2026-03-20 13:00:00,16575.592807,11205
M9W,2026-03-20 14:00:00,16075.398932999999,11205
M9W,2026-03-20 15:00:00,15818.823044,11205
M9W,2026-03-20 16:00:00,15629.322258,11205
M9W,2026-03-20 17:00:00,15468.631609,11205
M9W,2026-03-20 18:00:00,15786.300743,11205
M9W,2026-03-20 19:00:00,16165.498521000001,11205
M9W,2026-03-20 20:00:00,15787.790049,11205
M9W,2026-03-20 21:00:00,14789.30901,11205
M9W,2026-03-20 22:00:00,13783.839758,11205
M9W,2026-03-20 23:00:00,12782.617369,11207
M9W,2026-03-21 00:00:00,11778.689353,11202
M9W,2026-03-21 01:00:00,11085.363189,11203
M9W,2026-03-21 02:00:00,10744.406845000001,11203
M9W,2026-03-21 03:00:00,10702.524628,11202
M9W,2026-03-21 04:00:00,10869.168681000001,11202
M9W,2026-03-21 05:00:00,11225.228548,11202
M9W,2026-03-21 06:00:00,11857.688146,11202
M9W,2026-03-21 07:00:00,12795.087488,11202
M9W,2026-03-21 08:00:00,14244.171022999999,11202
M9W,2026-03-21 09:00:00,15443.334331,11202
M9W,2026-03-21 10:00:00,16274.588958,11202
M9W,2026-03-21 11:00:00,16639.081193,11202
M9W,2026-03-21 12:00:00,16591.098656,11202
M9W,2026-03-21 13:00:00,16515.023927000002,11202
M9W,2026-03-21 14:00:00,16346.320364,11202
M9W,2026-03-21 15:00:00,16257.512182000002,11202
M9W,2026-03-21 16:00:00,16331.515793,11202
M9W,2026-03-21 17:00:00,16303.491911000001,11202
M9W,2026-03-21 18:00:00,16342.919457999998,11202
M9W,2026-03-21 19:00:00,16330.212451,11202
M9W,2026-03-21 20:00:00,15493.826426999998,11202
M9W,2026-03-21 21:00:00,14665.032292,11202
M9W,2026-03-21 22:00:00,13591.933993,11202
M9W,2026-03-21 23:00:00,12660.215901,11201
M9W,2026-03-22 00:00:00,11790.388491,11201
M9W,2026-03-22 01:00:00,11189.624691,11202
M9W,2026-03-22 02:00:00,10745.487978000001,11202
M9W,2026-03-22 03:00:00,10556.266242,11202
M9W,2026-03-22 04:00:00,10638.878037,11202
M9W,2026-03-22 05:00:00,10929.855851,11202
M9W,2026-03-22 06:00:00,11280.616996,11202
M9W,2026-03-22 07:00:00,12202.62559,11202
M9W,2026-03-22 08:00:00,13805.292707,11202
M9W,2026-03-22 09:00:00,15026.411257,11202
M9W,2026-03-22 10:00:00,15996.448795,11202
M9W,2026-03-22 11:00:00,16516.853982,11202
M9W,2026-03-22 12:00:00,16304.216837,11202
M9W,2026-03-22 13:00:00,16274.929646,11201
M9W,2026-03-22 14:00:00,16305.817036999999,11201
M9W,2026-03-22 15:00:00,16550.681495,11201
M9W,2026-03-22 16:00:00,16654.724832,11201
M9W,2026-03-22 17:00:00,16615.742423,11201
M9W,2026-03-22 18:00:00,16910.942272,11201
M9W,2026-03-22 19:00:00,17037.91994,11201
M9W,2026-03-22 20:00:00,16262.124501,11201
M9W,2026-03-22 21:00:00,14943.884558000002,11201
M9W,2026-03-22 22:00:00,13527.009522,11201
M9W,2026-03-22 23:00:00,12288.905456,11201
M9W,2026-03-23 00:00:00,11370.393572,11204
M9W,2026-03-23 01:00:00,10903.933622,11204
M9W,2026-03-23 02:00:00,10620.044247,11204
M9W,2026-03-23 03:00:00,10799.210339,11204
M9W,2026-03-23 04:00:00,11417.071169,11204
M9W,2026-03-23 05:00:00,12410.642883999999,11204
M9W,2026-03-23 06:00:00,13700.824272000002,11204
M9W,2026-03-23 07:00:00,14447.121707,11204
M9W,2026-03-23 08:00:00,15357.337656,11204
M9W,2026-03-23 09:00:00,16070.574298000001,11203
M9W,2026-03-23 10:00:00,16581.89874,11203
M9W,2026-03-23 11:00:00,16667.854672,11203
M9W,2026-03-23 12:00:00,16651.316284,11203
M9W,2026-03-23 13:00:00,16320.036105000001,11203
M9W,2026-03-23 14:00:00,16115.113814,11203
M9W,2026-03-23 15:00:00,16251.817807,11203
M9W,2026-03-23 16:00:00,16352.559703,11203
M9W,2026-03-23 17:00:00,16437.458281,11203
M9W,2026-03-23 18:00:00,16840.551147000002,11203
M9W,2026-03-23 19:00:00,17159.856099,11203
M9W,2026-03-23 20:00:00,16235.012521,11203
M9W,2026-03-23 21:00:00,15003.446594000001,11204
M9W,2026-03-23 22:00:00,13839.448394000001,11204
M9W,2026-03-23 23:00:00,12836.695407,11204
M9W,2026-03-24 00:00:00,12049.716191,11204
M9W,2026-03-24 01:00:00,11587.923568,11204
M9W,2026-03-24 02:00:00,11332.760693,11204
M9W,2026-03-24 03:00:00,11426.028500999999,11203
M9W,2026-03-24 04:00:00,12077.55903,11203
M9W,2026-03-24 05:00:00,13171.339062,11203
M9W,2026-03-24 06:00:00,14276.179791999999,11201
M9W,2026-03-24 07:00:00,14940.186740000001,11201
M9W,2026-03-24 08:00:00,15449.481607000002,11202
M9W,2026-03-24 09:00:00,16118.065888,11203
M9W,2026-03-24 10:00:00,16341.753191,11202
M9W,2026-03-24 11:00:00,16489.891712,11201
M9W,2026-03-24 12:00:00,16292.910257,11202
M9W,2026-03-24 13:00:00,16320.825891,11201
M9W,2026-03-24 14:00:00,16154.99018,11201
M9W,2026-03-24 15:00:00,15970.957495999999,11201
M9W,2026-03-24 16:00:00,16128.76536,11201
M9W,2026-03-24 17:00:00,15969.967764,11201
M9W,2026-03-24 18:00:00,16495.974378000003,11201
M9W,2026-03-24 19:00:00,16643.334461,11201
M9W,2026-03-24 20:00:00,15795.243492000001,11201
M9W,2026-03-24 21:00:00,14404.260621,11201
M9W,2026-03-24 22:00:00,13263.856343,11201
M9W,2026-03-24 23:00:00,12360.75981,11201
M9W,2026-03-25 00:00:00,11451.625807999999,11201
M9W,2026-03-25 01:00:00,11077.312666,11201
M9W,2026-03-25 02:00:00,10903.18888,11201
M9W,2026-03-25 03:00:00,11017.750271,11201
M9W,2026-03-25 04:00:00,11676.596342,11201
M9W,2026-03-25 05:00:00,12649.339607,11201
M9W,2026-03-25 06:00:00,13794.617141,11201
M9W,2026-03-25 07:00:00,14544.844056999998,11201
M9W,2026-03-25 08:00:00,15318.480451,11201
M9W,2026-03-25 09:00:00,15661.268003000001,11201
M9W,2026-03-25 10:00:00,15812.631474,11201
M9W,2026-03-25 11:00:00,15810.652982,11201
M9W,2026-03-25 12:00:00,15524.580271,11201
M9W,2026-03-25 13:00:00,15371.864953,11201
M9W,2026-03-25 14:00:00,15583.474683,11201
M9W,2026-03-25 15:00:00,15955.315489999999,11201
M9W,2026-03-25 16:00:00,16028.528398999999,11201
M9W,2026-03-25 17:00:00,15886.948577,11201
M9W,2026-03-25 18:00:00,16239.008381,11201
M9W,2026-03-25 19:00:00,16262.551537000001,11201
M9W,2026-03-25 20:00:00,15450.264421,11201
M9W,2026-03-25 21:00:00,14116.55198,11201
M9W,2026-03-25 22:00:00,12930.001479,11201
M9W,2026-03-25 23:00:00,11950.032013,11201
M9W,2026-03-26 00:00:00,11137.823395,11201
M9W,2026-03-26 01:00:00,10642.868543999999,11201
M9W,2026-03-26 02:00:00,10454.943447000001,11201
M9W,2026-03-26 03:00:00,10578.582267,11201
M9W,2026-03-26 04:00:00,11288.163529,11201
M9W,2026-03-26 05:00:00,12320.378404,11201
M9W,2026-03-26 06:00:00,13370.763465,11201
M9W,2026-03-26 07:00:00,14179.706517999999,11201
M9W,2026-03-26 08:00:00,14871.296299,11201
M9W,2026-03-26 09:00:00,15305.573178999999,11201
M9W,2026-03-26 10:00:00,15616.854127,11200
M9W,2026-03-26 11:00:00,16026.781754000001,11200
M9W,2026-03-26 12:00:00,15816.140136,11200
M9W,2026-03-26 13:00:00,15562.333649,11199
M9W,2026-03-26 14:00:00,15722.218608,11198
M9W,2026-03-26 15:00:00,15982.378642,11200
M9W,2026-03-26 16:00:00,15842.039272000002,11200
M9W,2026-03-26 17:00:00,15526.625679,11200
M9W,2026-03-26 18:00:00,15692.561242000002,11200
M9W,2026-03-26 19:00:00,15874.655878000001,11200
M9W,2026-03-26 20:00:00,15166.416107,11200
M9W,2026-03-26 21:00:00,14120.166287,11200
M9W,2026-03-26 22:00:00,13027.720068999999,11200
M9W,2026-03-26 23:00:00,12194.766877999999,11200
M9W,2026-03-27 00:00:00,11575.470142,11200
M9W,2026-03-27 01:00:00,11196.207639,11200
M9W,2026-03-27 02:00:00,11031.12298,11200
M9W,2026-03-27 03:00:00,11196.448051,11200
M9W,2026-03-27 04:00:00,11844.040127,11200
M9W,2026-03-27 05:00:00,12831.776999000002,11200
M9W,2026-03-27 06:00:00,14005.020739,11200
M9W,2026-03-27 07:00:00,14873.495416,11201
M9W,2026-03-27 08:00:00,15791.205333,11201
M9W,2026-03-27 09:00:00,16338.335462000001,11201
M9W,2026-03-27 10:00:00,16583.456119000002,11201
M9W,2026-03-27 11:00:00,16665.254157,11201
M9W,2026-03-27 12:00:00,16593.300335,11201
M9W,2026-03-27 13:00:00,16223.44047,11200
M9W,2026-03-27 14:00:00,15976.520439,11201
M9W,2026-03-27 15:00:00,15848.20112,11201
M9W,2026-03-27 16:00:00,15429.242409999999,11201
M9W,2026-03-27 17:00:00,15243.034255,11201
M9W,2026-03-27 18:00:00,15803.788199999999,11201
M9W,2026-03-27 19:00:00,16733.166420999998,11201
M9W,2026-03-27 20:00:00,16403.263758999998,11201
M9W,2026-03-27 21:00:00,15579.663871,11201
M9W,2026-03-27 22:00:00,14402.801026000001,11201
M9W,2026-03-27 23:00:00,13282.753194,11201
M9W,2026-03-28 00:00:00,12427.203992,11199
M9W,2026-03-28 01:00:00,11787.22451,11199
M9W,2026-03-28 02:00:00,11406.867974,11199
M9W,2026-03-28 03:00:00,11403.275342,11199
M9W,2026-03-28 04:00:00,11614.511841,11199
M9W,2026-03-28 05:00:00,12107.457449000001,11199
M9W,2026-03-28 06:00:00,12752.045774999999,11199
M9W,2026-03-28 07:00:00,13863.137745,11199
M9W,2026-03-28 08:00:00,15060.377693,11199
M9W,2026-03-28 09:00:00,16378.923929,11199
M9W,2026-03-28 10:00:00,17158.75376,11199
M9W,2026-03-28 11:00:00,17405.597886,11199
M9W,2026-03-28 12:00:00,17134.293122000003,11199
M9W,2026-03-28 13:00:00,16835.597175,11199
M9W,2026-03-28 14:00:00,16551.683469,11199
M9W,2026-03-28 15:00:00,16268.474607,11199
M9W,2026-03-28 16:00:00,16278.574788999998,11199
M9W,2026-03-28 17:00:00,16441.345777000002,11199
M9W,2026-03-28 18:00:00,16741.361865,11199
M9W,2026-03-28 19:00:00,16986.961741,11199
M9W,2026-03-28 20:00:00,16277.085183,11199
M9W,2026-03-28 21:00:00,15376.416518999999,11199
M9W,2026-03-28 22:00:00,14155.32879,11199
M9W,2026-03-28 23:00:00,13087.693437999998,11199
M9W,2026-03-29 00:00:00,12104.52385,11199
M9W,2026-03-29 01:00:00,11434.920839,11200
M9W,2026-03-29 02:00:00,11059.303597,11200
M9W,2026-03-29 03:00:00,10902.728367,11200
M9W,2026-03-29 04:00:00,10957.437172,11200
M9W,2026-03-29 05:00:00,11251.750199999999,11200
M9W,2026-03-29 06:00:00,11685.069713,11200
M9W,2026-03-29 07:00:00,12590.50272,11200
M9W,2026-03-29 08:00:00,13597.418893999999,11200
M9W,2026-03-29 09:00:00,14690.544679000002,11200
M9W,2026-03-29 10:00:00,15389.014613,11199
M9W,2026-03-29 11:00:00,15798.753364,11199
M9W,2026-03-29 12:00:00,15768.618257999999,11199
M9W,2026-03-29 13:00:00,15597.987764000001,11199
M9W,2026-03-29 14:00:00,15637.609090999998,11199
M9W,2026-03-29 15:00:00,15407.921913,11199
M9W,2026-03-29 16:00:00,15409.020905000001,11199
M9W,2026-03-29 17:00:00,15640.642566999999,11199
M9W,2026-03-29 18:00:00,15929.918956,11199
M9W,2026-03-29 19:00:00,16266.239590000001,11199
M9W,2026-03-29 20:00:00,15455.150624999998,11199
M9W,2026-03-29 21:00:00,14277.281736,11199
M9W,2026-03-29 22:00:00,12899.071177000002,11199
M9W,2026-03-29 23:00:00,11730.975481000001,11199
M9W,2026-03-30 00:00:00,10877.127569,11200
M9W,2026-03-30 01:00:00,10443.819456000001,11200
M9W,2026-03-30 02:00:00,10208.730494,11200
M9W,2026-03-30 03:00:00,10364.102176,11200
M9W,2026-03-30 04:00:00,11076.164852,11200
M9W,2026-03-30 05:00:00,11999.123298,11200
M9W,2026-03-30 06:00:00,13036.002031,11200
M9W,2026-03-30 07:00:00,13920.913681,11200
M9W,2026-03-30 08:00:00,14715.813858000001,11200
M9W,2026-03-30 09:00:00,15250.719656,11200
M9W,2026-03-30 10:00:00,15470.768879,11200
M9W,2026-03-30 11:00:00,15283.05101,11200
M9W,2026-03-30 12:00:00,15023.735672,11200
M9W,2026-03-30 13:00:00,14621.695704999998,11200
M9W,2026-03-30 14:00:00,14450.539826,11200
M9W,2026-03-30 15:00:00,14381.048999,11200
M9W,2026-03-30 16:00:00,14102.822828,11201
M9W,2026-03-30 17:00:00,14059.918922,11201
M9W,2026-03-30 18:00:00,14642.831111,11201
M9W,2026-03-30 19:00:00,14638.552304999997,11201
M9W,2026-03-30 20:00:00,13949.356846,11201
M9W,2026-03-30 21:00:00,12639.888269,11201
M9W,2026-03-30 22:00:00,11404.595635999998,11201
M9W,2026-03-30 23:00:00,10433.542664,11201
M9W,2026-03-31 00:00:00,9680.377318,11201
M9W,2026-03-31 01:00:00,9214.639828,11202
M9W,2026-03-31 02:00:00,8939.274566,11202
M9W,2026-03-31 03:00:00,9098.289906,11202
M9W,2026-03-31 04:00:00,9683.774274,11202
M9W,2026-03-31 05:00:00,10716.458235,11202
M9W,2026-03-31 06:00:00,11897.152431999999,11202
M9W,2026-03-31 07:00:00,12638.221194999998,11202
M9W,2026-03-31 08:00:00,13312.061567,11202
M9W,2026-03-31 09:00:00,13866.594867,11203
M9W,2026-03-31 10:00:00,14362.055322,11206
M9W,2026-03-31 11:00:00,14766.948172,11206
M9W,2026-03-31 12:00:00,14842.101815,11206
M9W,2026-03-31 13:00:00,14544.889241,11206
M9W,2026-03-31 14:00:00,14409.813689999999,11206
M9W,2026-03-31 15:00:00,14317.340155,11206
M9W,2026-03-31 16:00:00,14260.746869,11206
M9W,2026-03-31 17:00:00,14500.928147999999,11206
M9W,2026-03-31 18:00:00,15193.463437,11206
M9W,2026-03-31 19:00:00,15054.645571000001,11206
M9W,2026-03-31 20:00:00,14128.589296,11206
M9W,2026-03-31 21:00:00,13005.663411,11206
M9W,2026-03-31 22:00:00,11395.953413000001,11206
M9W,2026-03-31 23:00:00,10640.659123,11212
M9W,2026-04-01 00:00:00,10007.286148,11209
M9W,2026-04-01 01:00:00,9678.212263000001,11209
M9W,2026-04-01 02:00:00,9509.549127,11209
M9W,2026-04-01 03:00:00,9765.968864999999,11209
M9W,2026-04-01 04:00:00,10476.349302999999,11209
M9W,2026-04-01 05:00:00,11614.473437999999,11209
M9W,2026-04-01 06:00:00,12938.095720000001,11210
M9W,2026-04-01 07:00:00,13866.023554000001,11210
M9W,2026-04-01 08:00:00,14741.602853,11211
M9W,2026-04-01 09:00:00,15401.329194000002,11211
M9W,2026-04-01 10:00:00,15843.090444000001,11211
M9W,2026-04-01 11:00:00,16097.309670999999,11211
M9W,2026-04-01 12:00:00,16124.462340999999,11211
M9W,2026-04-01 13:00:00,15883.011266,11211
M9W,2026-04-01 14:00:00,15848.931777,11211
M9W,2026-04-01 15:00:00,15820.648648,11211
M9W,2026-04-01 16:00:00,15630.618688,11211
M9W,2026-04-01 17:00:00,15473.570224,11211
M9W,2026-04-01 18:00:00,15781.077446,11211
M9W,2026-04-01 19:00:00,16137.383862,11211
M9W,2026-04-01 20:00:00,15442.817694000001,11211
M9W,2026-04-01 21:00:00,14288.7145,11211
M9W,2026-04-01 22:00:00,13038.177054,11211
M9W,2026-04-01 23:00:00,12033.574332,11219
M9W,2026-04-02 00:00:00,11307.330252,11211
M9W,2026-04-02 01:00:00,10943.719222,11211
M9W,2026-04-02 02:00:00,10671.805218,11211
M9W,2026-04-02 03:00:00,10672.919514000001,11211
M9W,2026-04-02 04:00:00,11261.314381,11211
M9W,2026-04-02 05:00:00,12331.475134,11211
M9W,2026-04-02 06:00:00,13496.274911,11211
M9W,2026-04-02 07:00:00,14451.405946,11211
M9W,2026-04-02 08:00:00,15261.924652,11211
M9W,2026-04-02 09:00:00,16023.094121999999,11211
M9W,2026-04-02 10:00:00,16609.803283,11211
M9W,2026-04-02 11:00:00,16654.558487,11211
M9W,2026-04-02 12:00:00,16822.919508,11211
M9W,2026-04-02 13:00:00,16895.055013999998,11211
M9W,2026-04-02 14:00:00,16816.851965,11211
M9W,2026-04-02 15:00:00,16548.342758,11211
M9W,2026-04-02 16:00:00,16340.509471,11211
M9W,2026-04-02 17:00:00,15904.802516,11211
M9W,2026-04-02 18:00:00,16170.651693,11211
M9W,2026-04-02 19:00:00,16266.408378,11211
M9W,2026-04-02 20:00:00,15495.715466,11211
M9W,2026-04-02 21:00:00,14481.605178,11211
M9W,2026-04-02 22:00:00,13363.810306,11211
M9W,2026-04-02 23:00:00,12201.745564,11213
M9W,2026-04-03 00:00:00,11347.761873,11208
M9W,2026-04-03 01:00:00,10767.567233,11208
M9W,2026-04-03 02:00:00,10385.651721,11208
M9W,2026-04-03 03:00:00,10167.850413,11208
M9W,2026-04-03 04:00:00,10226.845117,11208
M9W,2026-04-03 05:00:00,10548.026828999999,11208
M9W,2026-04-03 06:00:00,10794.540385,11208
M9W,2026-04-03 07:00:00,11649.475193,11208
M9W,2026-04-03 08:00:00,12596.474022999999,11208
M9W,2026-04-03 09:00:00,13416.300497,11208
M9W,2026-04-03 10:00:00,14102.732576999999,11208
M9W,2026-04-03 11:00:00,14331.532189000001,11208
M9W,2026-04-03 12:00:00,14113.310637999999,11208
M9W,2026-04-03 13:00:00,13681.757431999999,11208
M9W,2026-04-03 14:00:00,13457.325722000001,11208
M9W,2026-04-03 15:00:00,13377.373572,11207
M9W,2026-04-03 16:00:00,13417.93303,11207
M9W,2026-04-03 17:00:00,13201.186467,11207
M9W,2026-04-03 18:00:00,13471.155152,11207
M9W,2026-04-03 19:00:00,14432.797215,11207
M9W,2026-04-03 20:00:00,14080.945525,11207
M9W,2026-04-03 21:00:00,13403.577731,11207
M9W,2026-04-03 22:00:00,12394.509122,11207
M9W,2026-04-03 23:00:00,11394.908059000001,11207
M9W,2026-04-04 00:00:00,10648.304660000002,11208
M9W,2026-04-04 01:00:00,10046.772998,11209
M9W,2026-04-04 02:00:00,9788.441125,11209
M9W,2026-04-04 03:00:00,9769.488598,11208
M9W,2026-04-04 04:00:00,9949.4146,11208
M9W,2026-04-04 05:00:00,10381.951753,11208
M9W,2026-04-04 06:00:00,10953.1485,11208
M9W,2026-04-04 07:00:00,12198.431373,11208
M9W,2026-04-04 08:00:00,13721.425939,11208
M9W,2026-04-04 09:00:00,15130.997185,11208
M9W,2026-04-04 10:00:00,16037.724667999999,11208
M9W,2026-04-04 11:00:00,16510.304788,11208
M9W,2026-04-04 12:00:00,16437.804024,11208
M9W,2026-04-04 13:00:00,16028.408893,11208
M9W,2026-04-04 14:00:00,15575.455706,11208
M9W,2026-04-04 15:00:00,15186.822884999998,11207
M9W,2026-04-04 16:00:00,15257.102386,11207
M9W,2026-04-04 17:00:00,15303.030053999999,11207
M9W,2026-04-04 18:00:00,15442.780841,11207
M9W,2026-04-04 19:00:00,15737.132655,11207
M9W,2026-04-04 20:00:00,15013.276749,11207
M9W,2026-04-04 21:00:00,14021.597251,11207
M9W,2026-04-04 22:00:00,12970.446662,11207
M9W,2026-04-04 23:00:00,11998.344701,11207
M9W,2026-04-05 00:00:00,11174.291976,11208
M9W,2026-04-05 01:00:00,10555.461038000001,11208
M9W,2026-04-05 02:00:00,10169.428969,11208
M9W,2026-04-05 03:00:00,9998.507781,11208
M9W,2026-04-05 04:00:00,10049.400658,11208
M9W,2026-04-05 05:00:00,10285.501707,11208
M9W,2026-04-05 06:00:00,10842.622261,11208
M9W,2026-04-05 07:00:00,11795.395263999999,11208
M9W,2026-04-05 08:00:00,13202.035637,11208
M9W,2026-04-05 09:00:00,14496.938054,11208
M9W,2026-04-05 10:00:00,15450.919697,11208
M9W,2026-04-05 11:00:00,15801.713077,11208
M9W,2026-04-05 12:00:00,15630.979255,11208
M9W,2026-04-05 13:00:00,15447.407994000001,11208
M9W,2026-04-05 14:00:00,15559.327215999998,11209
M9W,2026-04-05 15:00:00,15328.066044,11211
M9W,2026-04-05 16:00:00,15238.331338,11211
M9W,2026-04-05 17:00:00,15306.598656999999,11212
M9W,2026-04-05 18:00:00,15563.192651,11212
M9W,2026-04-05 19:00:00,16282.686579000001,11212
M9W,2026-04-05 20:00:00,15725.479062,11212
M9W,2026-04-05 21:00:00,14663.992338,11212
M9W,2026-04-05 22:00:00,13491.880311,11212
M9W,2026-04-05 23:00:00,12307.761209,11212
M9W,2026-04-06 00:00:00,11457.883951,11213
M9W,2026-04-06 01:00:00,10889.041714,11213
M9W,2026-04-06 02:00:00,10538.850083000001,11213
M9W,2026-04-06 03:00:00,10538.087013,11212
M9W,2026-04-06 04:00:00,11001.582012,11213
M9W,2026-04-06 05:00:00,11723.16302,11213
M9W,2026-04-06 06:00:00,12546.533455,11213
M9W,2026-04-06 07:00:00,13780.627507000001,11213
M9W,2026-04-06 08:00:00,14635.783075,11213
M9W,2026-04-06 09:00:00,15494.570213,11213
M9W,2026-04-06 10:00:00,16051.488754999998,11213
M9W,2026-04-06 11:00:00,16080.790816,11213
M9W,2026-04-06 12:00:00,16233.180435,11213
M9W,2026-04-06 13:00:00,16073.93802,11213
M9W,2026-04-06 14:00:00,16009.839713000001,11213
M9W,2026-04-06 15:00:00,15888.811735,11213
M9W,2026-04-06 16:00:00,15903.229447,11214
M9W,2026-04-06 17:00:00,15671.777803999998,11214
M9W,2026-04-06 18:00:00,15589.989496,11214
M9W,2026-04-06 19:00:00,16077.423907,11214
M9W,2026-04-06 20:00:00,15479.288386,11214
M9W,2026-04-06 21:00:00,14091.625396,11214
M9W,2026-04-06 22:00:00,12912.603299,11214
M9W,2026-04-06 23:00:00,11966.456248999999,11215
M9W,2026-04-07 00:00:00,11522.263009999999,11213
M9W,2026-04-07 01:00:00,11163.934021000001,11213
M9W,2026-04-07 02:00:00,10999.194357,11214
M9W,2026-04-07 03:00:00,11149.193984000001,11214
M9W,2026-04-07 04:00:00,11754.655787,11214
M9W,2026-04-07 05:00:00,12863.247428,11214
M9W,2026-04-07 06:00:00,14119.906587000001,11215
M9W,2026-04-07 07:00:00,14942.66863,11214
M9W,2026-04-07 08:00:00,15721.650404,11215
M9W,2026-04-07 09:00:00,16303.60612,11215
M9W,2026-04-07 10:00:00,16613.353604,11216
M9W,2026-04-07 11:00:00,16721.291051,11216
M9W,2026-04-07 12:00:00,16608.190805,11209
M9W,2026-04-07 13:00:00,16412.505627,11216
M9W,2026-04-07 14:00:00,16199.692965,11216
M9W,2026-04-07 15:00:00,16041.268475,11216
M9W,2026-04-07 16:00:00,15700.003471,11216
M9W,2026-04-07 17:00:00,15379.699446999999,11216
M9W,2026-04-07 18:00:00,15847.308372,11216
M9W,2026-04-07 19:00:00,16554.424153,11216
M9W,2026-04-07 20:00:00,15944.14683,11216
M9W,2026-04-07 21:00:00,14618.218703999999,11216
M9W,2026-04-07 22:00:00,13495.311875,11216
M9W,2026-04-07 23:00:00,12447.885612000002,11216
M9W,2026-04-08 00:00:00,11706.474275,11216
M9W,2026-04-08 01:00:00,11187.640319,11216
M9W,2026-04-08 02:00:00,11023.242280999999,11216
M9W,2026-04-08 03:00:00,11215.223745,11215
M9W,2026-04-08 04:00:00,11854.900301,11215
M9W,2026-04-08 05:00:00,12801.156478,11215
M9W,2026-04-08 06:00:00,14008.892557000001,11215
M9W,2026-04-08 07:00:00,14620.528538,11215
M9W,2026-04-08 08:00:00,15232.920481,11215
M9W,2026-04-08 09:00:00,15817.653864,11213
M9W,2026-04-08 10:00:00,16220.318188000001,11213
M9W,2026-04-08 11:00:00,16279.860558,11213
M9W,2026-04-08 12:00:00,16213.690082000001,11213
M9W,2026-04-08 13:00:00,15866.940478,11213
M9W,2026-04-08 14:00:00,15585.568348,11213
M9W,2026-04-08 15:00:00,15427.54375,11213
M9W,2026-04-08 16:00:00,15268.739415,11213
M9W,2026-04-08 17:00:00,15034.174703,11213
M9W,2026-04-08 18:00:00,15423.622894,11213
M9W,2026-04-08 19:00:00,16048.884035,11213
M9W,2026-04-08 20:00:00,15534.035944,11213
M9W,2026-04-08 21:00:00,14181.615823,11212
M9W,2026-04-08 22:00:00,12816.151292999999,11212
M9W,2026-04-08 23:00:00,11854.877438,11215
M9W,2026-04-09 00:00:00,11018.914186999998,11212
M9W,2026-04-09 01:00:00,10544.077935,11212
M9W,2026-04-09 02:00:00,10333.535616000001,11212
M9W,2026-04-09 03:00:00,10436.345557,11212
M9W,2026-04-09 04:00:00,11039.425944999999,11212
M9W,2026-04-09 05:00:00,11997.305632,11212
M9W,2026-04-09 06:00:00,13147.195643,11212
M9W,2026-04-09 07:00:00,13542.047532,11212
M9W,2026-04-09 08:00:00,14209.779059,11212
M9W,2026-04-09 09:00:00,14719.920812,11211
M9W,2026-04-09 10:00:00,14927.371848,11211
M9W,2026-04-09 11:00:00,15201.233071,11211
M9W,2026-04-09 12:00:00,15273.382781,11211
M9W,2026-04-09 13:00:00,14949.80315,11212
M9W,2026-04-09 14:00:00,14509.856012,11212
M9W,2026-04-09 15:00:00,14403.143498,11212
M9W,2026-04-09 16:00:00,14090.667019,11212
M9W,2026-04-09 17:00:00,13745.788695,11212
M9W,2026-04-09 18:00:00,13937.33545,11212
M9W,2026-04-09 19:00:00,14566.132044000002,11212
M9W,2026-04-09 20:00:00,14134.466685,11212
M9W,2026-04-09 21:00:00,13117.095561,11212
M9W,2026-04-09 22:00:00,11975.998575999998,11212
M9W,2026-04-09 23:00:00,11047.621595999999,11215
M9W,2026-04-10 00:00:00,10427.662354,11210
M9W,2026-04-10 01:00:00,9925.847138000001,11210
M9W,2026-04-10 02:00:00,9699.069476,11210
M9W,2026-04-10 03:00:00,9771.030685,11210
M9W,2026-04-10 04:00:00,10312.767704,11210
M9W,2026-04-10 05:00:00,11353.58459,11210
M9W,2026-04-10 06:00:00,12565.362991999998,11210
M9W,2026-04-10 07:00:00,13657.264576000001,11210
M9W,2026-04-10 08:00:00,14641.049249,11210
M9W,2026-04-10 09:00:00,15370.9684,11210
M9W,2026-04-10 10:00:00,15904.528710999999,11210
M9W,2026-04-10 11:00:00,16198.300544000002,11210
M9W,2026-04-10 12:00:00,16106.183764,11210
M9W,2026-04-10 13:00:00,15821.990237999998,11210
M9W,2026-04-10 14:00:00,15443.014406999999,11210
M9W,2026-04-10 15:00:00,15261.780924,11209
M9W,2026-04-10 16:00:00,15148.623462,11209
M9W,2026-04-10 17:00:00,15067.943767,11209
M9W,2026-04-10 18:00:00,14952.346065,11209
M9W,2026-04-10 19:00:00,15675.809605999999,11209
M9W,2026-04-10 20:00:00,15212.226386,11209
M9W,2026-04-10 21:00:00,14108.159817,11209
M9W,2026-04-10 22:00:00,13102.88756,11209
M9W,2026-04-10 23:00:00,12080.889274000001,11209
M9W,2026-04-11 00:00:00,11240.084415000001,11209
M9W,2026-04-11 01:00:00,10630.280161,11208
M9W,2026-04-11 02:00:00,10315.111281,11208
M9W,2026-04-11 03:00:00,10304.141027,11208
M9W,2026-04-11 04:00:00,10488.285025,11208
M9W,2026-04-11 05:00:00,10830.261547,11208
M9W,2026-04-11 06:00:00,11368.573437000001,11208
M9W,2026-04-11 07:00:00,12499.666444,11208
M9W,2026-04-11 08:00:00,13817.397498,11208
M9W,2026-04-11 09:00:00,14796.54833,11208
M9W,2026-04-11 10:00:00,15496.488004,11208
M9W,2026-04-11 11:00:00,15640.547971,11208
M9W,2026-04-11 12:00:00,15459.538392999999,11208
M9W,2026-04-11 13:00:00,15052.076325000002,11208
M9W,2026-04-11 14:00:00,14815.636730000002,11208
M9W,2026-04-11 15:00:00,14494.929302,11208
M9W,2026-04-11 16:00:00,14529.014621,11208
M9W,2026-04-11 17:00:00,14418.441199,11208
M9W,2026-04-11 18:00:00,14309.728028000001,11208
M9W,2026-04-11 19:00:00,15015.486008,11208
M9W,2026-04-11 20:00:00,14739.953355999998,11208
M9W,2026-04-11 21:00:00,13886.718133999999,11208
M9W,2026-04-11 22:00:00,12833.682304999998,11208
M9W,2026-04-11 23:00:00,11877.942021,11209
M9W,2026-04-12 00:00:00,11119.865823,11208
M9W,2026-04-12 01:00:00,10445.434967000001,11209
M9W,2026-04-12 02:00:00,10122.002815,11209
M9W,2026-04-12 03:00:00,9939.934953,11208
M9W,2026-04-12 04:00:00,9971.69525,11208
M9W,2026-04-12 05:00:00,10192.794623,11208
M9W,2026-04-12 06:00:00,10498.149096000001,11208
M9W,2026-04-12 07:00:00,11513.500845999999,11208
M9W,2026-04-12 08:00:00,12910.655429999999,11208
M9W,2026-04-12 09:00:00,14160.420154,11208
M9W,2026-04-12 10:00:00,15451.108714,11208
M9W,2026-04-12 11:00:00,16146.965548,11208
M9W,2026-04-12 12:00:00,16186.675508,11208
M9W,2026-04-12 13:00:00,16117.324034,11208
M9W,2026-04-12 14:00:00,15858.935432999999,11208
M9W,2026-04-12 15:00:00,15972.362796000001,11208
M9W,2026-04-12 16:00:00,16038.646420999998,11208
M9W,2026-04-12 17:00:00,15624.202929,11208
M9W,2026-04-12 18:00:00,15669.542041,11209
M9W,2026-04-12 19:00:00,16228.649459,11209
M9W,2026-04-12 20:00:00,15544.480413000001,11209
M9W,2026-04-12 21:00:00,14161.981772,11209
M9W,2026-04-12 22:00:00,12697.594567,11209
M9W,2026-04-12 23:00:00,11492.591396,11209
M9W,2026-04-13 00:00:00,10605.016462,11209
M9W,2026-04-13 01:00:00,10014.518349,11209
M9W,2026-04-13 02:00:00,9692.360224,11209
M9W,2026-04-13 03:00:00,9821.85851,11209
M9W,2026-04-13 04:00:00,10269.316904,11209
M9W,2026-04-13 05:00:00,11342.074722,11209
M9W,2026-04-13 06:00:00,12481.919657,11209
M9W,2026-04-13 07:00:00,13198.0788,11209
M9W,2026-04-13 08:00:00,13878.922532,11209
M9W,2026-04-13 09:00:00,14506.123346,11209
M9W,2026-04-13 10:00:00,14893.750908,11209
M9W,2026-04-13 11:00:00,14742.687242,11209
M9W,2026-04-13 12:00:00,14657.306704,11209
M9W,2026-04-13 13:00:00,14443.719980999998,11209
M9W,2026-04-13 14:00:00,14368.168364,11209
M9W,2026-04-13 15:00:00,14318.250042,11209
M9W,2026-04-13 16:00:00,14192.226217,11209
M9W,2026-04-13 17:00:00,13656.701075,11209
M9W,2026-04-13 18:00:00,13629.553065,11209
M9W,2026-04-13 19:00:00,14138.626056,11209
M9W,2026-04-13 20:00:00,13678.146935,11209
M9W,2026-04-13 21:00:00,12419.676039,11209
M9W,2026-04-13 22:00:00,11177.014413,11209
M9W,2026-04-13 23:00:00,10228.415807000001,11209
M9W,2026-04-14 00:00:00,9494.321161,11208
M9W,2026-04-14 01:00:00,9005.137051,11208
M9W,2026-04-14 02:00:00,8766.357063,11208
M9W,2026-04-14 03:00:00,8805.395057,11208
M9W,2026-04-14 04:00:00,9403.498483,11208
M9W,2026-04-14 05:00:00,10510.943772999999,11208
M9W,2026-04-14 06:00:00,11704.318267999999,11208
M9W,2026-04-14 07:00:00,12351.125565,11208
M9W,2026-04-14 08:00:00,13376.295486,11208
M9W,2026-04-14 09:00:00,13966.858134,11208
M9W,2026-04-14 10:00:00,14238.130057,11208
M9W,2026-04-14 11:00:00,14382.084945999999,11208
M9W,2026-04-14 12:00:00,14543.965872,11208
M9W,2026-04-14 13:00:00,14356.384559999999,11208
M9W,2026-04-14 14:00:00,14242.576933,11208
M9W,2026-04-14 15:00:00,14150.455802,11208
M9W,2026-04-14 16:00:00,13940.826944,11208
M9W,2026-04-14 17:00:00,13690.630976,11208
M9W,2026-04-14 18:00:00,13644.728921999998,11208
M9W,2026-04-14 19:00:00,14169.239834,11208
M9W,2026-04-14 20:00:00,13675.663598,11208
M9W,2026-04-14 21:00:00,12507.121657,11209
M9W,2026-04-14 22:00:00,11295.350346,11209
M9W,2026-04-14 23:00:00,10303.655807,11209
M9W,2026-04-15 00:00:00,9508.095357,11209
M9W,2026-04-15 01:00:00,9040.436699,11209
M9W,2026-04-15 02:00:00,8818.057431000001,11209
M9W,2026-04-15 03:00:00,8977.744141,11209
M9W,2026-04-15 04:00:00,9514.213776,11209
M9W,2026-04-15 05:00:00,10532.138392,11208
M9W,2026-04-15 06:00:00,11623.954537000001,11208
M9W,2026-04-15 07:00:00,12517.726804,11208
M9W,2026-04-15 08:00:00,13441.635881999999,11208
M9W,2026-04-15 09:00:00,14164.328996,11208
M9W,2026-04-15 10:00:00,14681.757526000001,11207
M9W,2026-04-15 11:00:00,14938.998289000001,11208
M9W,2026-04-15 12:00:00,14776.599043999999,11208
M9W,2026-04-15 13:00:00,14391.290659999999,11208
M9W,2026-04-15 14:00:00,14297.870717,11208
M9W,2026-04-15 15:00:00,14257.495370999999,11208
M9W,2026-04-15 16:00:00,14273.293396000001,11208
M9W,2026-04-15 17:00:00,14207.342079,11208
M9W,2026-04-15 18:00:00,14474.301765,11208
M9W,2026-04-15 19:00:00,14520.469262999999,11208
M9W,2026-04-15 20:00:00,13842.527482000001,11208
M9W,2026-04-15 21:00:00,12618.802516,11208
M9W,2026-04-15 22:00:00,11300.378632,11208
M9W,2026-04-15 23:00:00,10194.214275,11209
M9W,2026-04-16 00:00:00,9483.988156,11208
M9W,2026-04-16 01:00:00,9098.080434,11208
M9W,2026-04-16 02:00:00,8836.727896,11208
M9W,2026-04-16 03:00:00,8814.525394,11208
M9W,2026-04-16 04:00:00,9432.288539000001,11208
M9W,2026-04-16 05:00:00,10453.686499,11208
M9W,2026-04-16 06:00:00,11700.05076,11208
M9W,2026-04-16 07:00:00,12475.886149,11208
M9W,2026-04-16 08:00:00,13246.867010999998,11208
M9W,2026-04-16 09:00:00,13937.642840999999,11208
M9W,2026-04-16 10:00:00,14292.648205,11208
M9W,2026-04-16 11:00:00,14474.282277999999,11208
M9W,2026-04-16 12:00:00,14402.689962,11208
M9W,2026-04-16 13:00:00,14323.391977,11208
M9W,2026-04-16 14:00:00,14325.17995,11209
M9W,2026-04-16 15:00:00,14273.189244,11209
M9W,2026-04-16 16:00:00,13955.535426,11209
M9W,2026-04-16 17:00:00,13830.483791999999,11209
M9W,2026-04-16 18:00:00,13988.218172,11209
M9W,2026-04-16 19:00:00,14317.108331,11210
M9W,2026-04-16 20:00:00,13936.540112,11210
M9W,2026-04-16 21:00:00,12464.862696,11208
M9W,2026-04-16 22:00:00,11343.697772,11207
M9W,2026-04-16 23:00:00,10328.068867,11208
M9W,2026-04-17 00:00:00,9578.543208,11207
M9W,2026-04-17 01:00:00,9203.305642000001,11207
M9W,2026-04-17 02:00:00,8902.748166000001,11207
M9W,2026-04-17 03:00:00,8941.397361,11207
M9W,2026-04-17 04:00:00,9533.568823000001,11207
M9W,2026-04-17 05:00:00,10364.381938999999,11207
M9W,2026-04-17 06:00:00,11520.079538,11207
M9W,2026-04-17 07:00:00,12504.193084,11207
M9W,2026-04-17 08:00:00,13456.700294,11207
M9W,2026-04-17 09:00:00,13979.165612,11207
M9W,2026-04-17 10:00:00,14335.568661,11207
M9W,2026-04-17 11:00:00,14322.564264,11207
M9W,2026-04-17 12:00:00,14182.813637000001,11207
M9W,2026-04-17 13:00:00,14000.188675000001,11207
M9W,2026-04-17 14:00:00,13909.764554000001,11207
M9W,2026-04-17 15:00:00,13809.115198,11207
M9W,2026-04-17 16:00:00,13616.919996,11207
M9W,2026-04-17 17:00:00,13250.528087,11207
M9W,2026-04-17 18:00:00,13219.642115,11207
M9W,2026-04-17 19:00:00,14091.194881,11207
M9W,2026-04-17 20:00:00,13879.160015,11207
M9W,2026-04-17 21:00:00,12967.972088999999,11207
M9W,2026-04-17 22:00:00,11745.008568,11207
M9W,2026-04-17 23:00:00,10681.768680000001,11207
M9W,2026-04-18 00:00:00,9891.365624,11207
M9W,2026-04-18 01:00:00,9292.978290000001,11207
M9W,2026-04-18 02:00:00,8903.686224,11207
M9W,2026-04-18 03:00:00,8810.963604,11207
M9W,2026-04-18 04:00:00,8959.018303,11207
M9W,2026-04-18 05:00:00,9327.566583,11207
M9W,2026-04-18 06:00:00,9993.096292,11207
M9W,2026-04-18 07:00:00,11316.792827000001,11207
M9W,2026-04-18 08:00:00,12652.295898,11207
M9W,2026-04-18 09:00:00,13803.285416,11207
M9W,2026-04-18 10:00:00,14808.560673,11207
M9W,2026-04-18 11:00:00,14990.740467,11207
M9W,2026-04-18 12:00:00,14913.348155,11207
M9W,2026-04-18 13:00:00,14936.68502,11207
M9W,2026-04-18 14:00:00,14713.959611,11207
M9W,2026-04-18 15:00:00,14483.097868,11207
M9W,2026-04-18 16:00:00,14597.476438999998,11207
M9W,2026-04-18 17:00:00,14334.235507999998,11207
M9W,2026-04-18 18:00:00,14249.517511999999,11206
M9W,2026-04-18 19:00:00,14591.320117,11206
M9W,2026-04-18 20:00:00,14047.181795,11206
M9W,2026-04-18 21:00:00,13125.739269000002,11206
M9W,2026-04-18 22:00:00,12093.90689,11206
M9W,2026-04-18 23:00:00,11166.846536000001,11206
M9W,2026-04-19 00:00:00,10501.03037,11205
M9W,2026-04-19 01:00:00,9971.227125000001,11205
M9W,2026-04-19 02:00:00,9602.355974,11205
M9W,2026-04-19 03:00:00,9338.236429,11206
M9W,2026-04-19 04:00:00,9521.491211,11206
M9W,2026-04-19 05:00:00,9776.182888,11206
M9W,2026-04-19 06:00:00,10217.577688000001,11206
M9W,2026-04-19 07:00:00,11320.159504,11206
M9W,2026-04-19 08:00:00,12512.726472999999,11206
M9W,2026-04-19 09:00:00,13643.488156,11206
M9W,2026-04-19 10:00:00,14579.353716,11206
M9W,2026-04-19 11:00:00,15192.351597,11206
M9W,2026-04-19 12:00:00,15195.423734,11206
M9W,2026-04-19 13:00:00,14895.515258,11206
M9W,2026-04-19 14:00:00,14871.295167,11206
M9W,2026-04-19 15:00:00,15041.256225,11205
M9W,2026-04-19 16:00:00,15206.631604000002,11205
M9W,2026-04-19 17:00:00,15379.616309,11205
M9W,2026-04-19 18:00:00,15317.351018,11205
M9W,2026-04-19 19:00:00,15999.040662,11205
M9W,2026-04-19 20:00:00,15450.840867,11205
M9W,2026-04-19 21:00:00,14307.275452000002,11205
M9W,2026-04-19 22:00:00,12938.883449,11205
M9W,2026-04-19 23:00:00,11745.257265,11205
M9W,2026-04-20 00:00:00,10957.883054,11205
M9W,2026-04-20 01:00:00,10414.786936,11205
M9W,2026-04-20 02:00:00,10161.401945,11205
M9W,2026-04-20 03:00:00,10306.549112,11205
M9W,2026-04-20 04:00:00,11005.687538999999,11205
M9W,2026-04-20 05:00:00,11910.469239,11205
M9W,2026-04-20 06:00:00,13156.767702000001,11205
M9W,2026-04-20 07:00:00,13852.754928999999,11205
M9W,2026-04-20 08:00:00,14572.085135000001,11205
M9W,2026-04-20 09:00:00,15258.560908000001,11205
M9W,2026-04-20 10:00:00,15694.853094,11205
M9W,2026-04-20 11:00:00,15923.526108,11205
M9W,2026-04-20 12:00:00,15731.259928,11205
M9W,2026-04-20 13:00:00,15407.915098000001,11205
M9W,2026-04-20 14:00:00,15215.061066,11205
M9W,2026-04-20 15:00:00,15215.43782,11205
M9W,2026-04-20 16:00:00,14957.209972999999,11205
M9W,2026-04-20 17:00:00,14613.623767,11205
M9W,2026-04-20 18:00:00,14874.805952,11205
M9W,2026-04-20 19:00:00,15557.906651999998,11205
M9W,2026-04-20 20:00:00,15154.022490000001,11205
M9W,2026-04-20 21:00:00,13904.428163,11205
M9W,2026-04-20 22:00:00,12561.305932,11205
M9W,2026-04-20 23:00:00,11614.796264999999,11206
M9W,2026-04-21 00:00:00,10900.078472000001,11205
M9W,2026-04-21 01:00:00,10377.598519,11206
M9W,2026-04-21 02:00:00,10236.07683,11206
M9W,2026-04-21 03:00:00,10395.945523,11206
M9W,2026-04-21 04:00:00,10970.881526000001,11206
M9W,2026-04-21 05:00:00,11925.669156,11206
M9W,2026-04-21 06:00:00,12864.785417,11206
M9W,2026-04-21 07:00:00,13678.769436,11206
M9W,2026-04-21 08:00:00,14311.389460999999,11206
M9W,2026-04-21 09:00:00,14736.814691,11206
M9W,2026-04-21 10:00:00,15049.729132,11206
M9W,2026-04-21 11:00:00,15170.89767,11206
M9W,2026-04-21 12:00:00,15094.928949000001,11206
M9W,2026-04-21 13:00:00,14694.980181,11205
M9W,2026-04-21 14:00:00,14646.26024,11206
M9W,2026-04-21 15:00:00,14571.719148,11206
M9W,2026-04-21 16:00:00,14513.062174,11206
M9W,2026-04-21 17:00:00,14133.100236999999,11206
M9W,2026-04-21 18:00:00,14465.641732,11206
M9W,2026-04-21 19:00:00,14889.533135,11206
M9W,2026-04-21 20:00:00,14428.641203,11206
M9W,2026-04-21 21:00:00,13152.813976,11206
M9W,2026-04-21 22:00:00,11945.50328,11206
M9W,2026-04-21 23:00:00,10880.996702,11206
M9W,2026-04-22 00:00:00,10223.279357,11206
M9W,2026-04-22 01:00:00,9828.373751000001,11206
M9W,2026-04-22 02:00:00,9634.120984,11206
M9W,2026-04-22 03:00:00,9713.884516,11206
M9W,2026-04-22 04:00:00,10365.238458,11206
M9W,2026-04-22 05:00:00,11283.187421999999,11206
M9W,2026-04-22 06:00:00,12281.053382,11206
M9W,2026-04-22 07:00:00,12817.515255,11207
M9W,2026-04-22 08:00:00,13448.412837,11207
M9W,2026-04-22 09:00:00,13879.925143,11207
M9W,2026-04-22 10:00:00,14286.953819,11208
M9W,2026-04-22 11:00:00,14323.046093,11208
M9W,2026-04-22 12:00:00,14259.677727,11209
M9W,2026-04-22 13:00:00,14054.182337,11209
M9W,2026-04-22 14:00:00,13958.942665,11209
M9W,2026-04-22 15:00:00,13972.7313,11209
M9W,2026-04-22 16:00:00,13791.229842,11209
M9W,2026-04-22 17:00:00,13476.898152000002,11209
M9W,2026-04-22 18:00:00,13516.386254000001,11209
M9W,2026-04-22 19:00:00,14076.006048000001,11209
M9W,2026-04-22 20:00:00,13828.72478,11209
M9W,2026-04-22 21:00:00,12641.972973,11209
M9W,2026-04-22 22:00:00,11316.569887,11209
M9W,2026-04-22 23:00:00,10239.018791,11209
M9W,2026-04-23 00:00:00,9455.386745,11209
M9W,2026-04-23 01:00:00,9109.805149,11209
M9W,2026-04-23 02:00:00,8948.444513,11209
M9W,2026-04-23 03:00:00,9089.327045,11209
M9W,2026-04-23 04:00:00,9736.364935,11209
M9W,2026-04-23 05:00:00,10643.848531,11209
M9W,2026-04-23 06:00:00,11759.258827,11209
M9W,2026-04-23 07:00:00,12357.882151999998,11209
M9W,2026-04-23 08:00:00,13120.729151,11209
M9W,2026-04-23 09:00:00,13813.597534,11209
M9W,2026-04-23 10:00:00,14129.852018,11209
M9W,2026-04-23 11:00:00,14211.979439,11209
M9W,2026-04-23 12:00:00,14143.492128,11209
M9W,2026-04-23 13:00:00,14022.388295,11209
M9W,2026-04-23 14:00:00,13880.943865,11209
M9W,2026-04-23 15:00:00,13957.454179,11208
M9W,2026-04-23 16:00:00,13707.823245,11208
M9W,2026-04-23 17:00:00,13402.777984,11208
M9W,2026-04-23 18:00:00,13410.425453,11208
M9W,2026-04-23 19:00:00,13875.440958,11209
M9W,2026-04-23 20:00:00,13624.451774,11209
M9W,2026-04-23 21:00:00,12439.090231999999,11209
M9W,2026-04-23 22:00:00,11122.618119,11203
M9W,2026-04-23 23:00:00,10133.641646,11203
M9W,2026-04-24 00:00:00,9426.752932,11203
M9W,2026-04-24 01:00:00,8926.263088,11203
M9W,2026-04-24 02:00:00,8675.27763,11203
M9W,2026-04-24 03:00:00,8802.402761,11203
M9W,2026-04-24 04:00:00,9345.102426,11203
M9W,2026-04-24 05:00:00,10229.811689,11204
M9W,2026-04-24 06:00:00,11417.430987,11202
M9W,2026-04-24 07:00:00,12473.453355,11202
M9W,2026-04-24 08:00:00,13367.210679,11202
M9W,2026-04-24 09:00:00,14126.070033,11201
M9W,2026-04-24 10:00:00,14557.393315000001,11201
M9W,2026-04-24 11:00:00,14658.375509000001,11201
M9W,2026-04-24 12:00:00,14716.320372,11201
M9W,2026-04-24 13:00:00,14247.40608,11201
M9W,2026-04-24 14:00:00,13994.247247,11201
M9W,2026-04-24 15:00:00,13745.679425,11201
M9W,2026-04-24 16:00:00,13662.796537999999,11201
M9W,2026-04-24 17:00:00,13326.082237,11201
M9W,2026-04-24 18:00:00,13638.579513,11201
M9W,2026-04-24 19:00:00,14448.584340000001,11201
M9W,2026-04-24 20:00:00,14289.133236,11201
M9W,2026-04-24 21:00:00,13271.119789,11201
M9W,2026-04-24 22:00:00,12072.998683000002,11208
M9W,2026-04-24 23:00:00,11028.767695999999,11208
M9W,2026-04-25 00:00:00,10251.420907,11208
M9W,2026-04-25 01:00:00,9652.637890999998,11211
M9W,2026-04-25 02:00:00,9363.196641,11213
M9W,2026-04-25 03:00:00,9271.291774000001,11213
M9W,2026-04-25 04:00:00,9276.433512,11213
M9W,2026-04-25 05:00:00,9753.853374,11213
M9W,2026-04-25 06:00:00,10488.477053999999,11213
M9W,2026-04-25 07:00:00,12164.576616,11213
M9W,2026-04-25 08:00:00,13770.137223,11213
M9W,2026-04-25 09:00:00,14977.266437,11213
M9W,2026-04-25 10:00:00,15929.584847,11213
M9W,2026-04-25 11:00:00,16263.024704,11213
M9W,2026-04-25 12:00:00,16197.365617,11213
M9W,2026-04-25 13:00:00,15787.877091,11213
M9W,2026-04-25 14:00:00,15386.531133,11213
M9W,2026-04-25 15:00:00,15112.365822,11213
M9W,2026-04-25 16:00:00,14839.632657,11213
M9W,2026-04-25 17:00:00,14698.41473,11213
M9W,2026-04-25 18:00:00,14263.199988,11213
M9W,2026-04-25 19:00:00,14856.005955,11213
M9W,2026-04-25 20:00:00,14582.95405,11214
M9W,2026-04-25 21:00:00,13665.881408,11214
M9W,2026-04-25 22:00:00,12544.025273,11214
M9W,2026-04-25 23:00:00,11552.054839,11214
M9W,2026-04-26 00:00:00,10711.110501,11214
M9W,2026-04-26 01:00:00,10111.811987000001,11214
M9W,2026-04-26 02:00:00,9768.090173,11214
M9W,2026-04-26 03:00:00,9688.77122,11214
M9W,2026-04-26 04:00:00,9837.456906,11214
M9W,2026-04-26 05:00:00,9971.818125,11214
M9W,2026-04-26 06:00:00,10373.958115,11211
M9W,2026-04-26 07:00:00,11235.919805,11210
M9W,2026-04-26 08:00:00,12269.769907999998,11210
M9W,2026-04-26 09:00:00,13343.639937,11210
M9W,2026-04-26 10:00:00,14040.056883,11210
M9W,2026-04-26 11:00:00,14234.028402999998,11210
M9W,2026-04-26 12:00:00,14120.453511,11210
M9W,2026-04-26 13:00:00,13905.226664,11210
M9W,2026-04-26 14:00:00,13552.039268,11210
M9W,2026-04-26 15:00:00,13662.492635,11210
M9W,2026-04-26 16:00:00,13714.267020000001,11210
M9W,2026-04-26 17:00:00,13626.802409,11210
M9W,2026-04-26 18:00:00,13841.801726,11210
M9W,2026-04-26 19:00:00,14577.70721,11210
M9W,2026-04-26 20:00:00,14357.892755999997,11210
M9W,2026-04-26 21:00:00,13182.386474,11210
M9W,2026-04-26 22:00:00,11789.104729,11210
M9W,2026-04-26 23:00:00,10580.490719000001,11210
M9W,2026-04-27 00:00:00,9775.193338000001,11206
M9W,2026-04-27 01:00:00,9331.801358,11206
M9W,2026-04-27 02:00:00,9094.494301,11206
M9W,2026-04-27 03:00:00,9255.177666,11206
M9W,2026-04-27 04:00:00,9851.266303,11206
M9W,2026-04-27 05:00:00,10664.846376000001,11206
M9W,2026-04-27 06:00:00,11647.116426,11206
M9W,2026-04-27 07:00:00,12432.767769999999,11206
M9W,2026-04-27 08:00:00,13215.802443,11206
M9W,2026-04-27 09:00:00,13811.787472,11206
M9W,2026-04-27 10:00:00,14084.664770000001,11206
M9W,2026-04-27 11:00:00,14251.429715,11206
M9W,2026-04-27 12:00:00,14150.931614,11206
M9W,2026-04-27 13:00:00,13881.68322,11206
M9W,2026-04-27 14:00:00,13780.662419,11206
M9W,2026-04-27 15:00:00,13727.501521,11206
M9W,2026-04-27 16:00:00,13588.581125,11206
M9W,2026-04-27 17:00:00,13334.316059,11206
M9W,2026-04-27 18:00:00,13260.428197000001,11206
M9W,2026-04-27 19:00:00,13779.902847,11206
M9W,2026-04-27 20:00:00,13556.088555,11206
M9W,2026-04-27 21:00:00,12469.916898,11205
M9W,2026-04-27 22:00:00,11183.508541,11205
M9W,2026-04-27 23:00:00,10055.773594,11205
M9W,2026-04-28 00:00:00,9353.369232000001,11205
M9W,2026-04-28 01:00:00,8869.660831000001,11206
M9W,2026-04-28 02:00:00,8637.093805,11206
M9W,2026-04-28 03:00:00,8773.182544,11206
M9W,2026-04-28 04:00:00,9289.917674,11210
M9W,2026-04-28 05:00:00,10143.465369,11210
M9W,2026-04-28 06:00:00,11431.792405,11210
M9W,2026-04-28 07:00:00,12369.432973,11211
M9W,2026-04-28 08:00:00,13226.514943000002,11211
M9W,2026-04-28 09:00:00,13945.637046,11211
M9W,2026-04-28 10:00:00,14668.416659,11211
M9W,2026-04-28 11:00:00,14701.470286,11211
M9W,2026-04-28 12:00:00,14481.287357000001,11211
M9W,2026-04-28 13:00:00,14269.578351,11211
M9W,2026-04-28 14:00:00,14255.53943,11211
M9W,2026-04-28 15:00:00,14214.704055999999,11211
M9W,2026-04-28 16:00:00,13949.410293,11211
M9W,2026-04-28 17:00:00,13994.481106,11211
M9W,2026-04-28 18:00:00,13941.550576000001,11211
M9W,2026-04-28 19:00:00,14206.421703,11211
M9W,2026-04-28 20:00:00,13530.199523,11211
M9W,2026-04-28 21:00:00,12304.898252,11211
M9W,2026-04-28 22:00:00,11064.048961,11211
M9W,2026-04-28 23:00:00,10046.869433,11211
M9W,2026-04-29 00:00:00,9457.07793,11211
M9W,2026-04-29 01:00:00,9084.00102,11211
M9W,2026-04-29 02:00:00,8830.249823999999,11211
M9W,2026-04-29 03:00:00,8958.915833,11211
M9W,2026-04-29 04:00:00,9538.15662,11212
M9W,2026-04-29 05:00:00,10318.471878,11212
M9W,2026-04-29 06:00:00,11477.331213000001,11212
M9W,2026-04-29 07:00:00,12469.092467999999,11212
M9W,2026-04-29 08:00:00,13356.278157,11212
M9W,2026-04-29 09:00:00,14053.833571,11212
M9W,2026-04-29 10:00:00,14569.902931,11212
M9W,2026-04-29 11:00:00,14581.764161,11212
M9W,2026-04-29 12:00:00,14713.503775000001,11212
M9W,2026-04-29 13:00:00,14623.767743,11212
M9W,2026-04-29 14:00:00,14594.637937,11212
M9W,2026-04-29 15:00:00,14649.227768,11211
M9W,2026-04-29 16:00:00,14405.90239,11211
M9W,2026-04-29 17:00:00,14234.989581,11211
M9W,2026-04-29 18:00:00,14346.208523000001,11211
M9W,2026-04-29 19:00:00,14739.609776000001,11211
M9W,2026-04-29 20:00:00,14290.850482999998,11211
M9W,2026-04-29 21:00:00,13125.68163,11211
M9W,2026-04-29 22:00:00,11844.867265,11211
M9W,2026-04-29 23:00:00,10840.575387,11212
M9W,2026-04-30 00:00:00,10184.898378,11211
M9W,2026-04-30 01:00:00,9704.665547,11211
M9W,2026-04-30 02:00:00,9457.021869,11211
M9W,2026-04-30 03:00:00,9594.898938,11211
M9W,2026-04-30 04:00:00,10120.796355,11211
M9W,2026-04-30 05:00:00,11031.736266,11211
M9W,2026-04-30 06:00:00,12254.601186,11211
M9W,2026-04-30 07:00:00,13047.066128999999,11211
M9W,2026-04-30 08:00:00,13539.363631,11211
M9W,2026-04-30 09:00:00,14182.348127000001,11210
M9W,2026-04-30 10:00:00,14404.032363999999,11210
M9W,2026-04-30 11:00:00,14656.871391,11210
M9W,2026-04-30 12:00:00,14592.100393,11211
M9W,2026-04-30 13:00:00,14231.868639,11211
M9W,2026-04-30 14:00:00,14084.936522,11211
M9W,2026-04-30 15:00:00,13963.228849,11211
M9W,2026-04-30 16:00:00,13728.363902000001,11211
M9W,2026-04-30 17:00:00,13520.565067,11211
M9W,2026-04-30 18:00:00,13810.873489000001,11211
M9W,2026-04-30 19:00:00,14562.863947999998,11212
M9W,2026-04-30 20:00:00,14242.837695,11213
M9W,2026-04-30 21:00:00,12913.784136999999,11213
M9W,2026-04-30 22:00:00,11734.939362000001,11214
M9W,2026-04-30 23:00:00,10828.139161,11219
