fsa,timestamp,total_consumption_kwh,reported_premise_count
M6G,2026-01-01 00:00:00,13909.8,12012
M6G,2026-01-01 01:00:00,13384.2,11949
M6G,2026-01-01 02:00:00,13284.5,12107
M6G,2026-01-01 03:00:00,12882.8,12107
M6G,2026-01-01 04:00:00,12673.9,12107
M6G,2026-01-01 05:00:00,12709.8,12107
M6G,2026-01-01 06:00:00,12698.9,12012
M6G,2026-01-01 07:00:00,12853.8,12012
M6G,2026-01-01 08:00:00,13480.2,12012
M6G,2026-01-01 09:00:00,13942.199999999999,11949
M6G,2026-01-01 10:00:00,14567.2,12044
M6G,2026-01-01 11:00:00,15421.099999999999,12044
M6G,2026-01-01 12:00:00,16226.1,12107
M6G,2026-01-01 13:00:00,16231.1,12044
M6G,2026-01-01 14:00:00,16391.8,12107
M6G,2026-01-01 15:00:00,16524.1,12107
M6G,2026-01-01 16:00:00,17064.0,12107
M6G,2026-01-01 17:00:00,17947.8,12012
M6G,2026-01-01 18:00:00,18042.4,11949
M6G,2026-01-01 19:00:00,17862.2,11949
M6G,2026-01-01 20:00:00,17486.4,11949
M6G,2026-01-01 21:00:00,17076.5,12107
M6G,2026-01-01 22:00:00,16439.7,12106
M6G,2026-01-01 23:00:00,14894.1,12044
M6G,2026-01-02 00:00:00,13683.3,11949
M6G,2026-01-02 01:00:00,13028.6,12044
M6G,2026-01-02 02:00:00,12603.2,12107
M6G,2026-01-02 03:00:00,12260.8,12107
M6G,2026-01-02 04:00:00,12189.7,12107
M6G,2026-01-02 05:00:00,12352.900000000001,12107
M6G,2026-01-02 06:00:00,12676.2,12107
M6G,2026-01-02 07:00:00,13146.500000000002,12012
M6G,2026-01-02 08:00:00,14065.6,12012
M6G,2026-01-02 09:00:00,15020.9,12108
M6G,2026-01-02 10:00:00,15685.0,12108
M6G,2026-01-02 11:00:00,15962.1,11950
M6G,2026-01-02 12:00:00,16324.099999999999,12108
M6G,2026-01-02 13:00:00,16381.3,12108
M6G,2026-01-02 14:00:00,16141.6,12045
M6G,2026-01-02 15:00:00,16242.0,12108
M6G,2026-01-02 16:00:00,16919.0,12108
M6G,2026-01-02 17:00:00,17933.2,12045
M6G,2026-01-02 18:00:00,18130.4,11950
M6G,2026-01-02 19:00:00,17971.3,12013
M6G,2026-01-02 20:00:00,17507.2,12045
M6G,2026-01-02 21:00:00,17052.7,12108
M6G,2026-01-02 22:00:00,16249.4,12045
M6G,2026-01-02 23:00:00,15097.0,12108
M6G,2026-01-03 00:00:00,14103.4,12108
M6G,2026-01-03 01:00:00,13143.5,12013
M6G,2026-01-03 02:00:00,12546.599999999999,12108
M6G,2026-01-03 03:00:00,12029.3,11950
M6G,2026-01-03 04:00:00,11957.2,12045
M6G,2026-01-03 05:00:00,11899.900000000001,11950
M6G,2026-01-03 06:00:00,12139.099999999999,11950
M6G,2026-01-03 07:00:00,12728.0,12013
M6G,2026-01-03 08:00:00,13635.099999999999,12013
M6G,2026-01-03 09:00:00,14682.199999999999,12045
M6G,2026-01-03 10:00:00,15530.0,12013
M6G,2026-01-03 11:00:00,16341.300000000001,12013
M6G,2026-01-03 12:00:00,16731.899999999998,12013
M6G,2026-01-03 13:00:00,16706.3,12013
M6G,2026-01-03 14:00:00,16686.2,12013
M6G,2026-01-03 15:00:00,17049.5,12108
M6G,2026-01-03 16:00:00,17666.5,12108
M6G,2026-01-03 17:00:00,18358.2,12108
M6G,2026-01-03 18:00:00,18296.5,12045
M6G,2026-01-03 19:00:00,17930.8,12045
M6G,2026-01-03 20:00:00,17464.2,12108
M6G,2026-01-03 21:00:00,16867.0,12108
M6G,2026-01-03 22:00:00,16138.699999999999,12108
M6G,2026-01-03 23:00:00,14867.4,12045
M6G,2026-01-04 00:00:00,13890.6,12108
M6G,2026-01-04 01:00:00,13018.999999999998,12108
M6G,2026-01-04 02:00:00,12494.7,12108
M6G,2026-01-04 03:00:00,12029.400000000001,12108
M6G,2026-01-04 04:00:00,11790.5,12108
M6G,2026-01-04 05:00:00,11768.8,12108
M6G,2026-01-04 06:00:00,11841.2,12013
M6G,2026-01-04 07:00:00,12322.800000000001,12013
M6G,2026-01-04 08:00:00,13129.3,12013
M6G,2026-01-04 09:00:00,14139.5,12108
M6G,2026-01-04 10:00:00,14850.2,12108
M6G,2026-01-04 11:00:00,15582.5,12013
M6G,2026-01-04 12:00:00,16259.699999999999,12108
M6G,2026-01-04 13:00:00,16539.1,12045
M6G,2026-01-04 14:00:00,16548.0,12108
M6G,2026-01-04 15:00:00,16925.6,12045
M6G,2026-01-04 16:00:00,17687.5,12108
M6G,2026-01-04 17:00:00,18813.8,12108
M6G,2026-01-04 18:00:00,18876.9,12013
M6G,2026-01-04 19:00:00,18396.5,12013
M6G,2026-01-04 20:00:00,18093.5,12108
M6G,2026-01-04 21:00:00,17213.3,12108
M6G,2026-01-04 22:00:00,15734.8,12108
M6G,2026-01-04 23:00:00,14075.900000000001,12045
M6G,2026-01-05 00:00:00,12735.599999999999,12045
M6G,2026-01-05 01:00:00,11939.0,12108
M6G,2026-01-05 02:00:00,11465.8,12108
M6G,2026-01-05 03:00:00,11235.5,12108
M6G,2026-01-05 04:00:00,11077.6,12045
M6G,2026-01-05 05:00:00,11531.6,12108
M6G,2026-01-05 06:00:00,12133.5,12013
M6G,2026-01-05 07:00:00,13200.2,11950
M6G,2026-01-05 08:00:00,14039.8,11950
M6G,2026-01-05 09:00:00,14472.5,12013
M6G,2026-01-05 10:00:00,15029.3,12108
M6G,2026-01-05 11:00:00,15459.5,12046
M6G,2026-01-05 12:00:00,15666.9,12046
M6G,2026-01-05 13:00:00,15373.300000000001,11951
M6G,2026-01-05 14:00:00,15348.099999999999,12046
M6G,2026-01-05 15:00:00,15454.3,12108
M6G,2026-01-05 16:00:00,15880.1,11950
M6G,2026-01-05 17:00:00,16895.7,12045
M6G,2026-01-05 18:00:00,17347.399999999998,11950
M6G,2026-01-05 19:00:00,17103.8,11950
M6G,2026-01-05 20:00:00,16676.5,12013
M6G,2026-01-05 21:00:00,16107.300000000001,12108
M6G,2026-01-05 22:00:00,14833.1,12108
M6G,2026-01-05 23:00:00,13346.1,12045
M6G,2026-01-06 00:00:00,12144.9,12045
M6G,2026-01-06 01:00:00,11480.1,12108
M6G,2026-01-06 02:00:00,10970.0,12108
M6G,2026-01-06 03:00:00,10701.4,12108
M6G,2026-01-06 04:00:00,10772.3,12108
M6G,2026-01-06 05:00:00,11008.7,12108
M6G,2026-01-06 06:00:00,11459.7,12013
M6G,2026-01-06 07:00:00,12684.3,12108
M6G,2026-01-06 08:00:00,13523.599999999999,12108
M6G,2026-01-06 09:00:00,13726.199999999999,12013
M6G,2026-01-06 10:00:00,14263.099999999999,12108
M6G,2026-01-06 11:00:00,14748.6,12108
M6G,2026-01-06 12:00:00,15094.6,12108
M6G,2026-01-06 13:00:00,15348.5,12108
M6G,2026-01-06 14:00:00,15266.099999999999,12108
M6G,2026-01-06 15:00:00,15400.9,12108
M6G,2026-01-06 16:00:00,15946.099999999999,12013
M6G,2026-01-06 17:00:00,16997.800000000003,12108
M6G,2026-01-06 18:00:00,17557.3,12108
M6G,2026-01-06 19:00:00,17430.199999999997,12108
M6G,2026-01-06 20:00:00,16908.3,12108
M6G,2026-01-06 21:00:00,16027.0,12045
M6G,2026-01-06 22:00:00,14711.5,12045
M6G,2026-01-06 23:00:00,12987.4,11950
M6G,2026-01-07 00:00:00,11899.3,12013
M6G,2026-01-07 01:00:00,11098.1,12013
M6G,2026-01-07 02:00:00,10631.7,11950
M6G,2026-01-07 03:00:00,10390.4,12013
M6G,2026-01-07 04:00:00,10349.6,12013
M6G,2026-01-07 05:00:00,10660.199999999999,12013
M6G,2026-01-07 06:00:00,11316.3,12013
M6G,2026-01-07 07:00:00,12466.5,12013
M6G,2026-01-07 08:00:00,13197.699999999999,12013
M6G,2026-01-07 09:00:00,13360.1,12108
M6G,2026-01-07 10:00:00,13701.300000000001,12108
M6G,2026-01-07 11:00:00,14065.9,12014
M6G,2026-01-07 12:00:00,14357.199999999999,12109
M6G,2026-01-07 13:00:00,14329.800000000001,12109
M6G,2026-01-07 14:00:00,14341.3,12109
M6G,2026-01-07 15:00:00,14481.4,12013
M6G,2026-01-07 16:00:00,14905.2,12013
M6G,2026-01-07 17:00:00,15966.0,12013
M6G,2026-01-07 18:00:00,16631.399999999998,12013
M6G,2026-01-07 19:00:00,16515.899999999998,12013
M6G,2026-01-07 20:00:00,16049.099999999999,12013
M6G,2026-01-07 21:00:00,15659.199999999999,12108
M6G,2026-01-07 22:00:00,14412.3,12108
M6G,2026-01-07 23:00:00,12816.0,12108
M6G,2026-01-08 00:00:00,11583.3,12108
M6G,2026-01-08 01:00:00,10650.5,12108
M6G,2026-01-08 02:00:00,10018.8,12013
M6G,2026-01-08 03:00:00,9824.9,12013
M6G,2026-01-08 04:00:00,9812.8,12013
M6G,2026-01-08 05:00:00,10141.6,12013
M6G,2026-01-08 06:00:00,10860.9,12013
M6G,2026-01-08 07:00:00,12069.9,12013
M6G,2026-01-08 08:00:00,12785.400000000001,12013
M6G,2026-01-08 09:00:00,12875.7,12013
M6G,2026-01-08 10:00:00,13275.2,11950
M6G,2026-01-08 11:00:00,13706.3,12108
M6G,2026-01-08 12:00:00,13628.699999999999,12108
M6G,2026-01-08 13:00:00,13343.400000000001,12108
M6G,2026-01-08 14:00:00,13045.699999999999,12108
M6G,2026-01-08 15:00:00,12982.2,12013
M6G,2026-01-08 16:00:00,13907.6,12012
M6G,2026-01-08 17:00:00,15270.5,12012
M6G,2026-01-08 18:00:00,16003.800000000001,12012
M6G,2026-01-08 19:00:00,15964.1,12012
M6G,2026-01-08 20:00:00,15636.3,12107
M6G,2026-01-08 21:00:00,15069.4,12107
M6G,2026-01-08 22:00:00,13781.9,12107
M6G,2026-01-08 23:00:00,12376.6,12107
M6G,2026-01-09 00:00:00,11091.9,12107
M6G,2026-01-09 01:00:00,10414.0,12107
M6G,2026-01-09 02:00:00,9677.9,12012
M6G,2026-01-09 03:00:00,9380.8,12012
M6G,2026-01-09 04:00:00,9534.400000000001,12012
M6G,2026-01-09 05:00:00,9645.7,11949
M6G,2026-01-09 06:00:00,10157.8,12012
M6G,2026-01-09 07:00:00,11275.4,12012
M6G,2026-01-09 08:00:00,12157.500000000002,12012
M6G,2026-01-09 09:00:00,12630.0,12012
M6G,2026-01-09 10:00:00,13036.0,12012
M6G,2026-01-09 11:00:00,13288.6,12013
M6G,2026-01-09 12:00:00,13299.7,12013
M6G,2026-01-09 13:00:00,13301.6,12108
M6G,2026-01-09 14:00:00,13419.6,12108
M6G,2026-01-09 15:00:00,13250.2,12012
M6G,2026-01-09 16:00:00,14052.2,12107
M6G,2026-01-09 17:00:00,15077.0,12107
M6G,2026-01-09 18:00:00,15509.300000000001,12012
M6G,2026-01-09 19:00:00,15139.699999999999,12012
M6G,2026-01-09 20:00:00,14647.3,12012
M6G,2026-01-09 21:00:00,14196.8,12012
M6G,2026-01-09 22:00:00,13280.300000000001,11949
M6G,2026-01-09 23:00:00,12300.7,12044
M6G,2026-01-10 00:00:00,11340.1,12107
M6G,2026-01-10 01:00:00,10528.1,12107
M6G,2026-01-10 02:00:00,9882.3,12107
M6G,2026-01-10 03:00:00,9462.0,12012
M6G,2026-01-10 04:00:00,9392.300000000001,12012
M6G,2026-01-10 05:00:00,9611.699999999999,12107
M6G,2026-01-10 06:00:00,9839.199999999999,12012
M6G,2026-01-10 07:00:00,10449.0,12012
M6G,2026-01-10 08:00:00,11455.5,12012
M6G,2026-01-10 09:00:00,12454.099999999999,12012
M6G,2026-01-10 10:00:00,13380.2,12012
M6G,2026-01-10 11:00:00,14214.4,12107
M6G,2026-01-10 12:00:00,14582.199999999999,12012
M6G,2026-01-10 13:00:00,14804.000000000002,12012
M6G,2026-01-10 14:00:00,15238.3,12107
M6G,2026-01-10 15:00:00,15261.8,12012
M6G,2026-01-10 16:00:00,15781.8,12012
M6G,2026-01-10 17:00:00,16392.8,11949
M6G,2026-01-10 18:00:00,16583.5,12012
M6G,2026-01-10 19:00:00,16226.0,12012
M6G,2026-01-10 20:00:00,15588.100000000002,12012
M6G,2026-01-10 21:00:00,14784.9,12012
M6G,2026-01-10 22:00:00,14047.800000000001,12107
M6G,2026-01-10 23:00:00,13039.300000000001,12107
M6G,2026-01-11 00:00:00,12031.699999999999,12044
M6G,2026-01-11 01:00:00,11288.5,12107
M6G,2026-01-11 02:00:00,10744.1,12107
M6G,2026-01-11 03:00:00,10308.099999999999,12012
M6G,2026-01-11 04:00:00,10181.9,12012
M6G,2026-01-11 05:00:00,10405.1,12012
M6G,2026-01-11 06:00:00,10634.4,12012
M6G,2026-01-11 07:00:00,11110.9,12012
M6G,2026-01-11 08:00:00,12094.699999999999,12012
M6G,2026-01-11 09:00:00,13244.5,12012
M6G,2026-01-11 10:00:00,14171.4,12012
M6G,2026-01-11 11:00:00,14886.4,12012
M6G,2026-01-11 12:00:00,15448.099999999999,12107
M6G,2026-01-11 13:00:00,15837.9,12107
M6G,2026-01-11 14:00:00,15976.699999999999,12107
M6G,2026-01-11 15:00:00,16002.199999999999,12012
M6G,2026-01-11 16:00:00,16781.0,12107
M6G,2026-01-11 17:00:00,18129.5,12012
M6G,2026-01-11 18:00:00,18771.1,12107
M6G,2026-01-11 19:00:00,18070.3,12012
M6G,2026-01-11 20:00:00,17268.3,11949
M6G,2026-01-11 21:00:00,16563.0,12012
M6G,2026-01-11 22:00:00,15310.199999999999,12107
M6G,2026-01-11 23:00:00,13736.6,12107
M6G,2026-01-12 00:00:00,12297.300000000001,12044
M6G,2026-01-12 01:00:00,11489.099999999999,12107
M6G,2026-01-12 02:00:00,10965.9,12107
M6G,2026-01-12 03:00:00,10720.1,12107
M6G,2026-01-12 04:00:00,10665.2,12107
M6G,2026-01-12 05:00:00,10963.5,12012
M6G,2026-01-12 06:00:00,11560.1,11949
M6G,2026-01-12 07:00:00,12899.1,12012
M6G,2026-01-12 08:00:00,13695.7,12012
M6G,2026-01-12 09:00:00,13953.3,11949
M6G,2026-01-12 10:00:00,14450.7,11949
M6G,2026-01-12 11:00:00,14838.300000000001,12012
M6G,2026-01-12 12:00:00,15211.0,12107
M6G,2026-01-12 13:00:00,15289.400000000001,12012
M6G,2026-01-12 14:00:00,15085.6,11949
M6G,2026-01-12 15:00:00,15207.0,12012
M6G,2026-01-12 16:00:00,15899.8,12012
M6G,2026-01-12 17:00:00,16966.1,12012
M6G,2026-01-12 18:00:00,17348.3,11949
M6G,2026-01-12 19:00:00,17280.2,11949
M6G,2026-01-12 20:00:00,16785.3,12012
M6G,2026-01-12 21:00:00,15956.100000000002,12012
M6G,2026-01-12 22:00:00,14742.1,12012
M6G,2026-01-12 23:00:00,13264.9,12012
M6G,2026-01-13 00:00:00,11981.2,11950
M6G,2026-01-13 01:00:00,11126.9,12013
M6G,2026-01-13 02:00:00,10624.699999999999,12013
M6G,2026-01-13 03:00:00,10389.800000000001,12013
M6G,2026-01-13 04:00:00,10295.5,11950
M6G,2026-01-13 05:00:00,10686.5,12045
M6G,2026-01-13 06:00:00,11331.900000000001,12013
M6G,2026-01-13 07:00:00,12646.9,12013
M6G,2026-01-13 08:00:00,13275.9,12013
M6G,2026-01-13 09:00:00,13282.199999999999,12013
M6G,2026-01-13 10:00:00,13725.9,12013
M6G,2026-01-13 11:00:00,14031.6,12013
M6G,2026-01-13 12:00:00,14250.7,12013
M6G,2026-01-13 13:00:00,14084.0,12013
M6G,2026-01-13 14:00:00,14060.0,12013
M6G,2026-01-13 15:00:00,14137.1,12013
M6G,2026-01-13 16:00:00,14793.599999999999,12013
M6G,2026-01-13 17:00:00,15913.7,12013
M6G,2026-01-13 18:00:00,16473.399999999998,12013
M6G,2026-01-13 19:00:00,16474.2,12108
M6G,2026-01-13 20:00:00,15814.900000000001,12013
M6G,2026-01-13 21:00:00,15187.4,12013
M6G,2026-01-13 22:00:00,13942.1,12045
M6G,2026-01-13 23:00:00,12509.199999999999,12045
M6G,2026-01-14 00:00:00,11277.1,12108
M6G,2026-01-14 01:00:00,10473.2,12108
M6G,2026-01-14 02:00:00,9943.6,12108
M6G,2026-01-14 03:00:00,9524.9,11950
M6G,2026-01-14 04:00:00,9605.6,12013
M6G,2026-01-14 05:00:00,10010.800000000001,12013
M6G,2026-01-14 06:00:00,10672.9,12013
M6G,2026-01-14 07:00:00,11870.3,12013
M6G,2026-01-14 08:00:00,12519.9,12013
M6G,2026-01-14 09:00:00,12747.599999999999,12013
M6G,2026-01-14 10:00:00,12989.9,12013
M6G,2026-01-14 11:00:00,13307.7,12014
M6G,2026-01-14 12:00:00,13511.5,12014
M6G,2026-01-14 13:00:00,13605.699999999999,12109
M6G,2026-01-14 14:00:00,13600.0,12109
M6G,2026-01-14 15:00:00,13901.1,12013
M6G,2026-01-14 16:00:00,14705.5,12108
M6G,2026-01-14 17:00:00,15781.300000000001,12108
M6G,2026-01-14 18:00:00,16545.600000000002,12013
M6G,2026-01-14 19:00:00,16697.800000000003,12013
M6G,2026-01-14 20:00:00,16279.0,11950
M6G,2026-01-14 21:00:00,15925.199999999999,12013
M6G,2026-01-14 22:00:00,14975.3,12045
M6G,2026-01-14 23:00:00,13752.1,12108
M6G,2026-01-15 00:00:00,12686.2,12108
M6G,2026-01-15 01:00:00,11927.9,12108
M6G,2026-01-15 02:00:00,11648.4,12108
M6G,2026-01-15 03:00:00,11520.9,12108
M6G,2026-01-15 04:00:00,11441.5,12013
M6G,2026-01-15 05:00:00,11913.0,12013
M6G,2026-01-15 06:00:00,12672.300000000001,12013
M6G,2026-01-15 07:00:00,13903.1,12013
M6G,2026-01-15 08:00:00,15325.300000000001,12108
M6G,2026-01-15 09:00:00,15953.300000000001,12013
M6G,2026-01-15 10:00:00,16679.399999999998,12013
M6G,2026-01-15 11:00:00,17320.2,12013
M6G,2026-01-15 12:00:00,17930.9,12013
M6G,2026-01-15 13:00:00,17694.0,11950
M6G,2026-01-15 14:00:00,17643.3,12013
M6G,2026-01-15 15:00:00,17815.1,12108
M6G,2026-01-15 16:00:00,18074.3,12108
M6G,2026-01-15 17:00:00,19023.2,12013
M6G,2026-01-15 18:00:00,19566.8,12013
M6G,2026-01-15 19:00:00,19164.3,11950
M6G,2026-01-15 20:00:00,18649.8,11950
M6G,2026-01-15 21:00:00,18052.6,12045
M6G,2026-01-15 22:00:00,16985.600000000002,12108
M6G,2026-01-15 23:00:00,15522.4,12108
M6G,2026-01-16 00:00:00,14246.6,12109
M6G,2026-01-16 01:00:00,13446.9,12109
M6G,2026-01-16 02:00:00,12958.0,12109
M6G,2026-01-16 03:00:00,12625.500000000002,12109
M6G,2026-01-16 04:00:00,12398.3,12014
M6G,2026-01-16 05:00:00,12647.199999999999,12014
M6G,2026-01-16 06:00:00,13112.7,12014
M6G,2026-01-16 07:00:00,14234.5,12014
M6G,2026-01-16 08:00:00,15150.8,12014
M6G,2026-01-16 09:00:00,15787.099999999999,12109
M6G,2026-01-16 10:00:00,16060.4,12014
M6G,2026-01-16 11:00:00,16358.3,12014
M6G,2026-01-16 12:00:00,16602.8,12014
M6G,2026-01-16 13:00:00,16722.2,12014
M6G,2026-01-16 14:00:00,16591.2,12014
M6G,2026-01-16 15:00:00,16648.9,12014
M6G,2026-01-16 16:00:00,17099.1,12014
M6G,2026-01-16 17:00:00,17952.600000000002,12014
M6G,2026-01-16 18:00:00,18097.2,12014
M6G,2026-01-16 19:00:00,17744.8,12014
M6G,2026-01-16 20:00:00,17169.0,11951
M6G,2026-01-16 21:00:00,16564.1,12014
M6G,2026-01-16 22:00:00,15687.4,12046
M6G,2026-01-16 23:00:00,14284.2,11951
M6G,2026-01-17 00:00:00,13279.3,12014
M6G,2026-01-17 01:00:00,12368.7,12014
M6G,2026-01-17 02:00:00,11680.7,12014
M6G,2026-01-17 03:00:00,11309.1,12014
M6G,2026-01-17 04:00:00,11117.4,12014
M6G,2026-01-17 05:00:00,11294.9,12109
M6G,2026-01-17 06:00:00,11466.199999999999,12014
M6G,2026-01-17 07:00:00,12090.2,12014
M6G,2026-01-17 08:00:00,13067.800000000001,12014
M6G,2026-01-17 09:00:00,13936.3,11951
M6G,2026-01-17 10:00:00,14749.800000000001,12014
M6G,2026-01-17 11:00:00,15631.599999999999,12014
M6G,2026-01-17 12:00:00,15980.9,12014
M6G,2026-01-17 13:00:00,16042.7,12014
M6G,2026-01-17 14:00:00,15988.300000000001,12109
M6G,2026-01-17 15:00:00,15829.3,11951
M6G,2026-01-17 16:00:00,16101.199999999999,11951
M6G,2026-01-17 17:00:00,17070.0,12014
M6G,2026-01-17 18:00:00,17561.4,12014
M6G,2026-01-17 19:00:00,17357.7,12109
M6G,2026-01-17 20:00:00,16917.7,12046
M6G,2026-01-17 21:00:00,16356.699999999999,12014
M6G,2026-01-17 22:00:00,15719.400000000001,12109
M6G,2026-01-17 23:00:00,14676.5,12109
M6G,2026-01-18 00:00:00,13712.699999999999,12109
M6G,2026-01-18 01:00:00,13002.400000000001,12108
M6G,2026-01-18 02:00:00,12527.800000000001,12108
M6G,2026-01-18 03:00:00,12176.599999999999,12108
M6G,2026-01-18 04:00:00,12098.9,12108
M6G,2026-01-18 05:00:00,12155.3,12108
M6G,2026-01-18 06:00:00,12394.699999999999,12013
M6G,2026-01-18 07:00:00,12970.4,12013
M6G,2026-01-18 08:00:00,13905.6,12013
M6G,2026-01-18 09:00:00,14974.199999999999,12108
M6G,2026-01-18 10:00:00,15687.6,12108
M6G,2026-01-18 11:00:00,16380.4,12013
M6G,2026-01-18 12:00:00,16800.4,12045
M6G,2026-01-18 13:00:00,16950.5,12108
M6G,2026-01-18 14:00:00,17027.600000000002,12108
M6G,2026-01-18 15:00:00,17163.6,12108
M6G,2026-01-18 16:00:00,17656.7,12045
M6G,2026-01-18 17:00:00,18909.0,12013
M6G,2026-01-18 18:00:00,19366.1,12108
M6G,2026-01-18 19:00:00,18867.0,12013
M6G,2026-01-18 20:00:00,18254.100000000002,12013
M6G,2026-01-18 21:00:00,17422.4,12013
M6G,2026-01-18 22:00:00,16294.7,12108
M6G,2026-01-18 23:00:00,14559.5,12108
M6G,2026-01-19 00:00:00,13316.2,12108
M6G,2026-01-19 01:00:00,12410.5,12013
M6G,2026-01-19 02:00:00,11991.099999999999,12013
M6G,2026-01-19 03:00:00,11867.500000000002,12108
M6G,2026-01-19 04:00:00,11892.8,12108
M6G,2026-01-19 05:00:00,12239.8,12108
M6G,2026-01-19 06:00:00,12794.8,12013
M6G,2026-01-19 07:00:00,14106.0,12013
M6G,2026-01-19 08:00:00,14929.6,12013
M6G,2026-01-19 09:00:00,15426.300000000001,12108
M6G,2026-01-19 10:00:00,15787.499999999998,12108
M6G,2026-01-19 11:00:00,15946.9,12108
M6G,2026-01-19 12:00:00,16127.5,12108
M6G,2026-01-19 13:00:00,16117.0,12014
M6G,2026-01-19 14:00:00,15965.900000000001,12014
M6G,2026-01-19 15:00:00,16182.2,12014
M6G,2026-01-19 16:00:00,16829.2,12014
M6G,2026-01-19 17:00:00,18292.2,12014
M6G,2026-01-19 18:00:00,19204.0,12014
M6G,2026-01-19 19:00:00,19080.7,11951
M6G,2026-01-19 20:00:00,18892.8,12109
M6G,2026-01-19 21:00:00,18108.199999999997,12014
M6G,2026-01-19 22:00:00,16903.0,12046
M6G,2026-01-19 23:00:00,15446.2,12046
M6G,2026-01-20 00:00:00,14297.7,12109
M6G,2026-01-20 01:00:00,13462.3,12046
M6G,2026-01-20 02:00:00,12909.5,12014
M6G,2026-01-20 03:00:00,12899.5,12109
M6G,2026-01-20 04:00:00,12735.5,11951
M6G,2026-01-20 05:00:00,13033.3,11951
M6G,2026-01-20 06:00:00,13844.3,12014
M6G,2026-01-20 07:00:00,15276.400000000001,11951
M6G,2026-01-20 08:00:00,16211.5,12014
M6G,2026-01-20 09:00:00,16441.9,12109
M6G,2026-01-20 10:00:00,16520.8,11951
M6G,2026-01-20 11:00:00,16902.3,12015
M6G,2026-01-20 12:00:00,17111.2,12015
M6G,2026-01-20 13:00:00,16980.1,12015
M6G,2026-01-20 14:00:00,16924.600000000002,12015
M6G,2026-01-20 15:00:00,17091.5,12014
M6G,2026-01-20 16:00:00,17677.2,12014
M6G,2026-01-20 17:00:00,19111.399999999998,12014
M6G,2026-01-20 18:00:00,20040.1,12014
M6G,2026-01-20 19:00:00,19936.7,12014
M6G,2026-01-20 20:00:00,19703.6,12109
M6G,2026-01-20 21:00:00,19098.7,12109
M6G,2026-01-20 22:00:00,17608.0,12014
M6G,2026-01-20 23:00:00,16072.6,12014
M6G,2026-01-21 00:00:00,14964.500000000002,12015
M6G,2026-01-21 01:00:00,14111.5,12015
M6G,2026-01-21 02:00:00,13590.699999999999,12015
M6G,2026-01-21 03:00:00,13318.5,12015
M6G,2026-01-21 04:00:00,13214.499999999998,12015
M6G,2026-01-21 05:00:00,13377.3,12015
M6G,2026-01-21 06:00:00,13973.4,12015
M6G,2026-01-21 07:00:00,15087.9,11952
M6G,2026-01-21 08:00:00,15888.0,11952
M6G,2026-01-21 09:00:00,16338.900000000001,12015
M6G,2026-01-21 10:00:00,16750.3,12047
M6G,2026-01-21 11:00:00,17128.0,12048
M6G,2026-01-21 12:00:00,17591.100000000002,12111
M6G,2026-01-21 13:00:00,17400.1,12111
M6G,2026-01-21 14:00:00,17241.7,12111
M6G,2026-01-21 15:00:00,17203.6,12110
M6G,2026-01-21 16:00:00,17555.9,12015
M6G,2026-01-21 17:00:00,18417.2,12015
M6G,2026-01-21 18:00:00,18809.2,12015
M6G,2026-01-21 19:00:00,18650.8,12015
M6G,2026-01-21 20:00:00,18173.8,12110
M6G,2026-01-21 21:00:00,17329.8,12015
M6G,2026-01-21 22:00:00,16146.3,12015
M6G,2026-01-21 23:00:00,14523.0,12015
M6G,2026-01-22 00:00:00,13134.5,12016
M6G,2026-01-22 01:00:00,12526.8,12111
M6G,2026-01-22 02:00:00,12024.9,12111
M6G,2026-01-22 03:00:00,11847.9,12111
M6G,2026-01-22 04:00:00,11828.9,12111
M6G,2026-01-22 05:00:00,12085.099999999999,12016
M6G,2026-01-22 06:00:00,12673.900000000001,11953
M6G,2026-01-22 07:00:00,13945.2,12016
M6G,2026-01-22 08:00:00,14663.499999999998,12016
M6G,2026-01-22 09:00:00,15014.7,12111
M6G,2026-01-22 10:00:00,15363.0,12111
M6G,2026-01-22 11:00:00,15594.2,12017
M6G,2026-01-22 12:00:00,15958.5,12112
M6G,2026-01-22 13:00:00,15810.5,12017
M6G,2026-01-22 14:00:00,15951.2,12017
M6G,2026-01-22 15:00:00,16003.7,12016
M6G,2026-01-22 16:00:00,16638.399999999998,12016
M6G,2026-01-22 17:00:00,17927.6,12016
M6G,2026-01-22 18:00:00,18818.0,12016
M6G,2026-01-22 19:00:00,18785.6,12016
M6G,2026-01-22 20:00:00,18246.1,11953
M6G,2026-01-22 21:00:00,17684.8,11953
M6G,2026-01-22 22:00:00,16640.2,11953
M6G,2026-01-22 23:00:00,15356.8,12016
M6G,2026-01-23 00:00:00,14173.8,12016
M6G,2026-01-23 01:00:00,13334.6,12016
M6G,2026-01-23 02:00:00,12696.199999999999,12016
M6G,2026-01-23 03:00:00,12608.100000000002,12016
M6G,2026-01-23 04:00:00,12758.7,12016
M6G,2026-01-23 05:00:00,12973.9,11953
M6G,2026-01-23 06:00:00,13567.9,11953
M6G,2026-01-23 07:00:00,14998.7,12016
M6G,2026-01-23 08:00:00,16056.0,12016
M6G,2026-01-23 09:00:00,16514.9,11953
M6G,2026-01-23 10:00:00,17092.9,11953
M6G,2026-01-23 11:00:00,17748.8,11954
M6G,2026-01-23 12:00:00,18092.0,11954
M6G,2026-01-23 13:00:00,17873.0,11954
M6G,2026-01-23 14:00:00,17801.0,12049
M6G,2026-01-23 15:00:00,18230.3,12048
M6G,2026-01-23 16:00:00,18621.3,12016
M6G,2026-01-23 17:00:00,19894.4,12016
M6G,2026-01-23 18:00:00,20515.5,12048
M6G,2026-01-23 19:00:00,20362.5,12016
M6G,2026-01-23 20:00:00,19967.4,12048
M6G,2026-01-23 21:00:00,19382.4,12048
M6G,2026-01-23 22:00:00,18473.9,12048
M6G,2026-01-23 23:00:00,17339.4,12048
M6G,2026-01-24 00:00:00,16057.5,11953
M6G,2026-01-24 01:00:00,15380.800000000001,12016
M6G,2026-01-24 02:00:00,14975.800000000001,12111
M6G,2026-01-24 03:00:00,14415.600000000002,12016
M6G,2026-01-24 04:00:00,14442.5,12111
M6G,2026-01-24 05:00:00,14445.0,12048
M6G,2026-01-24 06:00:00,14802.400000000001,12111
M6G,2026-01-24 07:00:00,15460.2,12016
M6G,2026-01-24 08:00:00,16565.8,11953
M6G,2026-01-24 09:00:00,17651.0,12111
M6G,2026-01-24 10:00:00,18391.4,12111
M6G,2026-01-24 11:00:00,19089.1,12112
M6G,2026-01-24 12:00:00,19251.600000000002,11954
M6G,2026-01-24 13:00:00,19335.9,12017
M6G,2026-01-24 14:00:00,19175.6,12017
M6G,2026-01-24 15:00:00,19501.7,12016
M6G,2026-01-24 16:00:00,19865.100000000002,12016
M6G,2026-01-24 17:00:00,20543.2,12016
M6G,2026-01-24 18:00:00,20960.899999999998,12111
M6G,2026-01-24 19:00:00,20528.399999999998,12111
M6G,2026-01-24 20:00:00,19770.0,12111
M6G,2026-01-24 21:00:00,19048.1,12111
M6G,2026-01-24 22:00:00,17953.600000000002,12048
M6G,2026-01-24 23:00:00,16851.8,12048
M6G,2026-01-25 00:00:00,16004.999999999998,12111
M6G,2026-01-25 01:00:00,15103.5,12111
M6G,2026-01-25 02:00:00,14472.6,12111
M6G,2026-01-25 03:00:00,14020.3,12016
M6G,2026-01-25 04:00:00,13920.800000000001,12111
M6G,2026-01-25 05:00:00,13755.0,12111
M6G,2026-01-25 06:00:00,13992.2,12111
M6G,2026-01-25 07:00:00,14389.5,12048
M6G,2026-01-25 08:00:00,15463.099999999999,12048
M6G,2026-01-25 09:00:00,16661.9,12016
M6G,2026-01-25 10:00:00,17743.8,11953
M6G,2026-01-25 11:00:00,18867.899999999998,12048
M6G,2026-01-25 12:00:00,19769.9,12048
M6G,2026-01-25 13:00:00,20122.8,12048
M6G,2026-01-25 14:00:00,20310.6,12048
M6G,2026-01-25 15:00:00,20343.0,12048
M6G,2026-01-25 16:00:00,20737.7,12048
M6G,2026-01-25 17:00:00,21541.0,12048
M6G,2026-01-25 18:00:00,21836.1,12048
M6G,2026-01-25 19:00:00,21161.8,12048
M6G,2026-01-25 20:00:00,20053.0,11953
M6G,2026-01-25 21:00:00,19157.7,11953
M6G,2026-01-25 22:00:00,17997.600000000002,12048
M6G,2026-01-25 23:00:00,16435.8,12016
M6G,2026-01-26 00:00:00,15279.500000000002,12016
M6G,2026-01-26 01:00:00,14480.4,12016
M6G,2026-01-26 02:00:00,14005.5,12016
M6G,2026-01-26 03:00:00,13761.900000000001,12016
M6G,2026-01-26 04:00:00,13634.5,12016
M6G,2026-01-26 05:00:00,13956.0,12016
M6G,2026-01-26 06:00:00,14225.9,11953
M6G,2026-01-26 07:00:00,15019.400000000001,11953
M6G,2026-01-26 08:00:00,16485.0,12048
M6G,2026-01-26 09:00:00,17288.8,12111
M6G,2026-01-26 10:00:00,17678.3,12111
M6G,2026-01-26 11:00:00,17774.6,11953
M6G,2026-01-26 12:00:00,18372.7,12048
M6G,2026-01-26 13:00:00,18330.6,12048
M6G,2026-01-26 14:00:00,18077.8,12048
M6G,2026-01-26 15:00:00,18174.9,12048
M6G,2026-01-26 16:00:00,18604.5,12111
M6G,2026-01-26 17:00:00,19708.8,12016
M6G,2026-01-26 18:00:00,20455.0,12016
M6G,2026-01-26 19:00:00,20202.3,12048
M6G,2026-01-26 20:00:00,19302.3,11953
M6G,2026-01-26 21:00:00,18914.3,12111
M6G,2026-01-26 22:00:00,17516.6,12016
M6G,2026-01-26 23:00:00,15981.2,12016
M6G,2026-01-27 00:00:00,14887.800000000001,12111
M6G,2026-01-27 01:00:00,13883.9,11953
M6G,2026-01-27 02:00:00,13490.7,12016
M6G,2026-01-27 03:00:00,13207.099999999999,11953
M6G,2026-01-27 04:00:00,13255.0,11953
M6G,2026-01-27 05:00:00,13940.3,12111
M6G,2026-01-27 06:00:00,14558.400000000001,11953
M6G,2026-01-27 07:00:00,15893.9,12016
M6G,2026-01-27 08:00:00,16651.7,12016
M6G,2026-01-27 09:00:00,16884.5,12016
M6G,2026-01-27 10:00:00,17076.4,11953
M6G,2026-01-27 11:00:00,17645.2,11954
M6G,2026-01-27 12:00:00,18095.5,12112
M6G,2026-01-27 13:00:00,17863.6,11954
M6G,2026-01-27 14:00:00,17639.1,12017
M6G,2026-01-27 15:00:00,17462.2,11953
M6G,2026-01-27 16:00:00,18029.4,11953
M6G,2026-01-27 17:00:00,19163.100000000002,12016
M6G,2026-01-27 18:00:00,20130.899999999998,12111
M6G,2026-01-27 19:00:00,20090.6,12111
M6G,2026-01-27 20:00:00,19605.7,12048
M6G,2026-01-27 21:00:00,19033.9,12111
M6G,2026-01-27 22:00:00,17615.4,12111
M6G,2026-01-27 23:00:00,16234.6,12048
M6G,2026-01-28 00:00:00,15095.7,12048
M6G,2026-01-28 01:00:00,14248.3,12048
M6G,2026-01-28 02:00:00,13733.0,12048
M6G,2026-01-28 03:00:00,13369.9,12048
M6G,2026-01-28 04:00:00,13403.3,12048
M6G,2026-01-28 05:00:00,13722.6,12048
M6G,2026-01-28 06:00:00,14432.3,12111
M6G,2026-01-28 07:00:00,15547.9,12016
M6G,2026-01-28 08:00:00,16268.699999999999,12016
M6G,2026-01-28 09:00:00,16428.0,12016
M6G,2026-01-28 10:00:00,16741.5,12111
M6G,2026-01-28 11:00:00,16956.3,12112
M6G,2026-01-28 12:00:00,17187.3,12112
M6G,2026-01-28 13:00:00,17389.6,12112
M6G,2026-01-28 14:00:00,17245.4,12112
M6G,2026-01-28 15:00:00,17093.399999999998,12048
M6G,2026-01-28 16:00:00,17747.899999999998,12048
M6G,2026-01-28 17:00:00,18899.1,12016
M6G,2026-01-28 18:00:00,19766.699999999997,12016
M6G,2026-01-28 19:00:00,19761.4,12016
M6G,2026-01-28 20:00:00,19513.7,12048
M6G,2026-01-28 21:00:00,19010.600000000002,12111
M6G,2026-01-28 22:00:00,17880.3,12111
M6G,2026-01-28 23:00:00,16292.9,12048
M6G,2026-01-29 00:00:00,15034.4,12048
M6G,2026-01-29 01:00:00,14162.900000000001,12111
M6G,2026-01-29 02:00:00,13578.099999999999,12016
M6G,2026-01-29 03:00:00,13397.7,12016
M6G,2026-01-29 04:00:00,13297.5,12016
M6G,2026-01-29 05:00:00,13600.5,12016
M6G,2026-01-29 06:00:00,14272.0,12016
M6G,2026-01-29 07:00:00,15645.8,12111
M6G,2026-01-29 08:00:00,16228.3,11953
M6G,2026-01-29 09:00:00,16685.0,12048
M6G,2026-01-29 10:00:00,16981.8,12111
M6G,2026-01-29 11:00:00,16975.2,11954
M6G,2026-01-29 12:00:00,17392.8,12049
M6G,2026-01-29 13:00:00,17422.9,12112
M6G,2026-01-29 14:00:00,17235.4,12017
M6G,2026-01-29 15:00:00,17428.9,12111
M6G,2026-01-29 16:00:00,17881.7,12016
M6G,2026-01-29 17:00:00,19280.2,12016
M6G,2026-01-29 18:00:00,20231.5,12016
M6G,2026-01-29 19:00:00,20686.3,12111
M6G,2026-01-29 20:00:00,20460.9,12111
M6G,2026-01-29 21:00:00,19869.600000000002,12016
M6G,2026-01-29 22:00:00,18900.9,12111
M6G,2026-01-29 23:00:00,17223.2,12016
M6G,2026-01-30 00:00:00,15921.8,12016
M6G,2026-01-30 01:00:00,15068.1,11953
M6G,2026-01-30 02:00:00,14701.0,12016
M6G,2026-01-30 03:00:00,14474.500000000002,12016
M6G,2026-01-30 04:00:00,14390.199999999999,12016
M6G,2026-01-30 05:00:00,14868.400000000001,12111
M6G,2026-01-30 06:00:00,15386.9,12016
M6G,2026-01-30 07:00:00,16765.3,12016
M6G,2026-01-30 08:00:00,17831.100000000002,12048
M6G,2026-01-30 09:00:00,18474.6,12111
M6G,2026-01-30 10:00:00,18751.8,11953
M6G,2026-01-30 11:00:00,18863.600000000002,11954
M6G,2026-01-30 12:00:00,18839.4,11954
M6G,2026-01-30 13:00:00,18624.7,12049
M6G,2026-01-30 14:00:00,18477.0,12112
M6G,2026-01-30 15:00:00,18407.8,11953
M6G,2026-01-30 16:00:00,18978.9,12016
M6G,2026-01-30 17:00:00,20022.0,12016
M6G,2026-01-30 18:00:00,20609.8,12111
M6G,2026-01-30 19:00:00,20375.0,12111
M6G,2026-01-30 20:00:00,19923.9,12111
M6G,2026-01-30 21:00:00,19255.9,12111
M6G,2026-01-30 22:00:00,18305.8,12048
M6G,2026-01-30 23:00:00,17139.5,12048
M6G,2026-01-31 00:00:00,16214.0,12111
M6G,2026-01-31 01:00:00,15218.5,12016
M6G,2026-01-31 02:00:00,14601.1,12016
M6G,2026-01-31 03:00:00,14359.400000000001,12016
M6G,2026-01-31 04:00:00,14173.9,12016
M6G,2026-01-31 05:00:00,14273.5,12016
M6G,2026-01-31 06:00:00,14501.3,11953
M6G,2026-01-31 07:00:00,15495.300000000001,12111
M6G,2026-01-31 08:00:00,16460.6,12016
M6G,2026-01-31 09:00:00,17123.8,11953
M6G,2026-01-31 10:00:00,18038.9,12048
M6G,2026-01-31 11:00:00,18736.0,12112
M6G,2026-01-31 12:00:00,18812.5,11954
M6G,2026-01-31 13:00:00,18694.8,12017
M6G,2026-01-31 14:00:00,18595.600000000002,12112
M6G,2026-01-31 15:00:00,18332.3,11953
M6G,2026-01-31 16:00:00,18974.399999999998,12111
M6G,2026-01-31 17:00:00,19827.2,12016
M6G,2026-01-31 18:00:00,20587.5,12111
M6G,2026-01-31 19:00:00,20298.3,12111
M6G,2026-01-31 20:00:00,19688.100000000002,12111
M6G,2026-01-31 21:00:00,18913.3,12048
M6G,2026-01-31 22:00:00,18016.899999999998,12048
M6G,2026-01-31 23:00:00,17005.7,12048
M6G,2026-02-01 00:00:00,16051.481815,12117
M6G,2026-02-01 01:00:00,15316.526930000002,12117
M6G,2026-02-01 02:00:00,14642.902695,12117
M6G,2026-02-01 03:00:00,14292.109925,12117
M6G,2026-02-01 04:00:00,14211.346467,12117
M6G,2026-02-01 05:00:00,14219.05118,12117
M6G,2026-02-01 06:00:00,14533.821375000001,12117
M6G,2026-02-01 07:00:00,15116.009533999999,12117
M6G,2026-02-01 08:00:00,16105.395504,12117
M6G,2026-02-01 09:00:00,16955.144898,12117
M6G,2026-02-01 10:00:00,17598.201422,12117
M6G,2026-02-01 11:00:00,18066.454411,12117
M6G,2026-02-01 12:00:00,18347.162651,12118
M6G,2026-02-01 13:00:00,18338.656066,12118
M6G,2026-02-01 14:00:00,18075.198796,12117
M6G,2026-02-01 15:00:00,18176.15613,12117
M6G,2026-02-01 16:00:00,18631.265408000003,12117
M6G,2026-02-01 17:00:00,19956.594551000002,12117
M6G,2026-02-01 18:00:00,20865.389215,12117
M6G,2026-02-01 19:00:00,20611.708423,12117
M6G,2026-02-01 20:00:00,19872.319969999997,12117
M6G,2026-02-01 21:00:00,19041.150103,12117
M6G,2026-02-01 22:00:00,17732.011486,12117
M6G,2026-02-01 23:00:00,16173.278984,12121
M6G,2026-02-02 00:00:00,14835.562337999998,12117
M6G,2026-02-02 01:00:00,14060.199424999999,12117
M6G,2026-02-02 02:00:00,13591.421637,12117
M6G,2026-02-02 03:00:00,13404.07695,12117
M6G,2026-02-02 04:00:00,13398.554697000001,12117
M6G,2026-02-02 05:00:00,13703.069924,12117
M6G,2026-02-02 06:00:00,14351.185157,12117
M6G,2026-02-02 07:00:00,15620.638621999999,12117
M6G,2026-02-02 08:00:00,16245.796791,12117
M6G,2026-02-02 09:00:00,16377.690660999999,12117
M6G,2026-02-02 10:00:00,16517.916583000002,12117
M6G,2026-02-02 11:00:00,16645.198569,12117
M6G,2026-02-02 12:00:00,16786.024684,12118
M6G,2026-02-02 13:00:00,16490.6702,12118
M6G,2026-02-02 14:00:00,16343.977091,12117
M6G,2026-02-02 15:00:00,16364.513910999998,12117
M6G,2026-02-02 16:00:00,16932.043421,12118
M6G,2026-02-02 17:00:00,18068.723737,12118
M6G,2026-02-02 18:00:00,19045.486073,12118
M6G,2026-02-02 19:00:00,19044.331371,12118
M6G,2026-02-02 20:00:00,18584.468302,12118
M6G,2026-02-02 21:00:00,17929.470563,12118
M6G,2026-02-02 22:00:00,16614.71709,12118
M6G,2026-02-02 23:00:00,15128.233321,12118
M6G,2026-02-03 00:00:00,13937.076508,12118
M6G,2026-02-03 01:00:00,13113.139109,12118
M6G,2026-02-03 02:00:00,12688.58818,12118
M6G,2026-02-03 03:00:00,12373.601204,12118
M6G,2026-02-03 04:00:00,12313.566515999999,12118
M6G,2026-02-03 05:00:00,12637.043126,12118
M6G,2026-02-03 06:00:00,13319.653269,12118
M6G,2026-02-03 07:00:00,14537.303031000001,12118
M6G,2026-02-03 08:00:00,15206.011169999998,12119
M6G,2026-02-03 09:00:00,15475.6702,12119
M6G,2026-02-03 10:00:00,15722.514471999999,12119
M6G,2026-02-03 11:00:00,16066.974068000001,12119
M6G,2026-02-03 12:00:00,16553.307911,12120
M6G,2026-02-03 13:00:00,16431.743473,12120
M6G,2026-02-03 14:00:00,16159.537671000002,12119
M6G,2026-02-03 15:00:00,15992.879325,12118
M6G,2026-02-03 16:00:00,16595.529147,12118
M6G,2026-02-03 17:00:00,17923.50524,12118
M6G,2026-02-03 18:00:00,18988.499630000002,12118
M6G,2026-02-03 19:00:00,19070.512757,12118
M6G,2026-02-03 20:00:00,18597.120357,12118
M6G,2026-02-03 21:00:00,18025.992234,12118
M6G,2026-02-03 22:00:00,16906.326076999998,12118
M6G,2026-02-03 23:00:00,15424.036765,12126
M6G,2026-02-04 00:00:00,14297.698679000001,12118
M6G,2026-02-04 01:00:00,13648.124642,12118
M6G,2026-02-04 02:00:00,13105.5409,12118
M6G,2026-02-04 03:00:00,12992.413544000001,12118
M6G,2026-02-04 04:00:00,12961.374069999998,12118
M6G,2026-02-04 05:00:00,13320.220981,12118
M6G,2026-02-04 06:00:00,13984.60239,12118
M6G,2026-02-04 07:00:00,15320.617461,12118
M6G,2026-02-04 08:00:00,15945.091796,12118
M6G,2026-02-04 09:00:00,15984.03231,12118
M6G,2026-02-04 10:00:00,16141.563215000002,12118
M6G,2026-02-04 11:00:00,16340.111396,12118
M6G,2026-02-04 12:00:00,16388.709749,12120
M6G,2026-02-04 13:00:00,16214.925307,12120
M6G,2026-02-04 14:00:00,16103.47953,12119
M6G,2026-02-04 15:00:00,16025.022401999999,12119
M6G,2026-02-04 16:00:00,16522.183912,12119
M6G,2026-02-04 17:00:00,17859.735178000003,12119
M6G,2026-02-04 18:00:00,18930.07592,12119
M6G,2026-02-04 19:00:00,19054.765574999998,12119
M6G,2026-02-04 20:00:00,18671.422285,12119
M6G,2026-02-04 21:00:00,18157.476631,12119
M6G,2026-02-04 22:00:00,16794.912265,12119
M6G,2026-02-04 23:00:00,15364.177641,12121
M6G,2026-02-05 00:00:00,14174.701848,12119
M6G,2026-02-05 01:00:00,13473.267267000001,12119
M6G,2026-02-05 02:00:00,13022.339446,12119
M6G,2026-02-05 03:00:00,12844.965808,12119
M6G,2026-02-05 04:00:00,12858.079465,12119
M6G,2026-02-05 05:00:00,13193.324101,12119
M6G,2026-02-05 06:00:00,13959.314925,12119
M6G,2026-02-05 07:00:00,15293.682012999998,12119
M6G,2026-02-05 08:00:00,15818.912836,12119
M6G,2026-02-05 09:00:00,15952.495227000001,12119
M6G,2026-02-05 10:00:00,16279.246445,12119
M6G,2026-02-05 11:00:00,16569.968675,12119
M6G,2026-02-05 12:00:00,16689.120232999998,12120
M6G,2026-02-05 13:00:00,16583.356559,12120
M6G,2026-02-05 14:00:00,16559.495112,12119
M6G,2026-02-05 15:00:00,16644.998922,12119
M6G,2026-02-05 16:00:00,17188.374601000003,12119
M6G,2026-02-05 17:00:00,18104.871863,12119
M6G,2026-02-05 18:00:00,18965.052063000003,12119
M6G,2026-02-05 19:00:00,19068.775526999998,12119
M6G,2026-02-05 20:00:00,18828.455191,12119
M6G,2026-02-05 21:00:00,18208.134587,12119
M6G,2026-02-05 22:00:00,17026.967198,12119
M6G,2026-02-05 23:00:00,15628.230323,12119
M6G,2026-02-06 00:00:00,14473.750123000002,12119
M6G,2026-02-06 01:00:00,13522.121090999999,12119
M6G,2026-02-06 02:00:00,13004.285199,12119
M6G,2026-02-06 03:00:00,12736.723419,12119
M6G,2026-02-06 04:00:00,12711.438016000002,12119
M6G,2026-02-06 05:00:00,12925.518555,12119
M6G,2026-02-06 06:00:00,13561.849062,12119
M6G,2026-02-06 07:00:00,14701.684651,12119
M6G,2026-02-06 08:00:00,15539.553008,12119
M6G,2026-02-06 09:00:00,16053.368410000001,12119
M6G,2026-02-06 10:00:00,16335.453507,12119
M6G,2026-02-06 11:00:00,16751.260311000002,12119
M6G,2026-02-06 12:00:00,16901.121099,12120
M6G,2026-02-06 13:00:00,16777.242883,12121
M6G,2026-02-06 14:00:00,16625.621414,12120
M6G,2026-02-06 15:00:00,16666.358863,12120
M6G,2026-02-06 16:00:00,17368.880438,12120
M6G,2026-02-06 17:00:00,18164.367391,12120
M6G,2026-02-06 18:00:00,18517.377533000003,12120
M6G,2026-02-06 19:00:00,18600.523288,12120
M6G,2026-02-06 20:00:00,18344.961082,12120
M6G,2026-02-06 21:00:00,17804.812641,12120
M6G,2026-02-06 22:00:00,17220.119640999998,12120
M6G,2026-02-06 23:00:00,16321.736442000001,12120
M6G,2026-02-07 00:00:00,15701.902069,12120
M6G,2026-02-07 01:00:00,15072.181437,12120
M6G,2026-02-07 02:00:00,14608.110349,12120
M6G,2026-02-07 03:00:00,14370.746806,12120
M6G,2026-02-07 04:00:00,14335.306608,12120
M6G,2026-02-07 05:00:00,14509.012746999999,12120
M6G,2026-02-07 06:00:00,14807.851778,12120
M6G,2026-02-07 07:00:00,15655.923225999999,12120
M6G,2026-02-07 08:00:00,16881.270952,12120
M6G,2026-02-07 09:00:00,17945.355357,12120
M6G,2026-02-07 10:00:00,18887.23282,12120
M6G,2026-02-07 11:00:00,19568.703067000002,12120
M6G,2026-02-07 12:00:00,19767.221032999998,12121
M6G,2026-02-07 13:00:00,19734.779065,12121
M6G,2026-02-07 14:00:00,19630.314439,12120
M6G,2026-02-07 15:00:00,19577.488594000002,12120
M6G,2026-02-07 16:00:00,19879.45193,12120
M6G,2026-02-07 17:00:00,20924.326999,12119
M6G,2026-02-07 18:00:00,21715.736372,12119
M6G,2026-02-07 19:00:00,21343.13277,12119
M6G,2026-02-07 20:00:00,20645.087462,12119
M6G,2026-02-07 21:00:00,19981.495828,12119
M6G,2026-02-07 22:00:00,19165.144338,12119
M6G,2026-02-07 23:00:00,17846.976796,12119
M6G,2026-02-08 00:00:00,16779.121381,12119
M6G,2026-02-08 01:00:00,15970.517050999999,12119
M6G,2026-02-08 02:00:00,15329.093957000001,12119
M6G,2026-02-08 03:00:00,14959.324610000001,12119
M6G,2026-02-08 04:00:00,14831.6154,12119
M6G,2026-02-08 05:00:00,14954.756679,12119
M6G,2026-02-08 06:00:00,15251.25708,12119
M6G,2026-02-08 07:00:00,15887.594630999998,12119
M6G,2026-02-08 08:00:00,16897.257565,12119
M6G,2026-02-08 09:00:00,17942.428977,12119
M6G,2026-02-08 10:00:00,18902.097447,12119
M6G,2026-02-08 11:00:00,19583.41226,12119
M6G,2026-02-08 12:00:00,19976.814191,12120
M6G,2026-02-08 13:00:00,19910.437482,12120
M6G,2026-02-08 14:00:00,19697.494866,12119
M6G,2026-02-08 15:00:00,19806.764879000002,12119
M6G,2026-02-08 16:00:00,20129.007773,12119
M6G,2026-02-08 17:00:00,21304.665691,12119
M6G,2026-02-08 18:00:00,22055.262904,12119
M6G,2026-02-08 19:00:00,21490.211377,12119
M6G,2026-02-08 20:00:00,20757.128993,12119
M6G,2026-02-08 21:00:00,20117.666811,12119
M6G,2026-02-08 22:00:00,18912.157064,12119
M6G,2026-02-08 23:00:00,17590.373351,12120
M6G,2026-02-09 00:00:00,16304.090849999999,12119
M6G,2026-02-09 01:00:00,15431.016507,12119
M6G,2026-02-09 02:00:00,14990.683655,12119
M6G,2026-02-09 03:00:00,14734.143164000001,12119
M6G,2026-02-09 04:00:00,14618.555234,12119
M6G,2026-02-09 05:00:00,14837.140454,12119
M6G,2026-02-09 06:00:00,15536.752086,12119
M6G,2026-02-09 07:00:00,16915.154745,12119
M6G,2026-02-09 08:00:00,17461.196956,12119
M6G,2026-02-09 09:00:00,17590.102521,12119
M6G,2026-02-09 10:00:00,17958.128309,12119
M6G,2026-02-09 11:00:00,18201.470246,12119
M6G,2026-02-09 12:00:00,18280.32243,12120
M6G,2026-02-09 13:00:00,18148.433518,12120
M6G,2026-02-09 14:00:00,17979.681276,12119
M6G,2026-02-09 15:00:00,17592.316178,12119
M6G,2026-02-09 16:00:00,17933.041908,12119
M6G,2026-02-09 17:00:00,19144.076851,12119
M6G,2026-02-09 18:00:00,20289.532201,12119
M6G,2026-02-09 19:00:00,20362.640617,12119
M6G,2026-02-09 20:00:00,19661.997791,12119
M6G,2026-02-09 21:00:00,18721.31624,12119
M6G,2026-02-09 22:00:00,17352.271921,12119
M6G,2026-02-09 23:00:00,15806.23362,12120
M6G,2026-02-10 00:00:00,14509.258423,12119
M6G,2026-02-10 01:00:00,13609.339339,12119
M6G,2026-02-10 02:00:00,13100.08358,12119
M6G,2026-02-10 03:00:00,12927.428051,12119
M6G,2026-02-10 04:00:00,12790.821933000001,12119
M6G,2026-02-10 05:00:00,13122.386721,12119
M6G,2026-02-10 06:00:00,13769.052178,12119
M6G,2026-02-10 07:00:00,15018.883371,12119
M6G,2026-02-10 08:00:00,15526.113468,12119
M6G,2026-02-10 09:00:00,15627.792008999999,12119
M6G,2026-02-10 10:00:00,15767.729158,12119
M6G,2026-02-10 11:00:00,15841.717746,12119
M6G,2026-02-10 12:00:00,16096.000312,12119
M6G,2026-02-10 13:00:00,15902.104158,12119
M6G,2026-02-10 14:00:00,15828.841467,12119
M6G,2026-02-10 15:00:00,15766.676104999999,12119
M6G,2026-02-10 16:00:00,16170.647176,12119
M6G,2026-02-10 17:00:00,17104.210396000002,12119
M6G,2026-02-10 18:00:00,18039.847677,12119
M6G,2026-02-10 19:00:00,17997.36392,12119
M6G,2026-02-10 20:00:00,17531.747249,12119
M6G,2026-02-10 21:00:00,16936.934637000002,12119
M6G,2026-02-10 22:00:00,15724.238481999999,12119
M6G,2026-02-10 23:00:00,14190.838929,12120
M6G,2026-02-11 00:00:00,13001.432819,12121
M6G,2026-02-11 01:00:00,12150.267756,12121
M6G,2026-02-11 02:00:00,11653.712595,12121
M6G,2026-02-11 03:00:00,11477.621994,12121
M6G,2026-02-11 04:00:00,11510.64922,12121
M6G,2026-02-11 05:00:00,11885.401329,12121
M6G,2026-02-11 06:00:00,12543.932024,12121
M6G,2026-02-11 07:00:00,13788.137788000002,12121
M6G,2026-02-11 08:00:00,14508.269091,12121
M6G,2026-02-11 09:00:00,14756.754713,12121
M6G,2026-02-11 10:00:00,15184.330444000001,12121
M6G,2026-02-11 11:00:00,15552.648698,12121
M6G,2026-02-11 12:00:00,15928.061478,12122
M6G,2026-02-11 13:00:00,15859.863013,12122
M6G,2026-02-11 14:00:00,15723.726554,12121
M6G,2026-02-11 15:00:00,15942.495593,12121
M6G,2026-02-11 16:00:00,16447.894797,12121
M6G,2026-02-11 17:00:00,17394.066471000002,12121
M6G,2026-02-11 18:00:00,18162.744298,12121
M6G,2026-02-11 19:00:00,18299.377149,12121
M6G,2026-02-11 20:00:00,17969.216025,12121
M6G,2026-02-11 21:00:00,17377.98944,12121
M6G,2026-02-11 22:00:00,16162.314532,12121
M6G,2026-02-11 23:00:00,14779.065939,12121
M6G,2026-02-12 00:00:00,13184.366618999999,12121
M6G,2026-02-12 01:00:00,12716.177435000001,12121
M6G,2026-02-12 02:00:00,12191.848494000002,12121
M6G,2026-02-12 03:00:00,11993.385373,12121
M6G,2026-02-12 04:00:00,12006.560743,12121
M6G,2026-02-12 05:00:00,12310.010543999999,12121
M6G,2026-02-12 06:00:00,13050.533232,12121
M6G,2026-02-12 07:00:00,14269.933946,12121
M6G,2026-02-12 08:00:00,14976.761273,12121
M6G,2026-02-12 09:00:00,15122.834444,12121
M6G,2026-02-12 10:00:00,15249.392391,12121
M6G,2026-02-12 11:00:00,15728.660478000002,12121
M6G,2026-02-12 12:00:00,15873.850823,12122
M6G,2026-02-12 13:00:00,15508.538289,12122
M6G,2026-02-12 14:00:00,15537.284729,12121
M6G,2026-02-12 15:00:00,15396.605964,12121
M6G,2026-02-12 16:00:00,15991.926188000001,12121
M6G,2026-02-12 17:00:00,17023.486468,12121
M6G,2026-02-12 18:00:00,18136.333307,12121
M6G,2026-02-12 19:00:00,18336.441987,12121
M6G,2026-02-12 20:00:00,18052.961646,12121
M6G,2026-02-12 21:00:00,17548.073795,12121
M6G,2026-02-12 22:00:00,16518.284559,12121
M6G,2026-02-12 23:00:00,15230.175947000002,12121
M6G,2026-02-13 00:00:00,14017.657838000001,12121
M6G,2026-02-13 01:00:00,13308.652782000001,12121
M6G,2026-02-13 02:00:00,12775.679386,12121
M6G,2026-02-13 03:00:00,12577.411383999999,12121
M6G,2026-02-13 04:00:00,12454.891057,12121
M6G,2026-02-13 05:00:00,12775.61737,12121
M6G,2026-02-13 06:00:00,13358.526983999998,12121
M6G,2026-02-13 07:00:00,14404.574664000002,12121
M6G,2026-02-13 08:00:00,15152.08896,12121
M6G,2026-02-13 09:00:00,15414.492508000001,12122
M6G,2026-02-13 10:00:00,15830.045772000001,12121
M6G,2026-02-13 11:00:00,16144.601202,12122
M6G,2026-02-13 12:00:00,16318.281933,12123
M6G,2026-02-13 13:00:00,16064.691179000001,12123
M6G,2026-02-13 14:00:00,15890.503795,12122
M6G,2026-02-13 15:00:00,15850.347068,12122
M6G,2026-02-13 16:00:00,16394.299629,12122
M6G,2026-02-13 17:00:00,17061.513684,12122
M6G,2026-02-13 18:00:00,17561.891817,12122
M6G,2026-02-13 19:00:00,17584.379779000003,12122
M6G,2026-02-13 20:00:00,17166.414407,12122
M6G,2026-02-13 21:00:00,16638.741715,12122
M6G,2026-02-13 22:00:00,15662.245187,12122
M6G,2026-02-13 23:00:00,14524.388845,12124
M6G,2026-02-14 00:00:00,13482.546821,12121
M6G,2026-02-14 01:00:00,12691.305469,12121
M6G,2026-02-14 02:00:00,12045.205941999999,12121
M6G,2026-02-14 03:00:00,11668.468709,12121
M6G,2026-02-14 04:00:00,11484.414678000001,12121
M6G,2026-02-14 05:00:00,11530.449188,12121
M6G,2026-02-14 06:00:00,11894.294587,12121
M6G,2026-02-14 07:00:00,12559.238844,12121
M6G,2026-02-14 08:00:00,13378.145213,12121
M6G,2026-02-14 09:00:00,13953.089738,12121
M6G,2026-02-14 10:00:00,14746.497268,12121
M6G,2026-02-14 11:00:00,15217.284450000001,12121
M6G,2026-02-14 12:00:00,15497.524552000003,12122
M6G,2026-02-14 13:00:00,15614.523248,12122
M6G,2026-02-14 14:00:00,15431.950302000001,12121
M6G,2026-02-14 15:00:00,15519.909022999998,12120
M6G,2026-02-14 16:00:00,15660.252837,12120
M6G,2026-02-14 17:00:00,16202.840146999999,12120
M6G,2026-02-14 18:00:00,16633.149883,12120
M6G,2026-02-14 19:00:00,16476.193697000002,12120
M6G,2026-02-14 20:00:00,15886.889409,12120
M6G,2026-02-14 21:00:00,15338.316844,12120
M6G,2026-02-14 22:00:00,14696.766669999999,12120
M6G,2026-02-14 23:00:00,13745.389196,12120
M6G,2026-02-15 00:00:00,12903.83057,12120
M6G,2026-02-15 01:00:00,12019.408314,12120
M6G,2026-02-15 02:00:00,11476.899953,12120
M6G,2026-02-15 03:00:00,11052.932482,12120
M6G,2026-02-15 04:00:00,10884.107461,12120
M6G,2026-02-15 05:00:00,10943.337362,12120
M6G,2026-02-15 06:00:00,11244.520861,12120
M6G,2026-02-15 07:00:00,11730.547822,12120
M6G,2026-02-15 08:00:00,12592.609609000001,12120
M6G,2026-02-15 09:00:00,13500.939927999998,12120
M6G,2026-02-15 10:00:00,14529.443206999998,12120
M6G,2026-02-15 11:00:00,15299.31067,12120
M6G,2026-02-15 12:00:00,15396.410954,12121
M6G,2026-02-15 13:00:00,15113.05184,12121
M6G,2026-02-15 14:00:00,14813.549646,12120
M6G,2026-02-15 15:00:00,14855.332983999999,12120
M6G,2026-02-15 16:00:00,15077.822406,12120
M6G,2026-02-15 17:00:00,15886.505088000002,12120
M6G,2026-02-15 18:00:00,16476.62287,12120
M6G,2026-02-15 19:00:00,16283.638997000002,12120
M6G,2026-02-15 20:00:00,15807.919525,12120
M6G,2026-02-15 21:00:00,15239.651613,12120
M6G,2026-02-15 22:00:00,14416.229133,12119
M6G,2026-02-15 23:00:00,13421.015029,12121
M6G,2026-02-16 00:00:00,12442.088135999998,12119
M6G,2026-02-16 01:00:00,11681.451665999999,12119
M6G,2026-02-16 02:00:00,11196.214456,12119
M6G,2026-02-16 03:00:00,10893.60629,12119
M6G,2026-02-16 04:00:00,10812.976282,12119
M6G,2026-02-16 05:00:00,10993.30243,12119
M6G,2026-02-16 06:00:00,11379.664294,12119
M6G,2026-02-16 07:00:00,11943.531283,12119
M6G,2026-02-16 08:00:00,12702.851273,12119
M6G,2026-02-16 09:00:00,13478.865956,12119
M6G,2026-02-16 10:00:00,14302.179906,12119
M6G,2026-02-16 11:00:00,15095.123895,12119
M6G,2026-02-16 12:00:00,15556.889844,12120
M6G,2026-02-16 13:00:00,15470.758592,12120
M6G,2026-02-16 14:00:00,15379.001226999999,12119
M6G,2026-02-16 15:00:00,15400.106566,12119
M6G,2026-02-16 16:00:00,15905.176248,12119
M6G,2026-02-16 17:00:00,16762.597873,12119
M6G,2026-02-16 18:00:00,17398.835545,12119
M6G,2026-02-16 19:00:00,16983.803408,12119
M6G,2026-02-16 20:00:00,16404.486883999998,12119
M6G,2026-02-16 21:00:00,15553.443580000001,12119
M6G,2026-02-16 22:00:00,14285.35856,12119
M6G,2026-02-16 23:00:00,12839.728879,12119
M6G,2026-02-17 00:00:00,11315.230029,12119
M6G,2026-02-17 01:00:00,10578.036868000001,12119
M6G,2026-02-17 02:00:00,10115.57563,12119
M6G,2026-02-17 03:00:00,10022.580947999999,12119
M6G,2026-02-17 04:00:00,10216.307831,12119
M6G,2026-02-17 05:00:00,10496.517834999999,12119
M6G,2026-02-17 06:00:00,11203.389877,12119
M6G,2026-02-17 07:00:00,12540.795831,12119
M6G,2026-02-17 08:00:00,12861.956702000001,12119
M6G,2026-02-17 09:00:00,12698.249775999999,12119
M6G,2026-02-17 10:00:00,12893.757941999998,12119
M6G,2026-02-17 11:00:00,12896.229875,12119
M6G,2026-02-17 12:00:00,12996.203406,12120
M6G,2026-02-17 13:00:00,12945.450459999998,12120
M6G,2026-02-17 14:00:00,12686.782426,12119
M6G,2026-02-17 15:00:00,12770.173824999998,12119
M6G,2026-02-17 16:00:00,13552.357613,12119
M6G,2026-02-17 17:00:00,14674.125295999998,12119
M6G,2026-02-17 18:00:00,15693.096904,12119
M6G,2026-02-17 19:00:00,15783.512021999999,12119
M6G,2026-02-17 20:00:00,15470.446952,12119
M6G,2026-02-17 21:00:00,14797.154027,12119
M6G,2026-02-17 22:00:00,13688.838041,12119
M6G,2026-02-17 23:00:00,12367.530329000001,12119
M6G,2026-02-18 00:00:00,11285.240287,12119
M6G,2026-02-18 01:00:00,10491.375463,12119
M6G,2026-02-18 02:00:00,10011.388837,12119
M6G,2026-02-18 03:00:00,9833.395664,12119
M6G,2026-02-18 04:00:00,9837.072908,12119
M6G,2026-02-18 05:00:00,10264.683947,12119
M6G,2026-02-18 06:00:00,10927.66114,12119
M6G,2026-02-18 07:00:00,12129.768175,12119
M6G,2026-02-18 08:00:00,13149.423362000001,12119
M6G,2026-02-18 09:00:00,13915.610349,12119
M6G,2026-02-18 10:00:00,14668.281782,12119
M6G,2026-02-18 11:00:00,15359.940986000001,12119
M6G,2026-02-18 12:00:00,15663.597365,12120
M6G,2026-02-18 13:00:00,15683.223705999999,12120
M6G,2026-02-18 14:00:00,15690.859574999999,12119
M6G,2026-02-18 15:00:00,15563.270643000002,12119
M6G,2026-02-18 16:00:00,16100.336954,12119
M6G,2026-02-18 17:00:00,17035.360675,12119
M6G,2026-02-18 18:00:00,17700.409063,12119
M6G,2026-02-18 19:00:00,17465.404796,12119
M6G,2026-02-18 20:00:00,17021.810856,12119
M6G,2026-02-18 21:00:00,16204.685006000002,12119
M6G,2026-02-18 22:00:00,14974.616687000002,12119
M6G,2026-02-18 23:00:00,13421.252707,12120
M6G,2026-02-19 00:00:00,12401.625781,12119
M6G,2026-02-19 01:00:00,11580.687678,12119
M6G,2026-02-19 02:00:00,11080.651137,12119
M6G,2026-02-19 03:00:00,10845.889664,12119
M6G,2026-02-19 04:00:00,10836.662996,12119
M6G,2026-02-19 05:00:00,11195.633971,12119
M6G,2026-02-19 06:00:00,11862.856015000001,12119
M6G,2026-02-19 07:00:00,12981.782921000002,12119
M6G,2026-02-19 08:00:00,13546.552679999999,12119
M6G,2026-02-19 09:00:00,13669.570156,12119
M6G,2026-02-19 10:00:00,13968.988037,12119
M6G,2026-02-19 11:00:00,14351.896448000001,12119
M6G,2026-02-19 12:00:00,14662.747107,12120
M6G,2026-02-19 13:00:00,14626.132456,12120
M6G,2026-02-19 14:00:00,14459.388480000001,12119
M6G,2026-02-19 15:00:00,14615.26056,12119
M6G,2026-02-19 16:00:00,15080.915925,12119
M6G,2026-02-19 17:00:00,16062.216385,12119
M6G,2026-02-19 18:00:00,16825.55653,12119
M6G,2026-02-19 19:00:00,16823.41758,12119
M6G,2026-02-19 20:00:00,16497.462483,12119
M6G,2026-02-19 21:00:00,15868.996596,12119
M6G,2026-02-19 22:00:00,14856.412879,12119
M6G,2026-02-19 23:00:00,13464.247365,12119
M6G,2026-02-20 00:00:00,12401.396211000001,12119
M6G,2026-02-20 01:00:00,11640.520306,12119
M6G,2026-02-20 02:00:00,11046.358672,12119
M6G,2026-02-20 03:00:00,10759.527774,12119
M6G,2026-02-20 04:00:00,10755.035036000001,12119
M6G,2026-02-20 05:00:00,11134.383776,12119
M6G,2026-02-20 06:00:00,11747.227257,12119
M6G,2026-02-20 07:00:00,12819.819873999999,12119
M6G,2026-02-20 08:00:00,13706.449973,12119
M6G,2026-02-20 09:00:00,14171.779016,12119
M6G,2026-02-20 10:00:00,14893.696332,12119
M6G,2026-02-20 11:00:00,15387.666877,12119
M6G,2026-02-20 12:00:00,15641.899572999999,12120
M6G,2026-02-20 13:00:00,15736.927627000001,12120
M6G,2026-02-20 14:00:00,15352.775022999998,12119
M6G,2026-02-20 15:00:00,15371.399989,12119
M6G,2026-02-20 16:00:00,15833.947825,12119
M6G,2026-02-20 17:00:00,16265.323026,12119
M6G,2026-02-20 18:00:00,16701.842267,12119
M6G,2026-02-20 19:00:00,16555.787366,12119
M6G,2026-02-20 20:00:00,15950.198995,12119
M6G,2026-02-20 21:00:00,15475.104873999999,12119
M6G,2026-02-20 22:00:00,14773.982452,12119
M6G,2026-02-20 23:00:00,13527.5557,12121
M6G,2026-02-21 00:00:00,12416.867419999999,12119
M6G,2026-02-21 01:00:00,11608.192374,12119
M6G,2026-02-21 02:00:00,10985.294759999999,12119
M6G,2026-02-21 03:00:00,10622.735486000001,12119
M6G,2026-02-21 04:00:00,10452.027855999999,12119
M6G,2026-02-21 05:00:00,10589.844581000001,12119
M6G,2026-02-21 06:00:00,10954.591267,12119
M6G,2026-02-21 07:00:00,11607.820844999998,12119
M6G,2026-02-21 08:00:00,12554.007537000001,12119
M6G,2026-02-21 09:00:00,13488.834578,12119
M6G,2026-02-21 10:00:00,14268.048721000001,12119
M6G,2026-02-21 11:00:00,15188.048685,12119
M6G,2026-02-21 12:00:00,15363.481982,12120
M6G,2026-02-21 13:00:00,15444.277673,12120
M6G,2026-02-21 14:00:00,15332.199768999999,12119
M6G,2026-02-21 15:00:00,15177.086169999999,12119
M6G,2026-02-21 16:00:00,15757.802087,12119
M6G,2026-02-21 17:00:00,16343.258565000002,12119
M6G,2026-02-21 18:00:00,16540.039243,12119
M6G,2026-02-21 19:00:00,16377.391303,12119
M6G,2026-02-21 20:00:00,15876.604302,12119
M6G,2026-02-21 21:00:00,15365.269135,12119
M6G,2026-02-21 22:00:00,14657.805025000001,12119
M6G,2026-02-21 23:00:00,13590.831985,12120
M6G,2026-02-22 00:00:00,12633.900979,12119
M6G,2026-02-22 01:00:00,11954.130544000001,12119
M6G,2026-02-22 02:00:00,11387.365855,12119
M6G,2026-02-22 03:00:00,11050.615068,12119
M6G,2026-02-22 04:00:00,10900.671164000001,12119
M6G,2026-02-22 05:00:00,11031.400544,12119
M6G,2026-02-22 06:00:00,11331.363993,12119
M6G,2026-02-22 07:00:00,12118.36356,12119
M6G,2026-02-22 08:00:00,13164.787555,12119
M6G,2026-02-22 09:00:00,13974.795958,12119
M6G,2026-02-22 10:00:00,14698.568626,12119
M6G,2026-02-22 11:00:00,15249.653742,12119
M6G,2026-02-22 12:00:00,15582.288827999999,12120
M6G,2026-02-22 13:00:00,15744.292014,12120
M6G,2026-02-22 14:00:00,15635.502821,12119
M6G,2026-02-22 15:00:00,15621.561972,12119
M6G,2026-02-22 16:00:00,15852.474807,12119
M6G,2026-02-22 17:00:00,16861.239912,12119
M6G,2026-02-22 18:00:00,17548.136173,12119
M6G,2026-02-22 19:00:00,17411.941011,12119
M6G,2026-02-22 20:00:00,16817.808059,12119
M6G,2026-02-22 21:00:00,16062.744607,12119
M6G,2026-02-22 22:00:00,14867.439467,12119
M6G,2026-02-22 23:00:00,13407.704785000002,12120
M6G,2026-02-23 00:00:00,12204.531927,12119
M6G,2026-02-23 01:00:00,11410.455561,12119
M6G,2026-02-23 02:00:00,11064.199677999999,12119
M6G,2026-02-23 03:00:00,10887.877973,12119
M6G,2026-02-23 04:00:00,10904.761819,12119
M6G,2026-02-23 05:00:00,11331.116774999999,12119
M6G,2026-02-23 06:00:00,12053.838408,12119
M6G,2026-02-23 07:00:00,13168.683361,12119
M6G,2026-02-23 08:00:00,13881.414164,12119
M6G,2026-02-23 09:00:00,14100.578977,12118
M6G,2026-02-23 10:00:00,14548.167479,12118
M6G,2026-02-23 11:00:00,14945.047959,12118
M6G,2026-02-23 12:00:00,15067.483060999999,12119
M6G,2026-02-23 13:00:00,14845.604209000001,12119
M6G,2026-02-23 14:00:00,14700.918818,12118
M6G,2026-02-23 15:00:00,14956.844919,12118
M6G,2026-02-23 16:00:00,15814.216819000001,12118
M6G,2026-02-23 17:00:00,16777.18582,12118
M6G,2026-02-23 18:00:00,18137.787097,12118
M6G,2026-02-23 19:00:00,18402.061319,12118
M6G,2026-02-23 20:00:00,18050.926806000003,12118
M6G,2026-02-23 21:00:00,17512.504101,12118
M6G,2026-02-23 22:00:00,16327.752407,12118
M6G,2026-02-23 23:00:00,14870.821067,12122
M6G,2026-02-24 00:00:00,13841.211149,12119
M6G,2026-02-24 01:00:00,13097.014630999998,12119
M6G,2026-02-24 02:00:00,12715.149452,12119
M6G,2026-02-24 03:00:00,12625.485668000001,12119
M6G,2026-02-24 04:00:00,12637.069400999999,12119
M6G,2026-02-24 05:00:00,13000.654487,12119
M6G,2026-02-24 06:00:00,13869.848179999999,12119
M6G,2026-02-24 07:00:00,15202.732381,12119
M6G,2026-02-24 08:00:00,15676.159810000001,12119
M6G,2026-02-24 09:00:00,15690.164395000002,12118
M6G,2026-02-24 10:00:00,16089.965045,12118
M6G,2026-02-24 11:00:00,16111.145537,12118
M6G,2026-02-24 12:00:00,16185.223097,12119
M6G,2026-02-24 13:00:00,15944.272743,12119
M6G,2026-02-24 14:00:00,15672.803253,12118
M6G,2026-02-24 15:00:00,15616.51283,12118
M6G,2026-02-24 16:00:00,16154.286727,12118
M6G,2026-02-24 17:00:00,17333.909447,12118
M6G,2026-02-24 18:00:00,18337.942532,12118
M6G,2026-02-24 19:00:00,18298.953111,12118
M6G,2026-02-24 20:00:00,17887.439653,12118
M6G,2026-02-24 21:00:00,17197.31292,12118
M6G,2026-02-24 22:00:00,16122.649062,12118
M6G,2026-02-24 23:00:00,14797.30217,12118
M6G,2026-02-25 00:00:00,13503.262724,12117
M6G,2026-02-25 01:00:00,12704.43154,12117
M6G,2026-02-25 02:00:00,12120.947828999999,12117
M6G,2026-02-25 03:00:00,11583.378080999999,12117
M6G,2026-02-25 04:00:00,11678.270999,12117
M6G,2026-02-25 05:00:00,11978.476586,12117
M6G,2026-02-25 06:00:00,12546.480512,12117
M6G,2026-02-25 07:00:00,13693.738635,12117
M6G,2026-02-25 08:00:00,14286.108112,12117
M6G,2026-02-25 09:00:00,14512.065606,12117
M6G,2026-02-25 10:00:00,14723.968664,12117
M6G,2026-02-25 11:00:00,15001.277942,12117
M6G,2026-02-25 12:00:00,15194.408121,12117
M6G,2026-02-25 13:00:00,15205.466556,12117
M6G,2026-02-25 14:00:00,15267.227012,12117
M6G,2026-02-25 15:00:00,15032.358459000001,12117
M6G,2026-02-25 16:00:00,15663.09158,12117
M6G,2026-02-25 17:00:00,16552.185364,12117
M6G,2026-02-25 18:00:00,17636.100798,12117
M6G,2026-02-25 19:00:00,17613.295003,12117
M6G,2026-02-25 20:00:00,17251.452003000002,12117
M6G,2026-02-25 21:00:00,16810.01946,12117
M6G,2026-02-25 22:00:00,15568.229137,12117
M6G,2026-02-25 23:00:00,14186.355062,12117
M6G,2026-02-26 00:00:00,13020.870038,12118
M6G,2026-02-26 01:00:00,12311.151694,12118
M6G,2026-02-26 02:00:00,11865.477487,12118
M6G,2026-02-26 03:00:00,11694.183130000001,12118
M6G,2026-02-26 04:00:00,11689.845242,12118
M6G,2026-02-26 05:00:00,12033.026850000002,12118
M6G,2026-02-26 06:00:00,12706.783034999999,12118
M6G,2026-02-26 07:00:00,13892.663135,12118
M6G,2026-02-26 08:00:00,14246.819698,12118
M6G,2026-02-26 09:00:00,14218.872862999999,12117
M6G,2026-02-26 10:00:00,14686.931889,12117
M6G,2026-02-26 11:00:00,14887.358923,12117
M6G,2026-02-26 12:00:00,14999.975400000001,12118
M6G,2026-02-26 13:00:00,14920.485989,12118
M6G,2026-02-26 14:00:00,14744.215252,12117
M6G,2026-02-26 15:00:00,14737.933316999999,12117
M6G,2026-02-26 16:00:00,15146.869942,12117
M6G,2026-02-26 17:00:00,16032.777148,12117
M6G,2026-02-26 18:00:00,17066.614126,12117
M6G,2026-02-26 19:00:00,17400.625083,12117
M6G,2026-02-26 20:00:00,17061.648423000002,12117
M6G,2026-02-26 21:00:00,16531.651743000002,12117
M6G,2026-02-26 22:00:00,15427.947838,12117
M6G,2026-02-26 23:00:00,14096.118401,12117
M6G,2026-02-27 00:00:00,13007.205556,12117
M6G,2026-02-27 01:00:00,12200.275647999999,12117
M6G,2026-02-27 02:00:00,11705.20634,12117
M6G,2026-02-27 03:00:00,11461.482106,12117
M6G,2026-02-27 04:00:00,11391.297740999998,12117
M6G,2026-02-27 05:00:00,11742.822499,12117
M6G,2026-02-27 06:00:00,12309.921065999999,12117
M6G,2026-02-27 07:00:00,13392.294005,12117
M6G,2026-02-27 08:00:00,14161.115582,12117
M6G,2026-02-27 09:00:00,14414.685458,12117
M6G,2026-02-27 10:00:00,14825.437003,12117
M6G,2026-02-27 11:00:00,14993.911309000001,12117
M6G,2026-02-27 12:00:00,15016.508085,12117
M6G,2026-02-27 13:00:00,14593.518629,12117
M6G,2026-02-27 14:00:00,13988.574815999998,12117
M6G,2026-02-27 15:00:00,13848.628192,12117
M6G,2026-02-27 16:00:00,14118.300414,12117
M6G,2026-02-27 17:00:00,14864.205775999999,12117
M6G,2026-02-27 18:00:00,15631.430048999999,12117
M6G,2026-02-27 19:00:00,15868.910614,12117
M6G,2026-02-27 20:00:00,15533.142084,12117
M6G,2026-02-27 21:00:00,15016.367048,12117
M6G,2026-02-27 22:00:00,14051.045273,12117
M6G,2026-02-27 23:00:00,12949.458729,12117
M6G,2026-02-28 00:00:00,11923.170182,12118
M6G,2026-02-28 01:00:00,11178.133039999999,12118
M6G,2026-02-28 02:00:00,10593.677309,12118
M6G,2026-02-28 03:00:00,10115.175896,12118
M6G,2026-02-28 04:00:00,9881.876832,12118
M6G,2026-02-28 05:00:00,10015.807182999999,12118
M6G,2026-02-28 06:00:00,10328.671429,12118
M6G,2026-02-28 07:00:00,11229.744202,12118
M6G,2026-02-28 08:00:00,12014.501351,12118
M6G,2026-02-28 09:00:00,12852.110913999999,12119
M6G,2026-02-28 10:00:00,13535.458684,12119
M6G,2026-02-28 11:00:00,13996.116792,12119
M6G,2026-02-28 12:00:00,14440.673997999998,12120
M6G,2026-02-28 13:00:00,14488.625912,12120
M6G,2026-02-28 14:00:00,14456.801296999998,12119
M6G,2026-02-28 15:00:00,14358.5367,12119
M6G,2026-02-28 16:00:00,14760.709605,12119
M6G,2026-02-28 17:00:00,15908.128723,12119
M6G,2026-02-28 18:00:00,16630.09851,12119
M6G,2026-02-28 19:00:00,16607.75119,12119
M6G,2026-02-28 20:00:00,16179.082327,12119
M6G,2026-02-28 21:00:00,15838.871533000001,12119
M6G,2026-02-28 22:00:00,15150.30097,12119
M6G,2026-02-28 23:00:00,14148.810359000001,12123
M6G,2026-03-01 00:00:00,13143.318619999998,12119
M6G,2026-03-01 01:00:00,12344.649179,12119
M6G,2026-03-01 02:00:00,11821.090928,12119
M6G,2026-03-01 03:00:00,11514.83536,12119
M6G,2026-03-01 04:00:00,11384.206418,12119
M6G,2026-03-01 05:00:00,11578.041637,12119
M6G,2026-03-01 06:00:00,11916.589797999999,12119
M6G,2026-03-01 07:00:00,12684.536697,12119
M6G,2026-03-01 08:00:00,13231.32004,12119
M6G,2026-03-01 09:00:00,13991.742104,12119
M6G,2026-03-01 10:00:00,14716.894443,12119
M6G,2026-03-01 11:00:00,15509.838148,12118
M6G,2026-03-01 12:00:00,16194.553627000001,12120
M6G,2026-03-01 13:00:00,16141.715439,12120
M6G,2026-03-01 14:00:00,16052.536168,12119
M6G,2026-03-01 15:00:00,16188.399936,12119
M6G,2026-03-01 16:00:00,16553.155709,12119
M6G,2026-03-01 17:00:00,17747.467097,12119
M6G,2026-03-01 18:00:00,18950.712657,12119
M6G,2026-03-01 19:00:00,18902.74084,12119
M6G,2026-03-01 20:00:00,18503.976087,12118
M6G,2026-03-01 21:00:00,17775.028775,12119
M6G,2026-03-01 22:00:00,16553.420513,12119
M6G,2026-03-01 23:00:00,15017.371936,12124
M6G,2026-03-02 00:00:00,13895.288552,12118
M6G,2026-03-02 01:00:00,13171.58997,12119
M6G,2026-03-02 02:00:00,12804.940027999999,12119
M6G,2026-03-02 03:00:00,12599.988754,12119
M6G,2026-03-02 04:00:00,12605.034911,12119
M6G,2026-03-02 05:00:00,12853.690368,12119
M6G,2026-03-02 06:00:00,13619.974881,12119
M6G,2026-03-02 07:00:00,15076.260768000002,12119
M6G,2026-03-02 08:00:00,15364.423880999999,12119
M6G,2026-03-02 09:00:00,15292.613038,12117
M6G,2026-03-02 10:00:00,15531.695976,12118
M6G,2026-03-02 11:00:00,15771.062906000001,12118
M6G,2026-03-02 12:00:00,15928.053714999998,12119
M6G,2026-03-02 13:00:00,15675.311329,12119
M6G,2026-03-02 14:00:00,15310.058815,12118
M6G,2026-03-02 15:00:00,15284.885072000001,12118
M6G,2026-03-02 16:00:00,15723.316526,12118
M6G,2026-03-02 17:00:00,16721.783767999998,12118
M6G,2026-03-02 18:00:00,17713.170890999998,12118
M6G,2026-03-02 19:00:00,17941.317625,12118
M6G,2026-03-02 20:00:00,17547.154674,12118
M6G,2026-03-02 21:00:00,16940.613476,12118
M6G,2026-03-02 22:00:00,15697.724210000002,12118
M6G,2026-03-02 23:00:00,14222.335794999999,12120
M6G,2026-03-03 00:00:00,12999.146818,12118
M6G,2026-03-03 01:00:00,12315.104661,12118
M6G,2026-03-03 02:00:00,11874.459230999999,12118
M6G,2026-03-03 03:00:00,11670.206325999998,12117
M6G,2026-03-03 04:00:00,11643.569035999999,12118
M6G,2026-03-03 05:00:00,11977.973587,12118
M6G,2026-03-03 06:00:00,12737.591762,12118
M6G,2026-03-03 07:00:00,13856.353829,12118
M6G,2026-03-03 08:00:00,14173.921095000002,12118
M6G,2026-03-03 09:00:00,14162.371098000001,12117
M6G,2026-03-03 10:00:00,14176.361782999998,12118
M6G,2026-03-03 11:00:00,14392.858873000001,12118
M6G,2026-03-03 12:00:00,14492.089743,12119
M6G,2026-03-03 13:00:00,14245.174977,12119
M6G,2026-03-03 14:00:00,14196.697828999999,12118
M6G,2026-03-03 15:00:00,14558.577136,12118
M6G,2026-03-03 16:00:00,15150.221126999999,12118
M6G,2026-03-03 17:00:00,15912.982245000001,12117
M6G,2026-03-03 18:00:00,16701.460651,12118
M6G,2026-03-03 19:00:00,16842.822103000002,12118
M6G,2026-03-03 20:00:00,16302.023988,12118
M6G,2026-03-03 21:00:00,15607.340844,12117
M6G,2026-03-03 22:00:00,14415.521154999999,12117
M6G,2026-03-03 23:00:00,13106.821604,12120
M6G,2026-03-04 00:00:00,12089.428601,12118
M6G,2026-03-04 01:00:00,11341.828117000001,12117
M6G,2026-03-04 02:00:00,10866.644862,12118
M6G,2026-03-04 03:00:00,10656.143315000001,12118
M6G,2026-03-04 04:00:00,10698.762151,12118
M6G,2026-03-04 05:00:00,11059.804178999999,12118
M6G,2026-03-04 06:00:00,11829.296881,12118
M6G,2026-03-04 07:00:00,13041.312583,12118
M6G,2026-03-04 08:00:00,13223.169512999999,12118
M6G,2026-03-04 09:00:00,13048.605281000002,12117
M6G,2026-03-04 10:00:00,13076.569738,12117
M6G,2026-03-04 11:00:00,13226.768876999999,12116
M6G,2026-03-04 12:00:00,13292.513298999998,12117
M6G,2026-03-04 13:00:00,13098.081224,12118
M6G,2026-03-04 14:00:00,12751.032118000001,12117
M6G,2026-03-04 15:00:00,12705.538077,12117
M6G,2026-03-04 16:00:00,13112.653596,12117
M6G,2026-03-04 17:00:00,14143.526915999999,12117
M6G,2026-03-04 18:00:00,15291.559940000001,12116
M6G,2026-03-04 19:00:00,15604.412333,12117
M6G,2026-03-04 20:00:00,15302.093789,12117
M6G,2026-03-04 21:00:00,14753.345898000001,12117
M6G,2026-03-04 22:00:00,13657.450703,12117
M6G,2026-03-04 23:00:00,12204.435389,12116
M6G,2026-03-05 00:00:00,11147.003290999999,12118
M6G,2026-03-05 01:00:00,10461.516882,12118
M6G,2026-03-05 02:00:00,9964.256932,12118
M6G,2026-03-05 03:00:00,9801.986461999999,12117
M6G,2026-03-05 04:00:00,9819.188327,12117
M6G,2026-03-05 05:00:00,10179.94373,12117
M6G,2026-03-05 06:00:00,10921.001451,12117
M6G,2026-03-05 07:00:00,12051.761631,12117
M6G,2026-03-05 08:00:00,12724.234110000001,12117
M6G,2026-03-05 09:00:00,12832.261509,12117
M6G,2026-03-05 10:00:00,13056.051872,12116
M6G,2026-03-05 11:00:00,13307.043406,12117
M6G,2026-03-05 12:00:00,13623.212497999999,12118
M6G,2026-03-05 13:00:00,13750.264171,12118
M6G,2026-03-05 14:00:00,13856.533578,12117
M6G,2026-03-05 15:00:00,13984.229119000001,12117
M6G,2026-03-05 16:00:00,14533.542247000001,12117
M6G,2026-03-05 17:00:00,15397.87615,12117
M6G,2026-03-05 18:00:00,16221.331941,12116
M6G,2026-03-05 19:00:00,16210.598028,12117
M6G,2026-03-05 20:00:00,15607.980078,12117
M6G,2026-03-05 21:00:00,15003.722917000001,12117
M6G,2026-03-05 22:00:00,13956.075307,12117
M6G,2026-03-05 23:00:00,12703.356778,12118
M6G,2026-03-06 00:00:00,11557.874129,12117
M6G,2026-03-06 01:00:00,10847.280515,12117
M6G,2026-03-06 02:00:00,10381.599186,12117
M6G,2026-03-06 03:00:00,10135.127164,12116
M6G,2026-03-06 04:00:00,10175.516553,12117
M6G,2026-03-06 05:00:00,10551.024973,12117
M6G,2026-03-06 06:00:00,11266.798396999999,12117
M6G,2026-03-06 07:00:00,12516.38601,12117
M6G,2026-03-06 08:00:00,13252.076603,12116
M6G,2026-03-06 09:00:00,13729.056695000001,12117
M6G,2026-03-06 10:00:00,14310.365274,12117
M6G,2026-03-06 11:00:00,14752.302902000001,12116
M6G,2026-03-06 12:00:00,14978.762818,12118
M6G,2026-03-06 13:00:00,14927.538156,12118
M6G,2026-03-06 14:00:00,14815.05763,12117
M6G,2026-03-06 15:00:00,15061.231838,12118
M6G,2026-03-06 16:00:00,15420.936815000001,12118
M6G,2026-03-06 17:00:00,15922.432841,12118
M6G,2026-03-06 18:00:00,16340.100739999998,12117
M6G,2026-03-06 19:00:00,16221.982177,12118
M6G,2026-03-06 20:00:00,15788.559191999999,12118
M6G,2026-03-06 21:00:00,15086.860626999998,12118
M6G,2026-03-06 22:00:00,14086.167442,12118
M6G,2026-03-06 23:00:00,13001.864757000001,12118
M6G,2026-03-07 00:00:00,11862.410597,12119
M6G,2026-03-07 01:00:00,11148.032437,12119
M6G,2026-03-07 02:00:00,10446.877358,12119
M6G,2026-03-07 03:00:00,9994.960536999999,12118
M6G,2026-03-07 04:00:00,9787.290721,12119
M6G,2026-03-07 05:00:00,9869.15452,12119
M6G,2026-03-07 06:00:00,10209.687417000001,12119
M6G,2026-03-07 07:00:00,10900.337074,12119
M6G,2026-03-07 08:00:00,11632.889798,12119
M6G,2026-03-07 09:00:00,12173.502828,12119
M6G,2026-03-07 10:00:00,12685.056855,12119
M6G,2026-03-07 11:00:00,13051.311693999998,12119
M6G,2026-03-07 12:00:00,13637.018094000001,12119
M6G,2026-03-07 13:00:00,13694.315481,12120
M6G,2026-03-07 14:00:00,13541.009423000001,12119
M6G,2026-03-07 15:00:00,13266.758503,12119
M6G,2026-03-07 16:00:00,13295.739688,12119
M6G,2026-03-07 17:00:00,13680.121124,12118
M6G,2026-03-07 18:00:00,14127.582363000001,12118
M6G,2026-03-07 19:00:00,13898.671915,12119
M6G,2026-03-07 20:00:00,13489.127683,12119
M6G,2026-03-07 21:00:00,12799.046259,12119
M6G,2026-03-07 22:00:00,11971.822956,12119
M6G,2026-03-07 23:00:00,11096.956561,12119
M6G,2026-03-08 00:00:00,10254.835531,12119
M6G,2026-03-08 01:00:00,9538.216234,12119
M6G,2026-03-08 02:00:00,9129.152227999999,12119
M6G,2026-03-08 03:00:00,8774.629627,12118
M6G,2026-03-08 04:00:00,8794.675742,12119
M6G,2026-03-08 05:00:00,9056.891956000001,12119
M6G,2026-03-08 06:00:00,9319.815146,12119
M6G,2026-03-08 07:00:00,10196.807281,12119
M6G,2026-03-08 08:00:00,11277.998074,12119
M6G,2026-03-08 09:00:00,12117.204638000001,12119
M6G,2026-03-08 10:00:00,12499.759503,12119
M6G,2026-03-08 11:00:00,12874.563139,12118
M6G,2026-03-08 12:00:00,13025.819414,12119
M6G,2026-03-08 13:00:00,12840.972275,12119
M6G,2026-03-08 14:00:00,12738.212736000001,12119
M6G,2026-03-08 15:00:00,12856.38334,12119
M6G,2026-03-08 16:00:00,13483.322973000002,12119
M6G,2026-03-08 17:00:00,14056.800712,12119
M6G,2026-03-08 18:00:00,14622.219865,12119
M6G,2026-03-08 19:00:00,14550.706472,12119
M6G,2026-03-08 20:00:00,13861.669364,12118
M6G,2026-03-08 21:00:00,13025.204726,12119
M6G,2026-03-08 22:00:00,11555.795629999999,12119
M6G,2026-03-08 23:00:00,10242.072021,12119
M6G,2026-03-09 00:00:00,9294.312678,12118
M6G,2026-03-09 01:00:00,8717.369342,12118
M6G,2026-03-09 02:00:00,8510.327313,12118
M6G,2026-03-09 03:00:00,8483.060389999999,12118
M6G,2026-03-09 04:00:00,8769.218811,12118
M6G,2026-03-09 05:00:00,9420.470349000001,12118
M6G,2026-03-09 06:00:00,10537.877472,12118
M6G,2026-03-09 07:00:00,11236.165508,12118
M6G,2026-03-09 08:00:00,11300.748967,12118
M6G,2026-03-09 09:00:00,11443.583693,12117
M6G,2026-03-09 10:00:00,11620.115071,12118
M6G,2026-03-09 11:00:00,11804.128306,12118
M6G,2026-03-09 12:00:00,11699.894143,12119
M6G,2026-03-09 13:00:00,11533.736342,12119
M6G,2026-03-09 14:00:00,11413.737784,12118
M6G,2026-03-09 15:00:00,11593.169632000001,12118
M6G,2026-03-09 16:00:00,12026.581271,12118
M6G,2026-03-09 17:00:00,12643.599742,12118
M6G,2026-03-09 18:00:00,13339.204472000001,12118
M6G,2026-03-09 19:00:00,13341.849182,12118
M6G,2026-03-09 20:00:00,12762.661417,12118
M6G,2026-03-09 21:00:00,11685.763316999999,12118
M6G,2026-03-09 22:00:00,10475.344724999999,12118
M6G,2026-03-09 23:00:00,9231.410318,12121
M6G,2026-03-10 00:00:00,8483.059408,12119
M6G,2026-03-10 01:00:00,8027.835736999999,12119
M6G,2026-03-10 02:00:00,7816.113136,12119
M6G,2026-03-10 03:00:00,7786.944188,12119
M6G,2026-03-10 04:00:00,8146.716281,12119
M6G,2026-03-10 05:00:00,8806.190287000001,12119
M6G,2026-03-10 06:00:00,9932.048595,12118
M6G,2026-03-10 07:00:00,10685.732608,12118
M6G,2026-03-10 08:00:00,10612.764168,12118
M6G,2026-03-10 09:00:00,10769.386127,12118
M6G,2026-03-10 10:00:00,10926.58612,12118
M6G,2026-03-10 11:00:00,11136.055515,12118
M6G,2026-03-10 12:00:00,10981.900117,12119
M6G,2026-03-10 13:00:00,10825.801901,12121
M6G,2026-03-10 14:00:00,10905.868179000001,12120
M6G,2026-03-10 15:00:00,11448.11801,12117
M6G,2026-03-10 16:00:00,12240.736416,12117
M6G,2026-03-10 17:00:00,13039.813234,12117
M6G,2026-03-10 18:00:00,13480.451706000002,12117
M6G,2026-03-10 19:00:00,13175.665423,12117
M6G,2026-03-10 20:00:00,12552.448102,12117
M6G,2026-03-10 21:00:00,11577.257971,12117
M6G,2026-03-10 22:00:00,10399.214242,12117
M6G,2026-03-10 23:00:00,9431.342143,12122
M6G,2026-03-11 00:00:00,8716.32901,12117
M6G,2026-03-11 01:00:00,8318.615479,12117
M6G,2026-03-11 02:00:00,8198.472936,12117
M6G,2026-03-11 03:00:00,8268.88237,12117
M6G,2026-03-11 04:00:00,8559.036741,12117
M6G,2026-03-11 05:00:00,9300.165707,12117
M6G,2026-03-11 06:00:00,10635.325154999999,12117
M6G,2026-03-11 07:00:00,11419.711969,12117
M6G,2026-03-11 08:00:00,11874.76399,12117
M6G,2026-03-11 09:00:00,12333.073793,12117
M6G,2026-03-11 10:00:00,12694.83274,12117
M6G,2026-03-11 11:00:00,13084.717697,12117
M6G,2026-03-11 12:00:00,13131.733848,12118
M6G,2026-03-11 13:00:00,13207.674565000001,12118
M6G,2026-03-11 14:00:00,13222.036757999998,12118
M6G,2026-03-11 15:00:00,13699.483294,12117
M6G,2026-03-11 16:00:00,14107.060336999999,12117
M6G,2026-03-11 17:00:00,14552.637287000001,12117
M6G,2026-03-11 18:00:00,14977.136148,12117
M6G,2026-03-11 19:00:00,14803.500093,12117
M6G,2026-03-11 20:00:00,14210.870576,12117
M6G,2026-03-11 21:00:00,13348.589246000001,12117
M6G,2026-03-11 22:00:00,12038.370352,12117
M6G,2026-03-11 23:00:00,10933.282329,12117
M6G,2026-03-12 00:00:00,10035.453109,12117
M6G,2026-03-12 01:00:00,9812.411952,12117
M6G,2026-03-12 02:00:00,9638.363582,12117
M6G,2026-03-12 03:00:00,9672.329276,12117
M6G,2026-03-12 04:00:00,10117.275214,12117
M6G,2026-03-12 05:00:00,10883.171914999999,12117
M6G,2026-03-12 06:00:00,12043.965584,12117
M6G,2026-03-12 07:00:00,12649.312545,12117
M6G,2026-03-12 08:00:00,12839.383949,12117
M6G,2026-03-12 09:00:00,13092.190021,12113
M6G,2026-03-12 10:00:00,13480.919998999998,12113
M6G,2026-03-12 11:00:00,13480.851363999998,12113
M6G,2026-03-12 12:00:00,13565.788279999999,12113
M6G,2026-03-12 13:00:00,13478.178602,12113
M6G,2026-03-12 14:00:00,13509.95057,12113
M6G,2026-03-12 15:00:00,13767.069352,12113
M6G,2026-03-12 16:00:00,14478.110443999998,12113
M6G,2026-03-12 17:00:00,15226.56544,12113
M6G,2026-03-12 18:00:00,15785.809381,12113
M6G,2026-03-12 19:00:00,15618.605235,12113
M6G,2026-03-12 20:00:00,15309.065798,12113
M6G,2026-03-12 21:00:00,14416.19479,12113
M6G,2026-03-12 22:00:00,13056.208835000001,12113
M6G,2026-03-12 23:00:00,11893.376777,12113
M6G,2026-03-13 00:00:00,11200.944749,12113
M6G,2026-03-13 01:00:00,10696.070497,12113
M6G,2026-03-13 02:00:00,10418.326186,12113
M6G,2026-03-13 03:00:00,10405.762148,12113
M6G,2026-03-13 04:00:00,10685.97313,12113
M6G,2026-03-13 05:00:00,11185.942406,12113
M6G,2026-03-13 06:00:00,12190.046488,12113
M6G,2026-03-13 07:00:00,13170.334695,12113
M6G,2026-03-13 08:00:00,13761.298878999998,12114
M6G,2026-03-13 09:00:00,14321.694261,12114
M6G,2026-03-13 10:00:00,15040.039265999998,12110
M6G,2026-03-13 11:00:00,15458.322675,12115
M6G,2026-03-13 12:00:00,15416.918428,12115
M6G,2026-03-13 13:00:00,15370.222953000002,12115
M6G,2026-03-13 14:00:00,15024.892485,12115
M6G,2026-03-13 15:00:00,15510.878173000001,12115
M6G,2026-03-13 16:00:00,15969.401269,12115
M6G,2026-03-13 17:00:00,15949.171871000002,12115
M6G,2026-03-13 18:00:00,16010.631472,12115
M6G,2026-03-13 19:00:00,15705.75888,12115
M6G,2026-03-13 20:00:00,15176.252698,12115
M6G,2026-03-13 21:00:00,14401.848589000001,12115
M6G,2026-03-13 22:00:00,13135.908696999999,12115
M6G,2026-03-13 23:00:00,12179.714406000001,12115
M6G,2026-03-14 00:00:00,11348.283835,12116
M6G,2026-03-14 01:00:00,10887.801974,12116
M6G,2026-03-14 02:00:00,10577.634331,12116
M6G,2026-03-14 03:00:00,10466.138625,12116
M6G,2026-03-14 04:00:00,10660.456269,12116
M6G,2026-03-14 05:00:00,10970.485822999999,12116
M6G,2026-03-14 06:00:00,11687.128711,12116
M6G,2026-03-14 07:00:00,12696.685959999999,12116
M6G,2026-03-14 08:00:00,13561.898775999998,12116
M6G,2026-03-14 09:00:00,14205.261431,12116
M6G,2026-03-14 10:00:00,14773.230142,12116
M6G,2026-03-14 11:00:00,15060.889009,12116
M6G,2026-03-14 12:00:00,15092.606681000001,12117
M6G,2026-03-14 13:00:00,14985.777863000001,12117
M6G,2026-03-14 14:00:00,14914.561979000002,12116
M6G,2026-03-14 15:00:00,14843.860348999999,12116
M6G,2026-03-14 16:00:00,14945.125708000001,12116
M6G,2026-03-14 17:00:00,15206.878883,12116
M6G,2026-03-14 18:00:00,15683.813610000001,12116
M6G,2026-03-14 19:00:00,15562.311307,12116
M6G,2026-03-14 20:00:00,15187.118267,12116
M6G,2026-03-14 21:00:00,14401.955931999999,12116
M6G,2026-03-14 22:00:00,13454.692635000001,12116
M6G,2026-03-14 23:00:00,12497.633149000001,12116
M6G,2026-03-15 00:00:00,11595.343154,12116
M6G,2026-03-15 01:00:00,11143.962764,12116
M6G,2026-03-15 02:00:00,10655.370355,12116
M6G,2026-03-15 03:00:00,10518.690628,12116
M6G,2026-03-15 04:00:00,10503.442665999999,12116
M6G,2026-03-15 05:00:00,10799.287491,12116
M6G,2026-03-15 06:00:00,11247.80798,12116
M6G,2026-03-15 07:00:00,12269.244057,12116
M6G,2026-03-15 08:00:00,13190.474041000001,12116
M6G,2026-03-15 09:00:00,14322.378819000001,12116
M6G,2026-03-15 10:00:00,15101.591977,12116
M6G,2026-03-15 11:00:00,15439.007374,12116
M6G,2026-03-15 12:00:00,15343.906298,12117
M6G,2026-03-15 13:00:00,15226.929038000002,12117
M6G,2026-03-15 14:00:00,15346.131592000002,12116
M6G,2026-03-15 15:00:00,15627.937103000002,12116
M6G,2026-03-15 16:00:00,15961.637584,12116
M6G,2026-03-15 17:00:00,16141.400067,12116
M6G,2026-03-15 18:00:00,16157.654907,12116
M6G,2026-03-15 19:00:00,15726.793454,12116
M6G,2026-03-15 20:00:00,14892.330728,12116
M6G,2026-03-15 21:00:00,13601.743594,12116
M6G,2026-03-15 22:00:00,12189.291079,12116
M6G,2026-03-15 23:00:00,10981.371696,12119
M6G,2026-03-16 00:00:00,10016.287132,12115
M6G,2026-03-16 01:00:00,9402.328976,12115
M6G,2026-03-16 02:00:00,9095.670387,12115
M6G,2026-03-16 03:00:00,8955.119123,12115
M6G,2026-03-16 04:00:00,9185.446123,12115
M6G,2026-03-16 05:00:00,9567.629955,12115
M6G,2026-03-16 06:00:00,10370.91132,12115
M6G,2026-03-16 07:00:00,11246.888347,12115
M6G,2026-03-16 08:00:00,11744.850687,12115
M6G,2026-03-16 09:00:00,12008.65158,12115
M6G,2026-03-16 10:00:00,12267.422552,12115
M6G,2026-03-16 11:00:00,12766.3236,12115
M6G,2026-03-16 12:00:00,12917.419386,12116
M6G,2026-03-16 13:00:00,12867.09153,12116
M6G,2026-03-16 14:00:00,12861.01792,12115
M6G,2026-03-16 15:00:00,13318.373916,12115
M6G,2026-03-16 16:00:00,14158.514199000001,12115
M6G,2026-03-16 17:00:00,15091.68891,12115
M6G,2026-03-16 18:00:00,15518.899283,12115
M6G,2026-03-16 19:00:00,15286.39409,12115
M6G,2026-03-16 20:00:00,14791.777184999999,12115
M6G,2026-03-16 21:00:00,13777.732705999999,12115
M6G,2026-03-16 22:00:00,12569.380299999999,12115
M6G,2026-03-16 23:00:00,11632.246669,12115
M6G,2026-03-17 00:00:00,11046.691961,12115
M6G,2026-03-17 01:00:00,10814.464316,12115
M6G,2026-03-17 02:00:00,10698.671781,12115
M6G,2026-03-17 03:00:00,10796.723355,12115
M6G,2026-03-17 04:00:00,11246.151787,12115
M6G,2026-03-17 05:00:00,12032.381557,12115
M6G,2026-03-17 06:00:00,13313.558352999999,12115
M6G,2026-03-17 07:00:00,14191.661367,12115
M6G,2026-03-17 08:00:00,14548.164272,12115
M6G,2026-03-17 09:00:00,14968.730075,12115
M6G,2026-03-17 10:00:00,15476.271392999999,12115
M6G,2026-03-17 11:00:00,15444.29996,12115
M6G,2026-03-17 12:00:00,15237.475610999998,12116
M6G,2026-03-17 13:00:00,15255.077790999998,12116
M6G,2026-03-17 14:00:00,15388.801523000002,12115
M6G,2026-03-17 15:00:00,15753.026448999999,12115
M6G,2026-03-17 16:00:00,16501.035139,12115
M6G,2026-03-17 17:00:00,16979.894146000002,12115
M6G,2026-03-17 18:00:00,17523.11579,12115
M6G,2026-03-17 19:00:00,17337.544411,12115
M6G,2026-03-17 20:00:00,16808.444694,12115
M6G,2026-03-17 21:00:00,15785.7881,12115
M6G,2026-03-17 22:00:00,14325.456068999998,12115
M6G,2026-03-17 23:00:00,13201.125465000001,12115
M6G,2026-03-18 00:00:00,12244.476066,12115
M6G,2026-03-18 01:00:00,11860.61886,12115
M6G,2026-03-18 02:00:00,11594.749086,12115
M6G,2026-03-18 03:00:00,11559.695714,12115
M6G,2026-03-18 04:00:00,11753.002143000002,12115
M6G,2026-03-18 05:00:00,12281.090429,12115
M6G,2026-03-18 06:00:00,13208.272772,12115
M6G,2026-03-18 07:00:00,14063.593665999999,12115
M6G,2026-03-18 08:00:00,14257.304552000001,12115
M6G,2026-03-18 09:00:00,14600.768168999999,12115
M6G,2026-03-18 10:00:00,14681.655517,12115
M6G,2026-03-18 11:00:00,14913.199693999999,12115
M6G,2026-03-18 12:00:00,15051.94164,12116
M6G,2026-03-18 13:00:00,15150.788116000002,12116
M6G,2026-03-18 14:00:00,14972.389775,12115
M6G,2026-03-18 15:00:00,14983.391956,12115
M6G,2026-03-18 16:00:00,15678.628896,12115
M6G,2026-03-18 17:00:00,16410.103897,12115
M6G,2026-03-18 18:00:00,16936.890037999998,12115
M6G,2026-03-18 19:00:00,16689.754511,12115
M6G,2026-03-18 20:00:00,16104.052837000001,12115
M6G,2026-03-18 21:00:00,15129.844998999999,12115
M6G,2026-03-18 22:00:00,13692.435580000001,12115
M6G,2026-03-18 23:00:00,12437.916102,12115
M6G,2026-03-19 00:00:00,11524.35335,12115
M6G,2026-03-19 01:00:00,10992.306139,12115
M6G,2026-03-19 02:00:00,10696.537916,12115
M6G,2026-03-19 03:00:00,10614.303973,12115
M6G,2026-03-19 04:00:00,10820.093308,12115
M6G,2026-03-19 05:00:00,11354.283782,12115
M6G,2026-03-19 06:00:00,12142.118849999999,12116
M6G,2026-03-19 07:00:00,12730.969282,12116
M6G,2026-03-19 08:00:00,13249.087872,12116
M6G,2026-03-19 09:00:00,13415.565519,12116
M6G,2026-03-19 10:00:00,13329.749879,12116
M6G,2026-03-19 11:00:00,13470.468756999999,12116
M6G,2026-03-19 12:00:00,13234.852998999999,12117
M6G,2026-03-19 13:00:00,13190.519611,12117
M6G,2026-03-19 14:00:00,13095.660179,12116
M6G,2026-03-19 15:00:00,13409.552753,12115
M6G,2026-03-19 16:00:00,13990.945553,12115
M6G,2026-03-19 17:00:00,14483.773447,12115
M6G,2026-03-19 18:00:00,14977.860491999998,12115
M6G,2026-03-19 19:00:00,14952.005695,12115
M6G,2026-03-19 20:00:00,14492.155372,12115
M6G,2026-03-19 21:00:00,13611.491173,12115
M6G,2026-03-19 22:00:00,12363.610389,12115
M6G,2026-03-19 23:00:00,11264.302841,12116
M6G,2026-03-20 00:00:00,10606.150004000001,12115
M6G,2026-03-20 01:00:00,10164.42569,12115
M6G,2026-03-20 02:00:00,9815.216658,12115
M6G,2026-03-20 03:00:00,9684.268032,12115
M6G,2026-03-20 04:00:00,10024.574186,12115
M6G,2026-03-20 05:00:00,10650.938466,12115
M6G,2026-03-20 06:00:00,11611.401603999999,12115
M6G,2026-03-20 07:00:00,12673.096771999999,12115
M6G,2026-03-20 08:00:00,13539.390432,12114
M6G,2026-03-20 09:00:00,14213.948341,12114
M6G,2026-03-20 10:00:00,14577.495271000002,12114
M6G,2026-03-20 11:00:00,14807.516604,12114
M6G,2026-03-20 12:00:00,14695.214177999998,12115
M6G,2026-03-20 13:00:00,14336.795758,12115
M6G,2026-03-20 14:00:00,14164.816485,12114
M6G,2026-03-20 15:00:00,14377.339937,12114
M6G,2026-03-20 16:00:00,14864.024938,12114
M6G,2026-03-20 17:00:00,14867.620357,12114
M6G,2026-03-20 18:00:00,14897.816961999999,12114
M6G,2026-03-20 19:00:00,14726.076049,12114
M6G,2026-03-20 20:00:00,14273.215028999999,12114
M6G,2026-03-20 21:00:00,13605.552821,12114
M6G,2026-03-20 22:00:00,12506.489742999998,12114
M6G,2026-03-20 23:00:00,11441.984886,12115
M6G,2026-03-21 00:00:00,10657.83867,12115
M6G,2026-03-21 01:00:00,10135.894350999999,12115
M6G,2026-03-21 02:00:00,9723.24013,12115
M6G,2026-03-21 03:00:00,9653.951945,12114
M6G,2026-03-21 04:00:00,9767.961124000001,12114
M6G,2026-03-21 05:00:00,10041.154776000001,12114
M6G,2026-03-21 06:00:00,10647.851862,12114
M6G,2026-03-21 07:00:00,11591.302146,12114
M6G,2026-03-21 08:00:00,12459.635356,12114
M6G,2026-03-21 09:00:00,13162.488636000002,12115
M6G,2026-03-21 10:00:00,13864.601108,12115
M6G,2026-03-21 11:00:00,14386.539147999998,12115
M6G,2026-03-21 12:00:00,14343.049521,12115
M6G,2026-03-21 13:00:00,14430.427894999999,12115
M6G,2026-03-21 14:00:00,14444.9171,12114
M6G,2026-03-21 15:00:00,14538.727324,12114
M6G,2026-03-21 16:00:00,15067.746206,12114
M6G,2026-03-21 17:00:00,15330.291260999998,12114
M6G,2026-03-21 18:00:00,15308.837909000002,12114
M6G,2026-03-21 19:00:00,14987.532315,12114
M6G,2026-03-21 20:00:00,14504.428687,12114
M6G,2026-03-21 21:00:00,13682.804171,12114
M6G,2026-03-21 22:00:00,12639.630364999999,12114
M6G,2026-03-21 23:00:00,11663.156464,12114
M6G,2026-03-22 00:00:00,10800.537226999999,12114
M6G,2026-03-22 01:00:00,10298.474424,12114
M6G,2026-03-22 02:00:00,9924.011107,12114
M6G,2026-03-22 03:00:00,9665.021445999999,12115
M6G,2026-03-22 04:00:00,9706.332024,12115
M6G,2026-03-22 05:00:00,9948.1183,12115
M6G,2026-03-22 06:00:00,10459.943877,12115
M6G,2026-03-22 07:00:00,11360.606412,12115
M6G,2026-03-22 08:00:00,12546.305135,12115
M6G,2026-03-22 09:00:00,13736.869109000001,12115
M6G,2026-03-22 10:00:00,14672.649182000001,12115
M6G,2026-03-22 11:00:00,15063.899151000001,12115
M6G,2026-03-22 12:00:00,15017.187818,12116
M6G,2026-03-22 13:00:00,14800.186703000001,12116
M6G,2026-03-22 14:00:00,14561.373967,12115
M6G,2026-03-22 15:00:00,14746.387948,12115
M6G,2026-03-22 16:00:00,15418.045547,12115
M6G,2026-03-22 17:00:00,15909.1444,12115
M6G,2026-03-22 18:00:00,15870.253985000001,12115
M6G,2026-03-22 19:00:00,15768.523253,12115
M6G,2026-03-22 20:00:00,15009.986411000002,12115
M6G,2026-03-22 21:00:00,13742.752588,12115
M6G,2026-03-22 22:00:00,12324.350509,12115
M6G,2026-03-22 23:00:00,11067.255158,12115
M6G,2026-03-23 00:00:00,10298.628546,12114
M6G,2026-03-23 01:00:00,9808.629406,12114
M6G,2026-03-23 02:00:00,9606.896052,12114
M6G,2026-03-23 03:00:00,9578.269742,12114
M6G,2026-03-23 04:00:00,9902.790641,12114
M6G,2026-03-23 05:00:00,10540.464087,12114
M6G,2026-03-23 06:00:00,11765.124231,12114
M6G,2026-03-23 07:00:00,12489.903669,12114
M6G,2026-03-23 08:00:00,12759.745608000001,12114
M6G,2026-03-23 09:00:00,13207.555283999998,12114
M6G,2026-03-23 10:00:00,13546.943803,12114
M6G,2026-03-23 11:00:00,13679.778136,12114
M6G,2026-03-23 12:00:00,13743.261223000001,12115
M6G,2026-03-23 13:00:00,13589.407347,12115
M6G,2026-03-23 14:00:00,13310.607268,12114
M6G,2026-03-23 15:00:00,13720.63726,12113
M6G,2026-03-23 16:00:00,14665.052059,12113
M6G,2026-03-23 17:00:00,15269.389948,12113
M6G,2026-03-23 18:00:00,15822.181241,12113
M6G,2026-03-23 19:00:00,16007.390180999999,12113
M6G,2026-03-23 20:00:00,15511.719888999998,12113
M6G,2026-03-23 21:00:00,14496.383157,12113
M6G,2026-03-23 22:00:00,13042.025506,12113
M6G,2026-03-23 23:00:00,11932.835011,12114
M6G,2026-03-24 00:00:00,11150.050651000001,12113
M6G,2026-03-24 01:00:00,10708.328262,12113
M6G,2026-03-24 02:00:00,10438.582434,12113
M6G,2026-03-24 03:00:00,10465.577888,12113
M6G,2026-03-24 04:00:00,10752.927185,12113
M6G,2026-03-24 05:00:00,11518.436087,12113
M6G,2026-03-24 06:00:00,12746.966131000001,12113
M6G,2026-03-24 07:00:00,13266.764972,12113
M6G,2026-03-24 08:00:00,13255.244714999999,12113
M6G,2026-03-24 09:00:00,13342.362556,12113
M6G,2026-03-24 10:00:00,13559.069336999999,12113
M6G,2026-03-24 11:00:00,13722.103678,12113
M6G,2026-03-24 12:00:00,13619.857442,12114
M6G,2026-03-24 13:00:00,13607.02281,12114
M6G,2026-03-24 14:00:00,13500.704300999998,12113
M6G,2026-03-24 15:00:00,13641.546423,12113
M6G,2026-03-24 16:00:00,14435.719396,12113
M6G,2026-03-24 17:00:00,15127.554452,12113
M6G,2026-03-24 18:00:00,15603.433234,12113
M6G,2026-03-24 19:00:00,15523.412636000001,12113
M6G,2026-03-24 20:00:00,14937.746212,12113
M6G,2026-03-24 21:00:00,13845.919613,12113
M6G,2026-03-24 22:00:00,12517.725316000002,12113
M6G,2026-03-24 23:00:00,11418.115595,12113
M6G,2026-03-25 00:00:00,10543.30116,12113
M6G,2026-03-25 01:00:00,10076.93643,12113
M6G,2026-03-25 02:00:00,9858.937864,12113
M6G,2026-03-25 03:00:00,9562.922359,12113
M6G,2026-03-25 04:00:00,10063.574027,12113
M6G,2026-03-25 05:00:00,10834.571114999999,12113
M6G,2026-03-25 06:00:00,12020.992296,12113
M6G,2026-03-25 07:00:00,12614.645146,12113
M6G,2026-03-25 08:00:00,12708.572244,12113
M6G,2026-03-25 09:00:00,12678.214539999999,12113
M6G,2026-03-25 10:00:00,12820.325611999999,12112
M6G,2026-03-25 11:00:00,12871.471328,12112
M6G,2026-03-25 12:00:00,12626.861447,12113
M6G,2026-03-25 13:00:00,12021.732543,12113
M6G,2026-03-25 14:00:00,11612.525581,12112
M6G,2026-03-25 15:00:00,13439.358397,12112
M6G,2026-03-25 16:00:00,14317.070158,12112
M6G,2026-03-25 17:00:00,14970.811305,12112
M6G,2026-03-25 18:00:00,15236.826082,12112
M6G,2026-03-25 19:00:00,15087.289309000002,12112
M6G,2026-03-25 20:00:00,14512.655238,12112
M6G,2026-03-25 21:00:00,13500.683955,12112
M6G,2026-03-25 22:00:00,12023.829043,12112
M6G,2026-03-25 23:00:00,10702.972996999999,12112
M6G,2026-03-26 00:00:00,9821.890656,12112
M6G,2026-03-26 01:00:00,9343.96369,12112
M6G,2026-03-26 02:00:00,9233.383847000001,12112
M6G,2026-03-26 03:00:00,9276.27797,12112
M6G,2026-03-26 04:00:00,9582.431630000001,12112
M6G,2026-03-26 05:00:00,10263.882618,12112
M6G,2026-03-26 06:00:00,11429.439822,12112
M6G,2026-03-26 07:00:00,11928.374958999999,12112
M6G,2026-03-26 08:00:00,12094.5345,12112
M6G,2026-03-26 09:00:00,12289.51512,12112
M6G,2026-03-26 10:00:00,12541.755137,12112
M6G,2026-03-26 11:00:00,12886.302784,12112
M6G,2026-03-26 12:00:00,12820.218848999999,12112
M6G,2026-03-26 13:00:00,12721.456900000001,12112
M6G,2026-03-26 14:00:00,12944.478728,12112
M6G,2026-03-26 15:00:00,13369.133877,12112
M6G,2026-03-26 16:00:00,13920.13534,12112
M6G,2026-03-26 17:00:00,14452.766565,12112
M6G,2026-03-26 18:00:00,14678.337313,12112
M6G,2026-03-26 19:00:00,14608.272067,12112
M6G,2026-03-26 20:00:00,14235.727804999999,12112
M6G,2026-03-26 21:00:00,13317.000906,12112
M6G,2026-03-26 22:00:00,12032.517962,12112
M6G,2026-03-26 23:00:00,11032.260112,12112
M6G,2026-03-27 00:00:00,10239.926457,12112
M6G,2026-03-27 01:00:00,9901.689756,12112
M6G,2026-03-27 02:00:00,9814.031049,12112
M6G,2026-03-27 03:00:00,9935.855117,12112
M6G,2026-03-27 04:00:00,10334.126179,12112
M6G,2026-03-27 05:00:00,11048.886096,12112
M6G,2026-03-27 06:00:00,12430.66847,12112
M6G,2026-03-27 07:00:00,13149.579576,12112
M6G,2026-03-27 08:00:00,13460.441611,12112
M6G,2026-03-27 09:00:00,13840.38684,12112
M6G,2026-03-27 10:00:00,14046.23897,12112
M6G,2026-03-27 11:00:00,14163.857247,12112
M6G,2026-03-27 12:00:00,13972.176846,12112
M6G,2026-03-27 13:00:00,13820.500152999999,12112
M6G,2026-03-27 14:00:00,13713.149082,12112
M6G,2026-03-27 15:00:00,13883.537551,12111
M6G,2026-03-27 16:00:00,14224.103959999999,12111
M6G,2026-03-27 17:00:00,14680.168568000001,12111
M6G,2026-03-27 18:00:00,15077.914348999999,12111
M6G,2026-03-27 19:00:00,15382.035683,12111
M6G,2026-03-27 20:00:00,15032.744373999998,12111
M6G,2026-03-27 21:00:00,14460.307769,12111
M6G,2026-03-27 22:00:00,13383.418591,12111
M6G,2026-03-27 23:00:00,12516.702812,12111
M6G,2026-03-28 00:00:00,11485.187863,12112
M6G,2026-03-28 01:00:00,10966.928639000002,12112
M6G,2026-03-28 02:00:00,10639.886946,12112
M6G,2026-03-28 03:00:00,10579.786966,12112
M6G,2026-03-28 04:00:00,10702.191963,12112
M6G,2026-03-28 05:00:00,11010.098739,12112
M6G,2026-03-28 06:00:00,11806.501019,12112
M6G,2026-03-28 07:00:00,12685.991742000002,12112
M6G,2026-03-28 08:00:00,13566.641632,12112
M6G,2026-03-28 09:00:00,14214.065403,12112
M6G,2026-03-28 10:00:00,14984.360668,12112
M6G,2026-03-28 11:00:00,15291.164146,12112
M6G,2026-03-28 12:00:00,15189.722805,12113
M6G,2026-03-28 13:00:00,15028.871270999998,12113
M6G,2026-03-28 14:00:00,14820.010402,12112
M6G,2026-03-28 15:00:00,14872.149158,12112
M6G,2026-03-28 16:00:00,15180.504597000001,12112
M6G,2026-03-28 17:00:00,15657.950998999999,12112
M6G,2026-03-28 18:00:00,15872.146372,12112
M6G,2026-03-28 19:00:00,15709.479694000001,12112
M6G,2026-03-28 20:00:00,15086.663090000002,12112
M6G,2026-03-28 21:00:00,14464.951987999999,12112
M6G,2026-03-28 22:00:00,13295.488131,12112
M6G,2026-03-28 23:00:00,12198.604364000003,12112
M6G,2026-03-29 00:00:00,11189.28144,12112
M6G,2026-03-29 01:00:00,10598.805252,12113
M6G,2026-03-29 02:00:00,10164.217345,12113
M6G,2026-03-29 03:00:00,10033.280334000001,12115
M6G,2026-03-29 04:00:00,10035.429525,12115
M6G,2026-03-29 05:00:00,10333.251811,12115
M6G,2026-03-29 06:00:00,10911.904314000001,12115
M6G,2026-03-29 07:00:00,11733.161307,12115
M6G,2026-03-29 08:00:00,12464.045268000002,12115
M6G,2026-03-29 09:00:00,13176.621593,12115
M6G,2026-03-29 10:00:00,13688.571064,12115
M6G,2026-03-29 11:00:00,13910.563376,12115
M6G,2026-03-29 12:00:00,13753.967345000001,12116
M6G,2026-03-29 13:00:00,13853.73629,12116
M6G,2026-03-29 14:00:00,13742.118448,12115
M6G,2026-03-29 15:00:00,13940.039225,12115
M6G,2026-03-29 16:00:00,14387.123892,12115
M6G,2026-03-29 17:00:00,14914.580816,12115
M6G,2026-03-29 18:00:00,15080.205122,12115
M6G,2026-03-29 19:00:00,14956.197177,12115
M6G,2026-03-29 20:00:00,14362.257667000002,12115
M6G,2026-03-29 21:00:00,13225.554274999999,12115
M6G,2026-03-29 22:00:00,11703.187338,12115
M6G,2026-03-29 23:00:00,10485.607577,12115
M6G,2026-03-30 00:00:00,9736.585339,12114
M6G,2026-03-30 01:00:00,9300.111198999999,12114
M6G,2026-03-30 02:00:00,9044.057951,12114
M6G,2026-03-30 03:00:00,9023.270023000001,12114
M6G,2026-03-30 04:00:00,9317.386806,12114
M6G,2026-03-30 05:00:00,9913.989309,12114
M6G,2026-03-30 06:00:00,10993.877268,12114
M6G,2026-03-30 07:00:00,11619.343673000001,12114
M6G,2026-03-30 08:00:00,11715.805169000001,12114
M6G,2026-03-30 09:00:00,11882.791569,12114
M6G,2026-03-30 10:00:00,12095.367152,12114
M6G,2026-03-30 11:00:00,12055.682357,12114
M6G,2026-03-30 12:00:00,11733.109628,12115
M6G,2026-03-30 13:00:00,11497.418288,12115
M6G,2026-03-30 14:00:00,11250.020976,12117
M6G,2026-03-30 15:00:00,11296.600988,12110
M6G,2026-03-30 16:00:00,11722.146573,12110
M6G,2026-03-30 17:00:00,12363.432625000001,12110
M6G,2026-03-30 18:00:00,13033.283385,12110
M6G,2026-03-30 19:00:00,13031.28714,12110
M6G,2026-03-30 20:00:00,12464.394311,12110
M6G,2026-03-30 21:00:00,11370.929715,12110
M6G,2026-03-30 22:00:00,10151.934014999999,12110
M6G,2026-03-30 23:00:00,8978.713068,12110
M6G,2026-03-31 00:00:00,8012.14522,12110
M6G,2026-03-31 01:00:00,7570.369011,12110
M6G,2026-03-31 02:00:00,7294.133478000001,12110
M6G,2026-03-31 03:00:00,7169.628904,12110
M6G,2026-03-31 04:00:00,7420.980141,12110
M6G,2026-03-31 05:00:00,8086.178835000001,12110
M6G,2026-03-31 06:00:00,9366.395203,12110
M6G,2026-03-31 07:00:00,10260.25955,12110
M6G,2026-03-31 08:00:00,10407.371968,12110
M6G,2026-03-31 09:00:00,10471.291525,12110
M6G,2026-03-31 10:00:00,10679.807045,12110
M6G,2026-03-31 11:00:00,11147.850507,12110
M6G,2026-03-31 12:00:00,11412.918968,12111
M6G,2026-03-31 13:00:00,11321.146612999999,12111
M6G,2026-03-31 14:00:00,11139.953964,12110
M6G,2026-03-31 15:00:00,11458.904445,12110
M6G,2026-03-31 16:00:00,12134.270023000001,12110
M6G,2026-03-31 17:00:00,12903.995761,12110
M6G,2026-03-31 18:00:00,13537.470575,12110
M6G,2026-03-31 19:00:00,13456.34274,12110
M6G,2026-03-31 20:00:00,12812.509126,12110
M6G,2026-03-31 21:00:00,11900.494703999999,12110
M6G,2026-03-31 22:00:00,10468.052154,12110
M6G,2026-03-31 23:00:00,9346.140374,12116
M6G,2026-04-01 00:00:00,8540.618894000001,12110
M6G,2026-04-01 01:00:00,8048.760255,12110
M6G,2026-04-01 02:00:00,7914.855159000001,12110
M6G,2026-04-01 03:00:00,7991.980124,12110
M6G,2026-04-01 04:00:00,8443.768736,12110
M6G,2026-04-01 05:00:00,9275.867627,12110
M6G,2026-04-01 06:00:00,10603.678451,12110
M6G,2026-04-01 07:00:00,11408.048055,12113
M6G,2026-04-01 08:00:00,11811.175245999999,12110
M6G,2026-04-01 09:00:00,12117.331395000001,12113
M6G,2026-04-01 10:00:00,12517.390849,12113
M6G,2026-04-01 11:00:00,12863.819741,12113
M6G,2026-04-01 12:00:00,12850.175689,12113
M6G,2026-04-01 13:00:00,12747.423166999999,12113
M6G,2026-04-01 14:00:00,12786.239356,12113
M6G,2026-04-01 15:00:00,13204.035573000001,12113
M6G,2026-04-01 16:00:00,13879.607989999999,12113
M6G,2026-04-01 17:00:00,14068.592348,12113
M6G,2026-04-01 18:00:00,14330.474671,12113
M6G,2026-04-01 19:00:00,14399.341171,12113
M6G,2026-04-01 20:00:00,14070.020674,12113
M6G,2026-04-01 21:00:00,13202.466423999998,12113
M6G,2026-04-01 22:00:00,11913.853685999999,12113
M6G,2026-04-01 23:00:00,10748.836281999998,12127
M6G,2026-04-02 00:00:00,9869.918097,12113
M6G,2026-04-02 01:00:00,9387.533118,12113
M6G,2026-04-02 02:00:00,9199.046347,12113
M6G,2026-04-02 03:00:00,9129.693652,12114
M6G,2026-04-02 04:00:00,9438.242981,12114
M6G,2026-04-02 05:00:00,10159.871674,12114
M6G,2026-04-02 06:00:00,11388.859535,12114
M6G,2026-04-02 07:00:00,12198.203581,12114
M6G,2026-04-02 08:00:00,12595.475977999999,12114
M6G,2026-04-02 09:00:00,13080.032513,12114
M6G,2026-04-02 10:00:00,13510.006151000001,12114
M6G,2026-04-02 11:00:00,14011.052147999999,12113
M6G,2026-04-02 12:00:00,14128.725445,12113
M6G,2026-04-02 13:00:00,14183.805093,12113
M6G,2026-04-02 14:00:00,14248.424415000001,12113
M6G,2026-04-02 15:00:00,14495.266565,12113
M6G,2026-04-02 16:00:00,14966.471982,12113
M6G,2026-04-02 17:00:00,15097.657775,12113
M6G,2026-04-02 18:00:00,14969.047692000002,12113
M6G,2026-04-02 19:00:00,14804.227356,12113
M6G,2026-04-02 20:00:00,14396.280943,12113
M6G,2026-04-02 21:00:00,13569.350634,12113
M6G,2026-04-02 22:00:00,12314.566898000001,12113
M6G,2026-04-02 23:00:00,11098.238495,12113
M6G,2026-04-03 00:00:00,10179.488131,12113
M6G,2026-04-03 01:00:00,9513.414886999999,12113
M6G,2026-04-03 02:00:00,9065.13969,12113
M6G,2026-04-03 03:00:00,8894.955009,12113
M6G,2026-04-03 04:00:00,8912.189876,12113
M6G,2026-04-03 05:00:00,9175.059941,12113
M6G,2026-04-03 06:00:00,9693.703919,12113
M6G,2026-04-03 07:00:00,10385.953446,12113
M6G,2026-04-03 08:00:00,10982.82636,12113
M6G,2026-04-03 09:00:00,11483.606268,12113
M6G,2026-04-03 10:00:00,12106.069963,12113
M6G,2026-04-03 11:00:00,12221.400582,12113
M6G,2026-04-03 12:00:00,11996.469204,12113
M6G,2026-04-03 13:00:00,11644.724232,12113
M6G,2026-04-03 14:00:00,11385.659302,12112
M6G,2026-04-03 15:00:00,11476.369863,12112
M6G,2026-04-03 16:00:00,11704.470353,12112
M6G,2026-04-03 17:00:00,12053.355517,12112
M6G,2026-04-03 18:00:00,12207.837546,12112
M6G,2026-04-03 19:00:00,12467.59953,12112
M6G,2026-04-03 20:00:00,12195.568382000001,12112
M6G,2026-04-03 21:00:00,11485.647459,12112
M6G,2026-04-03 22:00:00,10588.436514,12112
M6G,2026-04-03 23:00:00,9649.058959,12112
M6G,2026-04-04 00:00:00,8887.193667,12113
M6G,2026-04-04 01:00:00,8409.502762,12113
M6G,2026-04-04 02:00:00,8089.479265,12113
M6G,2026-04-04 03:00:00,7991.723781999999,12113
M6G,2026-04-04 04:00:00,8138.798927,12113
M6G,2026-04-04 05:00:00,8473.926699,12113
M6G,2026-04-04 06:00:00,9297.492,12113
M6G,2026-04-04 07:00:00,10353.038395,12113
M6G,2026-04-04 08:00:00,11234.339599,12113
M6G,2026-04-04 09:00:00,12181.916545,12113
M6G,2026-04-04 10:00:00,13160.2121,12113
M6G,2026-04-04 11:00:00,13871.652284000002,12113
M6G,2026-04-04 12:00:00,13848.370865,12114
M6G,2026-04-04 13:00:00,13624.27432,12114
M6G,2026-04-04 14:00:00,13264.825106,12113
M6G,2026-04-04 15:00:00,13299.290727,12113
M6G,2026-04-04 16:00:00,13626.874021,12113
M6G,2026-04-04 17:00:00,13862.233914,12113
M6G,2026-04-04 18:00:00,13938.163541,12113
M6G,2026-04-04 19:00:00,13791.948281,12113
M6G,2026-04-04 20:00:00,13269.164527,12113
M6G,2026-04-04 21:00:00,12367.833798,12113
M6G,2026-04-04 22:00:00,11216.753028000001,12113
M6G,2026-04-04 23:00:00,10335.942373,12113
M6G,2026-04-05 00:00:00,9478.437256000001,12113
M6G,2026-04-05 01:00:00,8942.331587,12113
M6G,2026-04-05 02:00:00,8549.082266,12113
M6G,2026-04-05 03:00:00,8286.783138,12113
M6G,2026-04-05 04:00:00,8396.098758,12113
M6G,2026-04-05 05:00:00,8742.310122,12113
M6G,2026-04-05 06:00:00,9440.27763,12113
M6G,2026-04-05 07:00:00,10423.300469,12113
M6G,2026-04-05 08:00:00,11414.339468,12113
M6G,2026-04-05 09:00:00,12299.269869,12113
M6G,2026-04-05 10:00:00,13001.394512,12113
M6G,2026-04-05 11:00:00,13407.867186000001,12113
M6G,2026-04-05 12:00:00,13474.781552999999,12114
M6G,2026-04-05 13:00:00,13357.958019,12114
M6G,2026-04-05 14:00:00,13253.953277,12113
M6G,2026-04-05 15:00:00,13245.422267,12113
M6G,2026-04-05 16:00:00,13552.696743999999,12113
M6G,2026-04-05 17:00:00,13915.354047,12113
M6G,2026-04-05 18:00:00,14083.633734,12113
M6G,2026-04-05 19:00:00,14242.689672999999,12113
M6G,2026-04-05 20:00:00,13974.776650000002,12113
M6G,2026-04-05 21:00:00,13121.885354,12113
M6G,2026-04-05 22:00:00,11843.508918,12113
M6G,2026-04-05 23:00:00,10670.182921,12113
M6G,2026-04-06 00:00:00,9747.098788000001,12111
M6G,2026-04-06 01:00:00,9312.105730000001,12111
M6G,2026-04-06 02:00:00,9037.029814,12111
M6G,2026-04-06 03:00:00,9032.433358,12111
M6G,2026-04-06 04:00:00,9289.955265,12111
M6G,2026-04-06 05:00:00,9721.099060999999,12111
M6G,2026-04-06 06:00:00,10617.971854,12111
M6G,2026-04-06 07:00:00,11394.134342000001,12111
M6G,2026-04-06 08:00:00,11830.620673,12111
M6G,2026-04-06 09:00:00,12406.014668,12111
M6G,2026-04-06 10:00:00,12712.377073,12111
M6G,2026-04-06 11:00:00,12932.885175,12111
M6G,2026-04-06 12:00:00,12961.998572,12112
M6G,2026-04-06 13:00:00,12959.767820000001,12112
M6G,2026-04-06 14:00:00,12963.938142,12112
M6G,2026-04-06 15:00:00,13164.556220999999,12112
M6G,2026-04-06 16:00:00,13969.673953,12112
M6G,2026-04-06 17:00:00,14455.850759,12112
M6G,2026-04-06 18:00:00,14672.675604,12112
M6G,2026-04-06 19:00:00,14624.746585,12112
M6G,2026-04-06 20:00:00,14159.252412000002,12111
M6G,2026-04-06 21:00:00,13069.238798,12111
M6G,2026-04-06 22:00:00,11562.55133,12111
M6G,2026-04-06 23:00:00,10493.588545,12113
M6G,2026-04-07 00:00:00,9690.686165000001,12111
M6G,2026-04-07 01:00:00,9447.276526,12109
M6G,2026-04-07 02:00:00,9402.743089,12109
M6G,2026-04-07 03:00:00,9540.189471,12109
M6G,2026-04-07 04:00:00,9937.105889,12109
M6G,2026-04-07 05:00:00,10844.657835,12109
M6G,2026-04-07 06:00:00,12258.004459999998,12109
M6G,2026-04-07 07:00:00,12987.636457999999,12109
M6G,2026-04-07 08:00:00,13223.675827000001,12109
M6G,2026-04-07 09:00:00,13450.48869,12109
M6G,2026-04-07 10:00:00,13657.639393,12109
M6G,2026-04-07 11:00:00,13756.105204,12109
M6G,2026-04-07 12:00:00,13688.854174,12109
M6G,2026-04-07 13:00:00,13411.542635999998,12109
M6G,2026-04-07 14:00:00,13282.347863,12109
M6G,2026-04-07 15:00:00,13559.160451000002,12109
M6G,2026-04-07 16:00:00,14050.133874000001,12109
M6G,2026-04-07 17:00:00,14500.520981,12110
M6G,2026-04-07 18:00:00,14893.949881999999,12110
M6G,2026-04-07 19:00:00,15210.384509000001,12110
M6G,2026-04-07 20:00:00,14850.314407999998,12110
M6G,2026-04-07 21:00:00,13862.79633,12110
M6G,2026-04-07 22:00:00,12558.610037999999,12110
M6G,2026-04-07 23:00:00,11476.755072,12110
M6G,2026-04-08 00:00:00,10600.022403,12110
M6G,2026-04-08 01:00:00,10195.798035,12110
M6G,2026-04-08 02:00:00,10053.6727,12110
M6G,2026-04-08 03:00:00,9986.548014,12110
M6G,2026-04-08 04:00:00,10322.287954,12110
M6G,2026-04-08 05:00:00,11049.961663,12110
M6G,2026-04-08 06:00:00,12281.440629,12110
M6G,2026-04-08 07:00:00,12649.669597999999,12110
M6G,2026-04-08 08:00:00,12622.580655,12110
M6G,2026-04-08 09:00:00,12793.278627,12110
M6G,2026-04-08 10:00:00,12963.583757999999,12110
M6G,2026-04-08 11:00:00,13088.044648000001,12110
M6G,2026-04-08 12:00:00,12891.118802,12110
M6G,2026-04-08 13:00:00,12723.622650000001,12110
M6G,2026-04-08 14:00:00,12607.95973,12110
M6G,2026-04-08 15:00:00,12931.184463999998,12110
M6G,2026-04-08 16:00:00,13530.36322,12110
M6G,2026-04-08 17:00:00,13994.330522999999,12110
M6G,2026-04-08 18:00:00,14474.523908999998,12110
M6G,2026-04-08 19:00:00,14841.366205,12110
M6G,2026-04-08 20:00:00,14425.900511,12110
M6G,2026-04-08 21:00:00,13373.517070000002,12110
M6G,2026-04-08 22:00:00,11982.602894,12110
M6G,2026-04-08 23:00:00,10698.104043,12112
M6G,2026-04-09 00:00:00,9834.426117,12110
M6G,2026-04-09 01:00:00,9331.977493,12110
M6G,2026-04-09 02:00:00,9086.998376,12110
M6G,2026-04-09 03:00:00,8966.632179,12110
M6G,2026-04-09 04:00:00,9310.145340000001,12110
M6G,2026-04-09 05:00:00,9979.839818999999,12110
M6G,2026-04-09 06:00:00,11134.374903,12109
M6G,2026-04-09 07:00:00,11426.226452,12109
M6G,2026-04-09 08:00:00,11396.995456,12109
M6G,2026-04-09 09:00:00,11608.940119,12109
M6G,2026-04-09 10:00:00,11660.108253,12109
M6G,2026-04-09 11:00:00,11936.880485,12109
M6G,2026-04-09 12:00:00,12110.650149000001,12109
M6G,2026-04-09 13:00:00,11930.225846,12109
M6G,2026-04-09 14:00:00,11619.730271999999,12109
M6G,2026-04-09 15:00:00,11693.040269000001,12109
M6G,2026-04-09 16:00:00,11987.300612,12109
M6G,2026-04-09 17:00:00,12316.610331,12109
M6G,2026-04-09 18:00:00,12595.335015,12109
M6G,2026-04-09 19:00:00,12874.570642,12109
M6G,2026-04-09 20:00:00,12682.086085,12109
M6G,2026-04-09 21:00:00,11878.324084,12109
M6G,2026-04-09 22:00:00,10703.045579,12109
M6G,2026-04-09 23:00:00,9506.305491000001,12109
M6G,2026-04-10 00:00:00,8562.828774,12109
M6G,2026-04-10 01:00:00,8150.489122,12109
M6G,2026-04-10 02:00:00,7945.177276999999,12109
M6G,2026-04-10 03:00:00,7850.7507829999995,12109
M6G,2026-04-10 04:00:00,8214.092272,12109
M6G,2026-04-10 05:00:00,8985.575845,12109
M6G,2026-04-10 06:00:00,10148.215726999999,12109
M6G,2026-04-10 07:00:00,11079.056827,12109
M6G,2026-04-10 08:00:00,11484.881791,12109
M6G,2026-04-10 09:00:00,11970.323137,12109
M6G,2026-04-10 10:00:00,12591.427148,12109
M6G,2026-04-10 11:00:00,12914.745802,12109
M6G,2026-04-10 12:00:00,13046.525291,12109
M6G,2026-04-10 13:00:00,12916.090991000001,12109
M6G,2026-04-10 14:00:00,12569.187789,12109
M6G,2026-04-10 15:00:00,12959.507815,12109
M6G,2026-04-10 16:00:00,13481.779917,12109
M6G,2026-04-10 17:00:00,13852.077647000002,12109
M6G,2026-04-10 18:00:00,13699.369321,12109
M6G,2026-04-10 19:00:00,13577.884026,12109
M6G,2026-04-10 20:00:00,13231.309416999999,12109
M6G,2026-04-10 21:00:00,12546.415077,12109
M6G,2026-04-10 22:00:00,11378.4298,12109
M6G,2026-04-10 23:00:00,10426.475073,12109
M6G,2026-04-11 00:00:00,9644.853846,12109
M6G,2026-04-11 01:00:00,9167.585134,12109
M6G,2026-04-11 02:00:00,8807.249013,12109
M6G,2026-04-11 03:00:00,8708.544735,12109
M6G,2026-04-11 04:00:00,8890.957778,12109
M6G,2026-04-11 05:00:00,9314.157618,12109
M6G,2026-04-11 06:00:00,10084.213407,12109
M6G,2026-04-11 07:00:00,10845.711151,12109
M6G,2026-04-11 08:00:00,11491.517126,12109
M6G,2026-04-11 09:00:00,12092.612657,12109
M6G,2026-04-11 10:00:00,12700.274698000001,12109
M6G,2026-04-11 11:00:00,12733.125880000001,12109
M6G,2026-04-11 12:00:00,12619.082165999998,12109
M6G,2026-04-11 13:00:00,12236.394473,12109
M6G,2026-04-11 14:00:00,12048.33713,12109
M6G,2026-04-11 15:00:00,12100.032095999999,12109
M6G,2026-04-11 16:00:00,12494.819529999999,12109
M6G,2026-04-11 17:00:00,12639.937168,12109
M6G,2026-04-11 18:00:00,12886.557635000001,12109
M6G,2026-04-11 19:00:00,13054.235083,12109
M6G,2026-04-11 20:00:00,12669.44995,12109
M6G,2026-04-11 21:00:00,12100.328892999998,12109
M6G,2026-04-11 22:00:00,11119.736448,12109
M6G,2026-04-11 23:00:00,10141.056286,12109
M6G,2026-04-12 00:00:00,9368.777042,12109
M6G,2026-04-12 01:00:00,8849.583457,12109
M6G,2026-04-12 02:00:00,8361.534704,12109
M6G,2026-04-12 03:00:00,8253.18738,12109
M6G,2026-04-12 04:00:00,8357.750292,12109
M6G,2026-04-12 05:00:00,8666.837239,12109
M6G,2026-04-12 06:00:00,9278.066205000001,12109
M6G,2026-04-12 07:00:00,10226.766318,12109
M6G,2026-04-12 08:00:00,11308.809291,12109
M6G,2026-04-12 09:00:00,12301.413763,12109
M6G,2026-04-12 10:00:00,13230.227804,12109
M6G,2026-04-12 11:00:00,13729.635355999999,12109
M6G,2026-04-12 12:00:00,13876.274227,12109
M6G,2026-04-12 13:00:00,14062.294168,12109
M6G,2026-04-12 14:00:00,13990.350681999998,12109
M6G,2026-04-12 15:00:00,14162.394643,12109
M6G,2026-04-12 16:00:00,14470.332401000001,12109
M6G,2026-04-12 17:00:00,14620.643592999999,12109
M6G,2026-04-12 18:00:00,14508.163790000002,12109
M6G,2026-04-12 19:00:00,14365.931759000001,12109
M6G,2026-04-12 20:00:00,13854.282541999999,12109
M6G,2026-04-12 21:00:00,12642.261585,12109
M6G,2026-04-12 22:00:00,11125.13308,12109
M6G,2026-04-12 23:00:00,9841.884397,12110
M6G,2026-04-13 00:00:00,8965.524192,12109
M6G,2026-04-13 01:00:00,8460.913558,12109
M6G,2026-04-13 02:00:00,8190.106779,12109
M6G,2026-04-13 03:00:00,8099.398375,12109
M6G,2026-04-13 04:00:00,8334.655375,12109
M6G,2026-04-13 05:00:00,9042.737143,12109
M6G,2026-04-13 06:00:00,10125.604096000001,12108
M6G,2026-04-13 07:00:00,10715.884262,12108
M6G,2026-04-13 08:00:00,10985.112094,12108
M6G,2026-04-13 09:00:00,11175.759675,12108
M6G,2026-04-13 10:00:00,11372.510312,12108
M6G,2026-04-13 11:00:00,11419.745801,12108
M6G,2026-04-13 12:00:00,11130.388551,12108
M6G,2026-04-13 13:00:00,10991.101589999998,12108
M6G,2026-04-13 14:00:00,10865.174283999999,12108
M6G,2026-04-13 15:00:00,11155.547386,12108
M6G,2026-04-13 16:00:00,11694.541049,12108
M6G,2026-04-13 17:00:00,12204.106523999999,12108
M6G,2026-04-13 18:00:00,12210.790144,12108
M6G,2026-04-13 19:00:00,12229.114261,12108
M6G,2026-04-13 20:00:00,11880.063286,12108
M6G,2026-04-13 21:00:00,10860.969875,12108
M6G,2026-04-13 22:00:00,9549.912362,12108
M6G,2026-04-13 23:00:00,8467.922727,12108
M6G,2026-04-14 00:00:00,7613.190256999999,12107
M6G,2026-04-14 01:00:00,7149.465856999999,12107
M6G,2026-04-14 02:00:00,6891.663109,12107
M6G,2026-04-14 03:00:00,6852.478136000001,12107
M6G,2026-04-14 04:00:00,7034.591141000001,12107
M6G,2026-04-14 05:00:00,7597.902454,12107
M6G,2026-04-14 06:00:00,8870.353202,12107
M6G,2026-04-14 07:00:00,9634.479121,12107
M6G,2026-04-14 08:00:00,10068.199848,12107
M6G,2026-04-14 09:00:00,10452.967545,12107
M6G,2026-04-14 10:00:00,10582.779198,12107
M6G,2026-04-14 11:00:00,10714.443874,12107
M6G,2026-04-14 12:00:00,10666.443609,12108
M6G,2026-04-14 13:00:00,10644.124315000001,12108
M6G,2026-04-14 14:00:00,10577.582997,12107
M6G,2026-04-14 15:00:00,10829.650113,12107
M6G,2026-04-14 16:00:00,11424.971452,12107
M6G,2026-04-14 17:00:00,11805.68835,12107
M6G,2026-04-14 18:00:00,12108.588343000001,12107
M6G,2026-04-14 19:00:00,12182.257577,12107
M6G,2026-04-14 20:00:00,11867.548857,12107
M6G,2026-04-14 21:00:00,10938.292583999999,12107
M6G,2026-04-14 22:00:00,9565.451859,12107
M6G,2026-04-14 23:00:00,8384.940279999999,12107
M6G,2026-04-15 00:00:00,7630.454957,12107
M6G,2026-04-15 01:00:00,7110.344606,12107
M6G,2026-04-15 02:00:00,6841.262291,12107
M6G,2026-04-15 03:00:00,6751.460433,12107
M6G,2026-04-15 04:00:00,7022.034983,12107
M6G,2026-04-15 05:00:00,7764.750626999999,12107
M6G,2026-04-15 06:00:00,9104.92621,12107
M6G,2026-04-15 07:00:00,9730.122161,12107
M6G,2026-04-15 08:00:00,10044.847291,12107
M6G,2026-04-15 09:00:00,10444.302414,12107
M6G,2026-04-15 10:00:00,10798.761452,12107
M6G,2026-04-15 11:00:00,11079.300634,12107
M6G,2026-04-15 12:00:00,10938.534265,12108
M6G,2026-04-15 13:00:00,10672.739474000002,12108
M6G,2026-04-15 14:00:00,10556.833467999999,12107
M6G,2026-04-15 15:00:00,10951.700151000001,12105
M6G,2026-04-15 16:00:00,11775.257728,12105
M6G,2026-04-15 17:00:00,12425.632963,12105
M6G,2026-04-15 18:00:00,12766.183702,12105
M6G,2026-04-15 19:00:00,12632.82824,12105
M6G,2026-04-15 20:00:00,12073.471925,12105
M6G,2026-04-15 21:00:00,11085.871564000001,12105
M6G,2026-04-15 22:00:00,9676.233031,12105
M6G,2026-04-15 23:00:00,8567.650655,12107
M6G,2026-04-16 00:00:00,7725.91804,12104
M6G,2026-04-16 01:00:00,7182.182655,12104
M6G,2026-04-16 02:00:00,6825.520634,12104
M6G,2026-04-16 03:00:00,6769.003839,12104
M6G,2026-04-16 04:00:00,6998.959166000001,12106
M6G,2026-04-16 05:00:00,7710.251319999999,12106
M6G,2026-04-16 06:00:00,8931.894887999999,12106
M6G,2026-04-16 07:00:00,9579.747514,12106
M6G,2026-04-16 08:00:00,9920.29409,12106
M6G,2026-04-16 09:00:00,10378.10367,12107
M6G,2026-04-16 10:00:00,10624.172417,12107
M6G,2026-04-16 11:00:00,10821.204535,12107
M6G,2026-04-16 12:00:00,10775.876121,12108
M6G,2026-04-16 13:00:00,10752.565947,12108
M6G,2026-04-16 14:00:00,10913.747327,12107
M6G,2026-04-16 15:00:00,11315.521882000001,12107
M6G,2026-04-16 16:00:00,11775.019903,12107
M6G,2026-04-16 17:00:00,12147.212366,12107
M6G,2026-04-16 18:00:00,12377.51899,12107
M6G,2026-04-16 19:00:00,12390.96156,12107
M6G,2026-04-16 20:00:00,11938.970388,12107
M6G,2026-04-16 21:00:00,11013.132765999999,12107
M6G,2026-04-16 22:00:00,9819.900402000001,12107
M6G,2026-04-16 23:00:00,8682.437331000001,12108
M6G,2026-04-17 00:00:00,7770.472272,12107
M6G,2026-04-17 01:00:00,7190.831515000001,12107
M6G,2026-04-17 02:00:00,6910.551219999999,12107
M6G,2026-04-17 03:00:00,6839.528679999999,12107
M6G,2026-04-17 04:00:00,7059.769112,12107
M6G,2026-04-17 05:00:00,7699.900748,12107
M6G,2026-04-17 06:00:00,8741.751651,12107
M6G,2026-04-17 07:00:00,9624.684666000001,12107
M6G,2026-04-17 08:00:00,10127.253618,12107
M6G,2026-04-17 09:00:00,10487.949768,12108
M6G,2026-04-17 10:00:00,10775.088638,12108
M6G,2026-04-17 11:00:00,10997.683809,12108
M6G,2026-04-17 12:00:00,10869.890535999999,12109
M6G,2026-04-17 13:00:00,10764.753886999999,12109
M6G,2026-04-17 14:00:00,10739.151301000002,12108
M6G,2026-04-17 15:00:00,10986.663043,12108
M6G,2026-04-17 16:00:00,11402.695989,12108
M6G,2026-04-17 17:00:00,11650.069727,12108
M6G,2026-04-17 18:00:00,11790.552434,12108
M6G,2026-04-17 19:00:00,11797.02997,12108
M6G,2026-04-17 20:00:00,11559.547005,12108
M6G,2026-04-17 21:00:00,10860.192245,12108
M6G,2026-04-17 22:00:00,9867.325676,12108
M6G,2026-04-17 23:00:00,8881.022892,12108
M6G,2026-04-18 00:00:00,8045.815193,12108
M6G,2026-04-18 01:00:00,7444.808717,12108
M6G,2026-04-18 02:00:00,7029.114958,12108
M6G,2026-04-18 03:00:00,6816.2127629999995,12108
M6G,2026-04-18 04:00:00,6915.024494,12108
M6G,2026-04-18 05:00:00,7252.870192,12108
M6G,2026-04-18 06:00:00,7994.499194,12108
M6G,2026-04-18 07:00:00,8965.161708,12108
M6G,2026-04-18 08:00:00,9912.249647,12108
M6G,2026-04-18 09:00:00,10667.215275,12108
M6G,2026-04-18 10:00:00,11343.525053,12108
M6G,2026-04-18 11:00:00,11688.334373,12108
M6G,2026-04-18 12:00:00,11951.905251999999,12108
M6G,2026-04-18 13:00:00,11909.938347000001,12108
M6G,2026-04-18 14:00:00,12069.609897,12108
M6G,2026-04-18 15:00:00,12129.551955,12108
M6G,2026-04-18 16:00:00,12554.503318,12108
M6G,2026-04-18 17:00:00,12733.527155,12108
M6G,2026-04-18 18:00:00,12559.485464000001,12108
M6G,2026-04-18 19:00:00,12403.918296999998,12108
M6G,2026-04-18 20:00:00,11961.611601999999,12108
M6G,2026-04-18 21:00:00,11252.953016,12108
M6G,2026-04-18 22:00:00,10265.100676,12108
M6G,2026-04-18 23:00:00,9280.784695,12108
M6G,2026-04-19 00:00:00,8514.919674,12108
M6G,2026-04-19 01:00:00,8015.58451,12108
M6G,2026-04-19 02:00:00,7572.666146,12108
M6G,2026-04-19 03:00:00,7420.843541,12108
M6G,2026-04-19 04:00:00,7528.062809,12108
M6G,2026-04-19 05:00:00,7840.892081999999,12108
M6G,2026-04-19 06:00:00,8467.731662,12108
M6G,2026-04-19 07:00:00,9480.660075,12108
M6G,2026-04-19 08:00:00,10600.471016,12108
M6G,2026-04-19 09:00:00,11345.299447,12108
M6G,2026-04-19 10:00:00,12229.077372,12108
M6G,2026-04-19 11:00:00,12681.769569,12108
M6G,2026-04-19 12:00:00,12665.129374,12108
M6G,2026-04-19 13:00:00,12508.73753,12108
M6G,2026-04-19 14:00:00,12474.73388,12108
M6G,2026-04-19 15:00:00,12683.058123,12108
M6G,2026-04-19 16:00:00,13837.998857,12108
M6G,2026-04-19 17:00:00,14180.125863,12108
M6G,2026-04-19 18:00:00,14033.596506999998,12108
M6G,2026-04-19 19:00:00,14159.174369,12108
M6G,2026-04-19 20:00:00,13727.005838000001,12108
M6G,2026-04-19 21:00:00,12651.623042000001,12108
M6G,2026-04-19 22:00:00,11132.405636,12108
M6G,2026-04-19 23:00:00,10025.872983,12108
M6G,2026-04-20 00:00:00,9244.22811,12108
M6G,2026-04-20 01:00:00,8752.930914,12108
M6G,2026-04-20 02:00:00,8611.762966,12108
M6G,2026-04-20 03:00:00,8595.258801,12108
M6G,2026-04-20 04:00:00,8969.734965,12108
M6G,2026-04-20 05:00:00,9759.046845,12108
M6G,2026-04-20 06:00:00,10940.986457,12108
M6G,2026-04-20 07:00:00,11394.336266,12108
M6G,2026-04-20 08:00:00,11639.367814,12108
M6G,2026-04-20 09:00:00,11899.993238,12108
M6G,2026-04-20 10:00:00,12256.983542999998,12108
M6G,2026-04-20 11:00:00,12575.037502000001,12108
M6G,2026-04-20 12:00:00,12417.135454,12108
M6G,2026-04-20 13:00:00,12126.919187,12108
M6G,2026-04-20 14:00:00,12077.859205,12108
M6G,2026-04-20 15:00:00,12431.190015,12108
M6G,2026-04-20 16:00:00,13156.506765,12108
M6G,2026-04-20 17:00:00,13495.402972,12108
M6G,2026-04-20 18:00:00,13843.917347,12108
M6G,2026-04-20 19:00:00,13981.841695000001,12108
M6G,2026-04-20 20:00:00,13601.224649,12108
M6G,2026-04-20 21:00:00,12502.332239000001,12108
M6G,2026-04-20 22:00:00,11113.48403,12108
M6G,2026-04-20 23:00:00,10089.072283,12108
M6G,2026-04-21 00:00:00,9377.22753,12108
M6G,2026-04-21 01:00:00,8949.252965,12108
M6G,2026-04-21 02:00:00,8754.031101999999,12108
M6G,2026-04-21 03:00:00,8787.078693,12108
M6G,2026-04-21 04:00:00,9124.791328,12108
M6G,2026-04-21 05:00:00,9867.723443,12108
M6G,2026-04-21 06:00:00,10931.432232,12108
M6G,2026-04-21 07:00:00,11267.301373,12109
M6G,2026-04-21 08:00:00,11258.137201000001,12108
M6G,2026-04-21 09:00:00,11464.037962,12109
M6G,2026-04-21 10:00:00,11689.68591,12109
M6G,2026-04-21 11:00:00,11793.558676,12109
M6G,2026-04-21 12:00:00,11649.828246000001,12110
M6G,2026-04-21 13:00:00,11475.972239,12110
M6G,2026-04-21 14:00:00,11568.419277,12109
M6G,2026-04-21 15:00:00,12087.705373,12109
M6G,2026-04-21 16:00:00,12481.128998,12109
M6G,2026-04-21 17:00:00,13054.446023999999,12109
M6G,2026-04-21 18:00:00,13278.730769,12109
M6G,2026-04-21 19:00:00,13291.007748,12109
M6G,2026-04-21 20:00:00,12959.600246999998,12109
M6G,2026-04-21 21:00:00,11944.750055999999,12109
M6G,2026-04-21 22:00:00,10661.401431999999,12109
M6G,2026-04-21 23:00:00,9461.76275,12109
M6G,2026-04-22 00:00:00,8636.538237,12109
M6G,2026-04-22 01:00:00,8136.775199999999,12109
M6G,2026-04-22 02:00:00,7933.615739,12109
M6G,2026-04-22 03:00:00,7913.278811000001,12109
M6G,2026-04-22 04:00:00,8233.384351,12109
M6G,2026-04-22 05:00:00,9037.010422,12109
M6G,2026-04-22 06:00:00,10000.001349,12110
M6G,2026-04-22 07:00:00,10270.207972,12110
M6G,2026-04-22 08:00:00,10439.403055,12110
M6G,2026-04-22 09:00:00,10668.428055,12110
M6G,2026-04-22 10:00:00,10729.530917,12110
M6G,2026-04-22 11:00:00,10881.362756,12110
M6G,2026-04-22 12:00:00,10585.979336999999,12111
M6G,2026-04-22 13:00:00,10304.297787,12111
M6G,2026-04-22 14:00:00,10283.087125,12110
M6G,2026-04-22 15:00:00,10629.646195,12110
M6G,2026-04-22 16:00:00,11156.66314,12110
M6G,2026-04-22 17:00:00,11537.558798,12110
M6G,2026-04-22 18:00:00,11857.126585999998,12110
M6G,2026-04-22 19:00:00,12205.741254999999,12110
M6G,2026-04-22 20:00:00,11934.007115,12110
M6G,2026-04-22 21:00:00,10930.227585999999,12110
M6G,2026-04-22 22:00:00,9693.338918000001,12110
M6G,2026-04-22 23:00:00,8588.882028,12110
M6G,2026-04-23 00:00:00,7734.106285,12110
M6G,2026-04-23 01:00:00,7274.217283,12110
M6G,2026-04-23 02:00:00,7010.625266,12110
M6G,2026-04-23 03:00:00,7008.665693,12110
M6G,2026-04-23 04:00:00,7309.943949,12110
M6G,2026-04-23 05:00:00,8047.826416,12110
M6G,2026-04-23 06:00:00,9142.485492,12110
M6G,2026-04-23 07:00:00,9560.167792,12110
M6G,2026-04-23 08:00:00,9727.948676,12110
M6G,2026-04-23 09:00:00,10144.507082999999,12110
M6G,2026-04-23 10:00:00,10316.097973,12110
M6G,2026-04-23 11:00:00,10399.961155,12110
M6G,2026-04-23 12:00:00,10307.067702,12111
M6G,2026-04-23 13:00:00,10249.851905,12111
M6G,2026-04-23 14:00:00,10236.967181,12110
M6G,2026-04-23 15:00:00,10517.451429,12110
M6G,2026-04-23 16:00:00,10965.494004,12110
M6G,2026-04-23 17:00:00,11409.95703,12110
M6G,2026-04-23 18:00:00,11593.439241,12110
M6G,2026-04-23 19:00:00,11867.408624,12110
M6G,2026-04-23 20:00:00,11695.176728,12110
M6G,2026-04-23 21:00:00,10797.621454,12110
M6G,2026-04-23 22:00:00,9525.859634999999,12110
M6G,2026-04-23 23:00:00,8436.943044,12112
M6G,2026-04-24 00:00:00,7547.613292000001,12112
M6G,2026-04-24 01:00:00,7115.7590279999995,12112
M6G,2026-04-24 02:00:00,6848.209121,12112
M6G,2026-04-24 03:00:00,6638.588725,12112
M6G,2026-04-24 04:00:00,7094.387569,12112
M6G,2026-04-24 05:00:00,7815.8243999999995,12112
M6G,2026-04-24 06:00:00,8930.394115000001,12112
M6G,2026-04-24 07:00:00,9847.845741,12112
M6G,2026-04-24 08:00:00,10317.041923,12112
M6G,2026-04-24 09:00:00,10875.285557,12112
M6G,2026-04-24 10:00:00,11259.852116,12112
M6G,2026-04-24 11:00:00,11547.340325,12112
M6G,2026-04-24 12:00:00,11714.037194,12113
M6G,2026-04-24 13:00:00,11417.334169,12113
M6G,2026-04-24 14:00:00,11352.967088,12112
M6G,2026-04-24 15:00:00,11601.905281,12112
M6G,2026-04-24 16:00:00,12029.994166999999,12112
M6G,2026-04-24 17:00:00,12274.066401,12112
M6G,2026-04-24 18:00:00,12466.372691,12112
M6G,2026-04-24 19:00:00,12572.289684,12112
M6G,2026-04-24 20:00:00,12310.692777,12112
M6G,2026-04-24 21:00:00,11617.911645999999,12112
M6G,2026-04-24 22:00:00,10452.418188,12112
M6G,2026-04-24 23:00:00,9463.062957,12114
M6G,2026-04-25 00:00:00,8673.218985,12111
M6G,2026-04-25 01:00:00,8098.622706,12112
M6G,2026-04-25 02:00:00,7733.189735999999,12112
M6G,2026-04-25 03:00:00,7634.348889999999,12112
M6G,2026-04-25 04:00:00,7780.377356,12112
M6G,2026-04-25 05:00:00,8297.806431,12112
M6G,2026-04-25 06:00:00,9022.408556,12112
M6G,2026-04-25 07:00:00,10217.730124,12112
M6G,2026-04-25 08:00:00,11390.939688,12112
M6G,2026-04-25 09:00:00,12227.741080999998,12112
M6G,2026-04-25 10:00:00,13098.200732000001,12112
M6G,2026-04-25 11:00:00,13482.218229999999,12112
M6G,2026-04-25 12:00:00,13535.541738999998,12113
M6G,2026-04-25 13:00:00,13368.7499,12113
M6G,2026-04-25 14:00:00,13120.542214000001,12112
M6G,2026-04-25 15:00:00,13204.076028000001,12112
M6G,2026-04-25 16:00:00,13309.396386,12112
M6G,2026-04-25 17:00:00,13345.457909,12112
M6G,2026-04-25 18:00:00,13162.23407,12112
M6G,2026-04-25 19:00:00,12934.674991000002,12112
M6G,2026-04-25 20:00:00,12604.830228,12112
M6G,2026-04-25 21:00:00,11968.193299,12112
M6G,2026-04-25 22:00:00,10902.344524,12112
M6G,2026-04-25 23:00:00,9929.531883,12112
M6G,2026-04-26 00:00:00,9155.235913,12112
M6G,2026-04-26 01:00:00,8551.014561,12112
M6G,2026-04-26 02:00:00,8116.7710289999995,12112
M6G,2026-04-26 03:00:00,7994.059269,12112
M6G,2026-04-26 04:00:00,8095.0901539999995,12112
M6G,2026-04-26 05:00:00,8532.369482,12112
M6G,2026-04-26 06:00:00,8983.833335,12112
M6G,2026-04-26 07:00:00,9670.084901,12112
M6G,2026-04-26 08:00:00,10383.598679,12112
M6G,2026-04-26 09:00:00,10973.796848,12112
M6G,2026-04-26 10:00:00,11508.272224,12112
M6G,2026-04-26 11:00:00,11666.564860999999,12112
M6G,2026-04-26 12:00:00,11534.134875,12113
M6G,2026-04-26 13:00:00,11407.811986,12113
M6G,2026-04-26 14:00:00,11312.020362,12112
M6G,2026-04-26 15:00:00,11504.910511,12112
M6G,2026-04-26 16:00:00,12071.970352,12112
M6G,2026-04-26 17:00:00,12481.328946,12112
M6G,2026-04-26 18:00:00,12646.203482,12112
M6G,2026-04-26 19:00:00,12903.796518,12112
M6G,2026-04-26 20:00:00,12467.103575,12112
M6G,2026-04-26 21:00:00,11427.122185,12112
M6G,2026-04-26 22:00:00,10081.446059,12112
M6G,2026-04-26 23:00:00,8828.581044,12113
M6G,2026-04-27 00:00:00,8014.021331999999,12112
M6G,2026-04-27 01:00:00,7531.033348,12112
M6G,2026-04-27 02:00:00,7226.204591999999,12112
M6G,2026-04-27 03:00:00,7175.086354,12112
M6G,2026-04-27 04:00:00,7522.167167,12112
M6G,2026-04-27 05:00:00,8307.764969,12112
M6G,2026-04-27 06:00:00,9336.140636,12112
M6G,2026-04-27 07:00:00,9608.393991,12112
M6G,2026-04-27 08:00:00,9833.517308999999,12112
M6G,2026-04-27 09:00:00,10053.208009,12112
M6G,2026-04-27 10:00:00,10407.949091999999,12112
M6G,2026-04-27 11:00:00,10595.328603999998,12112
M6G,2026-04-27 12:00:00,10478.295455,12113
M6G,2026-04-27 13:00:00,10372.806848,12113
M6G,2026-04-27 14:00:00,10185.485283,12112
M6G,2026-04-27 15:00:00,10482.100351,12111
M6G,2026-04-27 16:00:00,11152.259449000001,12112
M6G,2026-04-27 17:00:00,11687.426153,12112
M6G,2026-04-27 18:00:00,11937.252002,12112
M6G,2026-04-27 19:00:00,11964.246392000001,12112
M6G,2026-04-27 20:00:00,11768.334863999999,12112
M6G,2026-04-27 21:00:00,10899.604595,12112
M6G,2026-04-27 22:00:00,9532.480534,12112
M6G,2026-04-27 23:00:00,8332.23354,12113
M6G,2026-04-28 00:00:00,7574.9293259999995,12112
M6G,2026-04-28 01:00:00,7105.048446999999,12112
M6G,2026-04-28 02:00:00,6841.700848,12112
M6G,2026-04-28 03:00:00,6678.589083999999,12112
M6G,2026-04-28 04:00:00,6968.764024,12112
M6G,2026-04-28 05:00:00,7549.435436000001,12112
M6G,2026-04-28 06:00:00,8832.960538,12112
M6G,2026-04-28 07:00:00,9509.207009,12112
M6G,2026-04-28 08:00:00,9894.716924,12112
M6G,2026-04-28 09:00:00,10392.331539,12112
M6G,2026-04-28 10:00:00,10755.645371,12112
M6G,2026-04-28 11:00:00,10921.634164,12112
M6G,2026-04-28 12:00:00,10864.03002,12113
M6G,2026-04-28 13:00:00,10725.788582,12113
M6G,2026-04-28 14:00:00,10773.011021999999,12112
M6G,2026-04-28 15:00:00,11218.229376000001,12112
M6G,2026-04-28 16:00:00,11724.824911,12112
M6G,2026-04-28 17:00:00,12071.312053,12112
M6G,2026-04-28 18:00:00,12241.248013,12112
M6G,2026-04-28 19:00:00,12135.387127999998,12112
M6G,2026-04-28 20:00:00,11700.821673,12112
M6G,2026-04-28 21:00:00,10825.245757,12112
M6G,2026-04-28 22:00:00,9491.553262,12112
M6G,2026-04-28 23:00:00,8373.170173,12113
M6G,2026-04-29 00:00:00,7600.709448,12112
M6G,2026-04-29 01:00:00,7125.271707,12112
M6G,2026-04-29 02:00:00,6857.2522930000005,12112
M6G,2026-04-29 03:00:00,6769.511496,12112
M6G,2026-04-29 04:00:00,7013.301812,12112
M6G,2026-04-29 05:00:00,7688.9224619999995,12112
M6G,2026-04-29 06:00:00,8828.477803,12112
M6G,2026-04-29 07:00:00,9570.599492,12112
M6G,2026-04-29 08:00:00,9890.713995,12113
M6G,2026-04-29 09:00:00,10202.231148,12112
M6G,2026-04-29 10:00:00,10671.315697,12114
M6G,2026-04-29 11:00:00,10919.363684,12113
M6G,2026-04-29 12:00:00,11016.827677000001,12115
M6G,2026-04-29 13:00:00,10944.010717,12115
M6G,2026-04-29 14:00:00,10916.538947000001,12114
M6G,2026-04-29 15:00:00,11463.601864,12114
M6G,2026-04-29 16:00:00,12125.844905,12114
M6G,2026-04-29 17:00:00,12517.970992,12114
M6G,2026-04-29 18:00:00,12826.57966,12114
M6G,2026-04-29 19:00:00,12815.304565,12114
M6G,2026-04-29 20:00:00,12466.494487,12114
M6G,2026-04-29 21:00:00,11554.275715,12114
M6G,2026-04-29 22:00:00,10259.897556,12114
M6G,2026-04-29 23:00:00,9126.012881,12114
M6G,2026-04-30 00:00:00,8383.090121,12114
M6G,2026-04-30 01:00:00,7766.426631,12114
M6G,2026-04-30 02:00:00,7581.283208,12114
M6G,2026-04-30 03:00:00,7493.383523999999,12114
M6G,2026-04-30 04:00:00,7827.093803000001,12114
M6G,2026-04-30 05:00:00,8641.397487,12114
M6G,2026-04-30 06:00:00,9715.386676,12114
M6G,2026-04-30 07:00:00,10291.539484,12114
M6G,2026-04-30 08:00:00,10406.443753,12114
M6G,2026-04-30 09:00:00,10583.168115,12114
M6G,2026-04-30 10:00:00,10877.528696000001,12114
M6G,2026-04-30 11:00:00,11216.369657000001,12114
M6G,2026-04-30 12:00:00,11085.28951,12115
M6G,2026-04-30 13:00:00,10776.640592,12115
M6G,2026-04-30 14:00:00,10833.330547,12114
M6G,2026-04-30 15:00:00,11044.931248,12114
M6G,2026-04-30 16:00:00,11551.146863,12114
M6G,2026-04-30 17:00:00,11977.484479,12114
M6G,2026-04-30 18:00:00,12285.160136,12114
M6G,2026-04-30 19:00:00,12601.978835999998,12114
M6G,2026-04-30 20:00:00,12345.672008,12114
M6G,2026-04-30 21:00:00,11503.301354000001,12114
M6G,2026-04-30 22:00:00,10226.520679000001,12114
M6G,2026-04-30 23:00:00,9074.010404,12121
