fsa,timestamp,total_consumption_kwh,reported_premise_count
M5S,2026-01-01 00:00:00,5638.1,6221
M5S,2026-01-01 01:00:00,5504.0,6221
M5S,2026-01-01 02:00:00,5361.599999999999,6221
M5S,2026-01-01 03:00:00,5230.8,6221
M5S,2026-01-01 04:00:00,5176.7,6221
M5S,2026-01-01 05:00:00,5151.7,6221
M5S,2026-01-01 06:00:00,5207.6,6221
M5S,2026-01-01 07:00:00,5277.4,6221
M5S,2026-01-01 08:00:00,5488.2,6221
M5S,2026-01-01 09:00:00,5627.8,6221
M5S,2026-01-01 10:00:00,5789.799999999999,6221
M5S,2026-01-01 11:00:00,6063.5,6221
M5S,2026-01-01 12:00:00,6362.099999999999,6221
M5S,2026-01-01 13:00:00,6343.7,6221
M5S,2026-01-01 14:00:00,6397.200000000001,6221
M5S,2026-01-01 15:00:00,6492.400000000001,6221
M5S,2026-01-01 16:00:00,6745.1,6221
M5S,2026-01-01 17:00:00,7077.7,6221
M5S,2026-01-01 18:00:00,7199.2,6221
M5S,2026-01-01 19:00:00,7129.9,6221
M5S,2026-01-01 20:00:00,6963.4,6221
M5S,2026-01-01 21:00:00,6834.7,6221
M5S,2026-01-01 22:00:00,6600.1,6221
M5S,2026-01-01 23:00:00,6175.299999999999,6221
M5S,2026-01-02 00:00:00,5799.8,6221
M5S,2026-01-02 01:00:00,5473.4,6221
M5S,2026-01-02 02:00:00,5222.0,6221
M5S,2026-01-02 03:00:00,5107.2,6221
M5S,2026-01-02 04:00:00,5013.2,6221
M5S,2026-01-02 05:00:00,5043.1,6221
M5S,2026-01-02 06:00:00,5096.6,6221
M5S,2026-01-02 07:00:00,5304.3,6221
M5S,2026-01-02 08:00:00,5589.3,6221
M5S,2026-01-02 09:00:00,5800.5,6221
M5S,2026-01-02 10:00:00,6086.599999999999,6221
M5S,2026-01-02 11:00:00,6298.4,6221
M5S,2026-01-02 12:00:00,6287.6,6221
M5S,2026-01-02 13:00:00,6262.9,6221
M5S,2026-01-02 14:00:00,6154.299999999999,6221
M5S,2026-01-02 15:00:00,6191.0,6221
M5S,2026-01-02 16:00:00,6428.8,6221
M5S,2026-01-02 17:00:00,6898.6,6221
M5S,2026-01-02 18:00:00,7094.1,6221
M5S,2026-01-02 19:00:00,7020.5,6221
M5S,2026-01-02 20:00:00,6944.3,6221
M5S,2026-01-02 21:00:00,6807.0,6221
M5S,2026-01-02 22:00:00,6430.200000000001,6221
M5S,2026-01-02 23:00:00,6134.400000000001,6221
M5S,2026-01-03 00:00:00,5741.7,6221
M5S,2026-01-03 01:00:00,5415.1,6221
M5S,2026-01-03 02:00:00,5176.0,6221
M5S,2026-01-03 03:00:00,5019.5,6221
M5S,2026-01-03 04:00:00,4911.7,6221
M5S,2026-01-03 05:00:00,4919.6,6221
M5S,2026-01-03 06:00:00,4962.8,6221
M5S,2026-01-03 07:00:00,5136.4,6221
M5S,2026-01-03 08:00:00,5453.5,6221
M5S,2026-01-03 09:00:00,5834.099999999999,6221
M5S,2026-01-03 10:00:00,6186.8,6221
M5S,2026-01-03 11:00:00,6442.099999999999,6221
M5S,2026-01-03 12:00:00,6602.1,6221
M5S,2026-01-03 13:00:00,6655.0,6221
M5S,2026-01-03 14:00:00,6632.7,6221
M5S,2026-01-03 15:00:00,6710.4,6221
M5S,2026-01-03 16:00:00,6840.5,6221
M5S,2026-01-03 17:00:00,7073.7,6221
M5S,2026-01-03 18:00:00,7085.8,6221
M5S,2026-01-03 19:00:00,6960.3,6221
M5S,2026-01-03 20:00:00,6816.7,6221
M5S,2026-01-03 21:00:00,6609.8,6221
M5S,2026-01-03 22:00:00,6360.799999999999,6221
M5S,2026-01-03 23:00:00,6055.0,6221
M5S,2026-01-04 00:00:00,5630.5,6221
M5S,2026-01-04 01:00:00,5309.5,6221
M5S,2026-01-04 02:00:00,5124.900000000001,6221
M5S,2026-01-04 03:00:00,4946.7,6221
M5S,2026-01-04 04:00:00,4851.2,6221
M5S,2026-01-04 05:00:00,4789.0,6221
M5S,2026-01-04 06:00:00,4835.599999999999,6221
M5S,2026-01-04 07:00:00,4977.6,6221
M5S,2026-01-04 08:00:00,5276.0,6221
M5S,2026-01-04 09:00:00,5629.7,6221
M5S,2026-01-04 10:00:00,5944.200000000001,6221
M5S,2026-01-04 11:00:00,6202.9,6221
M5S,2026-01-04 12:00:00,6477.7,6221
M5S,2026-01-04 13:00:00,6561.8,6221
M5S,2026-01-04 14:00:00,6493.1,6221
M5S,2026-01-04 15:00:00,6608.200000000001,6221
M5S,2026-01-04 16:00:00,6857.4,6221
M5S,2026-01-04 17:00:00,7206.599999999999,6221
M5S,2026-01-04 18:00:00,7355.4,6221
M5S,2026-01-04 19:00:00,7325.700000000001,6221
M5S,2026-01-04 20:00:00,7136.7,6221
M5S,2026-01-04 21:00:00,6924.8,6221
M5S,2026-01-04 22:00:00,6525.2,6221
M5S,2026-01-04 23:00:00,6050.8,6221
M5S,2026-01-05 00:00:00,5558.8,6221
M5S,2026-01-05 01:00:00,5134.0,6221
M5S,2026-01-05 02:00:00,4842.4,6221
M5S,2026-01-05 03:00:00,4764.1,6221
M5S,2026-01-05 04:00:00,4688.8,6221
M5S,2026-01-05 05:00:00,4718.1,6221
M5S,2026-01-05 06:00:00,4905.0,6221
M5S,2026-01-05 07:00:00,5284.299999999999,6221
M5S,2026-01-05 08:00:00,5729.0,6221
M5S,2026-01-05 09:00:00,5879.3,6221
M5S,2026-01-05 10:00:00,6057.7,6221
M5S,2026-01-05 11:00:00,6207.2,6221
M5S,2026-01-05 12:00:00,6326.9,6221
M5S,2026-01-05 13:00:00,6273.200000000001,6221
M5S,2026-01-05 14:00:00,6133.5,6221
M5S,2026-01-05 15:00:00,6153.400000000001,6221
M5S,2026-01-05 16:00:00,6269.3,6221
M5S,2026-01-05 17:00:00,6668.5,6221
M5S,2026-01-05 18:00:00,6883.099999999999,6221
M5S,2026-01-05 19:00:00,6860.6,6221
M5S,2026-01-05 20:00:00,6696.5,6221
M5S,2026-01-05 21:00:00,6487.3,6221
M5S,2026-01-05 22:00:00,6129.7,6221
M5S,2026-01-05 23:00:00,5634.8,6221
M5S,2026-01-06 00:00:00,5165.7,6221
M5S,2026-01-06 01:00:00,4823.2,6221
M5S,2026-01-06 02:00:00,4584.3,6221
M5S,2026-01-06 03:00:00,4430.0,6221
M5S,2026-01-06 04:00:00,4363.2,6221
M5S,2026-01-06 05:00:00,4404.7,6221
M5S,2026-01-06 06:00:00,4590.3,6221
M5S,2026-01-06 07:00:00,4922.7,6221
M5S,2026-01-06 08:00:00,5343.7,6221
M5S,2026-01-06 09:00:00,5511.7,6221
M5S,2026-01-06 10:00:00,5686.7,6221
M5S,2026-01-06 11:00:00,5848.7,6221
M5S,2026-01-06 12:00:00,6026.6,6221
M5S,2026-01-06 13:00:00,6155.6,6221
M5S,2026-01-06 14:00:00,6150.4,6221
M5S,2026-01-06 15:00:00,6109.599999999999,6221
M5S,2026-01-06 16:00:00,6289.4,6221
M5S,2026-01-06 17:00:00,6759.5,6221
M5S,2026-01-06 18:00:00,6940.1,6221
M5S,2026-01-06 19:00:00,6870.0,6221
M5S,2026-01-06 20:00:00,6684.900000000001,6221
M5S,2026-01-06 21:00:00,6505.400000000001,6221
M5S,2026-01-06 22:00:00,6096.0,6221
M5S,2026-01-06 23:00:00,5655.9,6221
M5S,2026-01-07 00:00:00,5136.3,6221
M5S,2026-01-07 01:00:00,4761.2,6221
M5S,2026-01-07 02:00:00,4494.9,6221
M5S,2026-01-07 03:00:00,4370.0,6221
M5S,2026-01-07 04:00:00,4301.7,6221
M5S,2026-01-07 05:00:00,4320.2,6221
M5S,2026-01-07 06:00:00,4495.1,6221
M5S,2026-01-07 07:00:00,4891.5,6221
M5S,2026-01-07 08:00:00,5259.5,6221
M5S,2026-01-07 09:00:00,5296.6,6221
M5S,2026-01-07 10:00:00,5397.0,6221
M5S,2026-01-07 11:00:00,5541.4,6221
M5S,2026-01-07 12:00:00,5642.8,6221
M5S,2026-01-07 13:00:00,5539.799999999999,6221
M5S,2026-01-07 14:00:00,5522.4,6221
M5S,2026-01-07 15:00:00,5622.1,6221
M5S,2026-01-07 16:00:00,5848.7,6221
M5S,2026-01-07 17:00:00,6234.1,6221
M5S,2026-01-07 18:00:00,6444.0,6221
M5S,2026-01-07 19:00:00,6494.900000000001,6221
M5S,2026-01-07 20:00:00,6374.0,6221
M5S,2026-01-07 21:00:00,6148.8,6221
M5S,2026-01-07 22:00:00,5889.900000000001,6221
M5S,2026-01-07 23:00:00,5448.3,6221
M5S,2026-01-08 00:00:00,4963.1,6221
M5S,2026-01-08 01:00:00,4538.6,6221
M5S,2026-01-08 02:00:00,4244.1,6221
M5S,2026-01-08 03:00:00,4109.3,6221
M5S,2026-01-08 04:00:00,4087.3,6221
M5S,2026-01-08 05:00:00,4148.1,6221
M5S,2026-01-08 06:00:00,4318.5,6221
M5S,2026-01-08 07:00:00,4690.2,6221
M5S,2026-01-08 08:00:00,5146.7,6221
M5S,2026-01-08 09:00:00,5240.599999999999,6221
M5S,2026-01-08 10:00:00,5386.9,6221
M5S,2026-01-08 11:00:00,5439.5,6221
M5S,2026-01-08 12:00:00,5322.0,6221
M5S,2026-01-08 13:00:00,5149.7,6221
M5S,2026-01-08 14:00:00,5011.3,6221
M5S,2026-01-08 15:00:00,4987.5,6221
M5S,2026-01-08 16:00:00,5270.6,6221
M5S,2026-01-08 17:00:00,5885.099999999999,6221
M5S,2026-01-08 18:00:00,6231.8,6221
M5S,2026-01-08 19:00:00,6216.1,6221
M5S,2026-01-08 20:00:00,6160.6,6221
M5S,2026-01-08 21:00:00,5937.2,6221
M5S,2026-01-08 22:00:00,5598.0,6221
M5S,2026-01-08 23:00:00,5142.8,6221
M5S,2026-01-09 00:00:00,4709.1,6221
M5S,2026-01-09 01:00:00,4348.1,6221
M5S,2026-01-09 02:00:00,4032.6,6221
M5S,2026-01-09 03:00:00,3877.3,6221
M5S,2026-01-09 04:00:00,3863.6,6221
M5S,2026-01-09 05:00:00,3793.2999999999997,6221
M5S,2026-01-09 06:00:00,3944.2999999999997,6221
M5S,2026-01-09 07:00:00,4231.1,6221
M5S,2026-01-09 08:00:00,4711.3,6221
M5S,2026-01-09 09:00:00,4935.7,6221
M5S,2026-01-09 10:00:00,5122.6,6221
M5S,2026-01-09 11:00:00,5224.3,6221
M5S,2026-01-09 12:00:00,5166.5,6221
M5S,2026-01-09 13:00:00,5126.8,6221
M5S,2026-01-09 14:00:00,5033.9,6221
M5S,2026-01-09 15:00:00,5038.1,6221
M5S,2026-01-09 16:00:00,5401.9,6221
M5S,2026-01-09 17:00:00,5786.7,6221
M5S,2026-01-09 18:00:00,5994.9,6221
M5S,2026-01-09 19:00:00,5900.7,6221
M5S,2026-01-09 20:00:00,5740.2,6221
M5S,2026-01-09 21:00:00,5575.2,6221
M5S,2026-01-09 22:00:00,5386.2,6221
M5S,2026-01-09 23:00:00,5075.2,6221
M5S,2026-01-10 00:00:00,4682.3,6221
M5S,2026-01-10 01:00:00,4404.1,6221
M5S,2026-01-10 02:00:00,4170.0,6221
M5S,2026-01-10 03:00:00,3982.6,6221
M5S,2026-01-10 04:00:00,3887.3,6221
M5S,2026-01-10 05:00:00,3895.8,6221
M5S,2026-01-10 06:00:00,3966.5,6221
M5S,2026-01-10 07:00:00,4170.6,6221
M5S,2026-01-10 08:00:00,4517.5,6221
M5S,2026-01-10 09:00:00,4956.1,6221
M5S,2026-01-10 10:00:00,5282.3,6221
M5S,2026-01-10 11:00:00,5582.2,6221
M5S,2026-01-10 12:00:00,5801.5,6221
M5S,2026-01-10 13:00:00,5825.1,6221
M5S,2026-01-10 14:00:00,5978.5,6221
M5S,2026-01-10 15:00:00,6011.599999999999,6221
M5S,2026-01-10 16:00:00,6118.0,6221
M5S,2026-01-10 17:00:00,6404.5,6221
M5S,2026-01-10 18:00:00,6477.700000000001,6221
M5S,2026-01-10 19:00:00,6344.9,6221
M5S,2026-01-10 20:00:00,6148.1,6221
M5S,2026-01-10 21:00:00,5771.2,6221
M5S,2026-01-10 22:00:00,5499.5,6221
M5S,2026-01-10 23:00:00,5257.5,6221
M5S,2026-01-11 00:00:00,4889.5,6221
M5S,2026-01-11 01:00:00,4636.7,6221
M5S,2026-01-11 02:00:00,4455.0,6221
M5S,2026-01-11 03:00:00,4282.099999999999,6221
M5S,2026-01-11 04:00:00,4209.5,6221
M5S,2026-01-11 05:00:00,4200.1,6221
M5S,2026-01-11 06:00:00,4300.5,6221
M5S,2026-01-11 07:00:00,4496.6,6221
M5S,2026-01-11 08:00:00,4849.900000000001,6221
M5S,2026-01-11 09:00:00,5259.8,6221
M5S,2026-01-11 10:00:00,5626.4,6221
M5S,2026-01-11 11:00:00,5878.2,6221
M5S,2026-01-11 12:00:00,6078.200000000001,6221
M5S,2026-01-11 13:00:00,6184.3,6221
M5S,2026-01-11 14:00:00,6225.1,6221
M5S,2026-01-11 15:00:00,6312.5,6221
M5S,2026-01-11 16:00:00,6550.099999999999,6221
M5S,2026-01-11 17:00:00,6987.4,6221
M5S,2026-01-11 18:00:00,7213.6,6221
M5S,2026-01-11 19:00:00,7176.8,6221
M5S,2026-01-11 20:00:00,7098.3,6221
M5S,2026-01-11 21:00:00,6745.0,6221
M5S,2026-01-11 22:00:00,6425.9,6221
M5S,2026-01-11 23:00:00,5926.700000000001,6221
M5S,2026-01-12 00:00:00,5392.200000000001,6221
M5S,2026-01-12 01:00:00,4941.1,6221
M5S,2026-01-12 02:00:00,4629.4,6221
M5S,2026-01-12 03:00:00,4522.2,6221
M5S,2026-01-12 04:00:00,4445.9,6221
M5S,2026-01-12 05:00:00,4473.3,6221
M5S,2026-01-12 06:00:00,4678.0,6221
M5S,2026-01-12 07:00:00,5148.5,6221
M5S,2026-01-12 08:00:00,5538.4,6221
M5S,2026-01-12 09:00:00,5712.6,6221
M5S,2026-01-12 10:00:00,5922.6,6221
M5S,2026-01-12 11:00:00,6018.1,6221
M5S,2026-01-12 12:00:00,6225.3,6221
M5S,2026-01-12 13:00:00,6136.400000000001,6221
M5S,2026-01-12 14:00:00,6152.599999999999,6221
M5S,2026-01-12 15:00:00,6188.5,6221
M5S,2026-01-12 16:00:00,6276.599999999999,6221
M5S,2026-01-12 17:00:00,6684.0,6221
M5S,2026-01-12 18:00:00,6956.8,6221
M5S,2026-01-12 19:00:00,7052.1,6221
M5S,2026-01-12 20:00:00,6891.3,6221
M5S,2026-01-12 21:00:00,6656.5,6221
M5S,2026-01-12 22:00:00,6295.8,6221
M5S,2026-01-12 23:00:00,5738.1,6221
M5S,2026-01-13 00:00:00,5187.9,6221
M5S,2026-01-13 01:00:00,4755.9,6221
M5S,2026-01-13 02:00:00,4466.7,6221
M5S,2026-01-13 03:00:00,4318.1,6221
M5S,2026-01-13 04:00:00,4245.7,6221
M5S,2026-01-13 05:00:00,4295.4,6221
M5S,2026-01-13 06:00:00,4522.3,6221
M5S,2026-01-13 07:00:00,5018.3,6221
M5S,2026-01-13 08:00:00,5368.3,6221
M5S,2026-01-13 09:00:00,5410.4,6221
M5S,2026-01-13 10:00:00,5565.7,6221
M5S,2026-01-13 11:00:00,5736.2,6221
M5S,2026-01-13 12:00:00,5783.900000000001,6221
M5S,2026-01-13 13:00:00,5563.2,6221
M5S,2026-01-13 14:00:00,5569.8,6221
M5S,2026-01-13 15:00:00,5604.6,6221
M5S,2026-01-13 16:00:00,5847.6,6221
M5S,2026-01-13 17:00:00,6293.4,6221
M5S,2026-01-13 18:00:00,6533.799999999999,6221
M5S,2026-01-13 19:00:00,6596.1,6221
M5S,2026-01-13 20:00:00,6376.9,6221
M5S,2026-01-13 21:00:00,6164.6,6221
M5S,2026-01-13 22:00:00,5865.7,6221
M5S,2026-01-13 23:00:00,5350.4,6221
M5S,2026-01-14 00:00:00,4905.900000000001,6219
M5S,2026-01-14 01:00:00,4496.8,6219
M5S,2026-01-14 02:00:00,4203.0,6219
M5S,2026-01-14 03:00:00,4066.7,6219
M5S,2026-01-14 04:00:00,3991.9,6219
M5S,2026-01-14 05:00:00,4043.5,6219
M5S,2026-01-14 06:00:00,4251.9,6219
M5S,2026-01-14 07:00:00,4619.2,6219
M5S,2026-01-14 08:00:00,5049.8,6219
M5S,2026-01-14 09:00:00,5141.5,6219
M5S,2026-01-14 10:00:00,5218.7,6219
M5S,2026-01-14 11:00:00,5284.9,6219
M5S,2026-01-14 12:00:00,5394.2,6219
M5S,2026-01-14 13:00:00,5337.6,6219
M5S,2026-01-14 14:00:00,5316.0,6219
M5S,2026-01-14 15:00:00,5467.099999999999,6219
M5S,2026-01-14 16:00:00,5694.8,6219
M5S,2026-01-14 17:00:00,6156.4,6219
M5S,2026-01-14 18:00:00,6511.599999999999,6219
M5S,2026-01-14 19:00:00,6634.7,6219
M5S,2026-01-14 20:00:00,6650.5,6219
M5S,2026-01-14 21:00:00,6437.5,6219
M5S,2026-01-14 22:00:00,6193.799999999999,6219
M5S,2026-01-14 23:00:00,5787.7,6219
M5S,2026-01-15 00:00:00,5397.4,6219
M5S,2026-01-15 01:00:00,5083.2,6219
M5S,2026-01-15 02:00:00,4849.099999999999,6219
M5S,2026-01-15 03:00:00,4723.5,6219
M5S,2026-01-15 04:00:00,4697.4,6219
M5S,2026-01-15 05:00:00,4866.400000000001,6219
M5S,2026-01-15 06:00:00,5138.400000000001,6219
M5S,2026-01-15 07:00:00,5523.2,6219
M5S,2026-01-15 08:00:00,6031.9,6219
M5S,2026-01-15 09:00:00,6355.6,6219
M5S,2026-01-15 10:00:00,6623.200000000001,6219
M5S,2026-01-15 11:00:00,6941.5,6219
M5S,2026-01-15 12:00:00,7205.5,6219
M5S,2026-01-15 13:00:00,7172.4,6219
M5S,2026-01-15 14:00:00,7141.900000000001,6219
M5S,2026-01-15 15:00:00,7180.9,6219
M5S,2026-01-15 16:00:00,7319.3,6219
M5S,2026-01-15 17:00:00,7604.9,6219
M5S,2026-01-15 18:00:00,7916.2,6219
M5S,2026-01-15 19:00:00,7793.0,6219
M5S,2026-01-15 20:00:00,7728.2,6219
M5S,2026-01-15 21:00:00,7453.400000000001,6219
M5S,2026-01-15 22:00:00,7079.6,6219
M5S,2026-01-15 23:00:00,6654.7,6219
M5S,2026-01-16 00:00:00,6147.0,6219
M5S,2026-01-16 01:00:00,5779.0,6219
M5S,2026-01-16 02:00:00,5440.5,6219
M5S,2026-01-16 03:00:00,5275.5,6219
M5S,2026-01-16 04:00:00,5192.8,6219
M5S,2026-01-16 05:00:00,5195.9,6219
M5S,2026-01-16 06:00:00,5405.0,6219
M5S,2026-01-16 07:00:00,5635.6,6219
M5S,2026-01-16 08:00:00,6138.599999999999,6219
M5S,2026-01-16 09:00:00,6370.3,6219
M5S,2026-01-16 10:00:00,6456.599999999999,6219
M5S,2026-01-16 11:00:00,6463.6,6219
M5S,2026-01-16 12:00:00,6624.7,6219
M5S,2026-01-16 13:00:00,6603.9,6219
M5S,2026-01-16 14:00:00,6558.0,6219
M5S,2026-01-16 15:00:00,6566.4,6218
M5S,2026-01-16 16:00:00,6714.700000000001,6218
M5S,2026-01-16 17:00:00,6996.6,6218
M5S,2026-01-16 18:00:00,7154.3,6218
M5S,2026-01-16 19:00:00,7121.4,6218
M5S,2026-01-16 20:00:00,6980.700000000001,6218
M5S,2026-01-16 21:00:00,6735.599999999999,6218
M5S,2026-01-16 22:00:00,6453.9,6218
M5S,2026-01-16 23:00:00,6001.099999999999,6218
M5S,2026-01-17 00:00:00,5546.6,6218
M5S,2026-01-17 01:00:00,5173.2,6218
M5S,2026-01-17 02:00:00,4911.9,6218
M5S,2026-01-17 03:00:00,4712.4,6218
M5S,2026-01-17 04:00:00,4602.5,6218
M5S,2026-01-17 05:00:00,4570.0,6218
M5S,2026-01-17 06:00:00,4627.4,6218
M5S,2026-01-17 07:00:00,4845.8,6218
M5S,2026-01-17 08:00:00,5231.7,6218
M5S,2026-01-17 09:00:00,5555.299999999999,6218
M5S,2026-01-17 10:00:00,5912.6,6218
M5S,2026-01-17 11:00:00,6223.799999999999,6218
M5S,2026-01-17 12:00:00,6351.2,6218
M5S,2026-01-17 13:00:00,6383.900000000001,6218
M5S,2026-01-17 14:00:00,6363.799999999999,6218
M5S,2026-01-17 15:00:00,6379.9,6218
M5S,2026-01-17 16:00:00,6484.0,6218
M5S,2026-01-17 17:00:00,6788.1,6218
M5S,2026-01-17 18:00:00,6941.299999999999,6218
M5S,2026-01-17 19:00:00,6835.7,6218
M5S,2026-01-17 20:00:00,6797.9,6218
M5S,2026-01-17 21:00:00,6616.900000000001,6218
M5S,2026-01-17 22:00:00,6378.6,6218
M5S,2026-01-17 23:00:00,6040.2,6218
M5S,2026-01-18 00:00:00,5719.3,6218
M5S,2026-01-18 01:00:00,5487.900000000001,6218
M5S,2026-01-18 02:00:00,5267.5,6218
M5S,2026-01-18 03:00:00,5136.1,6218
M5S,2026-01-18 04:00:00,5087.7,6218
M5S,2026-01-18 05:00:00,5021.599999999999,6218
M5S,2026-01-18 06:00:00,5107.8,6218
M5S,2026-01-18 07:00:00,5311.8,6218
M5S,2026-01-18 08:00:00,5635.3,6218
M5S,2026-01-18 09:00:00,5903.7,6218
M5S,2026-01-18 10:00:00,6203.799999999999,6218
M5S,2026-01-18 11:00:00,6394.3,6218
M5S,2026-01-18 12:00:00,6569.700000000001,6218
M5S,2026-01-18 13:00:00,6617.099999999999,6218
M5S,2026-01-18 14:00:00,6610.299999999999,6218
M5S,2026-01-18 15:00:00,6708.7,6218
M5S,2026-01-18 16:00:00,6946.4,6218
M5S,2026-01-18 17:00:00,7499.5,6218
M5S,2026-01-18 18:00:00,7651.6,6218
M5S,2026-01-18 19:00:00,7607.400000000001,6218
M5S,2026-01-18 20:00:00,7424.0,6218
M5S,2026-01-18 21:00:00,7127.3,6218
M5S,2026-01-18 22:00:00,6795.299999999999,6218
M5S,2026-01-18 23:00:00,6280.4,6218
M5S,2026-01-19 00:00:00,5819.7,6218
M5S,2026-01-19 01:00:00,5351.7,6218
M5S,2026-01-19 02:00:00,5073.2,6218
M5S,2026-01-19 03:00:00,4938.1,6218
M5S,2026-01-19 04:00:00,4941.9,6218
M5S,2026-01-19 05:00:00,5010.1,6218
M5S,2026-01-19 06:00:00,5236.799999999999,6218
M5S,2026-01-19 07:00:00,5644.799999999999,6218
M5S,2026-01-19 08:00:00,6060.099999999999,6218
M5S,2026-01-19 09:00:00,6243.3,6218
M5S,2026-01-19 10:00:00,6388.2,6218
M5S,2026-01-19 11:00:00,6382.5,6218
M5S,2026-01-19 12:00:00,6553.900000000001,6219
M5S,2026-01-19 13:00:00,6513.4,6218
M5S,2026-01-19 14:00:00,6454.799999999999,6218
M5S,2026-01-19 15:00:00,6496.6,6218
M5S,2026-01-19 16:00:00,6750.6,6218
M5S,2026-01-19 17:00:00,7414.400000000001,6218
M5S,2026-01-19 18:00:00,7903.3,6218
M5S,2026-01-19 19:00:00,7971.1,6218
M5S,2026-01-19 20:00:00,7729.8,6218
M5S,2026-01-19 21:00:00,7470.8,6218
M5S,2026-01-19 22:00:00,7140.0,6218
M5S,2026-01-19 23:00:00,6634.7,6218
M5S,2026-01-20 00:00:00,6184.7,6218
M5S,2026-01-20 01:00:00,5791.8,6218
M5S,2026-01-20 02:00:00,5554.900000000001,6218
M5S,2026-01-20 03:00:00,5448.5,6218
M5S,2026-01-20 04:00:00,5425.0,6218
M5S,2026-01-20 05:00:00,5491.6,6218
M5S,2026-01-20 06:00:00,5746.0,6218
M5S,2026-01-20 07:00:00,6228.1,6218
M5S,2026-01-20 08:00:00,6692.5,6218
M5S,2026-01-20 09:00:00,6702.5,6218
M5S,2026-01-20 10:00:00,6766.3,6218
M5S,2026-01-20 11:00:00,6879.0,6218
M5S,2026-01-20 12:00:00,6848.9,6218
M5S,2026-01-20 13:00:00,6763.299999999999,6218
M5S,2026-01-20 14:00:00,6678.4,6218
M5S,2026-01-20 15:00:00,6745.400000000001,6218
M5S,2026-01-20 16:00:00,6912.599999999999,6218
M5S,2026-01-20 17:00:00,7614.4,6218
M5S,2026-01-20 18:00:00,8111.5,6218
M5S,2026-01-20 19:00:00,8132.7,6218
M5S,2026-01-20 20:00:00,7986.9,6218
M5S,2026-01-20 21:00:00,7981.9,6218
M5S,2026-01-20 22:00:00,7623.0,6218
M5S,2026-01-20 23:00:00,7124.200000000001,6218
M5S,2026-01-21 00:00:00,6594.0,6218
M5S,2026-01-21 01:00:00,6161.200000000001,6218
M5S,2026-01-21 02:00:00,5814.4,6218
M5S,2026-01-21 03:00:00,5601.2,6218
M5S,2026-01-21 04:00:00,5493.5,6218
M5S,2026-01-21 05:00:00,5545.1,6218
M5S,2026-01-21 06:00:00,5613.8,6218
M5S,2026-01-21 07:00:00,5997.1,6218
M5S,2026-01-21 08:00:00,6389.7,6218
M5S,2026-01-21 09:00:00,6540.400000000001,6218
M5S,2026-01-21 10:00:00,6673.3,6218
M5S,2026-01-21 11:00:00,6787.8,6218
M5S,2026-01-21 12:00:00,6899.200000000001,6218
M5S,2026-01-21 13:00:00,6831.0,6218
M5S,2026-01-21 14:00:00,6746.4,6218
M5S,2026-01-21 15:00:00,6704.6,6218
M5S,2026-01-21 16:00:00,6893.799999999999,6218
M5S,2026-01-21 17:00:00,7297.1,6218
M5S,2026-01-21 18:00:00,7469.200000000001,6218
M5S,2026-01-21 19:00:00,7458.599999999999,6218
M5S,2026-01-21 20:00:00,7299.7,6218
M5S,2026-01-21 21:00:00,7055.6,6218
M5S,2026-01-21 22:00:00,6722.4,6218
M5S,2026-01-21 23:00:00,6240.8,6218
M5S,2026-01-22 00:00:00,5704.200000000001,6218
M5S,2026-01-22 01:00:00,5346.7,6218
M5S,2026-01-22 02:00:00,5095.3,6218
M5S,2026-01-22 03:00:00,4962.1,6218
M5S,2026-01-22 04:00:00,4922.2,6218
M5S,2026-01-22 05:00:00,4981.4,6218
M5S,2026-01-22 06:00:00,5181.0,6218
M5S,2026-01-22 07:00:00,5564.8,6218
M5S,2026-01-22 08:00:00,5968.7,6218
M5S,2026-01-22 09:00:00,5976.400000000001,6218
M5S,2026-01-22 10:00:00,6049.0,6218
M5S,2026-01-22 11:00:00,6187.4,6218
M5S,2026-01-22 12:00:00,6285.1,6218
M5S,2026-01-22 13:00:00,6308.3,6218
M5S,2026-01-22 14:00:00,6286.7,6218
M5S,2026-01-22 15:00:00,6238.7,6218
M5S,2026-01-22 16:00:00,6417.200000000001,6218
M5S,2026-01-22 17:00:00,7074.7,6218
M5S,2026-01-22 18:00:00,7486.0,6218
M5S,2026-01-22 19:00:00,7607.7,6218
M5S,2026-01-22 20:00:00,7554.4,6218
M5S,2026-01-22 21:00:00,7323.9,6218
M5S,2026-01-22 22:00:00,7070.700000000001,6218
M5S,2026-01-22 23:00:00,6724.1,6218
M5S,2026-01-23 00:00:00,6161.7,6219
M5S,2026-01-23 01:00:00,5785.3,6219
M5S,2026-01-23 02:00:00,5538.3,6219
M5S,2026-01-23 03:00:00,5440.9,6219
M5S,2026-01-23 04:00:00,5366.1,6219
M5S,2026-01-23 05:00:00,5414.3,6219
M5S,2026-01-23 06:00:00,5614.799999999999,6219
M5S,2026-01-23 07:00:00,6051.900000000001,6219
M5S,2026-01-23 08:00:00,6515.299999999999,6219
M5S,2026-01-23 09:00:00,6648.7,6219
M5S,2026-01-23 10:00:00,6915.7,6219
M5S,2026-01-23 11:00:00,7051.8,6219
M5S,2026-01-23 12:00:00,7189.5,6219
M5S,2026-01-23 13:00:00,7044.9,6219
M5S,2026-01-23 14:00:00,7016.700000000001,6219
M5S,2026-01-23 15:00:00,7223.3,6219
M5S,2026-01-23 16:00:00,7496.599999999999,6219
M5S,2026-01-23 17:00:00,7958.6,6219
M5S,2026-01-23 18:00:00,8213.4,6219
M5S,2026-01-23 19:00:00,8244.1,6219
M5S,2026-01-23 20:00:00,8137.3,6219
M5S,2026-01-23 21:00:00,8010.599999999999,6219
M5S,2026-01-23 22:00:00,7722.0,6219
M5S,2026-01-23 23:00:00,7347.3,6219
M5S,2026-01-24 00:00:00,6932.400000000001,6219
M5S,2026-01-24 01:00:00,6561.6,6219
M5S,2026-01-24 02:00:00,6343.1,6219
M5S,2026-01-24 03:00:00,6243.0,6219
M5S,2026-01-24 04:00:00,6163.799999999999,6219
M5S,2026-01-24 05:00:00,6134.2,6219
M5S,2026-01-24 06:00:00,6202.0,6219
M5S,2026-01-24 07:00:00,6386.3,6219
M5S,2026-01-24 08:00:00,6693.3,6219
M5S,2026-01-24 09:00:00,7008.5,6219
M5S,2026-01-24 10:00:00,7228.900000000001,6219
M5S,2026-01-24 11:00:00,7520.5,6219
M5S,2026-01-24 12:00:00,7716.4,6219
M5S,2026-01-24 13:00:00,7764.5,6219
M5S,2026-01-24 14:00:00,7615.0,6219
M5S,2026-01-24 15:00:00,7743.200000000001,6219
M5S,2026-01-24 16:00:00,7841.0,6219
M5S,2026-01-24 17:00:00,8176.2,6219
M5S,2026-01-24 18:00:00,8349.5,6219
M5S,2026-01-24 19:00:00,8130.3,6219
M5S,2026-01-24 20:00:00,7929.0,6219
M5S,2026-01-24 21:00:00,7675.7,6219
M5S,2026-01-24 22:00:00,7443.5,6219
M5S,2026-01-24 23:00:00,7054.4,6219
M5S,2026-01-25 00:00:00,6652.9,6219
M5S,2026-01-25 01:00:00,6268.3,6219
M5S,2026-01-25 02:00:00,6001.9,6219
M5S,2026-01-25 03:00:00,5821.7,6219
M5S,2026-01-25 04:00:00,5700.1,6219
M5S,2026-01-25 05:00:00,5650.8,6219
M5S,2026-01-25 06:00:00,5669.900000000001,6219
M5S,2026-01-25 07:00:00,5835.900000000001,6219
M5S,2026-01-25 08:00:00,6181.9,6219
M5S,2026-01-25 09:00:00,6591.8,6219
M5S,2026-01-25 10:00:00,7012.9,6219
M5S,2026-01-25 11:00:00,7505.8,6219
M5S,2026-01-25 12:00:00,7967.4,6219
M5S,2026-01-25 13:00:00,8128.5,6219
M5S,2026-01-25 14:00:00,8093.6,6219
M5S,2026-01-25 15:00:00,8052.9,6219
M5S,2026-01-25 16:00:00,8337.4,6219
M5S,2026-01-25 17:00:00,8694.2,6219
M5S,2026-01-25 18:00:00,8882.4,6219
M5S,2026-01-25 19:00:00,8681.4,6219
M5S,2026-01-25 20:00:00,8404.8,6219
M5S,2026-01-25 21:00:00,8059.400000000001,6219
M5S,2026-01-25 22:00:00,7641.8,6220
M5S,2026-01-25 23:00:00,7135.3,6220
M5S,2026-01-26 00:00:00,6680.7,6220
M5S,2026-01-26 01:00:00,6297.5,6220
M5S,2026-01-26 02:00:00,5941.8,6220
M5S,2026-01-26 03:00:00,5811.200000000001,6220
M5S,2026-01-26 04:00:00,5753.400000000001,6220
M5S,2026-01-26 05:00:00,5794.7,6220
M5S,2026-01-26 06:00:00,5951.700000000001,6220
M5S,2026-01-26 07:00:00,6195.900000000001,6220
M5S,2026-01-26 08:00:00,6662.3,6220
M5S,2026-01-26 09:00:00,6917.1,6220
M5S,2026-01-26 10:00:00,6967.5,6220
M5S,2026-01-26 11:00:00,7175.099999999999,6220
M5S,2026-01-26 12:00:00,7430.3,6220
M5S,2026-01-26 13:00:00,7295.6,6220
M5S,2026-01-26 14:00:00,7140.0,6220
M5S,2026-01-26 15:00:00,7145.3,6220
M5S,2026-01-26 16:00:00,7250.8,6220
M5S,2026-01-26 17:00:00,7869.7,6220
M5S,2026-01-26 18:00:00,8349.6,6220
M5S,2026-01-26 19:00:00,8358.3,6220
M5S,2026-01-26 20:00:00,8157.700000000001,6220
M5S,2026-01-26 21:00:00,7868.099999999999,6220
M5S,2026-01-26 22:00:00,7487.5,6220
M5S,2026-01-26 23:00:00,6959.8,6220
M5S,2026-01-27 00:00:00,6495.900000000001,6220
M5S,2026-01-27 01:00:00,6125.4,6220
M5S,2026-01-27 02:00:00,5799.0,6220
M5S,2026-01-27 03:00:00,5657.8,6220
M5S,2026-01-27 04:00:00,5681.4,6220
M5S,2026-01-27 05:00:00,5802.7,6220
M5S,2026-01-27 06:00:00,6064.9,6220
M5S,2026-01-27 07:00:00,6577.900000000001,6220
M5S,2026-01-27 08:00:00,6981.1,6220
M5S,2026-01-27 09:00:00,7043.5,6220
M5S,2026-01-27 10:00:00,7121.0,6220
M5S,2026-01-27 11:00:00,7309.5,6220
M5S,2026-01-27 12:00:00,7288.900000000001,6220
M5S,2026-01-27 13:00:00,7170.7,6220
M5S,2026-01-27 14:00:00,7036.2,6220
M5S,2026-01-27 15:00:00,7027.1,6220
M5S,2026-01-27 16:00:00,7280.2,6220
M5S,2026-01-27 17:00:00,7720.200000000001,6220
M5S,2026-01-27 18:00:00,8092.5,6220
M5S,2026-01-27 19:00:00,8140.5,6220
M5S,2026-01-27 20:00:00,8077.400000000001,6220
M5S,2026-01-27 21:00:00,7922.0,6220
M5S,2026-01-27 22:00:00,7522.6,6220
M5S,2026-01-27 23:00:00,7103.1,6220
M5S,2026-01-28 00:00:00,6613.5,6220
M5S,2026-01-28 01:00:00,6212.099999999999,6220
M5S,2026-01-28 02:00:00,5881.8,6220
M5S,2026-01-28 03:00:00,5709.4,6220
M5S,2026-01-28 04:00:00,5668.1,6220
M5S,2026-01-28 05:00:00,5731.3,6220
M5S,2026-01-28 06:00:00,5899.9,6220
M5S,2026-01-28 07:00:00,6301.2,6220
M5S,2026-01-28 08:00:00,6706.9,6220
M5S,2026-01-28 09:00:00,6671.7,6220
M5S,2026-01-28 10:00:00,6663.1,6220
M5S,2026-01-28 11:00:00,6717.4,6220
M5S,2026-01-28 12:00:00,6854.9,6220
M5S,2026-01-28 13:00:00,6872.700000000001,6220
M5S,2026-01-28 14:00:00,6671.8,6220
M5S,2026-01-28 15:00:00,6709.6,6220
M5S,2026-01-28 16:00:00,6966.4,6220
M5S,2026-01-28 17:00:00,7518.3,6220
M5S,2026-01-28 18:00:00,7928.799999999999,6220
M5S,2026-01-28 19:00:00,8048.9,6220
M5S,2026-01-28 20:00:00,7985.2,6220
M5S,2026-01-28 21:00:00,7713.9,6220
M5S,2026-01-28 22:00:00,7480.5,6220
M5S,2026-01-28 23:00:00,7036.9,6220
M5S,2026-01-29 00:00:00,6549.9,6220
M5S,2026-01-29 01:00:00,6157.5,6220
M5S,2026-01-29 02:00:00,5871.2,6220
M5S,2026-01-29 03:00:00,5666.099999999999,6220
M5S,2026-01-29 04:00:00,5618.9,6220
M5S,2026-01-29 05:00:00,5664.4,6220
M5S,2026-01-29 06:00:00,5862.299999999999,6220
M5S,2026-01-29 07:00:00,6257.400000000001,6220
M5S,2026-01-29 08:00:00,6703.7,6220
M5S,2026-01-29 09:00:00,6760.200000000001,6220
M5S,2026-01-29 10:00:00,6729.4,6220
M5S,2026-01-29 11:00:00,6792.9,6220
M5S,2026-01-29 12:00:00,6861.7,6220
M5S,2026-01-29 13:00:00,6850.2,6220
M5S,2026-01-29 14:00:00,6675.299999999999,6220
M5S,2026-01-29 15:00:00,6684.5,6221
M5S,2026-01-29 16:00:00,6907.3,6220
M5S,2026-01-29 17:00:00,7493.5,6220
M5S,2026-01-29 18:00:00,8040.9,6220
M5S,2026-01-29 19:00:00,8179.5,6220
M5S,2026-01-29 20:00:00,8193.1,6220
M5S,2026-01-29 21:00:00,8079.0,6220
M5S,2026-01-29 22:00:00,7852.7,6220
M5S,2026-01-29 23:00:00,7424.6,6220
M5S,2026-01-30 00:00:00,6957.5,6220
M5S,2026-01-30 01:00:00,6633.200000000001,6220
M5S,2026-01-30 02:00:00,6364.5,6220
M5S,2026-01-30 03:00:00,6204.1,6220
M5S,2026-01-30 04:00:00,6187.5,6220
M5S,2026-01-30 05:00:00,6233.1,6220
M5S,2026-01-30 06:00:00,6432.3,6220
M5S,2026-01-30 07:00:00,6825.5,6220
M5S,2026-01-30 08:00:00,7212.7,6220
M5S,2026-01-30 09:00:00,7450.4,6220
M5S,2026-01-30 10:00:00,7470.400000000001,6220
M5S,2026-01-30 11:00:00,7530.2,6220
M5S,2026-01-30 12:00:00,7446.3,6220
M5S,2026-01-30 13:00:00,7256.5,6220
M5S,2026-01-30 14:00:00,7149.5,6220
M5S,2026-01-30 15:00:00,7284.2,6220
M5S,2026-01-30 16:00:00,7567.7,6220
M5S,2026-01-30 17:00:00,7852.3,6220
M5S,2026-01-30 18:00:00,8095.2,6220
M5S,2026-01-30 19:00:00,8118.3,6220
M5S,2026-01-30 20:00:00,7997.3,6220
M5S,2026-01-30 21:00:00,7736.1,6220
M5S,2026-01-30 22:00:00,7493.0,6220
M5S,2026-01-30 23:00:00,7201.5,6220
M5S,2026-01-31 00:00:00,6772.6,6220
M5S,2026-01-31 01:00:00,6475.6,6220
M5S,2026-01-31 02:00:00,6197.599999999999,6220
M5S,2026-01-31 03:00:00,6072.299999999999,6220
M5S,2026-01-31 04:00:00,5969.5,6220
M5S,2026-01-31 05:00:00,5955.900000000001,6220
M5S,2026-01-31 06:00:00,6029.6,6220
M5S,2026-01-31 07:00:00,6279.700000000001,6220
M5S,2026-01-31 08:00:00,6609.299999999999,6220
M5S,2026-01-31 09:00:00,6786.2,6220
M5S,2026-01-31 10:00:00,7043.2,6220
M5S,2026-01-31 11:00:00,7272.4,6220
M5S,2026-01-31 12:00:00,7494.799999999999,6220
M5S,2026-01-31 13:00:00,7344.6,6220
M5S,2026-01-31 14:00:00,7174.4,6220
M5S,2026-01-31 15:00:00,7139.2,6220
M5S,2026-01-31 16:00:00,7227.200000000001,6220
M5S,2026-01-31 17:00:00,7686.4,6220
M5S,2026-01-31 18:00:00,8120.9,6220
M5S,2026-01-31 19:00:00,8083.2,6220
M5S,2026-01-31 20:00:00,7831.4,6220
M5S,2026-01-31 21:00:00,7572.5,6220
M5S,2026-01-31 22:00:00,7405.0,6220
M5S,2026-01-31 23:00:00,7054.0,6220
M5S,2026-02-01 00:00:00,7669.245861,6481
M5S,2026-02-01 01:00:00,7323.159755,6481
M5S,2026-02-01 02:00:00,7022.761259000001,6481
M5S,2026-02-01 03:00:00,6915.181361999999,6481
M5S,2026-02-01 04:00:00,6800.701513,6481
M5S,2026-02-01 05:00:00,6822.012938,6481
M5S,2026-02-01 06:00:00,6867.059532,6481
M5S,2026-02-01 07:00:00,7105.327218,6481
M5S,2026-02-01 08:00:00,7459.831037,6481
M5S,2026-02-01 09:00:00,7700.055823000001,6481
M5S,2026-02-01 10:00:00,8013.646401,6481
M5S,2026-02-01 11:00:00,8365.245393000001,6481
M5S,2026-02-01 12:00:00,8534.068948,6481
M5S,2026-02-01 13:00:00,8376.491781,6481
M5S,2026-02-01 14:00:00,8266.414809,6481
M5S,2026-02-01 15:00:00,8156.667383999999,6481
M5S,2026-02-01 16:00:00,8323.874528,6481
M5S,2026-02-01 17:00:00,8791.201568,6481
M5S,2026-02-01 18:00:00,9200.88545,6481
M5S,2026-02-01 19:00:00,9088.863164999999,6481
M5S,2026-02-01 20:00:00,8919.469056,6481
M5S,2026-02-01 21:00:00,8690.254296000001,6481
M5S,2026-02-01 22:00:00,8182.727985,6481
M5S,2026-02-01 23:00:00,7623.344921,6485
M5S,2026-02-02 00:00:00,7170.482258,6481
M5S,2026-02-02 01:00:00,6778.669443,6481
M5S,2026-02-02 02:00:00,6491.772767,6481
M5S,2026-02-02 03:00:00,6341.852247000001,6481
M5S,2026-02-02 04:00:00,6289.305238,6481
M5S,2026-02-02 05:00:00,6340.345668,6481
M5S,2026-02-02 06:00:00,6604.208968000001,6481
M5S,2026-02-02 07:00:00,7132.661335,6481
M5S,2026-02-02 08:00:00,7571.384224,6481
M5S,2026-02-02 09:00:00,7747.798977,6481
M5S,2026-02-02 10:00:00,7808.910834,6481
M5S,2026-02-02 11:00:00,7876.700819000001,6481
M5S,2026-02-02 12:00:00,7943.302788999999,6481
M5S,2026-02-02 13:00:00,7731.4443120000005,6481
M5S,2026-02-02 14:00:00,7654.0707170000005,6481
M5S,2026-02-02 15:00:00,7634.185554,6481
M5S,2026-02-02 16:00:00,7844.323751,6481
M5S,2026-02-02 17:00:00,8391.784237,6481
M5S,2026-02-02 18:00:00,8875.349606,6481
M5S,2026-02-02 19:00:00,8820.716748,6481
M5S,2026-02-02 20:00:00,8700.446423,6481
M5S,2026-02-02 21:00:00,8408.968967,6481
M5S,2026-02-02 22:00:00,7958.624133,6481
M5S,2026-02-02 23:00:00,7364.899082,6481
M5S,2026-02-03 00:00:00,6872.27551,6481
M5S,2026-02-03 01:00:00,6475.560887,6481
M5S,2026-02-03 02:00:00,6157.318941,6481
M5S,2026-02-03 03:00:00,5997.397826,6481
M5S,2026-02-03 04:00:00,5954.6777,6481
M5S,2026-02-03 05:00:00,5995.981293,6481
M5S,2026-02-03 06:00:00,6227.920572,6481
M5S,2026-02-03 07:00:00,6722.733072,6481
M5S,2026-02-03 08:00:00,7213.077676,6481
M5S,2026-02-03 09:00:00,7395.11362,6481
M5S,2026-02-03 10:00:00,7584.522398,6481
M5S,2026-02-03 11:00:00,7779.017833,6481
M5S,2026-02-03 12:00:00,7993.225280999999,6481
M5S,2026-02-03 13:00:00,7892.508262,6481
M5S,2026-02-03 14:00:00,7703.621658999999,6481
M5S,2026-02-03 15:00:00,7559.93015,6481
M5S,2026-02-03 16:00:00,7876.392385,6481
M5S,2026-02-03 17:00:00,8444.567735,6481
M5S,2026-02-03 18:00:00,8864.419270999999,6481
M5S,2026-02-03 19:00:00,8922.675241,6481
M5S,2026-02-03 20:00:00,8772.709168,6481
M5S,2026-02-03 21:00:00,8486.13663,6481
M5S,2026-02-03 22:00:00,8074.295631000001,6481
M5S,2026-02-03 23:00:00,7556.497349,6481
M5S,2026-02-04 00:00:00,7109.421695,6481
M5S,2026-02-04 01:00:00,6762.235825000001,6481
M5S,2026-02-04 02:00:00,6448.6973069999995,6481
M5S,2026-02-04 03:00:00,6321.645532,6481
M5S,2026-02-04 04:00:00,6304.565679,6481
M5S,2026-02-04 05:00:00,6394.096403,6481
M5S,2026-02-04 06:00:00,6677.379196,6481
M5S,2026-02-04 07:00:00,7145.390409,6481
M5S,2026-02-04 08:00:00,7581.5083030000005,6481
M5S,2026-02-04 09:00:00,7669.572516,6481
M5S,2026-02-04 10:00:00,7697.463319,6481
M5S,2026-02-04 11:00:00,7783.772618,6481
M5S,2026-02-04 12:00:00,7748.12059,6481
M5S,2026-02-04 13:00:00,7606.812531,6481
M5S,2026-02-04 14:00:00,7503.846192999999,6481
M5S,2026-02-04 15:00:00,7462.3870050000005,6481
M5S,2026-02-04 16:00:00,7555.050988000001,6481
M5S,2026-02-04 17:00:00,8126.883237,6481
M5S,2026-02-04 18:00:00,8626.713923,6481
M5S,2026-02-04 19:00:00,8722.80124,6481
M5S,2026-02-04 20:00:00,8627.826443,6481
M5S,2026-02-04 21:00:00,8426.753938,6481
M5S,2026-02-04 22:00:00,7944.355587,6481
M5S,2026-02-04 23:00:00,7460.325675,6481
M5S,2026-02-05 00:00:00,6928.772381,6481
M5S,2026-02-05 01:00:00,6551.7906490000005,6481
M5S,2026-02-05 02:00:00,6333.263036,6481
M5S,2026-02-05 03:00:00,6174.310318,6481
M5S,2026-02-05 04:00:00,6155.001235,6481
M5S,2026-02-05 05:00:00,6185.013468,6481
M5S,2026-02-05 06:00:00,6443.059739,6481
M5S,2026-02-05 07:00:00,6927.53877,6481
M5S,2026-02-05 08:00:00,7408.064309,6481
M5S,2026-02-05 09:00:00,7517.763708,6481
M5S,2026-02-05 10:00:00,7706.993151000001,6481
M5S,2026-02-05 11:00:00,7882.732582000001,6481
M5S,2026-02-05 12:00:00,7918.579471999999,6481
M5S,2026-02-05 13:00:00,7851.438443,6481
M5S,2026-02-05 14:00:00,7929.391031,6481
M5S,2026-02-05 15:00:00,7931.800125,6481
M5S,2026-02-05 16:00:00,8043.7580020000005,6481
M5S,2026-02-05 17:00:00,8444.148843,6481
M5S,2026-02-05 18:00:00,8798.331997,6481
M5S,2026-02-05 19:00:00,8833.748973,6481
M5S,2026-02-05 20:00:00,8629.060183,6481
M5S,2026-02-05 21:00:00,8408.911434,6481
M5S,2026-02-05 22:00:00,7939.595445,6481
M5S,2026-02-05 23:00:00,7567.65349,6481
M5S,2026-02-06 00:00:00,7028.7567340000005,6480
M5S,2026-02-06 01:00:00,6518.839534,6480
M5S,2026-02-06 02:00:00,6323.949956,6480
M5S,2026-02-06 03:00:00,6156.885021,6481
M5S,2026-02-06 04:00:00,6072.822938,6481
M5S,2026-02-06 05:00:00,6125.748816,6481
M5S,2026-02-06 06:00:00,6332.015265,6481
M5S,2026-02-06 07:00:00,6755.8405299999995,6481
M5S,2026-02-06 08:00:00,7331.959124,6481
M5S,2026-02-06 09:00:00,7619.6434659999995,6481
M5S,2026-02-06 10:00:00,7862.077101999999,6481
M5S,2026-02-06 11:00:00,8066.493864,6481
M5S,2026-02-06 12:00:00,8098.305609,6481
M5S,2026-02-06 13:00:00,7968.071041,6481
M5S,2026-02-06 14:00:00,7905.189995000001,6481
M5S,2026-02-06 15:00:00,7884.59212,6481
M5S,2026-02-06 16:00:00,8077.697717,6481
M5S,2026-02-06 17:00:00,8343.001072000001,6481
M5S,2026-02-06 18:00:00,8529.519678,6481
M5S,2026-02-06 19:00:00,8619.851499,6481
M5S,2026-02-06 20:00:00,8569.563611,6481
M5S,2026-02-06 21:00:00,8344.513024,6481
M5S,2026-02-06 22:00:00,8119.527948,6481
M5S,2026-02-06 23:00:00,7907.94277,6481
M5S,2026-02-07 00:00:00,7544.199527000001,6482
M5S,2026-02-07 01:00:00,7315.0205989999995,6482
M5S,2026-02-07 02:00:00,7120.48837,6482
M5S,2026-02-07 03:00:00,7023.533341,6482
M5S,2026-02-07 04:00:00,6985.159116,6482
M5S,2026-02-07 05:00:00,7069.315936,6482
M5S,2026-02-07 06:00:00,7196.675886,6482
M5S,2026-02-07 07:00:00,7500.854724,6482
M5S,2026-02-07 08:00:00,7947.677288,6482
M5S,2026-02-07 09:00:00,8281.573228,6482
M5S,2026-02-07 10:00:00,8627.577245,6482
M5S,2026-02-07 11:00:00,8892.564318,6482
M5S,2026-02-07 12:00:00,8969.485225,6482
M5S,2026-02-07 13:00:00,9004.658671,6482
M5S,2026-02-07 14:00:00,8924.999077,6482
M5S,2026-02-07 15:00:00,8768.414618,6482
M5S,2026-02-07 16:00:00,8926.24149,6482
M5S,2026-02-07 17:00:00,9444.44483,6482
M5S,2026-02-07 18:00:00,9953.541772999999,6482
M5S,2026-02-07 19:00:00,9754.957246,6482
M5S,2026-02-07 20:00:00,9445.219417,6482
M5S,2026-02-07 21:00:00,9131.64539,6482
M5S,2026-02-07 22:00:00,8831.710958,6482
M5S,2026-02-07 23:00:00,8367.163927,6482
M5S,2026-02-08 00:00:00,8022.25665,6482
M5S,2026-02-08 01:00:00,7670.799437,6482
M5S,2026-02-08 02:00:00,7410.242394,6482
M5S,2026-02-08 03:00:00,7197.0142639999995,6482
M5S,2026-02-08 04:00:00,7184.727137,6482
M5S,2026-02-08 05:00:00,7185.193426,6482
M5S,2026-02-08 06:00:00,7286.937693,6482
M5S,2026-02-08 07:00:00,7539.9232409999995,6482
M5S,2026-02-08 08:00:00,7903.101536,6482
M5S,2026-02-08 09:00:00,8274.670231,6482
M5S,2026-02-08 10:00:00,8586.234817,6482
M5S,2026-02-08 11:00:00,8929.141172,6482
M5S,2026-02-08 12:00:00,9038.899868,6481
M5S,2026-02-08 13:00:00,9073.822293000001,6481
M5S,2026-02-08 14:00:00,8880.735098,6481
M5S,2026-02-08 15:00:00,8870.566427,6481
M5S,2026-02-08 16:00:00,8952.649234,6481
M5S,2026-02-08 17:00:00,9378.968010999999,6481
M5S,2026-02-08 18:00:00,9724.864625,6481
M5S,2026-02-08 19:00:00,9603.82295,6481
M5S,2026-02-08 20:00:00,9426.078826,6481
M5S,2026-02-08 21:00:00,9263.202782,6481
M5S,2026-02-08 22:00:00,8809.631404,6481
M5S,2026-02-08 23:00:00,8328.870164,6486
M5S,2026-02-09 00:00:00,7875.730622,6481
M5S,2026-02-09 01:00:00,7435.685565,6481
M5S,2026-02-09 02:00:00,7138.177587,6481
M5S,2026-02-09 03:00:00,6938.617451,6481
M5S,2026-02-09 04:00:00,6898.479473,6481
M5S,2026-02-09 05:00:00,6988.785651,6481
M5S,2026-02-09 06:00:00,7188.276779999999,6481
M5S,2026-02-09 07:00:00,7685.7663250000005,6481
M5S,2026-02-09 08:00:00,8106.587686000001,6481
M5S,2026-02-09 09:00:00,8262.28789,6481
M5S,2026-02-09 10:00:00,8486.146711,6481
M5S,2026-02-09 11:00:00,8637.26114,6481
M5S,2026-02-09 12:00:00,8714.319188,6481
M5S,2026-02-09 13:00:00,8683.945786,6481
M5S,2026-02-09 14:00:00,8500.106399,6481
M5S,2026-02-09 15:00:00,8346.958616,6481
M5S,2026-02-09 16:00:00,8338.064556000001,6481
M5S,2026-02-09 17:00:00,8828.266715,6481
M5S,2026-02-09 18:00:00,9261.352175,6481
M5S,2026-02-09 19:00:00,9301.783291,6481
M5S,2026-02-09 20:00:00,9101.864254,6481
M5S,2026-02-09 21:00:00,8854.193215,6481
M5S,2026-02-09 22:00:00,8240.311169999999,6481
M5S,2026-02-09 23:00:00,7608.747329000001,6484
M5S,2026-02-10 00:00:00,7056.852581,6481
M5S,2026-02-10 01:00:00,6613.988882000001,6481
M5S,2026-02-10 02:00:00,6288.617464,6481
M5S,2026-02-10 03:00:00,6198.617853,6481
M5S,2026-02-10 04:00:00,6171.4289149999995,6481
M5S,2026-02-10 05:00:00,6150.090449,6481
M5S,2026-02-10 06:00:00,6425.220782,6481
M5S,2026-02-10 07:00:00,6916.886277,6481
M5S,2026-02-10 08:00:00,7402.169749999999,6481
M5S,2026-02-10 09:00:00,7497.938996000001,6481
M5S,2026-02-10 10:00:00,7534.198625,6481
M5S,2026-02-10 11:00:00,7646.212915,6481
M5S,2026-02-10 12:00:00,7756.2839,6481
M5S,2026-02-10 13:00:00,7551.635981,6481
M5S,2026-02-10 14:00:00,7525.74716,6481
M5S,2026-02-10 15:00:00,7514.312877,6481
M5S,2026-02-10 16:00:00,7619.519613,6481
M5S,2026-02-10 17:00:00,7914.149399,6481
M5S,2026-02-10 18:00:00,8273.76813,6481
M5S,2026-02-10 19:00:00,8275.238119000001,6481
M5S,2026-02-10 20:00:00,8060.513224,6481
M5S,2026-02-10 21:00:00,7775.226636,6481
M5S,2026-02-10 22:00:00,7341.713231,6481
M5S,2026-02-10 23:00:00,6821.164829,6481
M5S,2026-02-11 00:00:00,6280.670934,6481
M5S,2026-02-11 01:00:00,5903.73942,6481
M5S,2026-02-11 02:00:00,5644.362972,6481
M5S,2026-02-11 03:00:00,5513.942255,6481
M5S,2026-02-11 04:00:00,5534.550269,6481
M5S,2026-02-11 05:00:00,5552.119147,6481
M5S,2026-02-11 06:00:00,5800.694254,6481
M5S,2026-02-11 07:00:00,6365.559138,6481
M5S,2026-02-11 08:00:00,6867.191981,6481
M5S,2026-02-11 09:00:00,7105.0277829999995,6481
M5S,2026-02-11 10:00:00,7289.915451000001,6481
M5S,2026-02-11 11:00:00,7551.365744999999,6481
M5S,2026-02-11 12:00:00,7679.905255,6481
M5S,2026-02-11 13:00:00,7546.645478,6481
M5S,2026-02-11 14:00:00,7534.131380000001,6481
M5S,2026-02-11 15:00:00,7571.904144,6481
M5S,2026-02-11 16:00:00,7741.934085,6481
M5S,2026-02-11 17:00:00,8100.330151,6481
M5S,2026-02-11 18:00:00,8379.424764,6481
M5S,2026-02-11 19:00:00,8422.908349000001,6481
M5S,2026-02-11 20:00:00,8299.562789,6481
M5S,2026-02-11 21:00:00,8085.204274000001,6481
M5S,2026-02-11 22:00:00,7611.868065,6481
M5S,2026-02-11 23:00:00,7163.301531,6481
M5S,2026-02-12 00:00:00,6653.511052,6481
M5S,2026-02-12 01:00:00,6265.829338,6481
M5S,2026-02-12 02:00:00,6077.6836060000005,6481
M5S,2026-02-12 03:00:00,5936.585713,6481
M5S,2026-02-12 04:00:00,5850.378224,6481
M5S,2026-02-12 05:00:00,5890.50698,6481
M5S,2026-02-12 06:00:00,6156.08359,6481
M5S,2026-02-12 07:00:00,6663.829348,6481
M5S,2026-02-12 08:00:00,7170.864292,6481
M5S,2026-02-12 09:00:00,7330.671705000001,6481
M5S,2026-02-12 10:00:00,7333.194119,6481
M5S,2026-02-12 11:00:00,7568.707165999999,6481
M5S,2026-02-12 12:00:00,7667.005090000001,6481
M5S,2026-02-12 13:00:00,7510.394521,6481
M5S,2026-02-12 14:00:00,7477.9653,6481
M5S,2026-02-12 15:00:00,7408.267819000001,6481
M5S,2026-02-12 16:00:00,7525.7135419999995,6481
M5S,2026-02-12 17:00:00,7898.576724999999,6481
M5S,2026-02-12 18:00:00,8289.256936,6481
M5S,2026-02-12 19:00:00,8328.803732,6481
M5S,2026-02-12 20:00:00,8271.197729,6481
M5S,2026-02-12 21:00:00,8118.905213,6481
M5S,2026-02-12 22:00:00,7815.218531,6481
M5S,2026-02-12 23:00:00,7378.192252000001,6481
M5S,2026-02-13 00:00:00,6917.1706730000005,6481
M5S,2026-02-13 01:00:00,6541.656878,6481
M5S,2026-02-13 02:00:00,6238.749654,6481
M5S,2026-02-13 03:00:00,6148.951138,6481
M5S,2026-02-13 04:00:00,6093.106363999999,6481
M5S,2026-02-13 05:00:00,6120.310615,6481
M5S,2026-02-13 06:00:00,6267.356864,6481
M5S,2026-02-13 07:00:00,6705.3660469999995,6481
M5S,2026-02-13 08:00:00,7159.587958,6481
M5S,2026-02-13 09:00:00,7277.503739,6481
M5S,2026-02-13 10:00:00,7453.043276,6481
M5S,2026-02-13 11:00:00,7626.1482670000005,6481
M5S,2026-02-13 12:00:00,7623.796998,6481
M5S,2026-02-13 13:00:00,7519.051987,6481
M5S,2026-02-13 14:00:00,7425.462053,6481
M5S,2026-02-13 15:00:00,7414.7582,6481
M5S,2026-02-13 16:00:00,7590.225547,6481
M5S,2026-02-13 17:00:00,7843.833662,6481
M5S,2026-02-13 18:00:00,8116.246907,6481
M5S,2026-02-13 19:00:00,8075.366413,6481
M5S,2026-02-13 20:00:00,7956.177511,6481
M5S,2026-02-13 21:00:00,7658.266765,6481
M5S,2026-02-13 22:00:00,7267.668819,6481
M5S,2026-02-13 23:00:00,6853.532994,6481
M5S,2026-02-14 00:00:00,6412.559652999999,6481
M5S,2026-02-14 01:00:00,6004.773245,6481
M5S,2026-02-14 02:00:00,5785.007899,6481
M5S,2026-02-14 03:00:00,5542.158681,6481
M5S,2026-02-14 04:00:00,5460.5711360000005,6481
M5S,2026-02-14 05:00:00,5396.007191000001,6481
M5S,2026-02-14 06:00:00,5463.480672,6481
M5S,2026-02-14 07:00:00,5729.728015000001,6481
M5S,2026-02-14 08:00:00,6086.58006,6481
M5S,2026-02-14 09:00:00,6337.625583,6481
M5S,2026-02-14 10:00:00,6671.494654,6481
M5S,2026-02-14 11:00:00,6860.289618999999,6481
M5S,2026-02-14 12:00:00,7126.624383,6481
M5S,2026-02-14 13:00:00,7177.351607,6481
M5S,2026-02-14 14:00:00,7113.590493,6481
M5S,2026-02-14 15:00:00,7146.955259,6481
M5S,2026-02-14 16:00:00,7154.054287000001,6481
M5S,2026-02-14 17:00:00,7364.931305,6481
M5S,2026-02-14 18:00:00,7573.738098000001,6481
M5S,2026-02-14 19:00:00,7461.050314,6481
M5S,2026-02-14 20:00:00,7307.916308,6481
M5S,2026-02-14 21:00:00,7123.053806,6481
M5S,2026-02-14 22:00:00,6810.14802,6481
M5S,2026-02-14 23:00:00,6464.709461,6483
M5S,2026-02-15 00:00:00,6122.936136,6481
M5S,2026-02-15 01:00:00,5712.003324,6481
M5S,2026-02-15 02:00:00,5447.384243,6481
M5S,2026-02-15 03:00:00,5282.818596,6481
M5S,2026-02-15 04:00:00,5147.894335999999,6481
M5S,2026-02-15 05:00:00,5173.335016,6481
M5S,2026-02-15 06:00:00,5234.187045,6481
M5S,2026-02-15 07:00:00,5465.448818,6481
M5S,2026-02-15 08:00:00,5798.122019,6481
M5S,2026-02-15 09:00:00,6215.018215,6481
M5S,2026-02-15 10:00:00,6677.030947,6481
M5S,2026-02-15 11:00:00,7015.836155,6481
M5S,2026-02-15 12:00:00,7072.109861000001,6481
M5S,2026-02-15 13:00:00,6934.089674999999,6481
M5S,2026-02-15 14:00:00,6855.196940000001,6481
M5S,2026-02-15 15:00:00,6869.307127,6481
M5S,2026-02-15 16:00:00,6873.486116,6481
M5S,2026-02-15 17:00:00,7145.8159129999995,6481
M5S,2026-02-15 18:00:00,7471.093162,6481
M5S,2026-02-15 19:00:00,7374.763113000001,6481
M5S,2026-02-15 20:00:00,7304.931662,6481
M5S,2026-02-15 21:00:00,7056.825022000001,6481
M5S,2026-02-15 22:00:00,6716.060722,6481
M5S,2026-02-15 23:00:00,6411.468618000001,6483
M5S,2026-02-16 00:00:00,6045.826989,6481
M5S,2026-02-16 01:00:00,5697.603845,6481
M5S,2026-02-16 02:00:00,5434.421776,6481
M5S,2026-02-16 03:00:00,5260.083903,6481
M5S,2026-02-16 04:00:00,5178.16558,6481
M5S,2026-02-16 05:00:00,5203.573086,6481
M5S,2026-02-16 06:00:00,5283.815988,6481
M5S,2026-02-16 07:00:00,5495.509647,6481
M5S,2026-02-16 08:00:00,5846.03269,6481
M5S,2026-02-16 09:00:00,6074.641865,6481
M5S,2026-02-16 10:00:00,6462.9251189999995,6481
M5S,2026-02-16 11:00:00,6785.64566,6481
M5S,2026-02-16 12:00:00,7080.699554000001,6481
M5S,2026-02-16 13:00:00,7155.3929259999995,6481
M5S,2026-02-16 14:00:00,7072.655720999999,6481
M5S,2026-02-16 15:00:00,7091.601176,6481
M5S,2026-02-16 16:00:00,7188.8451620000005,6481
M5S,2026-02-16 17:00:00,7504.219159,6481
M5S,2026-02-16 18:00:00,7685.789948,6481
M5S,2026-02-16 19:00:00,7639.497657,6481
M5S,2026-02-16 20:00:00,7385.429548,6481
M5S,2026-02-16 21:00:00,7064.06808,6481
M5S,2026-02-16 22:00:00,6614.166955000001,6481
M5S,2026-02-16 23:00:00,6171.6162890000005,6482
M5S,2026-02-17 00:00:00,4776.808795,6481
M5S,2026-02-17 01:00:00,4268.96424,6481
M5S,2026-02-17 02:00:00,3994.42302,6481
M5S,2026-02-17 03:00:00,4383.346723,6481
M5S,2026-02-17 04:00:00,5050.06971,6481
M5S,2026-02-17 05:00:00,5012.060268,6481
M5S,2026-02-17 06:00:00,5120.324133,6481
M5S,2026-02-17 07:00:00,5593.380922,6481
M5S,2026-02-17 08:00:00,5929.884926,6481
M5S,2026-02-17 09:00:00,5941.41132,6481
M5S,2026-02-17 10:00:00,6068.933486,6481
M5S,2026-02-17 11:00:00,6198.745493,6481
M5S,2026-02-17 12:00:00,6259.105965,6481
M5S,2026-02-17 13:00:00,6221.530581,6481
M5S,2026-02-17 14:00:00,6114.205964,6481
M5S,2026-02-17 15:00:00,6085.578733,6481
M5S,2026-02-17 16:00:00,6318.240952,6481
M5S,2026-02-17 17:00:00,6746.637839,6481
M5S,2026-02-17 18:00:00,7127.505099,6481
M5S,2026-02-17 19:00:00,7227.862159,6481
M5S,2026-02-17 20:00:00,7010.283995,6481
M5S,2026-02-17 21:00:00,6813.058437,6481
M5S,2026-02-17 22:00:00,6389.711435,6481
M5S,2026-02-17 23:00:00,5879.412463,6482
M5S,2026-02-18 00:00:00,5387.116986,6481
M5S,2026-02-18 01:00:00,5047.05428,6481
M5S,2026-02-18 02:00:00,4803.345782,6481
M5S,2026-02-18 03:00:00,4685.888258,6481
M5S,2026-02-18 04:00:00,4665.16515,6481
M5S,2026-02-18 05:00:00,4728.162095,6481
M5S,2026-02-18 06:00:00,5047.451128,6481
M5S,2026-02-18 07:00:00,5555.2672809999995,6481
M5S,2026-02-18 08:00:00,6115.561183,6481
M5S,2026-02-18 09:00:00,6452.579452,6481
M5S,2026-02-18 10:00:00,6891.1163639999995,6481
M5S,2026-02-18 11:00:00,7243.6723,6481
M5S,2026-02-18 12:00:00,7407.629002,6481
M5S,2026-02-18 13:00:00,7350.305648,6481
M5S,2026-02-18 14:00:00,7297.05509,6481
M5S,2026-02-18 15:00:00,7305.765053,6481
M5S,2026-02-18 16:00:00,7426.393012,6481
M5S,2026-02-18 17:00:00,7771.062145,6481
M5S,2026-02-18 18:00:00,8018.422152,6481
M5S,2026-02-18 19:00:00,7935.755195000001,6481
M5S,2026-02-18 20:00:00,7740.135079000001,6481
M5S,2026-02-18 21:00:00,7395.299091,6481
M5S,2026-02-18 22:00:00,6957.264474,6481
M5S,2026-02-18 23:00:00,6351.914085,6481
M5S,2026-02-19 00:00:00,5978.469013,6481
M5S,2026-02-19 01:00:00,5622.618161,6481
M5S,2026-02-19 02:00:00,5329.889358,6481
M5S,2026-02-19 03:00:00,5238.1341250000005,6481
M5S,2026-02-19 04:00:00,5184.375671,6481
M5S,2026-02-19 05:00:00,5304.8050410000005,6481
M5S,2026-02-19 06:00:00,5416.6117110000005,6481
M5S,2026-02-19 07:00:00,5978.296531,6481
M5S,2026-02-19 08:00:00,6393.133536,6481
M5S,2026-02-19 09:00:00,6482.114399,6481
M5S,2026-02-19 10:00:00,6715.091829,6481
M5S,2026-02-19 11:00:00,6886.861369,6481
M5S,2026-02-19 12:00:00,6938.081218,6481
M5S,2026-02-19 13:00:00,6903.853244,6481
M5S,2026-02-19 14:00:00,6846.409254,6481
M5S,2026-02-19 15:00:00,6942.133999,6481
M5S,2026-02-19 16:00:00,7054.7563310000005,6481
M5S,2026-02-19 17:00:00,7472.8913809999995,6481
M5S,2026-02-19 18:00:00,7689.03358,6481
M5S,2026-02-19 19:00:00,7637.2145390000005,6481
M5S,2026-02-19 20:00:00,7460.700318,6481
M5S,2026-02-19 21:00:00,7206.572257,6481
M5S,2026-02-19 22:00:00,6932.780713,6481
M5S,2026-02-19 23:00:00,6359.935159,6481
M5S,2026-02-20 00:00:00,5953.601168,6481
M5S,2026-02-20 01:00:00,5546.581657000001,6481
M5S,2026-02-20 02:00:00,5290.175046,6481
M5S,2026-02-20 03:00:00,5162.936764,6481
M5S,2026-02-20 04:00:00,5124.749059,6481
M5S,2026-02-20 05:00:00,5203.049655,6481
M5S,2026-02-20 06:00:00,5380.029364,6481
M5S,2026-02-20 07:00:00,5766.353326,6481
M5S,2026-02-20 08:00:00,6327.921578,6481
M5S,2026-02-20 09:00:00,6680.838935,6481
M5S,2026-02-20 10:00:00,6945.709593,6481
M5S,2026-02-20 11:00:00,7192.6607779999995,6481
M5S,2026-02-20 12:00:00,7290.991448,6481
M5S,2026-02-20 13:00:00,7306.419567,6481
M5S,2026-02-20 14:00:00,7213.330314000001,6481
M5S,2026-02-20 15:00:00,7133.240213,6481
M5S,2026-02-20 16:00:00,7272.925749,6481
M5S,2026-02-20 17:00:00,7434.892743,6481
M5S,2026-02-20 18:00:00,7589.579008000001,6481
M5S,2026-02-20 19:00:00,7538.279007,6481
M5S,2026-02-20 20:00:00,7359.779691,6481
M5S,2026-02-20 21:00:00,7075.217042,6481
M5S,2026-02-20 22:00:00,6782.903875999999,6481
M5S,2026-02-20 23:00:00,6380.403399,6482
M5S,2026-02-21 00:00:00,5857.295711,6481
M5S,2026-02-21 01:00:00,5572.1782809999995,6481
M5S,2026-02-21 02:00:00,5306.079041,6481
M5S,2026-02-21 03:00:00,5117.768407,6481
M5S,2026-02-21 04:00:00,5023.205722,6481
M5S,2026-02-21 05:00:00,5035.697543,6481
M5S,2026-02-21 06:00:00,5066.920957,6481
M5S,2026-02-21 07:00:00,5291.1831999999995,6481
M5S,2026-02-21 08:00:00,5739.877896,6481
M5S,2026-02-21 09:00:00,6267.988149,6481
M5S,2026-02-21 10:00:00,6614.345407999999,6481
M5S,2026-02-21 11:00:00,6929.3761939999995,6481
M5S,2026-02-21 12:00:00,7086.656519,6481
M5S,2026-02-21 13:00:00,7170.135983,6481
M5S,2026-02-21 14:00:00,7175.757079,6481
M5S,2026-02-21 15:00:00,7082.619402,6481
M5S,2026-02-21 16:00:00,7212.826921,6481
M5S,2026-02-21 17:00:00,7385.621843000001,6481
M5S,2026-02-21 18:00:00,7516.638975,6481
M5S,2026-02-21 19:00:00,7419.6541,6481
M5S,2026-02-21 20:00:00,7143.441781,6481
M5S,2026-02-21 21:00:00,7058.865473,6481
M5S,2026-02-21 22:00:00,6812.420297000001,6481
M5S,2026-02-21 23:00:00,6391.96743,6482
M5S,2026-02-22 00:00:00,6018.406881,6481
M5S,2026-02-22 01:00:00,5721.191521,6481
M5S,2026-02-22 02:00:00,5470.196412,6481
M5S,2026-02-22 03:00:00,5338.045854,6481
M5S,2026-02-22 04:00:00,5241.262895,6481
M5S,2026-02-22 05:00:00,5223.3538069999995,6481
M5S,2026-02-22 06:00:00,5291.614386,6481
M5S,2026-02-22 07:00:00,5547.731332,6481
M5S,2026-02-22 08:00:00,6009.45183,6481
M5S,2026-02-22 09:00:00,6464.167318,6481
M5S,2026-02-22 10:00:00,6822.49633,6481
M5S,2026-02-22 11:00:00,7041.5912260000005,6481
M5S,2026-02-22 12:00:00,7257.168972,6481
M5S,2026-02-22 13:00:00,7297.031939,6481
M5S,2026-02-22 14:00:00,7261.356697,6481
M5S,2026-02-22 15:00:00,7295.354644,6481
M5S,2026-02-22 16:00:00,7346.967412,6481
M5S,2026-02-22 17:00:00,7681.907877,6481
M5S,2026-02-22 18:00:00,7776.137308,6481
M5S,2026-02-22 19:00:00,7767.197527,6481
M5S,2026-02-22 20:00:00,7587.040771,6481
M5S,2026-02-22 21:00:00,7367.049365,6481
M5S,2026-02-22 22:00:00,6984.715575,6481
M5S,2026-02-22 23:00:00,6502.785457,6481
M5S,2026-02-23 00:00:00,6028.172415,6481
M5S,2026-02-23 01:00:00,5646.802149,6481
M5S,2026-02-23 02:00:00,5361.010414,6481
M5S,2026-02-23 03:00:00,5258.599344,6481
M5S,2026-02-23 04:00:00,5238.972168,6481
M5S,2026-02-23 05:00:00,5397.902875,6481
M5S,2026-02-23 06:00:00,5622.847317,6481
M5S,2026-02-23 07:00:00,6120.801144999999,6481
M5S,2026-02-23 08:00:00,6644.860915,6481
M5S,2026-02-23 09:00:00,6809.209886,6481
M5S,2026-02-23 10:00:00,7011.2234960000005,6481
M5S,2026-02-23 11:00:00,7109.488609999999,6481
M5S,2026-02-23 12:00:00,7159.411729,6481
M5S,2026-02-23 13:00:00,7066.902386,6481
M5S,2026-02-23 14:00:00,6970.457598999999,6481
M5S,2026-02-23 15:00:00,7077.590291999999,6481
M5S,2026-02-23 16:00:00,7480.098609000001,6481
M5S,2026-02-23 17:00:00,7842.441313,6481
M5S,2026-02-23 18:00:00,8326.002214,6481
M5S,2026-02-23 19:00:00,8397.838276,6481
M5S,2026-02-23 20:00:00,8277.863461,6481
M5S,2026-02-23 21:00:00,8171.366284,6481
M5S,2026-02-23 22:00:00,7810.718223,6481
M5S,2026-02-23 23:00:00,7377.203095,6481
M5S,2026-02-24 00:00:00,6949.8471580000005,6481
M5S,2026-02-24 01:00:00,6592.015682,6481
M5S,2026-02-24 02:00:00,6319.8246,6481
M5S,2026-02-24 03:00:00,6181.907107,6481
M5S,2026-02-24 04:00:00,6156.693914,6481
M5S,2026-02-24 05:00:00,6297.738637,6481
M5S,2026-02-24 06:00:00,6565.6119229999995,6481
M5S,2026-02-24 07:00:00,7004.908963,6481
M5S,2026-02-24 08:00:00,7322.969408999999,6481
M5S,2026-02-24 09:00:00,7445.554332,6481
M5S,2026-02-24 10:00:00,7667.476185,6481
M5S,2026-02-24 11:00:00,7764.552251,6481
M5S,2026-02-24 12:00:00,7680.899986,6481
M5S,2026-02-24 13:00:00,7476.804266,6481
M5S,2026-02-24 14:00:00,7347.321901,6481
M5S,2026-02-24 15:00:00,7358.655369,6481
M5S,2026-02-24 16:00:00,7664.528931,6481
M5S,2026-02-24 17:00:00,8040.682588,6481
M5S,2026-02-24 18:00:00,8432.391314,6481
M5S,2026-02-24 19:00:00,8465.0273,6481
M5S,2026-02-24 20:00:00,8305.518826,6481
M5S,2026-02-24 21:00:00,8093.781331,6481
M5S,2026-02-24 22:00:00,7578.801929,6481
M5S,2026-02-24 23:00:00,7131.298556,6481
M5S,2026-02-25 00:00:00,6504.175531,6481
M5S,2026-02-25 01:00:00,6234.102021,6481
M5S,2026-02-25 02:00:00,5904.000038,6481
M5S,2026-02-25 03:00:00,5537.837572,6481
M5S,2026-02-25 04:00:00,5622.7411950000005,6481
M5S,2026-02-25 05:00:00,5675.305655,6481
M5S,2026-02-25 06:00:00,5827.263694,6481
M5S,2026-02-25 07:00:00,6241.963387,6481
M5S,2026-02-25 08:00:00,6737.389786,6481
M5S,2026-02-25 09:00:00,6889.664251,6481
M5S,2026-02-25 10:00:00,7026.714802,6481
M5S,2026-02-25 11:00:00,7136.869350999999,6481
M5S,2026-02-25 12:00:00,7244.815012999999,6481
M5S,2026-02-25 13:00:00,7248.052915,6481
M5S,2026-02-25 14:00:00,7301.807174,6481
M5S,2026-02-25 15:00:00,7145.492031,6480
M5S,2026-02-25 16:00:00,7372.260803,6480
M5S,2026-02-25 17:00:00,7737.553496,6480
M5S,2026-02-25 18:00:00,8093.089339,6480
M5S,2026-02-25 19:00:00,8167.72389,6480
M5S,2026-02-25 20:00:00,8005.189763,6480
M5S,2026-02-25 21:00:00,7798.452979,6480
M5S,2026-02-25 22:00:00,7429.6382029999995,6480
M5S,2026-02-25 23:00:00,6947.579586,6480
M5S,2026-02-26 00:00:00,6468.0355420000005,6480
M5S,2026-02-26 01:00:00,6097.115094,6480
M5S,2026-02-26 02:00:00,5890.975060000001,6480
M5S,2026-02-26 03:00:00,5760.438355,6480
M5S,2026-02-26 04:00:00,5743.8332279999995,6480
M5S,2026-02-26 05:00:00,5791.696771,6480
M5S,2026-02-26 06:00:00,5994.557220000001,6480
M5S,2026-02-26 07:00:00,6438.5190760000005,6480
M5S,2026-02-26 08:00:00,6749.700758,6480
M5S,2026-02-26 09:00:00,7056.0937969999995,6480
M5S,2026-02-26 10:00:00,7235.278443000001,6480
M5S,2026-02-26 11:00:00,7325.527784,6480
M5S,2026-02-26 12:00:00,7325.664787,6480
M5S,2026-02-26 13:00:00,7104.897938,6480
M5S,2026-02-26 14:00:00,7007.945294,6480
M5S,2026-02-26 15:00:00,6962.384169,6480
M5S,2026-02-26 16:00:00,6998.432597,6480
M5S,2026-02-26 17:00:00,7388.1729350000005,6480
M5S,2026-02-26 18:00:00,7842.711764,6480
M5S,2026-02-26 19:00:00,7925.2395,6480
M5S,2026-02-26 20:00:00,7868.381931,6480
M5S,2026-02-26 21:00:00,7587.849536,6480
M5S,2026-02-26 22:00:00,7353.214721,6480
M5S,2026-02-26 23:00:00,6864.514843,6481
M5S,2026-02-27 00:00:00,6407.878795999999,6480
M5S,2026-02-27 01:00:00,5999.042808,6480
M5S,2026-02-27 02:00:00,5738.112741999999,6480
M5S,2026-02-27 03:00:00,5577.816141,6480
M5S,2026-02-27 04:00:00,5515.833707,6480
M5S,2026-02-27 05:00:00,5566.550056,6480
M5S,2026-02-27 06:00:00,5750.282862,6480
M5S,2026-02-27 07:00:00,6214.96412,6480
M5S,2026-02-27 08:00:00,6666.875244,6480
M5S,2026-02-27 09:00:00,6873.912208,6480
M5S,2026-02-27 10:00:00,7068.162482,6480
M5S,2026-02-27 11:00:00,7052.33075,6480
M5S,2026-02-27 12:00:00,7070.832067,6480
M5S,2026-02-27 13:00:00,6930.544286,6480
M5S,2026-02-27 14:00:00,6630.937597,6480
M5S,2026-02-27 15:00:00,6469.248793000001,6480
M5S,2026-02-27 16:00:00,6535.858224,6480
M5S,2026-02-27 17:00:00,6837.564892,6480
M5S,2026-02-27 18:00:00,7175.537725,6480
M5S,2026-02-27 19:00:00,7234.172851,6480
M5S,2026-02-27 20:00:00,7043.835325,6480
M5S,2026-02-27 21:00:00,6902.800493,6480
M5S,2026-02-27 22:00:00,6576.752474,6480
M5S,2026-02-27 23:00:00,6165.1643619999995,6482
M5S,2026-02-28 00:00:00,5604.967472,6480
M5S,2026-02-28 01:00:00,5354.8168000000005,6480
M5S,2026-02-28 02:00:00,5125.854317,6480
M5S,2026-02-28 03:00:00,4941.333078,6480
M5S,2026-02-28 04:00:00,4798.448784,6480
M5S,2026-02-28 05:00:00,4849.953694,6480
M5S,2026-02-28 06:00:00,4888.503068,6480
M5S,2026-02-28 07:00:00,5130.96187,6480
M5S,2026-02-28 08:00:00,5482.8317400000005,6480
M5S,2026-02-28 09:00:00,5922.278644,6480
M5S,2026-02-28 10:00:00,6267.647067999999,6480
M5S,2026-02-28 11:00:00,6576.035395,6480
M5S,2026-02-28 12:00:00,6708.1314919999995,6480
M5S,2026-02-28 13:00:00,6782.173964,6480
M5S,2026-02-28 14:00:00,6726.52096,6480
M5S,2026-02-28 15:00:00,6689.737687,6480
M5S,2026-02-28 16:00:00,6759.591867,6480
M5S,2026-02-28 17:00:00,7176.244215000001,6480
M5S,2026-02-28 18:00:00,7500.738529,6480
M5S,2026-02-28 19:00:00,7475.736509,6480
M5S,2026-02-28 20:00:00,7364.102825,6480
M5S,2026-02-28 21:00:00,7290.327533,6480
M5S,2026-02-28 22:00:00,7045.078119,6480
M5S,2026-02-28 23:00:00,6754.690118,6485
M5S,2026-03-01 00:00:00,6383.6143950000005,6480
M5S,2026-03-01 01:00:00,6043.781644,6480
M5S,2026-03-01 02:00:00,5800.586017,6480
M5S,2026-03-01 03:00:00,5623.647347,6480
M5S,2026-03-01 04:00:00,5528.966088,6480
M5S,2026-03-01 05:00:00,5598.694235,6480
M5S,2026-03-01 06:00:00,5683.299438,6480
M5S,2026-03-01 07:00:00,5844.589542,6480
M5S,2026-03-01 08:00:00,6154.345086,6480
M5S,2026-03-01 09:00:00,6457.333806,6480
M5S,2026-03-01 10:00:00,6842.591925,6480
M5S,2026-03-01 11:00:00,7167.543875,6480
M5S,2026-03-01 12:00:00,7386.510726,6480
M5S,2026-03-01 13:00:00,7427.736323000001,6480
M5S,2026-03-01 14:00:00,7465.659353,6480
M5S,2026-03-01 15:00:00,7377.833411,6480
M5S,2026-03-01 16:00:00,7535.189141999999,6480
M5S,2026-03-01 17:00:00,7879.1499,6480
M5S,2026-03-01 18:00:00,8376.395884,6480
M5S,2026-03-01 19:00:00,8459.908669999999,6480
M5S,2026-03-01 20:00:00,8358.176391,6480
M5S,2026-03-01 21:00:00,8149.265836,6480
M5S,2026-03-01 22:00:00,7747.878668,6480
M5S,2026-03-01 23:00:00,7259.066178,6486
M5S,2026-03-02 00:00:00,6839.652024,6480
M5S,2026-03-02 01:00:00,6446.9964629999995,6480
M5S,2026-03-02 02:00:00,6174.764036,6480
M5S,2026-03-02 03:00:00,6024.189527,6480
M5S,2026-03-02 04:00:00,5953.807515,6480
M5S,2026-03-02 05:00:00,6035.384164,6480
M5S,2026-03-02 06:00:00,6273.638066,6480
M5S,2026-03-02 07:00:00,6713.130322999999,6480
M5S,2026-03-02 08:00:00,7083.662741,6480
M5S,2026-03-02 09:00:00,7106.640901,6480
M5S,2026-03-02 10:00:00,7261.065555,6480
M5S,2026-03-02 11:00:00,7382.87474,6480
M5S,2026-03-02 12:00:00,7439.544103,6480
M5S,2026-03-02 13:00:00,7336.764596000001,6480
M5S,2026-03-02 14:00:00,7217.248216,6480
M5S,2026-03-02 15:00:00,7074.541666,6480
M5S,2026-03-02 16:00:00,7159.625045000001,6480
M5S,2026-03-02 17:00:00,7580.8449980000005,6480
M5S,2026-03-02 18:00:00,8109.537511,6480
M5S,2026-03-02 19:00:00,8237.876898999999,6480
M5S,2026-03-02 20:00:00,8082.7707,6480
M5S,2026-03-02 21:00:00,7895.652700000001,6480
M5S,2026-03-02 22:00:00,7376.434386,6480
M5S,2026-03-02 23:00:00,6867.248514000001,6481
M5S,2026-03-03 00:00:00,6377.602547,6480
M5S,2026-03-03 01:00:00,5944.726171,6480
M5S,2026-03-03 02:00:00,5700.13506,6480
M5S,2026-03-03 03:00:00,5565.756513,6480
M5S,2026-03-03 04:00:00,5511.223415,6480
M5S,2026-03-03 05:00:00,5579.286433,6480
M5S,2026-03-03 06:00:00,5751.818718,6480
M5S,2026-03-03 07:00:00,6320.815785,6480
M5S,2026-03-03 08:00:00,6677.197078,6480
M5S,2026-03-03 09:00:00,6746.422637,6480
M5S,2026-03-03 10:00:00,6640.747848,6480
M5S,2026-03-03 11:00:00,6791.398139,6480
M5S,2026-03-03 12:00:00,6819.662877999999,6480
M5S,2026-03-03 13:00:00,6683.255718,6480
M5S,2026-03-03 14:00:00,6614.409861,6480
M5S,2026-03-03 15:00:00,6825.023749,6480
M5S,2026-03-03 16:00:00,7028.81606,6480
M5S,2026-03-03 17:00:00,7420.379543,6480
M5S,2026-03-03 18:00:00,7673.815825000001,6480
M5S,2026-03-03 19:00:00,7715.761052,6480
M5S,2026-03-03 20:00:00,7527.281502,6480
M5S,2026-03-03 21:00:00,7285.76733,6480
M5S,2026-03-03 22:00:00,6959.940828000001,6480
M5S,2026-03-03 23:00:00,6499.221378,6480
M5S,2026-03-04 00:00:00,5956.360043,6480
M5S,2026-03-04 01:00:00,5595.403259,6480
M5S,2026-03-04 02:00:00,5341.344464,6480
M5S,2026-03-04 03:00:00,5169.008269,6480
M5S,2026-03-04 04:00:00,5117.8777709999995,6480
M5S,2026-03-04 05:00:00,5197.790387999999,6480
M5S,2026-03-04 06:00:00,5377.654987,6480
M5S,2026-03-04 07:00:00,5908.261133,6480
M5S,2026-03-04 08:00:00,6223.8846889999995,6480
M5S,2026-03-04 09:00:00,6255.311796,6480
M5S,2026-03-04 10:00:00,6305.626573,6480
M5S,2026-03-04 11:00:00,6401.603619,6480
M5S,2026-03-04 12:00:00,6405.380976,6480
M5S,2026-03-04 13:00:00,6259.626555,6480
M5S,2026-03-04 14:00:00,6137.446482,6480
M5S,2026-03-04 15:00:00,6046.760531,6480
M5S,2026-03-04 16:00:00,6100.538521,6480
M5S,2026-03-04 17:00:00,6507.677015,6480
M5S,2026-03-04 18:00:00,6931.525691999999,6480
M5S,2026-03-04 19:00:00,7085.810288,6480
M5S,2026-03-04 20:00:00,7017.046192,6480
M5S,2026-03-04 21:00:00,6808.498565,6480
M5S,2026-03-04 22:00:00,6450.593391,6480
M5S,2026-03-04 23:00:00,5958.543413,6480
M5S,2026-03-05 00:00:00,5499.1067410000005,6479
M5S,2026-03-05 01:00:00,5115.944737,6479
M5S,2026-03-05 02:00:00,4849.329932,6479
M5S,2026-03-05 03:00:00,4704.231304999999,6479
M5S,2026-03-05 04:00:00,4723.542199,6479
M5S,2026-03-05 05:00:00,4722.10537,6479
M5S,2026-03-05 06:00:00,4893.7384170000005,6479
M5S,2026-03-05 07:00:00,5381.49326,6479
M5S,2026-03-05 08:00:00,5927.9349839999995,6479
M5S,2026-03-05 09:00:00,6098.615718,6479
M5S,2026-03-05 10:00:00,6306.697796,6479
M5S,2026-03-05 11:00:00,6413.543302,6479
M5S,2026-03-05 12:00:00,6506.803047,6479
M5S,2026-03-05 13:00:00,6612.416512,6479
M5S,2026-03-05 14:00:00,6572.428233000001,6479
M5S,2026-03-05 15:00:00,6618.208994,6479
M5S,2026-03-05 16:00:00,6800.165854,6479
M5S,2026-03-05 17:00:00,7206.078552000001,6479
M5S,2026-03-05 18:00:00,7406.933010000001,6479
M5S,2026-03-05 19:00:00,7472.512331,6479
M5S,2026-03-05 20:00:00,7227.8393639999995,6479
M5S,2026-03-05 21:00:00,6969.678761,6479
M5S,2026-03-05 22:00:00,6648.433628000001,6479
M5S,2026-03-05 23:00:00,6193.884484,6479
M5S,2026-03-06 00:00:00,5682.806603,6479
M5S,2026-03-06 01:00:00,5379.861815,6479
M5S,2026-03-06 02:00:00,5115.993506,6479
M5S,2026-03-06 03:00:00,4953.653091,6479
M5S,2026-03-06 04:00:00,4951.59787,6479
M5S,2026-03-06 05:00:00,5062.561145000001,6479
M5S,2026-03-06 06:00:00,5226.769402,6479
M5S,2026-03-06 07:00:00,5708.570792,6479
M5S,2026-03-06 08:00:00,6244.948283,6479
M5S,2026-03-06 09:00:00,6561.437769,6479
M5S,2026-03-06 10:00:00,6857.982853,6479
M5S,2026-03-06 11:00:00,7060.272047,6479
M5S,2026-03-06 12:00:00,7228.1591339999995,6479
M5S,2026-03-06 13:00:00,7118.154221999999,6479
M5S,2026-03-06 14:00:00,7070.121239,6479
M5S,2026-03-06 15:00:00,7040.373909,6479
M5S,2026-03-06 16:00:00,7146.25937,6479
M5S,2026-03-06 17:00:00,7332.433660999999,6479
M5S,2026-03-06 18:00:00,7530.1238570000005,6479
M5S,2026-03-06 19:00:00,7548.349734,6479
M5S,2026-03-06 20:00:00,7364.081892,6479
M5S,2026-03-06 21:00:00,6915.136643,6479
M5S,2026-03-06 22:00:00,6553.862349,6479
M5S,2026-03-06 23:00:00,6178.018642999999,6480
M5S,2026-03-07 00:00:00,5669.787840999999,6479
M5S,2026-03-07 01:00:00,5334.274945,6479
M5S,2026-03-07 02:00:00,5023.477586,6479
M5S,2026-03-07 03:00:00,4782.660004,6479
M5S,2026-03-07 04:00:00,4628.183103,6479
M5S,2026-03-07 05:00:00,4542.126479,6479
M5S,2026-03-07 06:00:00,4579.7859,6479
M5S,2026-03-07 07:00:00,4731.307739,6479
M5S,2026-03-07 08:00:00,5118.556929,6479
M5S,2026-03-07 09:00:00,5429.785526,6479
M5S,2026-03-07 10:00:00,5753.556325,6479
M5S,2026-03-07 11:00:00,5938.652086,6479
M5S,2026-03-07 12:00:00,6320.597842,6479
M5S,2026-03-07 13:00:00,6303.811851,6479
M5S,2026-03-07 14:00:00,6218.133561000001,6479
M5S,2026-03-07 15:00:00,6061.195180000001,6479
M5S,2026-03-07 16:00:00,6094.681357,6479
M5S,2026-03-07 17:00:00,6253.314731,6479
M5S,2026-03-07 18:00:00,6420.494543,6479
M5S,2026-03-07 19:00:00,6309.6904159999995,6479
M5S,2026-03-07 20:00:00,6085.812005,6479
M5S,2026-03-07 21:00:00,5905.282861,6479
M5S,2026-03-07 22:00:00,5540.054771,6479
M5S,2026-03-07 23:00:00,5161.817707,6479
M5S,2026-03-08 00:00:00,4918.6381710000005,6479
M5S,2026-03-08 01:00:00,4632.75566,6479
M5S,2026-03-08 02:00:00,4434.035882,6479
M5S,2026-03-08 03:00:00,4307.307957,6479
M5S,2026-03-08 04:00:00,4284.352981,6479
M5S,2026-03-08 05:00:00,4305.332096,6479
M5S,2026-03-08 06:00:00,4402.658654,6479
M5S,2026-03-08 07:00:00,4751.193507,6479
M5S,2026-03-08 08:00:00,5143.336965,6479
M5S,2026-03-08 09:00:00,5589.923805,6479
M5S,2026-03-08 10:00:00,5788.108503,6479
M5S,2026-03-08 11:00:00,6045.960022,6479
M5S,2026-03-08 12:00:00,6099.944952,6479
M5S,2026-03-08 13:00:00,5989.441325,6479
M5S,2026-03-08 14:00:00,5916.97591,6479
M5S,2026-03-08 15:00:00,5880.34921,6479
M5S,2026-03-08 16:00:00,6076.9510230000005,6479
M5S,2026-03-08 17:00:00,6348.709648,6479
M5S,2026-03-08 18:00:00,6560.263514,6479
M5S,2026-03-08 19:00:00,6563.785655,6479
M5S,2026-03-08 20:00:00,6431.533003,6479
M5S,2026-03-08 21:00:00,6096.825812,6479
M5S,2026-03-08 22:00:00,5661.959246,6479
M5S,2026-03-08 23:00:00,5149.042309,6481
M5S,2026-03-09 00:00:00,4673.499348,6479
M5S,2026-03-09 01:00:00,4388.274757,6479
M5S,2026-03-09 02:00:00,4185.242293,6479
M5S,2026-03-09 03:00:00,4107.077598,6479
M5S,2026-03-09 04:00:00,4189.3677,6479
M5S,2026-03-09 05:00:00,4341.082146,6479
M5S,2026-03-09 06:00:00,4737.290642,6479
M5S,2026-03-09 07:00:00,5201.198721000001,6479
M5S,2026-03-09 08:00:00,5367.955648,6479
M5S,2026-03-09 09:00:00,5555.053491,6479
M5S,2026-03-09 10:00:00,5700.654339000001,6479
M5S,2026-03-09 11:00:00,5757.852029,6479
M5S,2026-03-09 12:00:00,5612.71217,6479
M5S,2026-03-09 13:00:00,5521.195704,6479
M5S,2026-03-09 14:00:00,5422.879129,6479
M5S,2026-03-09 15:00:00,5436.409793,6479
M5S,2026-03-09 16:00:00,5647.847712,6479
M5S,2026-03-09 17:00:00,5899.94712,6479
M5S,2026-03-09 18:00:00,6248.888509,6479
M5S,2026-03-09 19:00:00,6097.2035209999995,6479
M5S,2026-03-09 20:00:00,5942.550950000001,6479
M5S,2026-03-09 21:00:00,5611.84541,6479
M5S,2026-03-09 22:00:00,5182.359798,6479
M5S,2026-03-09 23:00:00,4686.704551,6483
M5S,2026-03-10 00:00:00,4289.752042,6480
M5S,2026-03-10 01:00:00,4039.039898,6480
M5S,2026-03-10 02:00:00,3823.109467,6480
M5S,2026-03-10 03:00:00,3785.570849,6480
M5S,2026-03-10 04:00:00,3858.3917229999997,6480
M5S,2026-03-10 05:00:00,4014.856365,6480
M5S,2026-03-10 06:00:00,4413.208257,6480
M5S,2026-03-10 07:00:00,4882.190439,6480
M5S,2026-03-10 08:00:00,5000.115037,6480
M5S,2026-03-10 09:00:00,5182.2392119999995,6480
M5S,2026-03-10 10:00:00,5333.926179,6480
M5S,2026-03-10 11:00:00,5375.869124000001,6480
M5S,2026-03-10 12:00:00,5297.420207,6480
M5S,2026-03-10 13:00:00,5178.538804,6480
M5S,2026-03-10 14:00:00,5232.736347,6479
M5S,2026-03-10 15:00:00,5451.913765,6479
M5S,2026-03-10 16:00:00,5645.646316,6479
M5S,2026-03-10 17:00:00,5996.476359,6479
M5S,2026-03-10 18:00:00,6180.85382,6479
M5S,2026-03-10 19:00:00,6077.759352,6479
M5S,2026-03-10 20:00:00,5870.9489920000005,6479
M5S,2026-03-10 21:00:00,5520.07687,6479
M5S,2026-03-10 22:00:00,5068.633415,6479
M5S,2026-03-10 23:00:00,4665.584618,6479
M5S,2026-03-11 00:00:00,4321.9811469999995,6479
M5S,2026-03-11 01:00:00,4177.385257,6479
M5S,2026-03-11 02:00:00,4026.286169,6479
M5S,2026-03-11 03:00:00,4043.408026,6479
M5S,2026-03-11 04:00:00,4178.189478,6479
M5S,2026-03-11 05:00:00,4398.352738,6479
M5S,2026-03-11 06:00:00,4928.789323,6479
M5S,2026-03-11 07:00:00,5448.515413,6479
M5S,2026-03-11 08:00:00,5715.650189,6479
M5S,2026-03-11 09:00:00,5927.264357,6479
M5S,2026-03-11 10:00:00,6148.0356059999995,6479
M5S,2026-03-11 11:00:00,6369.733908,6479
M5S,2026-03-11 12:00:00,6327.529243,6479
M5S,2026-03-11 13:00:00,6299.671453,6479
M5S,2026-03-11 14:00:00,6274.016223,6479
M5S,2026-03-11 15:00:00,6417.095373,6479
M5S,2026-03-11 16:00:00,6539.505337,6479
M5S,2026-03-11 17:00:00,6625.722664,6479
M5S,2026-03-11 18:00:00,6805.193498000001,6479
M5S,2026-03-11 19:00:00,6705.466963999999,6479
M5S,2026-03-11 20:00:00,6535.0821160000005,6479
M5S,2026-03-11 21:00:00,6273.688881,6479
M5S,2026-03-11 22:00:00,5886.965982,6479
M5S,2026-03-11 23:00:00,5434.289613,6480
M5S,2026-03-12 00:00:00,4996.894062,6479
M5S,2026-03-12 01:00:00,4942.4844969999995,6479
M5S,2026-03-12 02:00:00,4839.039374,6479
M5S,2026-03-12 03:00:00,4769.325037,6479
M5S,2026-03-12 04:00:00,4847.580777,6479
M5S,2026-03-12 05:00:00,5061.235172,6479
M5S,2026-03-12 06:00:00,5526.742662,6479
M5S,2026-03-12 07:00:00,5989.580257,6479
M5S,2026-03-12 08:00:00,6149.707969,6479
M5S,2026-03-12 09:00:00,6281.547197,6479
M5S,2026-03-12 10:00:00,6447.704684,6479
M5S,2026-03-12 11:00:00,6464.5913740000005,6479
M5S,2026-03-12 12:00:00,6394.74247,6479
M5S,2026-03-12 13:00:00,6328.836841,6479
M5S,2026-03-12 14:00:00,6285.57413,6479
M5S,2026-03-12 15:00:00,6316.918971,6479
M5S,2026-03-12 16:00:00,6660.578918,6479
M5S,2026-03-12 17:00:00,6966.398481,6479
M5S,2026-03-12 18:00:00,7219.013596999999,6479
M5S,2026-03-12 19:00:00,7242.7945,6479
M5S,2026-03-12 20:00:00,7023.617181,6479
M5S,2026-03-12 21:00:00,6730.257837,6479
M5S,2026-03-12 22:00:00,6303.616364,6479
M5S,2026-03-12 23:00:00,5801.143986,6480
M5S,2026-03-13 00:00:00,5373.297303,6479
M5S,2026-03-13 01:00:00,5141.791247,6479
M5S,2026-03-13 02:00:00,5001.085468,6479
M5S,2026-03-13 03:00:00,4930.689891,6479
M5S,2026-03-13 04:00:00,4996.042583,6479
M5S,2026-03-13 05:00:00,5104.402239,6479
M5S,2026-03-13 06:00:00,5556.017,6479
M5S,2026-03-13 07:00:00,6081.62392,6479
M5S,2026-03-13 08:00:00,6407.487152,6479
M5S,2026-03-13 09:00:00,6764.353573,6479
M5S,2026-03-13 10:00:00,7085.363985,6479
M5S,2026-03-13 11:00:00,7299.766363000001,6479
M5S,2026-03-13 12:00:00,7210.6167669999995,6479
M5S,2026-03-13 13:00:00,7145.543076,6479
M5S,2026-03-13 14:00:00,6989.6254069999995,6479
M5S,2026-03-13 15:00:00,7136.394558,6479
M5S,2026-03-13 16:00:00,7349.037501,6479
M5S,2026-03-13 17:00:00,7408.798742,6479
M5S,2026-03-13 18:00:00,7409.108628,6479
M5S,2026-03-13 19:00:00,7149.791155999999,6479
M5S,2026-03-13 20:00:00,6930.181882999999,6479
M5S,2026-03-13 21:00:00,6594.4242269999995,6479
M5S,2026-03-13 22:00:00,6215.438583,6479
M5S,2026-03-13 23:00:00,5917.040497999999,6479
M5S,2026-03-14 00:00:00,5590.026329,6479
M5S,2026-03-14 01:00:00,5357.324011,6479
M5S,2026-03-14 02:00:00,5200.710005999999,6479
M5S,2026-03-14 03:00:00,5074.753814,6479
M5S,2026-03-14 04:00:00,5067.712918,6479
M5S,2026-03-14 05:00:00,5166.259751,6479
M5S,2026-03-14 06:00:00,5408.656575999999,6479
M5S,2026-03-14 07:00:00,5819.012827,6479
M5S,2026-03-14 08:00:00,6179.861229,6479
M5S,2026-03-14 09:00:00,6534.444844,6479
M5S,2026-03-14 10:00:00,6908.928681,6479
M5S,2026-03-14 11:00:00,6985.068809,6479
M5S,2026-03-14 12:00:00,6990.260817,6479
M5S,2026-03-14 13:00:00,6973.254878000001,6479
M5S,2026-03-14 14:00:00,6856.776496,6479
M5S,2026-03-14 15:00:00,6736.141286,6479
M5S,2026-03-14 16:00:00,6846.011027999999,6479
M5S,2026-03-14 17:00:00,7023.772277,6479
M5S,2026-03-14 18:00:00,7223.82031,6479
M5S,2026-03-14 19:00:00,7198.337562000001,6479
M5S,2026-03-14 20:00:00,7034.026312,6479
M5S,2026-03-14 21:00:00,6628.329428,6479
M5S,2026-03-14 22:00:00,6329.555932,6479
M5S,2026-03-14 23:00:00,5944.292762,6480
M5S,2026-03-15 00:00:00,5604.661295,6479
M5S,2026-03-15 01:00:00,5363.258945,6479
M5S,2026-03-15 02:00:00,5190.53197,6479
M5S,2026-03-15 03:00:00,5051.338897,6479
M5S,2026-03-15 04:00:00,5058.772653999999,6479
M5S,2026-03-15 05:00:00,5081.29294,6479
M5S,2026-03-15 06:00:00,5262.513674,6479
M5S,2026-03-15 07:00:00,5675.009862999999,6479
M5S,2026-03-15 08:00:00,6072.031961000001,6479
M5S,2026-03-15 09:00:00,6575.66594,6479
M5S,2026-03-15 10:00:00,6975.358110000001,6479
M5S,2026-03-15 11:00:00,7101.945752,6479
M5S,2026-03-15 12:00:00,7101.65102,6479
M5S,2026-03-15 13:00:00,7058.781155000001,6479
M5S,2026-03-15 14:00:00,7158.319442,6479
M5S,2026-03-15 15:00:00,7315.341022,6479
M5S,2026-03-15 16:00:00,7373.551185,6479
M5S,2026-03-15 17:00:00,7390.922819,6479
M5S,2026-03-15 18:00:00,7444.707137,6479
M5S,2026-03-15 19:00:00,7303.650915,6479
M5S,2026-03-15 20:00:00,7001.261354,6479
M5S,2026-03-15 21:00:00,6502.904702,6479
M5S,2026-03-15 22:00:00,6013.156336,6479
M5S,2026-03-15 23:00:00,5503.166418,6480
M5S,2026-03-16 00:00:00,5029.364701,6479
M5S,2026-03-16 01:00:00,4704.872354,6479
M5S,2026-03-16 02:00:00,4488.261376,6479
M5S,2026-03-16 03:00:00,4272.357115,6479
M5S,2026-03-16 04:00:00,4364.057561,6479
M5S,2026-03-16 05:00:00,4443.612207,6479
M5S,2026-03-16 06:00:00,4753.011335,6479
M5S,2026-03-16 07:00:00,5228.9366310000005,6479
M5S,2026-03-16 08:00:00,5515.4082530000005,6479
M5S,2026-03-16 09:00:00,5658.548971,6479
M5S,2026-03-16 10:00:00,5909.174802,6479
M5S,2026-03-16 11:00:00,6123.03694,6479
M5S,2026-03-16 12:00:00,6142.900706,6479
M5S,2026-03-16 13:00:00,6191.09001,6479
M5S,2026-03-16 14:00:00,6176.241077000001,6479
M5S,2026-03-16 15:00:00,6331.674185,6479
M5S,2026-03-16 16:00:00,6772.378017,6479
M5S,2026-03-16 17:00:00,7104.471576,6479
M5S,2026-03-16 18:00:00,7350.283383,6479
M5S,2026-03-16 19:00:00,7272.596584,6479
M5S,2026-03-16 20:00:00,6996.16906,6479
M5S,2026-03-16 21:00:00,6663.527852,6479
M5S,2026-03-16 22:00:00,6276.046361000001,6479
M5S,2026-03-16 23:00:00,5925.787869,6481
M5S,2026-03-17 00:00:00,5649.434396,6479
M5S,2026-03-17 01:00:00,5474.012928,6479
M5S,2026-03-17 02:00:00,5400.389352,6479
M5S,2026-03-17 03:00:00,5424.765876,6479
M5S,2026-03-17 04:00:00,5524.365771,6479
M5S,2026-03-17 05:00:00,5825.564437,6479
M5S,2026-03-17 06:00:00,6319.529655,6479
M5S,2026-03-17 07:00:00,6843.879413,6479
M5S,2026-03-17 08:00:00,7055.010689,6479
M5S,2026-03-17 09:00:00,7206.368907,6479
M5S,2026-03-17 10:00:00,7368.433287,6479
M5S,2026-03-17 11:00:00,7394.865352,6479
M5S,2026-03-17 12:00:00,7149.739952,6479
M5S,2026-03-17 13:00:00,7128.670464,6479
M5S,2026-03-17 14:00:00,7220.174171000001,6479
M5S,2026-03-17 15:00:00,7402.240757,6479
M5S,2026-03-17 16:00:00,7742.7532439999995,6479
M5S,2026-03-17 17:00:00,7752.615212,6479
M5S,2026-03-17 18:00:00,8107.630297,6479
M5S,2026-03-17 19:00:00,8185.662913,6479
M5S,2026-03-17 20:00:00,8009.958197,6479
M5S,2026-03-17 21:00:00,7589.223645,6479
M5S,2026-03-17 22:00:00,7037.380076,6479
M5S,2026-03-17 23:00:00,6634.150529,6480
M5S,2026-03-18 00:00:00,6152.4457330000005,6479
M5S,2026-03-18 01:00:00,5829.883276,6479
M5S,2026-03-18 02:00:00,5712.89028,6479
M5S,2026-03-18 03:00:00,5590.097248,6479
M5S,2026-03-18 04:00:00,5665.06823,6479
M5S,2026-03-18 05:00:00,5770.105461,6479
M5S,2026-03-18 06:00:00,6215.416378,6479
M5S,2026-03-18 07:00:00,6681.141557999999,6479
M5S,2026-03-18 08:00:00,6752.204406,6479
M5S,2026-03-18 09:00:00,6955.302132000001,6479
M5S,2026-03-18 10:00:00,7032.790106,6479
M5S,2026-03-18 11:00:00,7172.656926000001,6479
M5S,2026-03-18 12:00:00,7189.07785,6479
M5S,2026-03-18 13:00:00,7196.428556,6479
M5S,2026-03-18 14:00:00,7072.389103,6479
M5S,2026-03-18 15:00:00,7126.120914000001,6479
M5S,2026-03-18 16:00:00,7444.531133,6479
M5S,2026-03-18 17:00:00,7742.4807359999995,6479
M5S,2026-03-18 18:00:00,7846.246593,6479
M5S,2026-03-18 19:00:00,7846.773768999999,6479
M5S,2026-03-18 20:00:00,7528.195028,6479
M5S,2026-03-18 21:00:00,7175.992892,6479
M5S,2026-03-18 22:00:00,6692.826933,6479
M5S,2026-03-18 23:00:00,6197.748895,6480
M5S,2026-03-19 00:00:00,5736.040977000001,6479
M5S,2026-03-19 01:00:00,5461.209543,6479
M5S,2026-03-19 02:00:00,5233.284543,6479
M5S,2026-03-19 03:00:00,5153.746121,6479
M5S,2026-03-19 04:00:00,5171.206139,6479
M5S,2026-03-19 05:00:00,5339.1881379999995,6479
M5S,2026-03-19 06:00:00,5747.668214,6479
M5S,2026-03-19 07:00:00,6235.121723,6479
M5S,2026-03-19 08:00:00,6399.428086,6479
M5S,2026-03-19 09:00:00,6582.551645,6479
M5S,2026-03-19 10:00:00,6532.063126,6479
M5S,2026-03-19 11:00:00,6484.486235,6479
M5S,2026-03-19 12:00:00,6339.137106,6479
M5S,2026-03-19 13:00:00,6204.913006,6479
M5S,2026-03-19 14:00:00,6162.189346,6479
M5S,2026-03-19 15:00:00,6307.58417,6479
M5S,2026-03-19 16:00:00,6568.975482,6479
M5S,2026-03-19 17:00:00,6648.220386,6479
M5S,2026-03-19 18:00:00,6931.165635,6479
M5S,2026-03-19 19:00:00,6943.510101,6479
M5S,2026-03-19 20:00:00,6812.651414,6479
M5S,2026-03-19 21:00:00,6449.818018,6479
M5S,2026-03-19 22:00:00,6122.477383,6479
M5S,2026-03-19 23:00:00,5702.464656,6479
M5S,2026-03-20 00:00:00,5306.875416999999,6479
M5S,2026-03-20 01:00:00,5002.458106,6479
M5S,2026-03-20 02:00:00,4835.985338,6479
M5S,2026-03-20 03:00:00,4766.771049,6479
M5S,2026-03-20 04:00:00,4832.580956,6479
M5S,2026-03-20 05:00:00,5110.006024,6479
M5S,2026-03-20 06:00:00,5512.556402,6479
M5S,2026-03-20 07:00:00,6097.757477,6479
M5S,2026-03-20 08:00:00,6537.707831,6479
M5S,2026-03-20 09:00:00,6875.784876,6479
M5S,2026-03-20 10:00:00,6974.198747,6479
M5S,2026-03-20 11:00:00,7013.069186000001,6479
M5S,2026-03-20 12:00:00,6954.819157,6479
M5S,2026-03-20 13:00:00,6765.451992,6479
M5S,2026-03-20 14:00:00,6664.911736,6479
M5S,2026-03-20 15:00:00,6747.466017000001,6479
M5S,2026-03-20 16:00:00,6871.4712309999995,6479
M5S,2026-03-20 17:00:00,6935.2040289999995,6479
M5S,2026-03-20 18:00:00,6905.927654000001,6479
M5S,2026-03-20 19:00:00,6856.600822,6479
M5S,2026-03-20 20:00:00,6602.194344,6479
M5S,2026-03-20 21:00:00,6324.915471,6479
M5S,2026-03-20 22:00:00,5999.13512,6479
M5S,2026-03-20 23:00:00,5588.473083999999,6480
M5S,2026-03-21 00:00:00,5171.936135,6467
M5S,2026-03-21 01:00:00,4991.977,6467
M5S,2026-03-21 02:00:00,4773.112786,6467
M5S,2026-03-21 03:00:00,4662.0038540000005,6467
M5S,2026-03-21 04:00:00,4724.930978,6467
M5S,2026-03-21 05:00:00,4776.257362,6467
M5S,2026-03-21 06:00:00,5028.975084,6467
M5S,2026-03-21 07:00:00,5433.35073,6467
M5S,2026-03-21 08:00:00,5847.366941,6467
M5S,2026-03-21 09:00:00,6155.829654,6467
M5S,2026-03-21 10:00:00,6514.719239,6467
M5S,2026-03-21 11:00:00,6789.31254,6467
M5S,2026-03-21 12:00:00,6762.0453720000005,6467
M5S,2026-03-21 13:00:00,6698.690368,6467
M5S,2026-03-21 14:00:00,6613.388728,6467
M5S,2026-03-21 15:00:00,6632.1980969999995,6467
M5S,2026-03-21 16:00:00,6823.563916,6467
M5S,2026-03-21 17:00:00,6936.44826,6467
M5S,2026-03-21 18:00:00,6993.1749230000005,6467
M5S,2026-03-21 19:00:00,6973.83893,6467
M5S,2026-03-21 20:00:00,6726.898844,6467
M5S,2026-03-21 21:00:00,6438.490395,6467
M5S,2026-03-21 22:00:00,6146.129658,6467
M5S,2026-03-21 23:00:00,5756.152917,6468
M5S,2026-03-22 00:00:00,5387.91218,6467
M5S,2026-03-22 01:00:00,5091.85816,6467
M5S,2026-03-22 02:00:00,4854.261011,6467
M5S,2026-03-22 03:00:00,4654.6361640000005,6467
M5S,2026-03-22 04:00:00,4686.256241,6467
M5S,2026-03-22 05:00:00,4713.784885,6467
M5S,2026-03-22 06:00:00,4868.227288,6467
M5S,2026-03-22 07:00:00,5260.509367000001,6467
M5S,2026-03-22 08:00:00,5756.585858,6467
M5S,2026-03-22 09:00:00,6373.48332,6467
M5S,2026-03-22 10:00:00,6648.0535070000005,6467
M5S,2026-03-22 11:00:00,6779.447305000001,6467
M5S,2026-03-22 12:00:00,6816.728316000001,6467
M5S,2026-03-22 13:00:00,6778.947533,6467
M5S,2026-03-22 14:00:00,6718.0485340000005,6467
M5S,2026-03-22 15:00:00,6703.927495,6467
M5S,2026-03-22 16:00:00,6893.753334,6467
M5S,2026-03-22 17:00:00,7101.95712,6467
M5S,2026-03-22 18:00:00,7135.055943,6467
M5S,2026-03-22 19:00:00,7107.245948,6467
M5S,2026-03-22 20:00:00,6857.075940999999,6467
M5S,2026-03-22 21:00:00,6485.816485,6467
M5S,2026-03-22 22:00:00,6057.329277,6467
M5S,2026-03-22 23:00:00,5552.498960999999,6467
M5S,2026-03-23 00:00:00,5157.9676469999995,6467
M5S,2026-03-23 01:00:00,4859.451105,6467
M5S,2026-03-23 02:00:00,4697.252477,6467
M5S,2026-03-23 03:00:00,4668.584752,6467
M5S,2026-03-23 04:00:00,4711.45533,6467
M5S,2026-03-23 05:00:00,4943.100079,6467
M5S,2026-03-23 06:00:00,5438.74676,6467
M5S,2026-03-23 07:00:00,5926.504468,6467
M5S,2026-03-23 08:00:00,6213.418218,6467
M5S,2026-03-23 09:00:00,6452.428283,6467
M5S,2026-03-23 10:00:00,6598.300101,6467
M5S,2026-03-23 11:00:00,6717.17652,6467
M5S,2026-03-23 12:00:00,6651.810678,6467
M5S,2026-03-23 13:00:00,6560.424173,6467
M5S,2026-03-23 14:00:00,6438.26862,6467
M5S,2026-03-23 15:00:00,6496.54587,6467
M5S,2026-03-23 16:00:00,6886.950057,6467
M5S,2026-03-23 17:00:00,7228.642911999999,6467
M5S,2026-03-23 18:00:00,7488.597111000001,6467
M5S,2026-03-23 19:00:00,7553.222877,6467
M5S,2026-03-23 20:00:00,7398.593985,6467
M5S,2026-03-23 21:00:00,7015.822018000001,6467
M5S,2026-03-23 22:00:00,6505.351697,6467
M5S,2026-03-23 23:00:00,6052.07759,6467
M5S,2026-03-24 00:00:00,5552.94324,6467
M5S,2026-03-24 01:00:00,5308.749504,6467
M5S,2026-03-24 02:00:00,5156.981837,6467
M5S,2026-03-24 03:00:00,5104.662329,6467
M5S,2026-03-24 04:00:00,5145.680414,6467
M5S,2026-03-24 05:00:00,5412.534684,6467
M5S,2026-03-24 06:00:00,5927.659148,6467
M5S,2026-03-24 07:00:00,6315.036631,6467
M5S,2026-03-24 08:00:00,6314.103115,6467
M5S,2026-03-24 09:00:00,6462.081029999999,6468
M5S,2026-03-24 10:00:00,6658.71449,6469
M5S,2026-03-24 11:00:00,6654.068458,6469
M5S,2026-03-24 12:00:00,6544.557621,6469
M5S,2026-03-24 13:00:00,6482.295785,6469
M5S,2026-03-24 14:00:00,6486.467659,6469
M5S,2026-03-24 15:00:00,6457.3320889999995,6469
M5S,2026-03-24 16:00:00,6732.030876000001,6469
M5S,2026-03-24 17:00:00,7026.767502999999,6469
M5S,2026-03-24 18:00:00,7224.150422000001,6469
M5S,2026-03-24 19:00:00,7184.757892,6469
M5S,2026-03-24 20:00:00,7034.7309350000005,6469
M5S,2026-03-24 21:00:00,6670.241763,6469
M5S,2026-03-24 22:00:00,6174.987182,6469
M5S,2026-03-24 23:00:00,5728.349984,6469
M5S,2026-03-25 00:00:00,5289.659026,6469
M5S,2026-03-25 01:00:00,5032.915722,6469
M5S,2026-03-25 02:00:00,4855.578657999999,6469
M5S,2026-03-25 03:00:00,4653.864307,6469
M5S,2026-03-25 04:00:00,4839.601133,6469
M5S,2026-03-25 05:00:00,5045.116091,6469
M5S,2026-03-25 06:00:00,5546.939216,6469
M5S,2026-03-25 07:00:00,5960.6573769999995,6469
M5S,2026-03-25 08:00:00,6015.301339,6469
M5S,2026-03-25 09:00:00,6025.509372,6469
M5S,2026-03-25 10:00:00,6181.653021,6469
M5S,2026-03-25 11:00:00,6218.271441999999,6469
M5S,2026-03-25 12:00:00,6196.799295000001,6469
M5S,2026-03-25 13:00:00,6041.12868,6469
M5S,2026-03-25 14:00:00,6105.111143,6469
M5S,2026-03-25 15:00:00,6294.675139,6469
M5S,2026-03-25 16:00:00,6716.069872,6469
M5S,2026-03-25 17:00:00,6961.905692,6469
M5S,2026-03-25 18:00:00,7074.290338,6469
M5S,2026-03-25 19:00:00,7010.446385,6469
M5S,2026-03-25 20:00:00,6749.910174000001,6469
M5S,2026-03-25 21:00:00,6391.437978999999,6469
M5S,2026-03-25 22:00:00,5898.206689,6469
M5S,2026-03-25 23:00:00,5425.386958,6471
M5S,2026-03-26 00:00:00,5006.155458,6469
M5S,2026-03-26 01:00:00,4680.094732,6469
M5S,2026-03-26 02:00:00,4538.948028,6469
M5S,2026-03-26 03:00:00,4507.666408,6469
M5S,2026-03-26 04:00:00,4521.456376,6469
M5S,2026-03-26 05:00:00,4738.413906,6469
M5S,2026-03-26 06:00:00,5275.518861,6469
M5S,2026-03-26 07:00:00,5693.690479,6469
M5S,2026-03-26 08:00:00,5865.730641,6469
M5S,2026-03-26 09:00:00,5980.194312,6469
M5S,2026-03-26 10:00:00,6080.6997759999995,6469
M5S,2026-03-26 11:00:00,6218.534541,6469
M5S,2026-03-26 12:00:00,6106.392129,6469
M5S,2026-03-26 13:00:00,6034.043076,6469
M5S,2026-03-26 14:00:00,6140.42217,6469
M5S,2026-03-26 15:00:00,6267.455683,6469
M5S,2026-03-26 16:00:00,6405.116677,6469
M5S,2026-03-26 17:00:00,6621.661167,6469
M5S,2026-03-26 18:00:00,6744.674865,6469
M5S,2026-03-26 19:00:00,6614.195247,6469
M5S,2026-03-26 20:00:00,6492.373869,6469
M5S,2026-03-26 21:00:00,6249.42405,6469
M5S,2026-03-26 22:00:00,5828.688859,6469
M5S,2026-03-26 23:00:00,5415.0661119999995,6469
M5S,2026-03-27 00:00:00,5100.446862,6469
M5S,2026-03-27 01:00:00,4874.141084,6469
M5S,2026-03-27 02:00:00,4774.8627799999995,6469
M5S,2026-03-27 03:00:00,4767.249779,6469
M5S,2026-03-27 04:00:00,4890.156639,6469
M5S,2026-03-27 05:00:00,5196.908369,6469
M5S,2026-03-27 06:00:00,5715.077607,6469
M5S,2026-03-27 07:00:00,6225.462662,6469
M5S,2026-03-27 08:00:00,6424.9997,6469
M5S,2026-03-27 09:00:00,6619.217804,6469
M5S,2026-03-27 10:00:00,6772.366003,6469
M5S,2026-03-27 11:00:00,6851.469137,6469
M5S,2026-03-27 12:00:00,6821.133888,6469
M5S,2026-03-27 13:00:00,6538.619632,6469
M5S,2026-03-27 14:00:00,6424.332635000001,6469
M5S,2026-03-27 15:00:00,6411.651835000001,6469
M5S,2026-03-27 16:00:00,6604.812495,6469
M5S,2026-03-27 17:00:00,6692.61621,6469
M5S,2026-03-27 18:00:00,6895.268696,6469
M5S,2026-03-27 19:00:00,7009.4889220000005,6469
M5S,2026-03-27 20:00:00,6940.205943,6469
M5S,2026-03-27 21:00:00,6717.301755,6469
M5S,2026-03-27 22:00:00,6398.805105,6469
M5S,2026-03-27 23:00:00,6081.365637,6469
M5S,2026-03-28 00:00:00,5721.422595,6468
M5S,2026-03-28 01:00:00,5402.129409,6468
M5S,2026-03-28 02:00:00,5206.6620920000005,6468
M5S,2026-03-28 03:00:00,5132.154761,6468
M5S,2026-03-28 04:00:00,5203.752929,6468
M5S,2026-03-28 05:00:00,5295.012487,6468
M5S,2026-03-28 06:00:00,5502.405865,6468
M5S,2026-03-28 07:00:00,5858.616546,6468
M5S,2026-03-28 08:00:00,6239.644814,6468
M5S,2026-03-28 09:00:00,6547.950578,6468
M5S,2026-03-28 10:00:00,6910.790889,6468
M5S,2026-03-28 11:00:00,7025.40619,6468
M5S,2026-03-28 12:00:00,7036.12015,6468
M5S,2026-03-28 13:00:00,7020.15617,6468
M5S,2026-03-28 14:00:00,6868.019265,6468
M5S,2026-03-28 15:00:00,6772.159496,6468
M5S,2026-03-28 16:00:00,6887.913493,6468
M5S,2026-03-28 17:00:00,7068.217782,6468
M5S,2026-03-28 18:00:00,7290.334922,6468
M5S,2026-03-28 19:00:00,7269.611088,6468
M5S,2026-03-28 20:00:00,7012.636468999999,6468
M5S,2026-03-28 21:00:00,6652.703597000001,6468
M5S,2026-03-28 22:00:00,6203.987708,6468
M5S,2026-03-28 23:00:00,5884.467399,6469
M5S,2026-03-29 00:00:00,5505.747019,6468
M5S,2026-03-29 01:00:00,5183.734653,6468
M5S,2026-03-29 02:00:00,4977.085209,6468
M5S,2026-03-29 03:00:00,4874.386573,6468
M5S,2026-03-29 04:00:00,4843.017375,6468
M5S,2026-03-29 05:00:00,4885.501052,6468
M5S,2026-03-29 06:00:00,5061.3887509999995,6468
M5S,2026-03-29 07:00:00,5418.592551,6468
M5S,2026-03-29 08:00:00,5733.065084,6468
M5S,2026-03-29 09:00:00,6079.6199719999995,6468
M5S,2026-03-29 10:00:00,6296.129019,6468
M5S,2026-03-29 11:00:00,6392.890021,6468
M5S,2026-03-29 12:00:00,6434.2601890000005,6468
M5S,2026-03-29 13:00:00,6461.461132,6468
M5S,2026-03-29 14:00:00,6406.357737,6468
M5S,2026-03-29 15:00:00,6297.902921,6468
M5S,2026-03-29 16:00:00,6494.287575,6468
M5S,2026-03-29 17:00:00,6729.2286619999995,6468
M5S,2026-03-29 18:00:00,6770.829736000001,6468
M5S,2026-03-29 19:00:00,6806.150723,6468
M5S,2026-03-29 20:00:00,6588.500800000001,6468
M5S,2026-03-29 21:00:00,6183.468261,6468
M5S,2026-03-29 22:00:00,5706.7901839999995,6468
M5S,2026-03-29 23:00:00,5259.8470720000005,6468
M5S,2026-03-30 00:00:00,4825.55153,6468
M5S,2026-03-30 01:00:00,4608.450968,6468
M5S,2026-03-30 02:00:00,4445.262168,6468
M5S,2026-03-30 03:00:00,4350.711493,6468
M5S,2026-03-30 04:00:00,4386.737717,6468
M5S,2026-03-30 05:00:00,4591.897084,6468
M5S,2026-03-30 06:00:00,5005.795443,6468
M5S,2026-03-30 07:00:00,5425.770812,6468
M5S,2026-03-30 08:00:00,5613.207621,6468
M5S,2026-03-30 09:00:00,5754.151821,6468
M5S,2026-03-30 10:00:00,5810.822344,6468
M5S,2026-03-30 11:00:00,5810.72766,6468
M5S,2026-03-30 12:00:00,5647.149794,6468
M5S,2026-03-30 13:00:00,5525.441551,6468
M5S,2026-03-30 14:00:00,5440.279744,6468
M5S,2026-03-30 15:00:00,5422.8784909999995,6468
M5S,2026-03-30 16:00:00,5599.68234,6468
M5S,2026-03-30 17:00:00,5835.017681,6468
M5S,2026-03-30 18:00:00,6011.86999,6468
M5S,2026-03-30 19:00:00,5947.289882,6468
M5S,2026-03-30 20:00:00,5728.212819,6468
M5S,2026-03-30 21:00:00,5433.271973,6468
M5S,2026-03-30 22:00:00,5001.003774000001,6468
M5S,2026-03-30 23:00:00,4534.24373,6469
M5S,2026-03-31 00:00:00,4152.644004,6468
M5S,2026-03-31 01:00:00,3875.632759,6468
M5S,2026-03-31 02:00:00,3704.178715,6468
M5S,2026-03-31 03:00:00,3591.095822,6468
M5S,2026-03-31 04:00:00,3634.055319,6468
M5S,2026-03-31 05:00:00,3782.216503,6468
M5S,2026-03-31 06:00:00,4258.145372999999,6468
M5S,2026-03-31 07:00:00,4816.914904,6468
M5S,2026-03-31 08:00:00,4944.399473,6468
M5S,2026-03-31 09:00:00,5128.55052,6468
M5S,2026-03-31 10:00:00,5316.596436,6468
M5S,2026-03-31 11:00:00,5511.272819,6468
M5S,2026-03-31 12:00:00,5576.32384,6468
M5S,2026-03-31 13:00:00,5512.941949,6468
M5S,2026-03-31 14:00:00,5385.586106000001,6468
M5S,2026-03-31 15:00:00,5472.000889999999,6468
M5S,2026-03-31 16:00:00,5740.099053,6468
M5S,2026-03-31 17:00:00,6078.907255,6468
M5S,2026-03-31 18:00:00,6286.612586,6468
M5S,2026-03-31 19:00:00,6243.875394000001,6468
M5S,2026-03-31 20:00:00,6073.294418,6468
M5S,2026-03-31 21:00:00,5739.728011,6468
M5S,2026-03-31 22:00:00,5203.205804,6468
M5S,2026-03-31 23:00:00,4674.326373,6469
M5S,2026-04-01 00:00:00,4310.246254,6468
M5S,2026-04-01 01:00:00,4106.838583,6468
M5S,2026-04-01 02:00:00,3993.576265,6468
M5S,2026-04-01 03:00:00,3946.37766,6468
M5S,2026-04-01 04:00:00,4064.081025,6468
M5S,2026-04-01 05:00:00,4280.769279,6468
M5S,2026-04-01 06:00:00,4780.223848,6468
M5S,2026-04-01 07:00:00,5343.246295,6468
M5S,2026-04-01 08:00:00,5597.377714,6468
M5S,2026-04-01 09:00:00,5869.129879,6468
M5S,2026-04-01 10:00:00,6092.922493,6468
M5S,2026-04-01 11:00:00,6201.169081,6468
M5S,2026-04-01 12:00:00,6147.548449,6468
M5S,2026-04-01 13:00:00,6114.871261,6468
M5S,2026-04-01 14:00:00,6092.46739,6468
M5S,2026-04-01 15:00:00,6152.696168,6468
M5S,2026-04-01 16:00:00,6321.967722,6468
M5S,2026-04-01 17:00:00,6510.776282,6468
M5S,2026-04-01 18:00:00,6604.989274,6468
M5S,2026-04-01 19:00:00,6611.022796,6468
M5S,2026-04-01 20:00:00,6537.1050749999995,6468
M5S,2026-04-01 21:00:00,6163.815257,6468
M5S,2026-04-01 22:00:00,5769.343389,6468
M5S,2026-04-01 23:00:00,5313.393033,6489
M5S,2026-04-02 00:00:00,4945.126509,6469
M5S,2026-04-02 01:00:00,4620.877135,6469
M5S,2026-04-02 02:00:00,4528.122810999999,6469
M5S,2026-04-02 03:00:00,4430.8835229999995,6469
M5S,2026-04-02 04:00:00,4473.812012,6469
M5S,2026-04-02 05:00:00,4677.76416,6469
M5S,2026-04-02 06:00:00,5165.669949,6469
M5S,2026-04-02 07:00:00,5708.9930939999995,6468
M5S,2026-04-02 08:00:00,5991.749181,6468
M5S,2026-04-02 09:00:00,6316.8178960000005,6468
M5S,2026-04-02 10:00:00,6473.449619999999,6468
M5S,2026-04-02 11:00:00,6701.078347000001,6468
M5S,2026-04-02 12:00:00,6785.283188,6468
M5S,2026-04-02 13:00:00,6758.028953999999,6468
M5S,2026-04-02 14:00:00,6742.425238,6468
M5S,2026-04-02 15:00:00,6757.925434000001,6468
M5S,2026-04-02 16:00:00,6804.043726,6468
M5S,2026-04-02 17:00:00,6990.082559,6468
M5S,2026-04-02 18:00:00,7069.596258,6468
M5S,2026-04-02 19:00:00,6888.964328999999,6468
M5S,2026-04-02 20:00:00,6671.74294,6468
M5S,2026-04-02 21:00:00,6319.4453539999995,6468
M5S,2026-04-02 22:00:00,5826.245366,6468
M5S,2026-04-02 23:00:00,5315.80962,6468
M5S,2026-04-03 00:00:00,4882.990627,6468
M5S,2026-04-03 01:00:00,4561.360316,6469
M5S,2026-04-03 02:00:00,4347.7491119999995,6469
M5S,2026-04-03 03:00:00,4218.914816,6469
M5S,2026-04-03 04:00:00,4220.986408,6469
M5S,2026-04-03 05:00:00,4251.89149,6469
M5S,2026-04-03 06:00:00,4392.906408,6469
M5S,2026-04-03 07:00:00,4735.772328,6469
M5S,2026-04-03 08:00:00,5013.2535880000005,6469
M5S,2026-04-03 09:00:00,5286.639594,6469
M5S,2026-04-03 10:00:00,5522.697228,6469
M5S,2026-04-03 11:00:00,5662.044731,6469
M5S,2026-04-03 12:00:00,5659.246503,6469
M5S,2026-04-03 13:00:00,5538.644308,6469
M5S,2026-04-03 14:00:00,5461.939513,6469
M5S,2026-04-03 15:00:00,5395.2438250000005,6469
M5S,2026-04-03 16:00:00,5483.369413,6469
M5S,2026-04-03 17:00:00,5590.884609,6469
M5S,2026-04-03 18:00:00,5691.9307,6469
M5S,2026-04-03 19:00:00,5751.0888,6469
M5S,2026-04-03 20:00:00,5633.6028,6469
M5S,2026-04-03 21:00:00,5338.4846450000005,6469
M5S,2026-04-03 22:00:00,5037.015609,6469
M5S,2026-04-03 23:00:00,4750.113445,6469
M5S,2026-04-04 00:00:00,4424.23055,6469
M5S,2026-04-04 01:00:00,4195.140641,6469
M5S,2026-04-04 02:00:00,4012.7895829999998,6469
M5S,2026-04-04 03:00:00,3950.899434,6469
M5S,2026-04-04 04:00:00,3945.720913,6469
M5S,2026-04-04 05:00:00,4019.727524,6469
M5S,2026-04-04 06:00:00,4245.721734,6469
M5S,2026-04-04 07:00:00,4738.538721,6469
M5S,2026-04-04 08:00:00,5222.485879,6469
M5S,2026-04-04 09:00:00,5666.722865,6469
M5S,2026-04-04 10:00:00,6237.775071,6469
M5S,2026-04-04 11:00:00,6571.956792,6469
M5S,2026-04-04 12:00:00,6561.030796999999,6469
M5S,2026-04-04 13:00:00,6449.954073,6469
M5S,2026-04-04 14:00:00,6184.215055,6469
M5S,2026-04-04 15:00:00,6068.556637,6469
M5S,2026-04-04 16:00:00,6201.22527,6469
M5S,2026-04-04 17:00:00,6427.676426,6469
M5S,2026-04-04 18:00:00,6323.773929,6469
M5S,2026-04-04 19:00:00,6342.81377,6469
M5S,2026-04-04 20:00:00,6091.547867,6469
M5S,2026-04-04 21:00:00,5770.830928,6469
M5S,2026-04-04 22:00:00,5332.951229,6469
M5S,2026-04-04 23:00:00,4965.6889169999995,6469
M5S,2026-04-05 00:00:00,4695.965097,6466
M5S,2026-04-05 01:00:00,4354.897062,6466
M5S,2026-04-05 02:00:00,4171.18449,6466
M5S,2026-04-05 03:00:00,4049.636796,6466
M5S,2026-04-05 04:00:00,4064.60004,6466
M5S,2026-04-05 05:00:00,4094.363123,6466
M5S,2026-04-05 06:00:00,4332.843385,6467
M5S,2026-04-05 07:00:00,4769.68862,6467
M5S,2026-04-05 08:00:00,5206.505416,6468
M5S,2026-04-05 09:00:00,5681.88867,6469
M5S,2026-04-05 10:00:00,6010.744155,6469
M5S,2026-04-05 11:00:00,6144.341224,6469
M5S,2026-04-05 12:00:00,6151.115598,6469
M5S,2026-04-05 13:00:00,6093.28336,6469
M5S,2026-04-05 14:00:00,6055.08231,6469
M5S,2026-04-05 15:00:00,6103.038227,6469
M5S,2026-04-05 16:00:00,6213.5155030000005,6469
M5S,2026-04-05 17:00:00,6379.4536,6468
M5S,2026-04-05 18:00:00,6474.817929999999,6468
M5S,2026-04-05 19:00:00,6527.860199,6468
M5S,2026-04-05 20:00:00,6407.7843760000005,6468
M5S,2026-04-05 21:00:00,6243.56674,6468
M5S,2026-04-05 22:00:00,5828.679569,6468
M5S,2026-04-05 23:00:00,5345.505631,6468
M5S,2026-04-06 00:00:00,4966.706057,6464
M5S,2026-04-06 01:00:00,4716.142521,6464
M5S,2026-04-06 02:00:00,4556.301126,6464
M5S,2026-04-06 03:00:00,4475.674161999999,6464
M5S,2026-04-06 04:00:00,4482.215593,6464
M5S,2026-04-06 05:00:00,4652.299994,6464
M5S,2026-04-06 06:00:00,4959.190143,6465
M5S,2026-04-06 07:00:00,5468.650319,6464
M5S,2026-04-06 08:00:00,5606.5587430000005,6464
M5S,2026-04-06 09:00:00,5858.286768,6464
M5S,2026-04-06 10:00:00,6002.345625999999,6464
M5S,2026-04-06 11:00:00,6122.353535,6464
M5S,2026-04-06 12:00:00,6071.260356,6464
M5S,2026-04-06 13:00:00,6033.019493,6464
M5S,2026-04-06 14:00:00,6066.650421,6464
M5S,2026-04-06 15:00:00,6161.118358,6464
M5S,2026-04-06 16:00:00,6390.680168,6464
M5S,2026-04-06 17:00:00,6682.418493,6464
M5S,2026-04-06 18:00:00,6839.204395000001,6467
M5S,2026-04-06 19:00:00,6814.1769380000005,6468
M5S,2026-04-06 20:00:00,6714.3022089999995,6468
M5S,2026-04-06 21:00:00,6301.543483,6465
M5S,2026-04-06 22:00:00,5806.467304,6465
M5S,2026-04-06 23:00:00,5351.050192000001,6465
M5S,2026-04-07 00:00:00,5037.211404,6464
M5S,2026-04-07 01:00:00,4868.0670230000005,6464
M5S,2026-04-07 02:00:00,4796.853108,6464
M5S,2026-04-07 03:00:00,4753.632501,6464
M5S,2026-04-07 04:00:00,4872.207896,6464
M5S,2026-04-07 05:00:00,5121.648842,6464
M5S,2026-04-07 06:00:00,5683.260974000001,6464
M5S,2026-04-07 07:00:00,6183.780712,6464
M5S,2026-04-07 08:00:00,6392.564249999999,6464
M5S,2026-04-07 09:00:00,6505.174081,6464
M5S,2026-04-07 10:00:00,6693.881193,6464
M5S,2026-04-07 11:00:00,6715.860672,6464
M5S,2026-04-07 12:00:00,6624.506104,6464
M5S,2026-04-07 13:00:00,6476.907544,6464
M5S,2026-04-07 14:00:00,6396.10066,6464
M5S,2026-04-07 15:00:00,6301.729951,6464
M5S,2026-04-07 16:00:00,6479.098766,6464
M5S,2026-04-07 17:00:00,6665.327349,6464
M5S,2026-04-07 18:00:00,6792.352047,6464
M5S,2026-04-07 19:00:00,6927.232202,6464
M5S,2026-04-07 20:00:00,6925.092234000001,6464
M5S,2026-04-07 21:00:00,6592.0383839999995,6463
M5S,2026-04-07 22:00:00,6164.075894,6463
M5S,2026-04-07 23:00:00,5628.765063,6463
M5S,2026-04-08 00:00:00,5259.726995,6463
M5S,2026-04-08 01:00:00,5040.314238,6463
M5S,2026-04-08 02:00:00,4942.435654,6463
M5S,2026-04-08 03:00:00,4880.269423,6463
M5S,2026-04-08 04:00:00,4974.607516,6463
M5S,2026-04-08 05:00:00,5187.955213,6463
M5S,2026-04-08 06:00:00,5681.300743,6463
M5S,2026-04-08 07:00:00,5922.265939,6463
M5S,2026-04-08 08:00:00,6055.378434,6463
M5S,2026-04-08 09:00:00,6168.615465,6463
M5S,2026-04-08 10:00:00,6293.594854,6463
M5S,2026-04-08 11:00:00,6360.660113,6463
M5S,2026-04-08 12:00:00,6253.948675,6463
M5S,2026-04-08 13:00:00,6109.847098,6463
M5S,2026-04-08 14:00:00,6084.013932,6468
M5S,2026-04-08 15:00:00,6107.791558999999,6468
M5S,2026-04-08 16:00:00,6273.445768,6468
M5S,2026-04-08 17:00:00,6484.2166560000005,6468
M5S,2026-04-08 18:00:00,6700.677869,6468
M5S,2026-04-08 19:00:00,6775.8289079999995,6468
M5S,2026-04-08 20:00:00,6683.4328860000005,6468
M5S,2026-04-08 21:00:00,6386.668426,6468
M5S,2026-04-08 22:00:00,5835.792934,6468
M5S,2026-04-08 23:00:00,5340.158265,6469
M5S,2026-04-09 00:00:00,4981.647078,6468
M5S,2026-04-09 01:00:00,4608.017076,6468
M5S,2026-04-09 02:00:00,4401.826664,6468
M5S,2026-04-09 03:00:00,4364.705109,6468
M5S,2026-04-09 04:00:00,4395.074031,6468
M5S,2026-04-09 05:00:00,4563.866292000001,6468
M5S,2026-04-09 06:00:00,5021.853996,6468
M5S,2026-04-09 07:00:00,5350.475224,6468
M5S,2026-04-09 08:00:00,5480.350765,6468
M5S,2026-04-09 09:00:00,5686.913544,6468
M5S,2026-04-09 10:00:00,5676.747485,6468
M5S,2026-04-09 11:00:00,5805.880327,6468
M5S,2026-04-09 12:00:00,5817.834172,6468
M5S,2026-04-09 13:00:00,5702.526355,6468
M5S,2026-04-09 14:00:00,5624.317424000001,6468
M5S,2026-04-09 15:00:00,5629.3184519999995,6468
M5S,2026-04-09 16:00:00,5672.423479,6468
M5S,2026-04-09 17:00:00,5789.185728,6468
M5S,2026-04-09 18:00:00,5928.274253,6468
M5S,2026-04-09 19:00:00,5953.220462,6468
M5S,2026-04-09 20:00:00,5840.783341,6468
M5S,2026-04-09 21:00:00,5624.754539,6468
M5S,2026-04-09 22:00:00,5250.725613,6468
M5S,2026-04-09 23:00:00,4749.021869,6472
M5S,2026-04-10 00:00:00,4263.531242999999,6468
M5S,2026-04-10 01:00:00,4140.177795,6468
M5S,2026-04-10 02:00:00,4013.98567,6468
M5S,2026-04-10 03:00:00,3912.3860760000002,6469
M5S,2026-04-10 04:00:00,3982.9528410000003,6469
M5S,2026-04-10 05:00:00,4212.329227,6469
M5S,2026-04-10 06:00:00,4685.5280490000005,6469
M5S,2026-04-10 07:00:00,5207.445599,6469
M5S,2026-04-10 08:00:00,5511.3748749999995,6469
M5S,2026-04-10 09:00:00,5800.019223,6469
M5S,2026-04-10 10:00:00,6056.624707,6469
M5S,2026-04-10 11:00:00,6288.22483,6469
M5S,2026-04-10 12:00:00,6309.498122,6469
M5S,2026-04-10 13:00:00,6207.125885,6469
M5S,2026-04-10 14:00:00,6012.204736,6469
M5S,2026-04-10 15:00:00,6048.749437,6469
M5S,2026-04-10 16:00:00,6261.931203,6469
M5S,2026-04-10 17:00:00,6419.940645,6469
M5S,2026-04-10 18:00:00,6360.705115,6469
M5S,2026-04-10 19:00:00,6326.478431,6469
M5S,2026-04-10 20:00:00,6134.394905,6469
M5S,2026-04-10 21:00:00,5931.1125520000005,6469
M5S,2026-04-10 22:00:00,5593.07541,6469
M5S,2026-04-10 23:00:00,5173.348608,6470
M5S,2026-04-11 00:00:00,4815.4852869999995,6469
M5S,2026-04-11 01:00:00,4540.004437,6469
M5S,2026-04-11 02:00:00,4354.165903,6469
M5S,2026-04-11 03:00:00,4284.068558,6469
M5S,2026-04-11 04:00:00,4308.945854,6469
M5S,2026-04-11 05:00:00,4397.499899,6469
M5S,2026-04-11 06:00:00,4627.524355,6469
M5S,2026-04-11 07:00:00,5011.4628490000005,6469
M5S,2026-04-11 08:00:00,5404.519844,6469
M5S,2026-04-11 09:00:00,5715.977456,6469
M5S,2026-04-11 10:00:00,5915.416666,6469
M5S,2026-04-11 11:00:00,6013.875827,6469
M5S,2026-04-11 12:00:00,6026.513889,6469
M5S,2026-04-11 13:00:00,5832.561071,6469
M5S,2026-04-11 14:00:00,5710.849518,6469
M5S,2026-04-11 15:00:00,5672.649866,6469
M5S,2026-04-11 16:00:00,5841.816048000001,6469
M5S,2026-04-11 17:00:00,5957.151837,6469
M5S,2026-04-11 18:00:00,5990.714034,6469
M5S,2026-04-11 19:00:00,6000.974463,6469
M5S,2026-04-11 20:00:00,5909.9233970000005,6469
M5S,2026-04-11 21:00:00,5686.842714,6469
M5S,2026-04-11 22:00:00,5327.730296,6469
M5S,2026-04-11 23:00:00,4902.363456,6469
M5S,2026-04-12 00:00:00,4573.533154,6469
M5S,2026-04-12 01:00:00,4372.604778,6469
M5S,2026-04-12 02:00:00,4178.031934,6469
M5S,2026-04-12 03:00:00,4097.239437,6469
M5S,2026-04-12 04:00:00,4091.075858,6469
M5S,2026-04-12 05:00:00,4160.649588,6469
M5S,2026-04-12 06:00:00,4354.081607,6469
M5S,2026-04-12 07:00:00,4745.833913,6469
M5S,2026-04-12 08:00:00,5215.630209,6469
M5S,2026-04-12 09:00:00,5716.103003,6469
M5S,2026-04-12 10:00:00,6045.833471,6469
M5S,2026-04-12 11:00:00,6306.445364,6469
M5S,2026-04-12 12:00:00,6352.497786,6469
M5S,2026-04-12 13:00:00,6486.962484,6469
M5S,2026-04-12 14:00:00,6354.565989000001,6469
M5S,2026-04-12 15:00:00,6425.056757,6469
M5S,2026-04-12 16:00:00,6513.929595,6469
M5S,2026-04-12 17:00:00,6630.798235,6469
M5S,2026-04-12 18:00:00,6550.418473,6469
M5S,2026-04-12 19:00:00,6534.661690999999,6469
M5S,2026-04-12 20:00:00,6329.6790120000005,6469
M5S,2026-04-12 21:00:00,5948.683295,6469
M5S,2026-04-12 22:00:00,5417.277307,6469
M5S,2026-04-12 23:00:00,4887.967495,6471
M5S,2026-04-13 00:00:00,4473.003688,6469
M5S,2026-04-13 01:00:00,4163.002497,6469
M5S,2026-04-13 02:00:00,3975.615337,6469
M5S,2026-04-13 03:00:00,3858.262434,6469
M5S,2026-04-13 04:00:00,3907.260424,6469
M5S,2026-04-13 05:00:00,4111.858341,6469
M5S,2026-04-13 06:00:00,4536.779769,6469
M5S,2026-04-13 07:00:00,4917.051174,6469
M5S,2026-04-13 08:00:00,5152.319942,6469
M5S,2026-04-13 09:00:00,5360.564574999999,6469
M5S,2026-04-13 10:00:00,5528.569804,6469
M5S,2026-04-13 11:00:00,5562.878216,6469
M5S,2026-04-13 12:00:00,5420.332037,6469
M5S,2026-04-13 13:00:00,5328.845482,6469
M5S,2026-04-13 14:00:00,5356.883928,6469
M5S,2026-04-13 15:00:00,5362.868106,6469
M5S,2026-04-13 16:00:00,5644.810889,6469
M5S,2026-04-13 17:00:00,5721.528724,6469
M5S,2026-04-13 18:00:00,5772.608696,6469
M5S,2026-04-13 19:00:00,5750.1509829999995,6469
M5S,2026-04-13 20:00:00,5658.1875310000005,6469
M5S,2026-04-13 21:00:00,5385.146976,6469
M5S,2026-04-13 22:00:00,4877.213285,6469
M5S,2026-04-13 23:00:00,4380.443531,6469
M5S,2026-04-14 00:00:00,3958.1696330000004,6469
M5S,2026-04-14 01:00:00,3662.0104220000003,6469
M5S,2026-04-14 02:00:00,3527.966063,6469
M5S,2026-04-14 03:00:00,3465.591809,6469
M5S,2026-04-14 04:00:00,3487.649843,6469
M5S,2026-04-14 05:00:00,3675.36968,6469
M5S,2026-04-14 06:00:00,4160.0670549999995,6469
M5S,2026-04-14 07:00:00,4624.726256,6469
M5S,2026-04-14 08:00:00,4832.355351,6469
M5S,2026-04-14 09:00:00,5090.99035,6469
M5S,2026-04-14 10:00:00,5271.778606,6469
M5S,2026-04-14 11:00:00,5448.504418,6469
M5S,2026-04-14 12:00:00,5421.587549,6469
M5S,2026-04-14 13:00:00,5337.350002,6469
M5S,2026-04-14 14:00:00,5305.3095109999995,6469
M5S,2026-04-14 15:00:00,5433.8987130000005,6469
M5S,2026-04-14 16:00:00,5681.3434529999995,6469
M5S,2026-04-14 17:00:00,5741.759433,6469
M5S,2026-04-14 18:00:00,5765.331991999999,6469
M5S,2026-04-14 19:00:00,5791.2963,6469
M5S,2026-04-14 20:00:00,5650.921471,6469
M5S,2026-04-14 21:00:00,5309.37505,6469
M5S,2026-04-14 22:00:00,4919.149171,6469
M5S,2026-04-14 23:00:00,4391.770522,6469
M5S,2026-04-15 00:00:00,4038.947072,6469
M5S,2026-04-15 01:00:00,3738.657095,6469
M5S,2026-04-15 02:00:00,3557.701219,6469
M5S,2026-04-15 03:00:00,3512.832608,6469
M5S,2026-04-15 04:00:00,3556.980919,6469
M5S,2026-04-15 05:00:00,3759.3321650000003,6469
M5S,2026-04-15 06:00:00,4260.161804,6469
M5S,2026-04-15 07:00:00,4694.022886000001,6469
M5S,2026-04-15 08:00:00,4888.586218,6469
M5S,2026-04-15 09:00:00,5133.798238,6469
M5S,2026-04-15 10:00:00,5313.634579,6469
M5S,2026-04-15 11:00:00,5441.372703999999,6469
M5S,2026-04-15 12:00:00,5380.326502,6469
M5S,2026-04-15 13:00:00,5285.524241,6469
M5S,2026-04-15 14:00:00,5231.364704,6469
M5S,2026-04-15 15:00:00,5271.128082,6469
M5S,2026-04-15 16:00:00,5536.170295,6469
M5S,2026-04-15 17:00:00,5868.517307,6469
M5S,2026-04-15 18:00:00,5967.222315,6469
M5S,2026-04-15 19:00:00,5896.740492,6469
M5S,2026-04-15 20:00:00,5773.521826,6469
M5S,2026-04-15 21:00:00,5357.967536,6469
M5S,2026-04-15 22:00:00,4942.299965,6469
M5S,2026-04-15 23:00:00,4451.770549,6479
M5S,2026-04-16 00:00:00,4065.758672,6469
M5S,2026-04-16 01:00:00,3757.6546749999998,6469
M5S,2026-04-16 02:00:00,3553.383298,6469
M5S,2026-04-16 03:00:00,3453.118502,6469
M5S,2026-04-16 04:00:00,3501.825116,6469
M5S,2026-04-16 05:00:00,3674.1800190000004,6469
M5S,2026-04-16 06:00:00,4204.888234,6469
M5S,2026-04-16 07:00:00,4627.890837,6469
M5S,2026-04-16 08:00:00,4863.195539,6469
M5S,2026-04-16 09:00:00,5164.7387579999995,6469
M5S,2026-04-16 10:00:00,5312.117187,6469
M5S,2026-04-16 11:00:00,5419.44849,6469
M5S,2026-04-16 12:00:00,5446.916968,6469
M5S,2026-04-16 13:00:00,5380.308507,6469
M5S,2026-04-16 14:00:00,5379.20207,6469
M5S,2026-04-16 15:00:00,5490.605897,6469
M5S,2026-04-16 16:00:00,5600.471692,6469
M5S,2026-04-16 17:00:00,5784.187307,6469
M5S,2026-04-16 18:00:00,5857.402301,6469
M5S,2026-04-16 19:00:00,5772.163782,6469
M5S,2026-04-16 20:00:00,5627.81856,6469
M5S,2026-04-16 21:00:00,5351.239113,6469
M5S,2026-04-16 22:00:00,4967.961622,6469
M5S,2026-04-16 23:00:00,4492.438532,6472
M5S,2026-04-17 00:00:00,4041.6623799999998,6469
M5S,2026-04-17 01:00:00,3735.323555,6469
M5S,2026-04-17 02:00:00,3605.0137969999996,6469
M5S,2026-04-17 03:00:00,3497.632389,6469
M5S,2026-04-17 04:00:00,3522.1539140000004,6469
M5S,2026-04-17 05:00:00,3681.117568,6469
M5S,2026-04-17 06:00:00,4100.6740389999995,6469
M5S,2026-04-17 07:00:00,4592.9300650000005,6469
M5S,2026-04-17 08:00:00,4892.749799,6469
M5S,2026-04-17 09:00:00,5241.472024000001,6469
M5S,2026-04-17 10:00:00,5422.639243,6469
M5S,2026-04-17 11:00:00,5591.865825000001,6469
M5S,2026-04-17 12:00:00,5495.43036,6469
M5S,2026-04-17 13:00:00,5379.836651,6469
M5S,2026-04-17 14:00:00,5351.505789,6469
M5S,2026-04-17 15:00:00,5497.879596000001,6469
M5S,2026-04-17 16:00:00,5604.922096,6469
M5S,2026-04-17 17:00:00,5730.910956,6469
M5S,2026-04-17 18:00:00,5693.96556,6469
M5S,2026-04-17 19:00:00,5631.336786,6469
M5S,2026-04-17 20:00:00,5567.621897999999,6469
M5S,2026-04-17 21:00:00,5307.994216,6469
M5S,2026-04-17 22:00:00,4873.68506,6469
M5S,2026-04-17 23:00:00,4496.004776,6469
M5S,2026-04-18 00:00:00,4156.2751,6481
M5S,2026-04-18 01:00:00,3839.833396,6481
M5S,2026-04-18 02:00:00,3664.228196,6481
M5S,2026-04-18 03:00:00,3525.357717,6481
M5S,2026-04-18 04:00:00,3512.0535520000003,6481
M5S,2026-04-18 05:00:00,3565.2300910000004,6481
M5S,2026-04-18 06:00:00,3800.88827,6481
M5S,2026-04-18 07:00:00,4218.38224,6481
M5S,2026-04-18 08:00:00,4757.929592,6481
M5S,2026-04-18 09:00:00,5111.24092,6481
M5S,2026-04-18 10:00:00,5468.531431,6481
M5S,2026-04-18 11:00:00,5618.361741000001,6481
M5S,2026-04-18 12:00:00,5634.523883,6481
M5S,2026-04-18 13:00:00,5650.593523,6481
M5S,2026-04-18 14:00:00,5664.459258,6481
M5S,2026-04-18 15:00:00,5672.924628,6481
M5S,2026-04-18 16:00:00,5809.393314,6481
M5S,2026-04-18 17:00:00,5891.056741,6481
M5S,2026-04-18 18:00:00,5815.969376,6481
M5S,2026-04-18 19:00:00,5694.042026,6481
M5S,2026-04-18 20:00:00,5565.221522,6481
M5S,2026-04-18 21:00:00,5355.113492,6481
M5S,2026-04-18 22:00:00,5000.420558,6481
M5S,2026-04-18 23:00:00,4598.320358,6481
M5S,2026-04-19 00:00:00,4275.608277,6481
M5S,2026-04-19 01:00:00,4024.592398,6481
M5S,2026-04-19 02:00:00,3796.5642479999997,6481
M5S,2026-04-19 03:00:00,3710.384944,6481
M5S,2026-04-19 04:00:00,3701.9172900000003,6481
M5S,2026-04-19 05:00:00,3748.573289,6481
M5S,2026-04-19 06:00:00,3970.7481529999995,6481
M5S,2026-04-19 07:00:00,4395.3901319999995,6481
M5S,2026-04-19 08:00:00,4839.3813150000005,6481
M5S,2026-04-19 09:00:00,5160.219061,6481
M5S,2026-04-19 10:00:00,5585.343812,6481
M5S,2026-04-19 11:00:00,5822.846936,6481
M5S,2026-04-19 12:00:00,5857.720245,6481
M5S,2026-04-19 13:00:00,5780.894521,6481
M5S,2026-04-19 14:00:00,5782.657038,6481
M5S,2026-04-19 15:00:00,5787.292284,6481
M5S,2026-04-19 16:00:00,6215.556844000001,6481
M5S,2026-04-19 17:00:00,6408.995982,6481
M5S,2026-04-19 18:00:00,6395.715099,6481
M5S,2026-04-19 19:00:00,6411.041208999999,6481
M5S,2026-04-19 20:00:00,6305.306259999999,6481
M5S,2026-04-19 21:00:00,5949.195946,6481
M5S,2026-04-19 22:00:00,5528.1168880000005,6481
M5S,2026-04-19 23:00:00,5049.0788059999995,6481
M5S,2026-04-20 00:00:00,4602.489983,6481
M5S,2026-04-20 01:00:00,4340.182706,6481
M5S,2026-04-20 02:00:00,4212.1861420000005,6481
M5S,2026-04-20 03:00:00,4158.923647,6481
M5S,2026-04-20 04:00:00,4232.197946,6481
M5S,2026-04-20 05:00:00,4492.282729,6481
M5S,2026-04-20 06:00:00,5002.496055,6481
M5S,2026-04-20 07:00:00,5395.637906,6481
M5S,2026-04-20 08:00:00,5610.859747,6481
M5S,2026-04-20 09:00:00,5762.743466,6481
M5S,2026-04-20 10:00:00,5901.364563,6481
M5S,2026-04-20 11:00:00,6075.501086,6481
M5S,2026-04-20 12:00:00,6041.835981,6481
M5S,2026-04-20 13:00:00,5868.276353,6481
M5S,2026-04-20 14:00:00,5819.3691149999995,6481
M5S,2026-04-20 15:00:00,5844.138378,6481
M5S,2026-04-20 16:00:00,6092.872051,6481
M5S,2026-04-20 17:00:00,6275.419755999999,6481
M5S,2026-04-20 18:00:00,6380.694838,6481
M5S,2026-04-20 19:00:00,6449.684695,6481
M5S,2026-04-20 20:00:00,6262.050487,6481
M5S,2026-04-20 21:00:00,6005.767688,6481
M5S,2026-04-20 22:00:00,5611.658867,6481
M5S,2026-04-20 23:00:00,5134.29198,6483
M5S,2026-04-21 00:00:00,4753.304091,6481
M5S,2026-04-21 01:00:00,4466.289716,6481
M5S,2026-04-21 02:00:00,4318.768464,6481
M5S,2026-04-21 03:00:00,4277.391485,6481
M5S,2026-04-21 04:00:00,4316.033878,6481
M5S,2026-04-21 05:00:00,4517.854089,6481
M5S,2026-04-21 06:00:00,4998.053344,6481
M5S,2026-04-21 07:00:00,5403.284637,6481
M5S,2026-04-21 08:00:00,5520.6536080000005,6481
M5S,2026-04-21 09:00:00,5571.476879,6481
M5S,2026-04-21 10:00:00,5698.420368,6481
M5S,2026-04-21 11:00:00,5755.434701,6481
M5S,2026-04-21 12:00:00,5701.167845,6481
M5S,2026-04-21 13:00:00,5581.677056,6481
M5S,2026-04-21 14:00:00,5660.252777,6481
M5S,2026-04-21 15:00:00,5726.981586,6481
M5S,2026-04-21 16:00:00,5935.093537000001,6481
M5S,2026-04-21 17:00:00,6184.136383,6480
M5S,2026-04-21 18:00:00,6266.125598,6480
M5S,2026-04-21 19:00:00,6244.177659,6480
M5S,2026-04-21 20:00:00,6138.977012,6480
M5S,2026-04-21 21:00:00,5769.332693,6480
M5S,2026-04-21 22:00:00,5313.146073,6480
M5S,2026-04-21 23:00:00,4783.657106000001,6480
M5S,2026-04-22 00:00:00,4351.55978,6480
M5S,2026-04-22 01:00:00,4115.97128,6480
M5S,2026-04-22 02:00:00,3970.4130969999997,6480
M5S,2026-04-22 03:00:00,3899.5019679999996,6480
M5S,2026-04-22 04:00:00,3977.379881,6480
M5S,2026-04-22 05:00:00,4197.490628,6480
M5S,2026-04-22 06:00:00,4610.99667,6480
M5S,2026-04-22 07:00:00,4984.175513,6480
M5S,2026-04-22 08:00:00,5036.078136,6480
M5S,2026-04-22 09:00:00,5231.865876,6480
M5S,2026-04-22 10:00:00,5333.541746,6480
M5S,2026-04-22 11:00:00,5386.613178,6480
M5S,2026-04-22 12:00:00,5342.709575000001,6480
M5S,2026-04-22 13:00:00,5231.110723,6480
M5S,2026-04-22 14:00:00,5219.704104,6480
M5S,2026-04-22 15:00:00,5289.648946,6480
M5S,2026-04-22 16:00:00,5490.258705,6480
M5S,2026-04-22 17:00:00,5678.38736,6480
M5S,2026-04-22 18:00:00,5696.7553179999995,6480
M5S,2026-04-22 19:00:00,5752.190826,6480
M5S,2026-04-22 20:00:00,5710.068088,6480
M5S,2026-04-22 21:00:00,5353.971742,6480
M5S,2026-04-22 22:00:00,4874.65113,6480
M5S,2026-04-22 23:00:00,4440.487816,6482
M5S,2026-04-23 00:00:00,4011.413185,6480
M5S,2026-04-23 01:00:00,3773.539441,6480
M5S,2026-04-23 02:00:00,3569.901181,6480
M5S,2026-04-23 03:00:00,3534.024183,6480
M5S,2026-04-23 04:00:00,3591.400402,6480
M5S,2026-04-23 05:00:00,3799.104321,6480
M5S,2026-04-23 06:00:00,4259.686173,6480
M5S,2026-04-23 07:00:00,4650.199481,6480
M5S,2026-04-23 08:00:00,4887.222366,6480
M5S,2026-04-23 09:00:00,5112.552927,6480
M5S,2026-04-23 10:00:00,5267.52361,6480
M5S,2026-04-23 11:00:00,5452.883672,6480
M5S,2026-04-23 12:00:00,5320.5901109999995,6480
M5S,2026-04-23 13:00:00,5236.190622,6480
M5S,2026-04-23 14:00:00,5176.742575,6480
M5S,2026-04-23 15:00:00,5277.535517,6480
M5S,2026-04-23 16:00:00,5439.794169999999,6480
M5S,2026-04-23 17:00:00,5657.424421,6480
M5S,2026-04-23 18:00:00,5624.009709,6480
M5S,2026-04-23 19:00:00,5634.893078,6480
M5S,2026-04-23 20:00:00,5517.701915,6480
M5S,2026-04-23 21:00:00,5298.230565,6480
M5S,2026-04-23 22:00:00,4805.249422,6480
M5S,2026-04-23 23:00:00,4398.565656,6481
M5S,2026-04-24 00:00:00,3998.903708,6480
M5S,2026-04-24 01:00:00,3747.447275,6480
M5S,2026-04-24 02:00:00,3578.3025079999998,6480
M5S,2026-04-24 03:00:00,3349.114616,6480
M5S,2026-04-24 04:00:00,3507.13702,6480
M5S,2026-04-24 05:00:00,3681.203719,6480
M5S,2026-04-24 06:00:00,4208.614623,6480
M5S,2026-04-24 07:00:00,4757.380513,6480
M5S,2026-04-24 08:00:00,5080.132867,6480
M5S,2026-04-24 09:00:00,5328.645883,6480
M5S,2026-04-24 10:00:00,5643.7894830000005,6480
M5S,2026-04-24 11:00:00,5795.64316,6480
M5S,2026-04-24 12:00:00,5790.197118,6480
M5S,2026-04-24 13:00:00,5593.117544,6480
M5S,2026-04-24 14:00:00,5485.86714,6480
M5S,2026-04-24 15:00:00,5560.234727,6480
M5S,2026-04-24 16:00:00,5740.325593,6480
M5S,2026-04-24 17:00:00,5851.8276240000005,6480
M5S,2026-04-24 18:00:00,5909.308334,6480
M5S,2026-04-24 19:00:00,5940.798836,6480
M5S,2026-04-24 20:00:00,5793.028227,6480
M5S,2026-04-24 21:00:00,5451.741393,6480
M5S,2026-04-24 22:00:00,5072.095426,6480
M5S,2026-04-24 23:00:00,4707.818202,6481
M5S,2026-04-25 00:00:00,4354.081167,6480
M5S,2026-04-25 01:00:00,4075.831205,6480
M5S,2026-04-25 02:00:00,3870.723878,6480
M5S,2026-04-25 03:00:00,3818.11528,6480
M5S,2026-04-25 04:00:00,3844.907051,6480
M5S,2026-04-25 05:00:00,3970.6376060000002,6480
M5S,2026-04-25 06:00:00,4271.927737,6480
M5S,2026-04-25 07:00:00,4689.2520509999995,6480
M5S,2026-04-25 08:00:00,5300.795338,6480
M5S,2026-04-25 09:00:00,5711.880492,6480
M5S,2026-04-25 10:00:00,6075.312358,6480
M5S,2026-04-25 11:00:00,6301.06721,6480
M5S,2026-04-25 12:00:00,6307.152046,6480
M5S,2026-04-25 13:00:00,6188.656106,6480
M5S,2026-04-25 14:00:00,6058.394847,6480
M5S,2026-04-25 15:00:00,6053.862773,6480
M5S,2026-04-25 16:00:00,6071.382391,6480
M5S,2026-04-25 17:00:00,6109.483242,6480
M5S,2026-04-25 18:00:00,5981.932115,6480
M5S,2026-04-25 19:00:00,5926.710605,6480
M5S,2026-04-25 20:00:00,5781.065573,6480
M5S,2026-04-25 21:00:00,5551.096258,6480
M5S,2026-04-25 22:00:00,5215.22749,6480
M5S,2026-04-25 23:00:00,4782.984090999999,6481
M5S,2026-04-26 00:00:00,4420.967066,6480
M5S,2026-04-26 01:00:00,4180.600394,6480
M5S,2026-04-26 02:00:00,3953.919704,6480
M5S,2026-04-26 03:00:00,3834.242107,6480
M5S,2026-04-26 04:00:00,3829.3734560000003,6480
M5S,2026-04-26 05:00:00,3893.1945180000002,6480
M5S,2026-04-26 06:00:00,4100.183829,6480
M5S,2026-04-26 07:00:00,4406.70052,6480
M5S,2026-04-26 08:00:00,4795.56686,6480
M5S,2026-04-26 09:00:00,5135.515744,6480
M5S,2026-04-26 10:00:00,5461.038901,6480
M5S,2026-04-26 11:00:00,5557.345318,6480
M5S,2026-04-26 12:00:00,5635.316801999999,6480
M5S,2026-04-26 13:00:00,5451.678588,6479
M5S,2026-04-26 14:00:00,5434.427338,6479
M5S,2026-04-26 15:00:00,5449.285339,6479
M5S,2026-04-26 16:00:00,5593.206679,6479
M5S,2026-04-26 17:00:00,5697.561076,6479
M5S,2026-04-26 18:00:00,5656.475535,6479
M5S,2026-04-26 19:00:00,5725.665542000001,6479
M5S,2026-04-26 20:00:00,5734.656591,6479
M5S,2026-04-26 21:00:00,5407.167435,6479
M5S,2026-04-26 22:00:00,4996.491161,6479
M5S,2026-04-26 23:00:00,4447.050583,6481
M5S,2026-04-27 00:00:00,4048.6285239999997,6479
M5S,2026-04-27 01:00:00,3744.254103,6479
M5S,2026-04-27 02:00:00,3591.4378500000003,6479
M5S,2026-04-27 03:00:00,3522.8671710000003,6479
M5S,2026-04-27 04:00:00,3572.5455060000004,6479
M5S,2026-04-27 05:00:00,3828.1566519999997,6479
M5S,2026-04-27 06:00:00,4226.5301,6479
M5S,2026-04-27 07:00:00,4649.890502,6479
M5S,2026-04-27 08:00:00,4811.387809,6479
M5S,2026-04-27 09:00:00,5047.561383,6479
M5S,2026-04-27 10:00:00,5312.015854,6479
M5S,2026-04-27 11:00:00,5418.757721,6479
M5S,2026-04-27 12:00:00,5359.964275,6479
M5S,2026-04-27 13:00:00,5271.878465,6479
M5S,2026-04-27 14:00:00,5194.221498999999,6479
M5S,2026-04-27 15:00:00,5269.779678999999,6479
M5S,2026-04-27 16:00:00,5484.633386,6479
M5S,2026-04-27 17:00:00,5676.189348,6479
M5S,2026-04-27 18:00:00,5637.151087,6479
M5S,2026-04-27 19:00:00,5665.224259,6479
M5S,2026-04-27 20:00:00,5652.29741,6479
M5S,2026-04-27 21:00:00,5351.433093,6479
M5S,2026-04-27 22:00:00,4960.453754,6479
M5S,2026-04-27 23:00:00,4439.4997969999995,6481
M5S,2026-04-28 00:00:00,4014.769895,6479
M5S,2026-04-28 01:00:00,3705.523733,6479
M5S,2026-04-28 02:00:00,3565.42633,6479
M5S,2026-04-28 03:00:00,3435.916533,6479
M5S,2026-04-28 04:00:00,3457.534048,6479
M5S,2026-04-28 05:00:00,3645.200468,6479
M5S,2026-04-28 06:00:00,4158.315458,6479
M5S,2026-04-28 07:00:00,4627.8058869999995,6479
M5S,2026-04-28 08:00:00,4876.280128,6479
M5S,2026-04-28 09:00:00,5073.290605,6479
M5S,2026-04-28 10:00:00,5287.945485,6479
M5S,2026-04-28 11:00:00,5541.275496,6479
M5S,2026-04-28 12:00:00,5362.054272,6483
M5S,2026-04-28 13:00:00,5282.085688,6483
M5S,2026-04-28 14:00:00,5283.778228,6483
M5S,2026-04-28 15:00:00,5349.6856640000005,6482
M5S,2026-04-28 16:00:00,5530.669309,6482
M5S,2026-04-28 17:00:00,5703.696358,6482
M5S,2026-04-28 18:00:00,5753.28363,6482
M5S,2026-04-28 19:00:00,5659.505224,6482
M5S,2026-04-28 20:00:00,5511.53884,6482
M5S,2026-04-28 21:00:00,5207.639785,6482
M5S,2026-04-28 22:00:00,4787.221593,6482
M5S,2026-04-28 23:00:00,4324.855745,6483
M5S,2026-04-29 00:00:00,3929.7193289999996,6482
M5S,2026-04-29 01:00:00,3685.870547,6482
M5S,2026-04-29 02:00:00,3522.313381,6482
M5S,2026-04-29 03:00:00,3438.9008,6482
M5S,2026-04-29 04:00:00,3481.204974,6482
M5S,2026-04-29 05:00:00,3660.431331,6482
M5S,2026-04-29 06:00:00,4149.105625,6482
M5S,2026-04-29 07:00:00,4577.144362,6482
M5S,2026-04-29 08:00:00,4848.45215,6482
M5S,2026-04-29 09:00:00,5054.421776,6482
M5S,2026-04-29 10:00:00,5217.076014,6482
M5S,2026-04-29 11:00:00,5417.804770000001,6482
M5S,2026-04-29 12:00:00,5463.699608000001,6482
M5S,2026-04-29 13:00:00,5433.109723,6483
M5S,2026-04-29 14:00:00,5491.340436,6483
M5S,2026-04-29 15:00:00,5559.210797,6483
M5S,2026-04-29 16:00:00,5643.933222,6483
M5S,2026-04-29 17:00:00,5777.5679,6483
M5S,2026-04-29 18:00:00,5866.331189,6483
M5S,2026-04-29 19:00:00,5913.275566,6483
M5S,2026-04-29 20:00:00,5756.49462,6483
M5S,2026-04-29 21:00:00,5397.704845,6483
M5S,2026-04-29 22:00:00,4986.537365,6483
M5S,2026-04-29 23:00:00,4528.023849,6483
M5S,2026-04-30 00:00:00,4163.953322,6482
M5S,2026-04-30 01:00:00,3897.252864,6482
M5S,2026-04-30 02:00:00,3763.2212419999996,6482
M5S,2026-04-30 03:00:00,3713.561361,6482
M5S,2026-04-30 04:00:00,3726.82884,6482
M5S,2026-04-30 05:00:00,3949.691187,6482
M5S,2026-04-30 06:00:00,4414.534851,6482
M5S,2026-04-30 07:00:00,4780.020797,6482
M5S,2026-04-30 08:00:00,4994.457866,6482
M5S,2026-04-30 09:00:00,5160.639787,6482
M5S,2026-04-30 10:00:00,5397.482102,6482
M5S,2026-04-30 11:00:00,5541.283177,6482
M5S,2026-04-30 12:00:00,5436.064557,6482
M5S,2026-04-30 13:00:00,5367.800999,6482
M5S,2026-04-30 14:00:00,5310.18225,6482
M5S,2026-04-30 15:00:00,5347.99922,6482
M5S,2026-04-30 16:00:00,5516.935088,6482
M5S,2026-04-30 17:00:00,5587.217060999999,6482
M5S,2026-04-30 18:00:00,5748.1494600000005,6482
M5S,2026-04-30 19:00:00,5763.640101,6482
M5S,2026-04-30 20:00:00,5695.613669,6482
M5S,2026-04-30 21:00:00,5436.897047,6482
M5S,2026-04-30 22:00:00,5033.194264,6482
M5S,2026-04-30 23:00:00,4588.579819,6488
