fsa,timestamp,total_consumption_kwh,reported_premise_count
L4T,2026-01-01 00:00:00,11613.8,8569
L4T,2026-01-01 01:00:00,10971.099999999999,8569
L4T,2026-01-01 02:00:00,10588.4,8569
L4T,2026-01-01 03:00:00,10199.1,8485
L4T,2026-01-01 04:00:00,10048.1,8569
L4T,2026-01-01 05:00:00,9959.1,8485
L4T,2026-01-01 06:00:00,10074.9,8569
L4T,2026-01-01 07:00:00,10212.6,8485
L4T,2026-01-01 08:00:00,10721.8,8485
L4T,2026-01-01 09:00:00,11348.1,8569
L4T,2026-01-01 10:00:00,12157.4,8569
L4T,2026-01-01 11:00:00,12951.3,8485
L4T,2026-01-01 12:00:00,13474.5,8569
L4T,2026-01-01 13:00:00,13716.600000000002,8569
L4T,2026-01-01 14:00:00,13818.6,8569
L4T,2026-01-01 15:00:00,13695.9,8569
L4T,2026-01-01 16:00:00,14060.2,8569
L4T,2026-01-01 17:00:00,14638.5,8569
L4T,2026-01-01 18:00:00,14861.7,8569
L4T,2026-01-01 19:00:00,14947.1,8569
L4T,2026-01-01 20:00:00,14658.3,8569
L4T,2026-01-01 21:00:00,14229.2,8569
L4T,2026-01-01 22:00:00,13398.300000000001,8569
L4T,2026-01-01 23:00:00,12386.2,8569
L4T,2026-01-02 00:00:00,11437.3,8569
L4T,2026-01-02 01:00:00,10537.7,8485
L4T,2026-01-02 02:00:00,10085.8,8569
L4T,2026-01-02 03:00:00,9708.7,8485
L4T,2026-01-02 04:00:00,9736.3,8569
L4T,2026-01-02 05:00:00,9738.8,8485
L4T,2026-01-02 06:00:00,9888.3,8485
L4T,2026-01-02 07:00:00,10350.3,8569
L4T,2026-01-02 08:00:00,10945.8,8569
L4T,2026-01-02 09:00:00,11502.7,8569
L4T,2026-01-02 10:00:00,12093.6,8569
L4T,2026-01-02 11:00:00,12697.5,8569
L4T,2026-01-02 12:00:00,12992.2,8569
L4T,2026-01-02 13:00:00,13109.9,8569
L4T,2026-01-02 14:00:00,12901.499999999998,8569
L4T,2026-01-02 15:00:00,13073.9,8569
L4T,2026-01-02 16:00:00,13509.8,8569
L4T,2026-01-02 17:00:00,14265.5,8569
L4T,2026-01-02 18:00:00,14686.800000000001,8569
L4T,2026-01-02 19:00:00,14975.599999999999,8569
L4T,2026-01-02 20:00:00,15048.7,8569
L4T,2026-01-02 21:00:00,14572.699999999999,8569
L4T,2026-01-02 22:00:00,13621.600000000002,8569
L4T,2026-01-02 23:00:00,12831.699999999999,8569
L4T,2026-01-03 00:00:00,11728.0,8569
L4T,2026-01-03 01:00:00,10875.7,8569
L4T,2026-01-03 02:00:00,10212.5,8569
L4T,2026-01-03 03:00:00,9746.3,8569
L4T,2026-01-03 04:00:00,9514.7,8485
L4T,2026-01-03 05:00:00,9528.0,8569
L4T,2026-01-03 06:00:00,9627.4,8485
L4T,2026-01-03 07:00:00,10109.5,8569
L4T,2026-01-03 08:00:00,10945.8,8569
L4T,2026-01-03 09:00:00,11952.1,8569
L4T,2026-01-03 10:00:00,13048.0,8569
L4T,2026-01-03 11:00:00,14130.699999999999,8569
L4T,2026-01-03 12:00:00,14670.300000000001,8569
L4T,2026-01-03 13:00:00,15075.9,8569
L4T,2026-01-03 14:00:00,15200.9,8569
L4T,2026-01-03 15:00:00,15182.3,8569
L4T,2026-01-03 16:00:00,15394.6,8569
L4T,2026-01-03 17:00:00,16000.899999999998,8569
L4T,2026-01-03 18:00:00,15936.599999999999,8569
L4T,2026-01-03 19:00:00,15822.0,8569
L4T,2026-01-03 20:00:00,15469.6,8569
L4T,2026-01-03 21:00:00,14678.7,8569
L4T,2026-01-03 22:00:00,13693.5,8569
L4T,2026-01-03 23:00:00,12561.3,8569
L4T,2026-01-04 00:00:00,11521.4,8569
L4T,2026-01-04 01:00:00,10671.099999999999,8569
L4T,2026-01-04 02:00:00,9956.4,8569
L4T,2026-01-04 03:00:00,9452.9,8569
L4T,2026-01-04 04:00:00,9222.2,8569
L4T,2026-01-04 05:00:00,9117.3,8485
L4T,2026-01-04 06:00:00,9338.7,8569
L4T,2026-01-04 07:00:00,9722.8,8569
L4T,2026-01-04 08:00:00,10482.5,8485
L4T,2026-01-04 09:00:00,11509.500000000002,8569
L4T,2026-01-04 10:00:00,12515.9,8569
L4T,2026-01-04 11:00:00,13597.699999999999,8569
L4T,2026-01-04 12:00:00,14548.500000000002,8569
L4T,2026-01-04 13:00:00,14717.8,8569
L4T,2026-01-04 14:00:00,14925.7,8569
L4T,2026-01-04 15:00:00,15124.800000000001,8569
L4T,2026-01-04 16:00:00,15503.3,8569
L4T,2026-01-04 17:00:00,16126.5,8569
L4T,2026-01-04 18:00:00,16425.7,8569
L4T,2026-01-04 19:00:00,16506.399999999998,8569
L4T,2026-01-04 20:00:00,16055.400000000001,8569
L4T,2026-01-04 21:00:00,15133.3,8569
L4T,2026-01-04 22:00:00,13817.7,8569
L4T,2026-01-04 23:00:00,12538.6,8569
L4T,2026-01-05 00:00:00,11148.0,8569
L4T,2026-01-05 01:00:00,10078.2,8569
L4T,2026-01-05 02:00:00,9379.5,8569
L4T,2026-01-05 03:00:00,9061.0,8569
L4T,2026-01-05 04:00:00,9019.8,8569
L4T,2026-01-05 05:00:00,9350.5,8569
L4T,2026-01-05 06:00:00,9981.2,8569
L4T,2026-01-05 07:00:00,10795.1,8569
L4T,2026-01-05 08:00:00,11072.3,8569
L4T,2026-01-05 09:00:00,11697.1,8569
L4T,2026-01-05 10:00:00,12353.1,8569
L4T,2026-01-05 11:00:00,12840.7,8569
L4T,2026-01-05 12:00:00,13082.0,8485
L4T,2026-01-05 13:00:00,13113.0,8569
L4T,2026-01-05 14:00:00,12975.099999999999,8569
L4T,2026-01-05 15:00:00,12890.199999999999,8569
L4T,2026-01-05 16:00:00,13228.3,8569
L4T,2026-01-05 17:00:00,13840.2,8569
L4T,2026-01-05 18:00:00,14205.300000000001,8569
L4T,2026-01-05 19:00:00,14321.400000000001,8569
L4T,2026-01-05 20:00:00,14128.999999999998,8569
L4T,2026-01-05 21:00:00,13378.099999999999,8569
L4T,2026-01-05 22:00:00,12206.5,8569
L4T,2026-01-05 23:00:00,11191.6,8569
L4T,2026-01-06 00:00:00,10278.5,8569
L4T,2026-01-06 01:00:00,9498.6,8485
L4T,2026-01-06 02:00:00,9103.0,8485
L4T,2026-01-06 03:00:00,8888.4,8569
L4T,2026-01-06 04:00:00,8964.5,8569
L4T,2026-01-06 05:00:00,9272.2,8569
L4T,2026-01-06 06:00:00,9760.099999999999,8569
L4T,2026-01-06 07:00:00,10692.8,8569
L4T,2026-01-06 08:00:00,10989.6,8569
L4T,2026-01-06 09:00:00,11471.400000000001,8569
L4T,2026-01-06 10:00:00,11843.2,8569
L4T,2026-01-06 11:00:00,12361.2,8569
L4T,2026-01-06 12:00:00,12835.099999999999,8569
L4T,2026-01-06 13:00:00,13033.099999999999,8569
L4T,2026-01-06 14:00:00,12861.1,8569
L4T,2026-01-06 15:00:00,13118.7,8569
L4T,2026-01-06 16:00:00,13442.9,8569
L4T,2026-01-06 17:00:00,14065.6,8569
L4T,2026-01-06 18:00:00,14337.8,8569
L4T,2026-01-06 19:00:00,14368.7,8485
L4T,2026-01-06 20:00:00,14100.199999999999,8485
L4T,2026-01-06 21:00:00,13355.800000000001,8569
L4T,2026-01-06 22:00:00,12349.800000000001,8569
L4T,2026-01-06 23:00:00,11218.0,8569
L4T,2026-01-07 00:00:00,10202.4,8569
L4T,2026-01-07 01:00:00,9502.9,8569
L4T,2026-01-07 02:00:00,9030.0,8569
L4T,2026-01-07 03:00:00,8816.8,8569
L4T,2026-01-07 04:00:00,8750.3,8569
L4T,2026-01-07 05:00:00,9064.5,8569
L4T,2026-01-07 06:00:00,9597.4,8569
L4T,2026-01-07 07:00:00,10343.3,8569
L4T,2026-01-07 08:00:00,10642.5,8569
L4T,2026-01-07 09:00:00,10990.199999999999,8569
L4T,2026-01-07 10:00:00,11413.900000000001,8569
L4T,2026-01-07 11:00:00,11955.4,8569
L4T,2026-01-07 12:00:00,12302.7,8569
L4T,2026-01-07 13:00:00,12308.2,8569
L4T,2026-01-07 14:00:00,12222.6,8569
L4T,2026-01-07 15:00:00,12412.3,8569
L4T,2026-01-07 16:00:00,12772.2,8569
L4T,2026-01-07 17:00:00,13521.300000000001,8569
L4T,2026-01-07 18:00:00,13848.900000000001,8569
L4T,2026-01-07 19:00:00,14132.4,8569
L4T,2026-01-07 20:00:00,13897.1,8569
L4T,2026-01-07 21:00:00,13232.800000000001,8569
L4T,2026-01-07 22:00:00,12053.9,8569
L4T,2026-01-07 23:00:00,10917.5,8569
L4T,2026-01-08 00:00:00,9909.7,8569
L4T,2026-01-08 01:00:00,9115.3,8569
L4T,2026-01-08 02:00:00,8760.300000000001,8569
L4T,2026-01-08 03:00:00,8480.3,8569
L4T,2026-01-08 04:00:00,8487.6,8569
L4T,2026-01-08 05:00:00,8882.5,8569
L4T,2026-01-08 06:00:00,9367.0,8569
L4T,2026-01-08 07:00:00,10222.2,8569
L4T,2026-01-08 08:00:00,10596.4,8569
L4T,2026-01-08 09:00:00,10994.7,8569
L4T,2026-01-08 10:00:00,11451.900000000001,8569
L4T,2026-01-08 11:00:00,11741.5,8569
L4T,2026-01-08 12:00:00,11596.3,8485
L4T,2026-01-08 13:00:00,11545.4,8569
L4T,2026-01-08 14:00:00,11255.0,8569
L4T,2026-01-08 15:00:00,11445.0,8569
L4T,2026-01-08 16:00:00,12071.300000000001,8569
L4T,2026-01-08 17:00:00,12893.0,8569
L4T,2026-01-08 18:00:00,13267.800000000001,8485
L4T,2026-01-08 19:00:00,13696.2,8569
L4T,2026-01-08 20:00:00,13560.4,8569
L4T,2026-01-08 21:00:00,12865.5,8569
L4T,2026-01-08 22:00:00,11843.099999999999,8569
L4T,2026-01-08 23:00:00,10744.8,8569
L4T,2026-01-09 00:00:00,9813.2,8569
L4T,2026-01-09 01:00:00,9021.6,8568
L4T,2026-01-09 02:00:00,8542.9,8569
L4T,2026-01-09 03:00:00,8347.7,8569
L4T,2026-01-09 04:00:00,8193.4,8485
L4T,2026-01-09 05:00:00,8588.5,8569
L4T,2026-01-09 06:00:00,9012.6,8569
L4T,2026-01-09 07:00:00,9857.3,8569
L4T,2026-01-09 08:00:00,10377.9,8569
L4T,2026-01-09 09:00:00,10696.699999999999,8569
L4T,2026-01-09 10:00:00,11123.5,8569
L4T,2026-01-09 11:00:00,11493.099999999999,8569
L4T,2026-01-09 12:00:00,11440.8,8569
L4T,2026-01-09 13:00:00,11262.5,8569
L4T,2026-01-09 14:00:00,11081.0,8569
L4T,2026-01-09 15:00:00,11581.099999999999,8569
L4T,2026-01-09 16:00:00,11927.2,8569
L4T,2026-01-09 17:00:00,12563.7,8569
L4T,2026-01-09 18:00:00,12993.699999999999,8569
L4T,2026-01-09 19:00:00,13170.9,8569
L4T,2026-01-09 20:00:00,13332.0,8569
L4T,2026-01-09 21:00:00,13019.7,8569
L4T,2026-01-09 22:00:00,12021.800000000001,8569
L4T,2026-01-09 23:00:00,11085.0,8569
L4T,2026-01-10 00:00:00,10355.400000000001,8569
L4T,2026-01-10 01:00:00,9497.9,8569
L4T,2026-01-10 02:00:00,8892.400000000001,8569
L4T,2026-01-10 03:00:00,8441.1,8569
L4T,2026-01-10 04:00:00,8260.0,8569
L4T,2026-01-10 05:00:00,8370.3,8569
L4T,2026-01-10 06:00:00,8689.6,8569
L4T,2026-01-10 07:00:00,9214.1,8569
L4T,2026-01-10 08:00:00,10122.300000000001,8569
L4T,2026-01-10 09:00:00,11206.8,8485
L4T,2026-01-10 10:00:00,12453.8,8569
L4T,2026-01-10 11:00:00,13610.699999999999,8569
L4T,2026-01-10 12:00:00,14151.2,8569
L4T,2026-01-10 13:00:00,14419.6,8569
L4T,2026-01-10 14:00:00,14713.199999999999,8569
L4T,2026-01-10 15:00:00,14457.9,8485
L4T,2026-01-10 16:00:00,14726.099999999999,8569
L4T,2026-01-10 17:00:00,15030.600000000002,8569
L4T,2026-01-10 18:00:00,15102.7,8569
L4T,2026-01-10 19:00:00,14897.6,8569
L4T,2026-01-10 20:00:00,14355.900000000001,8569
L4T,2026-01-10 21:00:00,13722.4,8569
L4T,2026-01-10 22:00:00,12681.0,8569
L4T,2026-01-10 23:00:00,11707.8,8569
L4T,2026-01-11 00:00:00,10905.7,8569
L4T,2026-01-11 01:00:00,10093.3,8569
L4T,2026-01-11 02:00:00,9412.300000000001,8569
L4T,2026-01-11 03:00:00,9038.7,8569
L4T,2026-01-11 04:00:00,8877.699999999999,8569
L4T,2026-01-11 05:00:00,8827.5,8485
L4T,2026-01-11 06:00:00,9072.7,8569
L4T,2026-01-11 07:00:00,9524.1,8569
L4T,2026-01-11 08:00:00,10468.800000000001,8569
L4T,2026-01-11 09:00:00,11494.199999999999,8569
L4T,2026-01-11 10:00:00,12748.099999999999,8569
L4T,2026-01-11 11:00:00,13751.3,8569
L4T,2026-01-11 12:00:00,14450.7,8569
L4T,2026-01-11 13:00:00,14784.8,8569
L4T,2026-01-11 14:00:00,14960.5,8569
L4T,2026-01-11 15:00:00,15038.099999999999,8569
L4T,2026-01-11 16:00:00,15220.3,8569
L4T,2026-01-11 17:00:00,16081.2,8569
L4T,2026-01-11 18:00:00,16427.9,8569
L4T,2026-01-11 19:00:00,16396.1,8569
L4T,2026-01-11 20:00:00,15899.9,8569
L4T,2026-01-11 21:00:00,15046.900000000001,8569
L4T,2026-01-11 22:00:00,13847.599999999999,8569
L4T,2026-01-11 23:00:00,12473.800000000001,8569
L4T,2026-01-12 00:00:00,11082.1,8569
L4T,2026-01-12 01:00:00,10197.7,8569
L4T,2026-01-12 02:00:00,9511.6,8569
L4T,2026-01-12 03:00:00,9134.2,8569
L4T,2026-01-12 04:00:00,9031.7,8569
L4T,2026-01-12 05:00:00,9395.4,8569
L4T,2026-01-12 06:00:00,9939.9,8569
L4T,2026-01-12 07:00:00,10781.7,8569
L4T,2026-01-12 08:00:00,11167.800000000001,8569
L4T,2026-01-12 09:00:00,11681.2,8569
L4T,2026-01-12 10:00:00,12235.7,8569
L4T,2026-01-12 11:00:00,12745.8,8569
L4T,2026-01-12 12:00:00,13109.7,8569
L4T,2026-01-12 13:00:00,12995.8,8569
L4T,2026-01-12 14:00:00,12982.099999999999,8569
L4T,2026-01-12 15:00:00,13087.3,8569
L4T,2026-01-12 16:00:00,13548.2,8569
L4T,2026-01-12 17:00:00,14047.5,8569
L4T,2026-01-12 18:00:00,14211.7,8485
L4T,2026-01-12 19:00:00,14497.599999999999,8569
L4T,2026-01-12 20:00:00,14275.400000000001,8569
L4T,2026-01-12 21:00:00,13437.599999999999,8569
L4T,2026-01-12 22:00:00,12424.9,8569
L4T,2026-01-12 23:00:00,11137.400000000001,8485
L4T,2026-01-13 00:00:00,10156.2,8569
L4T,2026-01-13 01:00:00,9413.1,8485
L4T,2026-01-13 02:00:00,8964.8,8485
L4T,2026-01-13 03:00:00,8761.400000000001,8569
L4T,2026-01-13 04:00:00,8670.0,8569
L4T,2026-01-13 05:00:00,8999.0,8569
L4T,2026-01-13 06:00:00,9493.2,8569
L4T,2026-01-13 07:00:00,10335.2,8569
L4T,2026-01-13 08:00:00,10669.8,8569
L4T,2026-01-13 09:00:00,11158.3,8569
L4T,2026-01-13 10:00:00,11784.6,8569
L4T,2026-01-13 11:00:00,12296.5,8569
L4T,2026-01-13 12:00:00,12488.6,8485
L4T,2026-01-13 13:00:00,12357.1,8569
L4T,2026-01-13 14:00:00,12256.1,8569
L4T,2026-01-13 15:00:00,12623.2,8569
L4T,2026-01-13 16:00:00,13168.4,8569
L4T,2026-01-13 17:00:00,13477.7,8569
L4T,2026-01-13 18:00:00,13847.2,8569
L4T,2026-01-13 19:00:00,14020.0,8569
L4T,2026-01-13 20:00:00,13816.2,8569
L4T,2026-01-13 21:00:00,12963.399999999998,8569
L4T,2026-01-13 22:00:00,11797.5,8569
L4T,2026-01-13 23:00:00,10745.900000000001,8485
L4T,2026-01-14 00:00:00,9816.3,8485
L4T,2026-01-14 01:00:00,9054.599999999999,8485
L4T,2026-01-14 02:00:00,8638.1,8569
L4T,2026-01-14 03:00:00,8396.6,8569
L4T,2026-01-14 04:00:00,8381.6,8569
L4T,2026-01-14 05:00:00,8714.6,8569
L4T,2026-01-14 06:00:00,9194.0,8569
L4T,2026-01-14 07:00:00,10036.8,8569
L4T,2026-01-14 08:00:00,10449.1,8569
L4T,2026-01-14 09:00:00,10880.4,8485
L4T,2026-01-14 10:00:00,11174.800000000001,8569
L4T,2026-01-14 11:00:00,11637.7,8569
L4T,2026-01-14 12:00:00,11857.800000000001,8569
L4T,2026-01-14 13:00:00,11934.5,8569
L4T,2026-01-14 14:00:00,11963.0,8569
L4T,2026-01-14 15:00:00,12326.1,8569
L4T,2026-01-14 16:00:00,12814.900000000001,8569
L4T,2026-01-14 17:00:00,13421.400000000001,8569
L4T,2026-01-14 18:00:00,14041.0,8569
L4T,2026-01-14 19:00:00,14159.8,8569
L4T,2026-01-14 20:00:00,14141.6,8569
L4T,2026-01-14 21:00:00,13696.899999999998,8569
L4T,2026-01-14 22:00:00,12714.7,8569
L4T,2026-01-14 23:00:00,11746.899999999998,8569
L4T,2026-01-15 00:00:00,10872.2,8485
L4T,2026-01-15 01:00:00,10262.2,8485
L4T,2026-01-15 02:00:00,9882.1,8485
L4T,2026-01-15 03:00:00,9703.7,8569
L4T,2026-01-15 04:00:00,9661.5,8569
L4T,2026-01-15 05:00:00,9985.099999999999,8569
L4T,2026-01-15 06:00:00,10407.599999999999,8569
L4T,2026-01-15 07:00:00,10956.2,8569
L4T,2026-01-15 08:00:00,11741.6,8569
L4T,2026-01-15 09:00:00,12494.9,8569
L4T,2026-01-15 10:00:00,13315.1,8569
L4T,2026-01-15 11:00:00,14169.300000000001,8569
L4T,2026-01-15 12:00:00,14155.6,8485
L4T,2026-01-15 13:00:00,14266.499999999998,8569
L4T,2026-01-15 14:00:00,14151.6,8569
L4T,2026-01-15 15:00:00,14114.2,8569
L4T,2026-01-15 16:00:00,14366.8,8569
L4T,2026-01-15 17:00:00,14931.8,8569
L4T,2026-01-15 18:00:00,15472.2,8569
L4T,2026-01-15 19:00:00,15703.2,8569
L4T,2026-01-15 20:00:00,15430.500000000002,8569
L4T,2026-01-15 21:00:00,14707.5,8569
L4T,2026-01-15 22:00:00,13494.0,8569
L4T,2026-01-15 23:00:00,12373.9,8569
L4T,2026-01-16 00:00:00,11290.5,8569
L4T,2026-01-16 01:00:00,10537.1,8569
L4T,2026-01-16 02:00:00,9972.2,8569
L4T,2026-01-16 03:00:00,9690.2,8485
L4T,2026-01-16 04:00:00,9846.9,8569
L4T,2026-01-16 05:00:00,10151.6,8569
L4T,2026-01-16 06:00:00,10535.7,8569
L4T,2026-01-16 07:00:00,11071.8,8569
L4T,2026-01-16 08:00:00,11595.0,8569
L4T,2026-01-16 09:00:00,12091.5,8569
L4T,2026-01-16 10:00:00,12441.7,8569
L4T,2026-01-16 11:00:00,13037.0,8569
L4T,2026-01-16 12:00:00,13372.6,8569
L4T,2026-01-16 13:00:00,13305.599999999999,8485
L4T,2026-01-16 14:00:00,13201.3,8485
L4T,2026-01-16 15:00:00,13442.2,8569
L4T,2026-01-16 16:00:00,13675.0,8569
L4T,2026-01-16 17:00:00,14119.599999999999,8569
L4T,2026-01-16 18:00:00,14350.8,8569
L4T,2026-01-16 19:00:00,14546.499999999998,8569
L4T,2026-01-16 20:00:00,14680.0,8569
L4T,2026-01-16 21:00:00,14176.0,8569
L4T,2026-01-16 22:00:00,13249.699999999999,8569
L4T,2026-01-16 23:00:00,12062.2,8485
L4T,2026-01-17 00:00:00,11186.3,8569
L4T,2026-01-17 01:00:00,10182.300000000001,8569
L4T,2026-01-17 02:00:00,9704.599999999999,8569
L4T,2026-01-17 03:00:00,9174.9,8569
L4T,2026-01-17 04:00:00,8951.599999999999,8569
L4T,2026-01-17 05:00:00,9060.400000000001,8569
L4T,2026-01-17 06:00:00,9269.9,8569
L4T,2026-01-17 07:00:00,9840.7,8569
L4T,2026-01-17 08:00:00,10724.300000000001,8569
L4T,2026-01-17 09:00:00,11875.9,8569
L4T,2026-01-17 10:00:00,13043.4,8569
L4T,2026-01-17 11:00:00,14027.8,8569
L4T,2026-01-17 12:00:00,14572.300000000001,8569
L4T,2026-01-17 13:00:00,14684.8,8569
L4T,2026-01-17 14:00:00,14603.2,8569
L4T,2026-01-17 15:00:00,14479.1,8569
L4T,2026-01-17 16:00:00,14633.5,8569
L4T,2026-01-17 17:00:00,15254.7,8569
L4T,2026-01-17 18:00:00,15557.0,8569
L4T,2026-01-17 19:00:00,15501.1,8569
L4T,2026-01-17 20:00:00,15070.2,8569
L4T,2026-01-17 21:00:00,14310.6,8569
L4T,2026-01-17 22:00:00,13387.3,8569
L4T,2026-01-17 23:00:00,12599.8,8569
L4T,2026-01-18 00:00:00,11537.100000000002,8569
L4T,2026-01-18 01:00:00,10678.2,8569
L4T,2026-01-18 02:00:00,10103.1,8569
L4T,2026-01-18 03:00:00,9656.3,8569
L4T,2026-01-18 04:00:00,9433.099999999999,8569
L4T,2026-01-18 05:00:00,9472.5,8569
L4T,2026-01-18 06:00:00,9761.2,8569
L4T,2026-01-18 07:00:00,10255.9,8569
L4T,2026-01-18 08:00:00,11233.9,8569
L4T,2026-01-18 09:00:00,12389.6,8569
L4T,2026-01-18 10:00:00,13253.699999999999,8569
L4T,2026-01-18 11:00:00,14081.8,8569
L4T,2026-01-18 12:00:00,14723.3,8569
L4T,2026-01-18 13:00:00,14906.2,8569
L4T,2026-01-18 14:00:00,15016.099999999999,8569
L4T,2026-01-18 15:00:00,15062.199999999999,8569
L4T,2026-01-18 16:00:00,15416.0,8569
L4T,2026-01-18 17:00:00,16253.7,8569
L4T,2026-01-18 18:00:00,16635.8,8569
L4T,2026-01-18 19:00:00,16520.1,8569
L4T,2026-01-18 20:00:00,16138.400000000001,8569
L4T,2026-01-18 21:00:00,15288.4,8569
L4T,2026-01-18 22:00:00,14142.4,8569
L4T,2026-01-18 23:00:00,12693.599999999999,8569
L4T,2026-01-19 00:00:00,11450.900000000001,8569
L4T,2026-01-19 01:00:00,10351.4,8569
L4T,2026-01-19 02:00:00,9745.4,8569
L4T,2026-01-19 03:00:00,9408.7,8569
L4T,2026-01-19 04:00:00,9498.9,8569
L4T,2026-01-19 05:00:00,9879.1,8569
L4T,2026-01-19 06:00:00,10426.4,8569
L4T,2026-01-19 07:00:00,11107.8,8569
L4T,2026-01-19 08:00:00,11604.7,8569
L4T,2026-01-19 09:00:00,12258.6,8569
L4T,2026-01-19 10:00:00,12811.099999999999,8569
L4T,2026-01-19 11:00:00,13182.0,8569
L4T,2026-01-19 12:00:00,13611.0,8569
L4T,2026-01-19 13:00:00,13646.9,8569
L4T,2026-01-19 14:00:00,13543.3,8569
L4T,2026-01-19 15:00:00,13515.7,8569
L4T,2026-01-19 16:00:00,14018.3,8569
L4T,2026-01-19 17:00:00,14813.6,8569
L4T,2026-01-19 18:00:00,15281.400000000001,8569
L4T,2026-01-19 19:00:00,15503.800000000001,8569
L4T,2026-01-19 20:00:00,15368.099999999999,8569
L4T,2026-01-19 21:00:00,14664.1,8569
L4T,2026-01-19 22:00:00,13616.7,8569
L4T,2026-01-19 23:00:00,12337.6,8485
L4T,2026-01-20 00:00:00,11414.3,8485
L4T,2026-01-20 01:00:00,10704.0,8485
L4T,2026-01-20 02:00:00,10194.0,8569
L4T,2026-01-20 03:00:00,9962.2,8569
L4T,2026-01-20 04:00:00,9977.9,8485
L4T,2026-01-20 05:00:00,10473.6,8569
L4T,2026-01-20 06:00:00,11016.099999999999,8485
L4T,2026-01-20 07:00:00,11919.5,8569
L4T,2026-01-20 08:00:00,12440.1,8569
L4T,2026-01-20 09:00:00,12767.5,8569
L4T,2026-01-20 10:00:00,13180.0,8569
L4T,2026-01-20 11:00:00,13658.699999999997,8569
L4T,2026-01-20 12:00:00,13983.2,8569
L4T,2026-01-20 13:00:00,13785.1,8569
L4T,2026-01-20 14:00:00,13634.9,8569
L4T,2026-01-20 15:00:00,13760.099999999999,8569
L4T,2026-01-20 16:00:00,14219.7,8569
L4T,2026-01-20 17:00:00,15062.100000000002,8569
L4T,2026-01-20 18:00:00,15765.0,8569
L4T,2026-01-20 19:00:00,16051.199999999999,8569
L4T,2026-01-20 20:00:00,15981.300000000001,8569
L4T,2026-01-20 21:00:00,15112.8,8569
L4T,2026-01-20 22:00:00,13848.6,8569
L4T,2026-01-20 23:00:00,12711.7,8569
L4T,2026-01-21 00:00:00,11750.100000000002,8569
L4T,2026-01-21 01:00:00,11061.0,8569
L4T,2026-01-21 02:00:00,10497.5,8569
L4T,2026-01-21 03:00:00,10248.800000000001,8568
L4T,2026-01-21 04:00:00,10197.6,8568
L4T,2026-01-21 05:00:00,10492.3,8568
L4T,2026-01-21 06:00:00,10979.7,8568
L4T,2026-01-21 07:00:00,11745.3,8568
L4T,2026-01-21 08:00:00,12147.5,8568
L4T,2026-01-21 09:00:00,12587.6,8568
L4T,2026-01-21 10:00:00,13118.400000000001,8568
L4T,2026-01-21 11:00:00,13628.400000000001,8484
L4T,2026-01-21 12:00:00,13936.399999999998,8568
L4T,2026-01-21 13:00:00,13771.8,8568
L4T,2026-01-21 14:00:00,13494.3,8568
L4T,2026-01-21 15:00:00,13652.4,8568
L4T,2026-01-21 16:00:00,14120.400000000001,8568
L4T,2026-01-21 17:00:00,14547.400000000001,8568
L4T,2026-01-21 18:00:00,14760.800000000001,8568
L4T,2026-01-21 19:00:00,15032.499999999998,8568
L4T,2026-01-21 20:00:00,14820.599999999999,8568
L4T,2026-01-21 21:00:00,14144.1,8568
L4T,2026-01-21 22:00:00,13007.2,8568
L4T,2026-01-21 23:00:00,11819.0,8568
L4T,2026-01-22 00:00:00,10910.3,8569
L4T,2026-01-22 01:00:00,10207.9,8569
L4T,2026-01-22 02:00:00,9679.800000000001,8569
L4T,2026-01-22 03:00:00,9396.8,8568
L4T,2026-01-22 04:00:00,9412.7,8568
L4T,2026-01-22 05:00:00,9654.199999999999,8484
L4T,2026-01-22 06:00:00,10225.0,8568
L4T,2026-01-22 07:00:00,11046.3,8568
L4T,2026-01-22 08:00:00,11423.699999999999,8568
L4T,2026-01-22 09:00:00,11821.4,8568
L4T,2026-01-22 10:00:00,12163.5,8568
L4T,2026-01-22 11:00:00,12560.2,8568
L4T,2026-01-22 12:00:00,12776.599999999999,8568
L4T,2026-01-22 13:00:00,12891.9,8484
L4T,2026-01-22 14:00:00,12910.099999999999,8568
L4T,2026-01-22 15:00:00,13230.099999999999,8568
L4T,2026-01-22 16:00:00,13635.199999999999,8568
L4T,2026-01-22 17:00:00,14354.9,8568
L4T,2026-01-22 18:00:00,14806.5,8568
L4T,2026-01-22 19:00:00,15127.1,8568
L4T,2026-01-22 20:00:00,15100.0,8568
L4T,2026-01-22 21:00:00,14342.199999999999,8568
L4T,2026-01-22 22:00:00,13334.2,8568
L4T,2026-01-22 23:00:00,12314.300000000001,8568
L4T,2026-01-23 00:00:00,11263.9,8569
L4T,2026-01-23 01:00:00,10737.4,8569
L4T,2026-01-23 02:00:00,10253.1,8569
L4T,2026-01-23 03:00:00,9991.8,8568
L4T,2026-01-23 04:00:00,9974.300000000001,8568
L4T,2026-01-23 05:00:00,10331.5,8568
L4T,2026-01-23 06:00:00,10804.8,8568
L4T,2026-01-23 07:00:00,11664.599999999999,8568
L4T,2026-01-23 08:00:00,12171.2,8484
L4T,2026-01-23 09:00:00,12739.8,8568
L4T,2026-01-23 10:00:00,13233.2,8568
L4T,2026-01-23 11:00:00,13797.699999999999,8568
L4T,2026-01-23 12:00:00,14074.600000000002,8568
L4T,2026-01-23 13:00:00,14018.3,8568
L4T,2026-01-23 14:00:00,13897.6,8568
L4T,2026-01-23 15:00:00,14402.400000000001,8568
L4T,2026-01-23 16:00:00,14704.8,8568
L4T,2026-01-23 17:00:00,15189.900000000001,8568
L4T,2026-01-23 18:00:00,15736.8,8568
L4T,2026-01-23 19:00:00,16164.599999999999,8568
L4T,2026-01-23 20:00:00,16267.300000000001,8568
L4T,2026-01-23 21:00:00,15809.8,8568
L4T,2026-01-23 22:00:00,14856.3,8484
L4T,2026-01-23 23:00:00,13961.8,8568
L4T,2026-01-24 00:00:00,12863.7,8568
L4T,2026-01-24 01:00:00,12060.199999999999,8569
L4T,2026-01-24 02:00:00,11416.400000000001,8569
L4T,2026-01-24 03:00:00,10937.8,8568
L4T,2026-01-24 04:00:00,10797.0,8568
L4T,2026-01-24 05:00:00,10868.199999999999,8568
L4T,2026-01-24 06:00:00,11079.0,8568
L4T,2026-01-24 07:00:00,11801.6,8568
L4T,2026-01-24 08:00:00,12706.3,8568
L4T,2026-01-24 09:00:00,13664.0,8568
L4T,2026-01-24 10:00:00,14831.3,8484
L4T,2026-01-24 11:00:00,15841.599999999999,8568
L4T,2026-01-24 12:00:00,16362.8,8568
L4T,2026-01-24 13:00:00,16546.100000000002,8568
L4T,2026-01-24 14:00:00,16339.3,8568
L4T,2026-01-24 15:00:00,16320.8,8568
L4T,2026-01-24 16:00:00,16533.300000000003,8568
L4T,2026-01-24 17:00:00,16764.9,8568
L4T,2026-01-24 18:00:00,17065.0,8568
L4T,2026-01-24 19:00:00,16944.0,8568
L4T,2026-01-24 20:00:00,16634.4,8568
L4T,2026-01-24 21:00:00,15776.800000000001,8568
L4T,2026-01-24 22:00:00,14845.3,8568
L4T,2026-01-24 23:00:00,13792.100000000002,8568
L4T,2026-01-25 00:00:00,12636.599999999999,8569
L4T,2026-01-25 01:00:00,11619.300000000001,8485
L4T,2026-01-25 02:00:00,10978.3,8485
L4T,2026-01-25 03:00:00,10478.9,8484
L4T,2026-01-25 04:00:00,10284.2,8484
L4T,2026-01-25 05:00:00,10324.2,8568
L4T,2026-01-25 06:00:00,10442.5,8568
L4T,2026-01-25 07:00:00,10845.0,8568
L4T,2026-01-25 08:00:00,11870.3,8568
L4T,2026-01-25 09:00:00,13001.3,8484
L4T,2026-01-25 10:00:00,14586.0,8568
L4T,2026-01-25 11:00:00,15975.999999999998,8568
L4T,2026-01-25 12:00:00,16549.5,8568
L4T,2026-01-25 13:00:00,17188.6,8568
L4T,2026-01-25 14:00:00,17284.1,8568
L4T,2026-01-25 15:00:00,17149.0,8568
L4T,2026-01-25 16:00:00,17299.8,8568
L4T,2026-01-25 17:00:00,17520.199999999997,8568
L4T,2026-01-25 18:00:00,17943.8,8568
L4T,2026-01-25 19:00:00,18082.0,8568
L4T,2026-01-25 20:00:00,17645.399999999998,8568
L4T,2026-01-25 21:00:00,16630.9,8568
L4T,2026-01-25 22:00:00,15216.8,8568
L4T,2026-01-25 23:00:00,13837.0,8568
L4T,2026-01-26 00:00:00,12515.8,8569
L4T,2026-01-26 01:00:00,11474.300000000001,8569
L4T,2026-01-26 02:00:00,10727.599999999999,8569
L4T,2026-01-26 03:00:00,10347.6,8484
L4T,2026-01-26 04:00:00,10370.2,8568
L4T,2026-01-26 05:00:00,10570.0,8568
L4T,2026-01-26 06:00:00,10832.6,8568
L4T,2026-01-26 07:00:00,11321.2,8568
L4T,2026-01-26 08:00:00,12091.7,8568
L4T,2026-01-26 09:00:00,12815.4,8568
L4T,2026-01-26 10:00:00,13445.4,8568
L4T,2026-01-26 11:00:00,13990.699999999999,8568
L4T,2026-01-26 12:00:00,14351.8,8568
L4T,2026-01-26 13:00:00,14463.9,8568
L4T,2026-01-26 14:00:00,14288.5,8568
L4T,2026-01-26 15:00:00,14205.7,8568
L4T,2026-01-26 16:00:00,14476.0,8568
L4T,2026-01-26 17:00:00,15237.5,8568
L4T,2026-01-26 18:00:00,15659.900000000001,8568
L4T,2026-01-26 19:00:00,15953.099999999999,8568
L4T,2026-01-26 20:00:00,15797.400000000001,8568
L4T,2026-01-26 21:00:00,15220.4,8568
L4T,2026-01-26 22:00:00,14075.5,8568
L4T,2026-01-26 23:00:00,12767.600000000002,8568
L4T,2026-01-27 00:00:00,11677.0,8569
L4T,2026-01-27 01:00:00,10859.0,8569
L4T,2026-01-27 02:00:00,10446.099999999999,8569
L4T,2026-01-27 03:00:00,10168.0,8569
L4T,2026-01-27 04:00:00,10307.9,8569
L4T,2026-01-27 05:00:00,10646.5,8569
L4T,2026-01-27 06:00:00,11207.4,8569
L4T,2026-01-27 07:00:00,11922.9,8569
L4T,2026-01-27 08:00:00,12317.9,8569
L4T,2026-01-27 09:00:00,12726.4,8569
L4T,2026-01-27 10:00:00,13043.1,8569
L4T,2026-01-27 11:00:00,13609.9,8569
L4T,2026-01-27 12:00:00,13860.9,8569
L4T,2026-01-27 13:00:00,13789.8,8569
L4T,2026-01-27 14:00:00,13719.300000000001,8569
L4T,2026-01-27 15:00:00,13807.2,8569
L4T,2026-01-27 16:00:00,14191.2,8569
L4T,2026-01-27 17:00:00,14991.0,8569
L4T,2026-01-27 18:00:00,15493.8,8569
L4T,2026-01-27 19:00:00,15846.599999999999,8569
L4T,2026-01-27 20:00:00,15575.5,8485
L4T,2026-01-27 21:00:00,14814.699999999999,8569
L4T,2026-01-27 22:00:00,13875.0,8569
L4T,2026-01-27 23:00:00,12876.300000000001,8569
L4T,2026-01-28 00:00:00,11858.6,8566
L4T,2026-01-28 01:00:00,11269.0,8566
L4T,2026-01-28 02:00:00,10628.599999999999,8566
L4T,2026-01-28 03:00:00,10344.900000000001,8565
L4T,2026-01-28 04:00:00,10338.699999999999,8565
L4T,2026-01-28 05:00:00,10607.699999999999,8565
L4T,2026-01-28 06:00:00,11101.199999999999,8565
L4T,2026-01-28 07:00:00,11800.099999999999,8565
L4T,2026-01-28 08:00:00,12282.2,8565
L4T,2026-01-28 09:00:00,12456.5,8565
L4T,2026-01-28 10:00:00,12882.2,8565
L4T,2026-01-28 11:00:00,13578.0,8565
L4T,2026-01-28 12:00:00,13878.8,8565
L4T,2026-01-28 13:00:00,13813.300000000001,8565
L4T,2026-01-28 14:00:00,13483.599999999999,8565
L4T,2026-01-28 15:00:00,13486.0,8481
L4T,2026-01-28 16:00:00,13935.0,8481
L4T,2026-01-28 17:00:00,14815.8,8565
L4T,2026-01-28 18:00:00,15341.4,8481
L4T,2026-01-28 19:00:00,15729.1,8565
L4T,2026-01-28 20:00:00,15622.2,8565
L4T,2026-01-28 21:00:00,15066.5,8565
L4T,2026-01-28 22:00:00,13826.0,8565
L4T,2026-01-28 23:00:00,12668.5,8565
L4T,2026-01-29 00:00:00,11698.7,8565
L4T,2026-01-29 01:00:00,11108.8,8566
L4T,2026-01-29 02:00:00,10628.2,8566
L4T,2026-01-29 03:00:00,10309.1,8565
L4T,2026-01-29 04:00:00,10324.3,8565
L4T,2026-01-29 05:00:00,10493.2,8481
L4T,2026-01-29 06:00:00,11026.0,8565
L4T,2026-01-29 07:00:00,11906.8,8565
L4T,2026-01-29 08:00:00,12337.4,8565
L4T,2026-01-29 09:00:00,12598.8,8565
L4T,2026-01-29 10:00:00,13001.4,8565
L4T,2026-01-29 11:00:00,13439.3,8565
L4T,2026-01-29 12:00:00,13715.7,8565
L4T,2026-01-29 13:00:00,13820.4,8565
L4T,2026-01-29 14:00:00,13459.7,8481
L4T,2026-01-29 15:00:00,13719.8,8565
L4T,2026-01-29 16:00:00,14009.800000000001,8565
L4T,2026-01-29 17:00:00,14887.8,8565
L4T,2026-01-29 18:00:00,15597.5,8565
L4T,2026-01-29 19:00:00,15997.6,8565
L4T,2026-01-29 20:00:00,16047.9,8565
L4T,2026-01-29 21:00:00,15470.3,8565
L4T,2026-01-29 22:00:00,14409.8,8565
L4T,2026-01-29 23:00:00,13238.800000000001,8565
L4T,2026-01-30 00:00:00,12213.900000000001,8566
L4T,2026-01-30 01:00:00,11518.1,8566
L4T,2026-01-30 02:00:00,11111.4,8566
L4T,2026-01-30 03:00:00,10832.8,8565
L4T,2026-01-30 04:00:00,10828.5,8565
L4T,2026-01-30 05:00:00,11168.0,8565
L4T,2026-01-30 06:00:00,11758.900000000001,8565
L4T,2026-01-30 07:00:00,12466.7,8481
L4T,2026-01-30 08:00:00,12995.699999999999,8565
L4T,2026-01-30 09:00:00,13410.6,8565
L4T,2026-01-30 10:00:00,13763.3,8565
L4T,2026-01-30 11:00:00,13995.9,8565
L4T,2026-01-30 12:00:00,14000.0,8565
L4T,2026-01-30 13:00:00,13950.3,8565
L4T,2026-01-30 14:00:00,13673.099999999999,8481
L4T,2026-01-30 15:00:00,14105.0,8565
L4T,2026-01-30 16:00:00,14454.2,8565
L4T,2026-01-30 17:00:00,14910.199999999999,8565
L4T,2026-01-30 18:00:00,15386.4,8565
L4T,2026-01-30 19:00:00,15717.8,8565
L4T,2026-01-30 20:00:00,15861.5,8565
L4T,2026-01-30 21:00:00,15357.6,8565
L4T,2026-01-30 22:00:00,14479.599999999999,8565
L4T,2026-01-30 23:00:00,13615.8,8565
L4T,2026-01-31 00:00:00,12596.599999999999,8565
L4T,2026-01-31 01:00:00,11781.4,8482
L4T,2026-01-31 02:00:00,11142.2,8566
L4T,2026-01-31 03:00:00,10684.3,8565
L4T,2026-01-31 04:00:00,10517.8,8565
L4T,2026-01-31 05:00:00,10610.800000000001,8565
L4T,2026-01-31 06:00:00,10910.5,8565
L4T,2026-01-31 07:00:00,11473.9,8565
L4T,2026-01-31 08:00:00,12493.3,8565
L4T,2026-01-31 09:00:00,13417.6,8565
L4T,2026-01-31 10:00:00,14479.399999999998,8565
L4T,2026-01-31 11:00:00,15375.5,8565
L4T,2026-01-31 12:00:00,15856.3,8565
L4T,2026-01-31 13:00:00,15832.9,8565
L4T,2026-01-31 14:00:00,15525.6,8565
L4T,2026-01-31 15:00:00,15448.3,8565
L4T,2026-01-31 16:00:00,15602.0,8565
L4T,2026-01-31 17:00:00,16103.099999999999,8565
L4T,2026-01-31 18:00:00,16772.3,8565
L4T,2026-01-31 19:00:00,16798.6,8565
L4T,2026-01-31 20:00:00,16534.899999999998,8565
L4T,2026-01-31 21:00:00,15836.900000000001,8565
L4T,2026-01-31 22:00:00,14726.6,8565
L4T,2026-01-31 23:00:00,13675.8,8565
L4T,2026-02-01 00:00:00,12655.916629000001,8569
L4T,2026-02-01 01:00:00,11827.998315,8570
L4T,2026-02-01 02:00:00,11132.140279,8570
L4T,2026-02-01 03:00:00,10629.41707,8570
L4T,2026-02-01 04:00:00,10460.192326999999,8570
L4T,2026-02-01 05:00:00,10477.187797999999,8570
L4T,2026-02-01 06:00:00,10745.234973999999,8570
L4T,2026-02-01 07:00:00,11292.270355999999,8570
L4T,2026-02-01 08:00:00,12175.838016000002,8570
L4T,2026-02-01 09:00:00,13097.481232,8570
L4T,2026-02-01 10:00:00,13998.720184999998,8570
L4T,2026-02-01 11:00:00,14880.352742,8570
L4T,2026-02-01 12:00:00,15516.947004000001,8570
L4T,2026-02-01 13:00:00,15624.498147,8570
L4T,2026-02-01 14:00:00,15419.09737,8570
L4T,2026-02-01 15:00:00,15417.684501,8570
L4T,2026-02-01 16:00:00,15707.323038999999,8570
L4T,2026-02-01 17:00:00,16309.503697,8570
L4T,2026-02-01 18:00:00,17067.968731,8570
L4T,2026-02-01 19:00:00,17308.579415,8570
L4T,2026-02-01 20:00:00,17017.034295,8570
L4T,2026-02-01 21:00:00,16065.972630999999,8570
L4T,2026-02-01 22:00:00,14873.752055,8569
L4T,2026-02-01 23:00:00,13549.719138999999,8570
L4T,2026-02-02 00:00:00,12179.647672,8570
L4T,2026-02-02 01:00:00,11109.335482,8570
L4T,2026-02-02 02:00:00,10498.185801,8570
L4T,2026-02-02 03:00:00,10103.20423,8570
L4T,2026-02-02 04:00:00,10153.427063000001,8570
L4T,2026-02-02 05:00:00,10557.96622,8570
L4T,2026-02-02 06:00:00,11157.813919,8570
L4T,2026-02-02 07:00:00,12076.439037,8570
L4T,2026-02-02 08:00:00,12255.18133,8570
L4T,2026-02-02 09:00:00,12564.319865,8570
L4T,2026-02-02 10:00:00,12764.809623000001,8570
L4T,2026-02-02 11:00:00,13086.677108,8570
L4T,2026-02-02 12:00:00,13116.314886,8570
L4T,2026-02-02 13:00:00,12981.823567,8570
L4T,2026-02-02 14:00:00,12805.167421,8570
L4T,2026-02-02 15:00:00,12977.988443,8570
L4T,2026-02-02 16:00:00,13382.545011,8570
L4T,2026-02-02 17:00:00,14114.814295,8570
L4T,2026-02-02 18:00:00,14760.108040000001,8570
L4T,2026-02-02 19:00:00,15177.125748,8570
L4T,2026-02-02 20:00:00,15173.280399,8570
L4T,2026-02-02 21:00:00,14484.789347,8570
L4T,2026-02-02 22:00:00,13224.360781000001,8570
L4T,2026-02-02 23:00:00,12049.578276,8570
L4T,2026-02-03 00:00:00,11109.846624,8569
L4T,2026-02-03 01:00:00,10397.576412999999,8569
L4T,2026-02-03 02:00:00,9830.421187,8569
L4T,2026-02-03 03:00:00,9525.34906,8569
L4T,2026-02-03 04:00:00,9627.454072,8569
L4T,2026-02-03 05:00:00,9963.175103,8569
L4T,2026-02-03 06:00:00,10449.059507,8569
L4T,2026-02-03 07:00:00,11202.832386,8569
L4T,2026-02-03 08:00:00,11542.821892,8569
L4T,2026-02-03 09:00:00,11918.421964000001,8569
L4T,2026-02-03 10:00:00,12450.142999,8569
L4T,2026-02-03 11:00:00,12885.170041000001,8569
L4T,2026-02-03 12:00:00,13290.016332,8569
L4T,2026-02-03 13:00:00,13334.447317999999,8569
L4T,2026-02-03 14:00:00,13072.626219,8569
L4T,2026-02-03 15:00:00,13143.572495,8569
L4T,2026-02-03 16:00:00,13653.246516,8569
L4T,2026-02-03 17:00:00,14349.853758,8569
L4T,2026-02-03 18:00:00,15044.750045,8569
L4T,2026-02-03 19:00:00,15407.160972000001,8569
L4T,2026-02-03 20:00:00,15243.144334,8569
L4T,2026-02-03 21:00:00,14364.088109,8569
L4T,2026-02-03 22:00:00,13306.385338,8568
L4T,2026-02-03 23:00:00,12309.479802,8569
L4T,2026-02-04 00:00:00,11286.672824,8567
L4T,2026-02-04 01:00:00,10518.530169000001,8568
L4T,2026-02-04 02:00:00,10074.725673,8568
L4T,2026-02-04 03:00:00,9834.36044,8568
L4T,2026-02-04 04:00:00,9847.378346,8568
L4T,2026-02-04 05:00:00,10229.667872,8568
L4T,2026-02-04 06:00:00,10818.864982,8568
L4T,2026-02-04 07:00:00,11726.696376,8568
L4T,2026-02-04 08:00:00,11925.13756,8568
L4T,2026-02-04 09:00:00,12138.066627,8568
L4T,2026-02-04 10:00:00,12494.604416,8568
L4T,2026-02-04 11:00:00,12919.640962,8568
L4T,2026-02-04 12:00:00,13104.515372,8568
L4T,2026-02-04 13:00:00,12776.735873999998,8568
L4T,2026-02-04 14:00:00,12567.736577,8568
L4T,2026-02-04 15:00:00,12710.853988,8568
L4T,2026-02-04 16:00:00,13175.067578000002,8568
L4T,2026-02-04 17:00:00,13988.267039999999,8568
L4T,2026-02-04 18:00:00,14777.510542,8568
L4T,2026-02-04 19:00:00,15269.686085,8568
L4T,2026-02-04 20:00:00,15131.835383,8568
L4T,2026-02-04 21:00:00,14427.532248000001,8568
L4T,2026-02-04 22:00:00,13359.884703000002,8568
L4T,2026-02-04 23:00:00,12241.624834999999,8569
L4T,2026-02-05 00:00:00,11280.826101999999,8567
L4T,2026-02-05 01:00:00,10655.854442,8568
L4T,2026-02-05 02:00:00,10122.849018,8568
L4T,2026-02-05 03:00:00,9937.600912,8568
L4T,2026-02-05 04:00:00,10044.304390000001,8568
L4T,2026-02-05 05:00:00,10431.487491,8568
L4T,2026-02-05 06:00:00,10860.781944,8568
L4T,2026-02-05 07:00:00,11581.79684,8568
L4T,2026-02-05 08:00:00,11932.535651000002,8568
L4T,2026-02-05 09:00:00,12354.37875,8568
L4T,2026-02-05 10:00:00,12787.248563000001,8568
L4T,2026-02-05 11:00:00,13061.474017,8568
L4T,2026-02-05 12:00:00,13220.403236999999,8568
L4T,2026-02-05 13:00:00,13107.004264,8568
L4T,2026-02-05 14:00:00,13048.115921,8568
L4T,2026-02-05 15:00:00,13195.267981,8568
L4T,2026-02-05 16:00:00,13533.386278999998,8568
L4T,2026-02-05 17:00:00,14095.344757,8568
L4T,2026-02-05 18:00:00,14830.681278,8568
L4T,2026-02-05 19:00:00,15168.329473,8568
L4T,2026-02-05 20:00:00,15052.895282000001,8568
L4T,2026-02-05 21:00:00,14401.144443000001,8568
L4T,2026-02-05 22:00:00,13315.916962,8568
L4T,2026-02-05 23:00:00,12247.641553000001,8569
L4T,2026-02-06 00:00:00,11286.428251,8567
L4T,2026-02-06 01:00:00,10605.018542,8568
L4T,2026-02-06 02:00:00,10135.607396000001,8568
L4T,2026-02-06 03:00:00,9822.878037999999,8568
L4T,2026-02-06 04:00:00,9829.310313,8568
L4T,2026-02-06 05:00:00,10176.140941,8568
L4T,2026-02-06 06:00:00,10678.178453,8568
L4T,2026-02-06 07:00:00,11355.742627,8568
L4T,2026-02-06 08:00:00,11825.729036,8567
L4T,2026-02-06 09:00:00,12098.59606,8568
L4T,2026-02-06 10:00:00,12571.178021,8568
L4T,2026-02-06 11:00:00,12848.613141999998,8568
L4T,2026-02-06 12:00:00,12937.814653,8568
L4T,2026-02-06 13:00:00,12774.089716999999,8568
L4T,2026-02-06 14:00:00,12624.924325,8568
L4T,2026-02-06 15:00:00,12779.491751,8568
L4T,2026-02-06 16:00:00,13378.721454999999,8568
L4T,2026-02-06 17:00:00,13739.327457,8568
L4T,2026-02-06 18:00:00,14250.046556,8568
L4T,2026-02-06 19:00:00,14871.912307,8568
L4T,2026-02-06 20:00:00,15261.036806000002,8568
L4T,2026-02-06 21:00:00,15039.17604,8568
L4T,2026-02-06 22:00:00,14332.160360000002,8568
L4T,2026-02-06 23:00:00,13424.505245000002,8568
L4T,2026-02-07 00:00:00,12550.637591,8568
L4T,2026-02-07 01:00:00,11854.514518999998,8568
L4T,2026-02-07 02:00:00,11304.612579,8568
L4T,2026-02-07 03:00:00,10774.171065,8568
L4T,2026-02-07 04:00:00,10686.838147999999,8568
L4T,2026-02-07 05:00:00,10814.888126,8568
L4T,2026-02-07 06:00:00,11168.700804,8568
L4T,2026-02-07 07:00:00,11768.514078,8568
L4T,2026-02-07 08:00:00,12890.422365999999,8568
L4T,2026-02-07 09:00:00,14239.503498999999,8568
L4T,2026-02-07 10:00:00,15222.180346000001,8568
L4T,2026-02-07 11:00:00,15966.997518,8568
L4T,2026-02-07 12:00:00,16424.845832,8568
L4T,2026-02-07 13:00:00,16442.820957,8568
L4T,2026-02-07 14:00:00,16187.091003000001,8568
L4T,2026-02-07 15:00:00,16183.774603000002,8568
L4T,2026-02-07 16:00:00,16283.427161,8568
L4T,2026-02-07 17:00:00,16809.533916999997,8568
L4T,2026-02-07 18:00:00,17380.095599,8567
L4T,2026-02-07 19:00:00,17422.895373,8567
L4T,2026-02-07 20:00:00,17007.595105,8567
L4T,2026-02-07 21:00:00,16211.437190999997,8567
L4T,2026-02-07 22:00:00,15338.393981000001,8567
L4T,2026-02-07 23:00:00,14259.359016,8568
L4T,2026-02-08 00:00:00,13075.136760000001,8568
L4T,2026-02-08 01:00:00,12165.548541,8568
L4T,2026-02-08 02:00:00,11379.98473,8568
L4T,2026-02-08 03:00:00,10946.681531999999,8568
L4T,2026-02-08 04:00:00,10814.174879,8568
L4T,2026-02-08 05:00:00,10890.144085,8568
L4T,2026-02-08 06:00:00,11236.79398,8568
L4T,2026-02-08 07:00:00,11726.056875,8568
L4T,2026-02-08 08:00:00,12660.259801,8568
L4T,2026-02-08 09:00:00,13686.126656999999,8568
L4T,2026-02-08 10:00:00,14958.989066,8568
L4T,2026-02-08 11:00:00,15950.439604,8568
L4T,2026-02-08 12:00:00,16490.118309,8568
L4T,2026-02-08 13:00:00,16550.623171,8568
L4T,2026-02-08 14:00:00,16422.504227999998,8568
L4T,2026-02-08 15:00:00,16353.774448,8568
L4T,2026-02-08 16:00:00,16501.330455,8568
L4T,2026-02-08 17:00:00,16944.055938999998,8568
L4T,2026-02-08 18:00:00,17860.668774,8568
L4T,2026-02-08 19:00:00,17934.413657,8568
L4T,2026-02-08 20:00:00,17645.660391999998,8568
L4T,2026-02-08 21:00:00,16892.668457,8568
L4T,2026-02-08 22:00:00,15592.7758,8567
L4T,2026-02-08 23:00:00,14133.180781,8567
L4T,2026-02-09 00:00:00,12903.266926,8568
L4T,2026-02-09 01:00:00,11909.043066,8568
L4T,2026-02-09 02:00:00,11201.480443999999,8568
L4T,2026-02-09 03:00:00,10869.928772000001,8568
L4T,2026-02-09 04:00:00,10889.204676,8568
L4T,2026-02-09 05:00:00,11275.892858,8568
L4T,2026-02-09 06:00:00,11844.319895,8568
L4T,2026-02-09 07:00:00,12584.187086000002,8568
L4T,2026-02-09 08:00:00,12962.727264,8568
L4T,2026-02-09 09:00:00,13505.564142,8568
L4T,2026-02-09 10:00:00,13966.670989999999,8568
L4T,2026-02-09 11:00:00,14316.436274,8568
L4T,2026-02-09 12:00:00,14358.123182,8568
L4T,2026-02-09 13:00:00,14187.033949,8568
L4T,2026-02-09 14:00:00,13772.498396,8568
L4T,2026-02-09 15:00:00,13688.062199,8568
L4T,2026-02-09 16:00:00,13941.565395,8568
L4T,2026-02-09 17:00:00,14707.666662,8568
L4T,2026-02-09 18:00:00,15327.560028,8568
L4T,2026-02-09 19:00:00,15878.902519000001,8568
L4T,2026-02-09 20:00:00,15511.180929,8568
L4T,2026-02-09 21:00:00,14797.989503,8568
L4T,2026-02-09 22:00:00,13638.45006,8566
L4T,2026-02-09 23:00:00,12524.612686,8568
L4T,2026-02-10 00:00:00,11363.705868000001,8568
L4T,2026-02-10 01:00:00,10616.193017,8568
L4T,2026-02-10 02:00:00,10141.802586,8568
L4T,2026-02-10 03:00:00,9842.74292,8568
L4T,2026-02-10 04:00:00,9924.916688,8568
L4T,2026-02-10 05:00:00,10208.697288,8568
L4T,2026-02-10 06:00:00,10682.599296,8568
L4T,2026-02-10 07:00:00,11383.541215000001,8568
L4T,2026-02-10 08:00:00,11769.495283,8568
L4T,2026-02-10 09:00:00,12198.250009,8568
L4T,2026-02-10 10:00:00,12598.903357000001,8568
L4T,2026-02-10 11:00:00,12879.365588,8568
L4T,2026-02-10 12:00:00,13034.503367,8568
L4T,2026-02-10 13:00:00,12876.423576000001,8568
L4T,2026-02-10 14:00:00,12832.098705999999,8568
L4T,2026-02-10 15:00:00,12781.489124,8568
L4T,2026-02-10 16:00:00,13155.938705999999,8568
L4T,2026-02-10 17:00:00,13512.33746,8568
L4T,2026-02-10 18:00:00,14180.166981,8568
L4T,2026-02-10 19:00:00,14445.588574000001,8568
L4T,2026-02-10 20:00:00,14365.984722,8568
L4T,2026-02-10 21:00:00,13567.985051,8568
L4T,2026-02-10 22:00:00,12533.47502,8568
L4T,2026-02-10 23:00:00,11470.601779,8568
L4T,2026-02-11 00:00:00,10470.180556,8567
L4T,2026-02-11 01:00:00,9681.676823999998,8568
L4T,2026-02-11 02:00:00,9270.054058,8568
L4T,2026-02-11 03:00:00,9057.776903,8568
L4T,2026-02-11 04:00:00,9133.614514,8568
L4T,2026-02-11 05:00:00,9515.83402,8568
L4T,2026-02-11 06:00:00,10022.441947,8568
L4T,2026-02-11 07:00:00,10927.619261,8568
L4T,2026-02-11 08:00:00,11322.949361,8568
L4T,2026-02-11 09:00:00,11727.219104,8568
L4T,2026-02-11 10:00:00,12100.197949,8568
L4T,2026-02-11 11:00:00,12763.506999,8568
L4T,2026-02-11 12:00:00,13096.412212,8568
L4T,2026-02-11 13:00:00,13122.986945,8568
L4T,2026-02-11 14:00:00,12912.412686,8568
L4T,2026-02-11 15:00:00,13071.718648,8568
L4T,2026-02-11 16:00:00,13506.951452,8568
L4T,2026-02-11 17:00:00,14175.868994999999,8568
L4T,2026-02-11 18:00:00,14503.128971999999,8568
L4T,2026-02-11 19:00:00,14907.090121000001,8568
L4T,2026-02-11 20:00:00,14858.739427,8568
L4T,2026-02-11 21:00:00,14100.985569,8568
L4T,2026-02-11 22:00:00,12964.531394,8568
L4T,2026-02-11 23:00:00,11775.395561000001,8568
L4T,2026-02-12 00:00:00,10062.103369,8567
L4T,2026-02-12 01:00:00,9046.405902,8567
L4T,2026-02-12 02:00:00,8796.927381000001,8568
L4T,2026-02-12 03:00:00,8859.684889,8568
L4T,2026-02-12 04:00:00,8950.036561,8568
L4T,2026-02-12 05:00:00,9393.132743,8568
L4T,2026-02-12 06:00:00,10033.991159000001,8568
L4T,2026-02-12 07:00:00,11026.938048,8568
L4T,2026-02-12 08:00:00,11466.201107,8568
L4T,2026-02-12 09:00:00,11930.697509,8568
L4T,2026-02-12 10:00:00,12260.698622,8568
L4T,2026-02-12 11:00:00,12615.005698,8568
L4T,2026-02-12 12:00:00,12787.115915999999,8568
L4T,2026-02-12 13:00:00,12672.860877,8568
L4T,2026-02-12 14:00:00,12339.157873,8568
L4T,2026-02-12 15:00:00,12507.49571,8568
L4T,2026-02-12 16:00:00,12830.82746,8568
L4T,2026-02-12 17:00:00,13498.479194,8568
L4T,2026-02-12 18:00:00,14224.973754000002,8568
L4T,2026-02-12 19:00:00,14586.54763,8568
L4T,2026-02-12 20:00:00,14715.008543,8568
L4T,2026-02-12 21:00:00,14309.640857,8568
L4T,2026-02-12 22:00:00,13325.517544999999,8567
L4T,2026-02-12 23:00:00,12192.006934000001,8568
L4T,2026-02-13 00:00:00,11220.913145,8567
L4T,2026-02-13 01:00:00,10544.500953,8567
L4T,2026-02-13 02:00:00,10053.455728,8567
L4T,2026-02-13 03:00:00,9856.50471,8568
L4T,2026-02-13 04:00:00,9896.037608999999,8568
L4T,2026-02-13 05:00:00,10256.671958,8568
L4T,2026-02-13 06:00:00,10632.275497999999,8568
L4T,2026-02-13 07:00:00,11268.969625,8568
L4T,2026-02-13 08:00:00,11743.721145,8568
L4T,2026-02-13 09:00:00,12133.240905999999,8568
L4T,2026-02-13 10:00:00,12512.904976999998,8568
L4T,2026-02-13 11:00:00,12899.103132,8568
L4T,2026-02-13 12:00:00,13014.142471000001,8568
L4T,2026-02-13 13:00:00,12815.400999999998,8568
L4T,2026-02-13 14:00:00,12610.500297999999,8568
L4T,2026-02-13 15:00:00,12686.664979000001,8568
L4T,2026-02-13 16:00:00,12980.21289,8568
L4T,2026-02-13 17:00:00,13447.054861,8568
L4T,2026-02-13 18:00:00,13961.352111,8568
L4T,2026-02-13 19:00:00,14374.543399999999,8568
L4T,2026-02-13 20:00:00,14506.339912,8568
L4T,2026-02-13 21:00:00,13869.431957,8568
L4T,2026-02-13 22:00:00,12957.127966,8568
L4T,2026-02-13 23:00:00,11984.677519,8569
L4T,2026-02-14 00:00:00,11032.518949,8568
L4T,2026-02-14 01:00:00,10291.729441,8568
L4T,2026-02-14 02:00:00,9675.791876,8568
L4T,2026-02-14 03:00:00,9339.422712,8568
L4T,2026-02-14 04:00:00,9150.428287,8568
L4T,2026-02-14 05:00:00,9106.033327000001,8568
L4T,2026-02-14 06:00:00,9369.037461,8568
L4T,2026-02-14 07:00:00,9987.872555,8568
L4T,2026-02-14 08:00:00,10802.187199,8568
L4T,2026-02-14 09:00:00,11712.43605,8568
L4T,2026-02-14 10:00:00,12752.208285,8568
L4T,2026-02-14 11:00:00,13816.022039,8568
L4T,2026-02-14 12:00:00,14298.223195999999,8568
L4T,2026-02-14 13:00:00,14429.647889,8568
L4T,2026-02-14 14:00:00,14116.292947,8568
L4T,2026-02-14 15:00:00,13953.60449,8568
L4T,2026-02-14 16:00:00,14070.02779,8568
L4T,2026-02-14 17:00:00,14332.039105999998,8568
L4T,2026-02-14 18:00:00,14782.206728000001,8568
L4T,2026-02-14 19:00:00,14738.927,8568
L4T,2026-02-14 20:00:00,14444.388169000002,8568
L4T,2026-02-14 21:00:00,13822.843858,8568
L4T,2026-02-14 22:00:00,13066.133899000002,8568
L4T,2026-02-14 23:00:00,12057.840325,8568
L4T,2026-02-15 00:00:00,11093.09363,8568
L4T,2026-02-15 01:00:00,10387.354897000001,8568
L4T,2026-02-15 02:00:00,9769.40765,8568
L4T,2026-02-15 03:00:00,9133.742355,8568
L4T,2026-02-15 04:00:00,8935.728335,8568
L4T,2026-02-15 05:00:00,8932.594294999999,8568
L4T,2026-02-15 06:00:00,9115.899571,8568
L4T,2026-02-15 07:00:00,9637.272115,8568
L4T,2026-02-15 08:00:00,10662.580484,8568
L4T,2026-02-15 09:00:00,11622.129496,8568
L4T,2026-02-15 10:00:00,12626.856238999999,8568
L4T,2026-02-15 11:00:00,13400.822531,8568
L4T,2026-02-15 12:00:00,13838.514037,8568
L4T,2026-02-15 13:00:00,13897.172494000002,8568
L4T,2026-02-15 14:00:00,13712.922579,8568
L4T,2026-02-15 15:00:00,13574.048459999998,8568
L4T,2026-02-15 16:00:00,13538.135836,8568
L4T,2026-02-15 17:00:00,14134.932812000001,8568
L4T,2026-02-15 18:00:00,14722.796475,8568
L4T,2026-02-15 19:00:00,14807.912138000002,8568
L4T,2026-02-15 20:00:00,14557.140747,8568
L4T,2026-02-15 21:00:00,14049.194625,8568
L4T,2026-02-15 22:00:00,13058.723945000002,8567
L4T,2026-02-15 23:00:00,12112.209299,8567
L4T,2026-02-16 00:00:00,11068.373706,8567
L4T,2026-02-16 01:00:00,10090.303621,8568
L4T,2026-02-16 02:00:00,9503.47475,8568
L4T,2026-02-16 03:00:00,9145.460819,8568
L4T,2026-02-16 04:00:00,8959.291433999999,8568
L4T,2026-02-16 05:00:00,9006.900504000001,8568
L4T,2026-02-16 06:00:00,9279.51829,8568
L4T,2026-02-16 07:00:00,9700.650228,8568
L4T,2026-02-16 08:00:00,10440.394826,8568
L4T,2026-02-16 09:00:00,11360.870968,8568
L4T,2026-02-16 10:00:00,12304.760533,8568
L4T,2026-02-16 11:00:00,13071.872577999999,8568
L4T,2026-02-16 12:00:00,13406.195528,8568
L4T,2026-02-16 13:00:00,13287.561345999999,8568
L4T,2026-02-16 14:00:00,13114.062458,8568
L4T,2026-02-16 15:00:00,13054.984523,8568
L4T,2026-02-16 16:00:00,13433.697021,8568
L4T,2026-02-16 17:00:00,13797.51384,8568
L4T,2026-02-16 18:00:00,14514.912283,8568
L4T,2026-02-16 19:00:00,14680.789432000001,8568
L4T,2026-02-16 20:00:00,14360.098948,8568
L4T,2026-02-16 21:00:00,13607.255271,8568
L4T,2026-02-16 22:00:00,12144.495126000002,8568
L4T,2026-02-16 23:00:00,10994.763971,8568
L4T,2026-02-17 00:00:00,9544.454767,8568
L4T,2026-02-17 01:00:00,8755.299269,8563
L4T,2026-02-17 02:00:00,8414.411753,8568
L4T,2026-02-17 03:00:00,8226.823779,8568
L4T,2026-02-17 04:00:00,8283.096931,8568
L4T,2026-02-17 05:00:00,8695.089838,8568
L4T,2026-02-17 06:00:00,9324.972459,8568
L4T,2026-02-17 07:00:00,10198.052786,8568
L4T,2026-02-17 08:00:00,10423.825162000001,8568
L4T,2026-02-17 09:00:00,10728.727302,8568
L4T,2026-02-17 10:00:00,10960.98804,8568
L4T,2026-02-17 11:00:00,11250.787188,8568
L4T,2026-02-17 12:00:00,11465.619236999999,8568
L4T,2026-02-17 13:00:00,11298.1971,8568
L4T,2026-02-17 14:00:00,10905.687864,8568
L4T,2026-02-17 15:00:00,10950.563253,8568
L4T,2026-02-17 16:00:00,11297.91644,8568
L4T,2026-02-17 17:00:00,11828.573741,8568
L4T,2026-02-17 18:00:00,12594.340383,8568
L4T,2026-02-17 19:00:00,13200.68525,8568
L4T,2026-02-17 20:00:00,13151.486328,8568
L4T,2026-02-17 21:00:00,12521.743296,8568
L4T,2026-02-17 22:00:00,11666.258872,8568
L4T,2026-02-17 23:00:00,10698.481226,8567
L4T,2026-02-18 00:00:00,9797.909061,8567
L4T,2026-02-18 01:00:00,9088.063008,8568
L4T,2026-02-18 02:00:00,8636.656608000001,8568
L4T,2026-02-18 03:00:00,8425.347269,8568
L4T,2026-02-18 04:00:00,8436.222803,8568
L4T,2026-02-18 05:00:00,8857.596966000001,8568
L4T,2026-02-18 06:00:00,9254.246095,8568
L4T,2026-02-18 07:00:00,10032.704934000001,8568
L4T,2026-02-18 08:00:00,10617.557752,8568
L4T,2026-02-18 09:00:00,11273.214780999999,8568
L4T,2026-02-18 10:00:00,12038.920777,8568
L4T,2026-02-18 11:00:00,12792.607084,8568
L4T,2026-02-18 12:00:00,13112.038836,8568
L4T,2026-02-18 13:00:00,13091.666597,8568
L4T,2026-02-18 14:00:00,13044.726977,8568
L4T,2026-02-18 15:00:00,13090.925179,8568
L4T,2026-02-18 16:00:00,13352.078812,8568
L4T,2026-02-18 17:00:00,13759.878926,8567
L4T,2026-02-18 18:00:00,14245.290158,8568
L4T,2026-02-18 19:00:00,14545.276719000001,8568
L4T,2026-02-18 20:00:00,14321.298685,8568
L4T,2026-02-18 21:00:00,13317.910769,8568
L4T,2026-02-18 22:00:00,12252.939776,8568
L4T,2026-02-18 23:00:00,11175.535261,8571
L4T,2026-02-19 00:00:00,10206.631969,8567
L4T,2026-02-19 01:00:00,9548.508339,8568
L4T,2026-02-19 02:00:00,9072.010549,8568
L4T,2026-02-19 03:00:00,8830.192563,8568
L4T,2026-02-19 04:00:00,9043.743958000001,8568
L4T,2026-02-19 05:00:00,9557.423245,8568
L4T,2026-02-19 06:00:00,9804.602667,8568
L4T,2026-02-19 07:00:00,10487.44208,8568
L4T,2026-02-19 08:00:00,10740.315604,8568
L4T,2026-02-19 09:00:00,11067.163003,8568
L4T,2026-02-19 10:00:00,11534.664685,8568
L4T,2026-02-19 11:00:00,11892.007734,8568
L4T,2026-02-19 12:00:00,12130.43454,8568
L4T,2026-02-19 13:00:00,12051.199183,8568
L4T,2026-02-19 14:00:00,11855.155519,8568
L4T,2026-02-19 15:00:00,11923.803273,8568
L4T,2026-02-19 16:00:00,12502.35587,8568
L4T,2026-02-19 17:00:00,13227.635482,8568
L4T,2026-02-19 18:00:00,13651.826186999999,8568
L4T,2026-02-19 19:00:00,13993.544435,8568
L4T,2026-02-19 20:00:00,13850.608118,8568
L4T,2026-02-19 21:00:00,13060.213481,8568
L4T,2026-02-19 22:00:00,11995.280979,8568
L4T,2026-02-19 23:00:00,10961.411863000001,8568
L4T,2026-02-20 00:00:00,10078.503276,8567
L4T,2026-02-20 01:00:00,9407.356127000001,8568
L4T,2026-02-20 02:00:00,9006.090377,8568
L4T,2026-02-20 03:00:00,8727.632708000001,8568
L4T,2026-02-20 04:00:00,8879.8835,8568
L4T,2026-02-20 05:00:00,9509.551226,8568
L4T,2026-02-20 06:00:00,9755.144414,8568
L4T,2026-02-20 07:00:00,10367.496787,8568
L4T,2026-02-20 08:00:00,10789.009607,8568
L4T,2026-02-20 09:00:00,11267.671826999998,8568
L4T,2026-02-20 10:00:00,11904.27184,8568
L4T,2026-02-20 11:00:00,12286.799666,8568
L4T,2026-02-20 12:00:00,12551.481329,8568
L4T,2026-02-20 13:00:00,12511.501713000001,8568
L4T,2026-02-20 14:00:00,12400.273384,8568
L4T,2026-02-20 15:00:00,12546.587194,8568
L4T,2026-02-20 16:00:00,12870.219431,8568
L4T,2026-02-20 17:00:00,13418.203017,8568
L4T,2026-02-20 18:00:00,13497.679871,8568
L4T,2026-02-20 19:00:00,13671.042458,8568
L4T,2026-02-20 20:00:00,13775.731829,8568
L4T,2026-02-20 21:00:00,13282.771012000001,8568
L4T,2026-02-20 22:00:00,12304.887744,8567
L4T,2026-02-20 23:00:00,11321.771163,8568
L4T,2026-02-21 00:00:00,10390.489317,8567
L4T,2026-02-21 01:00:00,9576.920043,8568
L4T,2026-02-21 02:00:00,9095.110434999999,8568
L4T,2026-02-21 03:00:00,8786.935258000001,8568
L4T,2026-02-21 04:00:00,8826.584077,8568
L4T,2026-02-21 05:00:00,9007.522492,8568
L4T,2026-02-21 06:00:00,9103.556645,8568
L4T,2026-02-21 07:00:00,9548.713415,8568
L4T,2026-02-21 08:00:00,10439.152679,8568
L4T,2026-02-21 09:00:00,11536.296023,8568
L4T,2026-02-21 10:00:00,12567.096633,8568
L4T,2026-02-21 11:00:00,13547.665696,8568
L4T,2026-02-21 12:00:00,14101.615268,8568
L4T,2026-02-21 13:00:00,14329.509533,8568
L4T,2026-02-21 14:00:00,14225.248781000002,8568
L4T,2026-02-21 15:00:00,14218.122060999998,8568
L4T,2026-02-21 16:00:00,14517.102514,8568
L4T,2026-02-21 17:00:00,14804.100315999998,8568
L4T,2026-02-21 18:00:00,14746.627053,8568
L4T,2026-02-21 19:00:00,14687.312517999999,8568
L4T,2026-02-21 20:00:00,14279.529148000001,8568
L4T,2026-02-21 21:00:00,13678.227778,8568
L4T,2026-02-21 22:00:00,12844.035262999998,8568
L4T,2026-02-21 23:00:00,11885.304623,8568
L4T,2026-02-22 00:00:00,10829.322505,8567
L4T,2026-02-22 01:00:00,9976.204741000001,8568
L4T,2026-02-22 02:00:00,9375.644005999999,8568
L4T,2026-02-22 03:00:00,8949.319885,8568
L4T,2026-02-22 04:00:00,8967.831825000001,8568
L4T,2026-02-22 05:00:00,9136.925510000001,8568
L4T,2026-02-22 06:00:00,9260.330191000001,8568
L4T,2026-02-22 07:00:00,9667.829271,8568
L4T,2026-02-22 08:00:00,10471.633473000002,8568
L4T,2026-02-22 09:00:00,11525.108951999999,8568
L4T,2026-02-22 10:00:00,12389.517106999998,8568
L4T,2026-02-22 11:00:00,13245.053597,8568
L4T,2026-02-22 12:00:00,13978.232622000001,8568
L4T,2026-02-22 13:00:00,14353.77194,8568
L4T,2026-02-22 14:00:00,14391.601351,8568
L4T,2026-02-22 15:00:00,14459.918006,8568
L4T,2026-02-22 16:00:00,14701.838839,8568
L4T,2026-02-22 17:00:00,15329.902042,8568
L4T,2026-02-22 18:00:00,15412.043297,8568
L4T,2026-02-22 19:00:00,15486.202092,8568
L4T,2026-02-22 20:00:00,15220.027833999999,8568
L4T,2026-02-22 21:00:00,14397.739554,8568
L4T,2026-02-22 22:00:00,13149.38866,8568
L4T,2026-02-22 23:00:00,11822.065799999998,8569
L4T,2026-02-23 00:00:00,10587.024248,8567
L4T,2026-02-23 01:00:00,9735.821916,8568
L4T,2026-02-23 02:00:00,9141.805534,8568
L4T,2026-02-23 03:00:00,8962.653703,8568
L4T,2026-02-23 04:00:00,9170.249695999999,8568
L4T,2026-02-23 05:00:00,9673.945264,8568
L4T,2026-02-23 06:00:00,10143.680382,8568
L4T,2026-02-23 07:00:00,10786.919632,8568
L4T,2026-02-23 08:00:00,11151.032342,8568
L4T,2026-02-23 09:00:00,11644.586062,8568
L4T,2026-02-23 10:00:00,12119.511533,8568
L4T,2026-02-23 11:00:00,12511.607134,8568
L4T,2026-02-23 12:00:00,12563.941062,8568
L4T,2026-02-23 13:00:00,12574.436779,8568
L4T,2026-02-23 14:00:00,12433.775624999998,8568
L4T,2026-02-23 15:00:00,12442.998108,8568
L4T,2026-02-23 16:00:00,12868.867723,8568
L4T,2026-02-23 17:00:00,13635.031764,8568
L4T,2026-02-23 18:00:00,14341.331034,8568
L4T,2026-02-23 19:00:00,14968.660764,8568
L4T,2026-02-23 20:00:00,14820.690603,8568
L4T,2026-02-23 21:00:00,14138.708389,8568
L4T,2026-02-23 22:00:00,13204.583383,8567
L4T,2026-02-23 23:00:00,12255.613704,8570
L4T,2026-02-24 00:00:00,11258.099042,8568
L4T,2026-02-24 01:00:00,10555.944062,8568
L4T,2026-02-24 02:00:00,10001.020414,8568
L4T,2026-02-24 03:00:00,9832.68403,8568
L4T,2026-02-24 04:00:00,10063.463879,8568
L4T,2026-02-24 05:00:00,10614.784564,8568
L4T,2026-02-24 06:00:00,11026.167394,8568
L4T,2026-02-24 07:00:00,11566.077773,8568
L4T,2026-02-24 08:00:00,11801.852311999999,8568
L4T,2026-02-24 09:00:00,12208.06935,8568
L4T,2026-02-24 10:00:00,12495.413927000001,8568
L4T,2026-02-24 11:00:00,12761.219695,8568
L4T,2026-02-24 12:00:00,12755.784435000001,8568
L4T,2026-02-24 13:00:00,12640.372011,8568
L4T,2026-02-24 14:00:00,12533.762234,8568
L4T,2026-02-24 15:00:00,12563.075018,8568
L4T,2026-02-24 16:00:00,13166.080555999999,8568
L4T,2026-02-24 17:00:00,13983.147567999999,8568
L4T,2026-02-24 18:00:00,14381.644169,8568
L4T,2026-02-24 19:00:00,14766.86159,8568
L4T,2026-02-24 20:00:00,14598.045823,8568
L4T,2026-02-24 21:00:00,13747.191048,8568
L4T,2026-02-24 22:00:00,12666.148939,8567
L4T,2026-02-24 23:00:00,11681.915226000001,8567
L4T,2026-02-25 00:00:00,10735.105659,8567
L4T,2026-02-25 01:00:00,10027.352503,8568
L4T,2026-02-25 02:00:00,9504.58744,8568
L4T,2026-02-25 03:00:00,9309.606123,8568
L4T,2026-02-25 04:00:00,9437.480593,8568
L4T,2026-02-25 05:00:00,9823.285049999999,8568
L4T,2026-02-25 06:00:00,10170.198091,8568
L4T,2026-02-25 07:00:00,10666.721608,8568
L4T,2026-02-25 08:00:00,11034.877423,8568
L4T,2026-02-25 09:00:00,11430.401761000001,8568
L4T,2026-02-25 10:00:00,11738.130274,8568
L4T,2026-02-25 11:00:00,12082.823895000001,8568
L4T,2026-02-25 12:00:00,12558.481399,8568
L4T,2026-02-25 13:00:00,12578.276041,8568
L4T,2026-02-25 14:00:00,12318.708121,8568
L4T,2026-02-25 15:00:00,12412.881604,8568
L4T,2026-02-25 16:00:00,13060.120108000001,8568
L4T,2026-02-25 17:00:00,13575.186071,8568
L4T,2026-02-25 18:00:00,13924.258779000002,8568
L4T,2026-02-25 19:00:00,14391.174701,8568
L4T,2026-02-25 20:00:00,14325.491831,8568
L4T,2026-02-25 21:00:00,13746.629431000001,8568
L4T,2026-02-25 22:00:00,12787.59253,8568
L4T,2026-02-25 23:00:00,11642.996594,8569
L4T,2026-02-26 00:00:00,10700.150155,8568
L4T,2026-02-26 01:00:00,9972.907432,8569
L4T,2026-02-26 02:00:00,9547.618966999999,8569
L4T,2026-02-26 03:00:00,9332.914246,8569
L4T,2026-02-26 04:00:00,9587.749097,8569
L4T,2026-02-26 05:00:00,10060.538777000002,8569
L4T,2026-02-26 06:00:00,10354.957696000001,8569
L4T,2026-02-26 07:00:00,10925.128516,8569
L4T,2026-02-26 08:00:00,11052.391944,8569
L4T,2026-02-26 09:00:00,11239.435343,8569
L4T,2026-02-26 10:00:00,11417.194778000001,8569
L4T,2026-02-26 11:00:00,11917.581248,8569
L4T,2026-02-26 12:00:00,12134.194268,8569
L4T,2026-02-26 13:00:00,12051.624517,8569
L4T,2026-02-26 14:00:00,11842.469622,8569
L4T,2026-02-26 15:00:00,11920.750455000001,8569
L4T,2026-02-26 16:00:00,12279.224325,8569
L4T,2026-02-26 17:00:00,12967.978825,8569
L4T,2026-02-26 18:00:00,13631.715711,8569
L4T,2026-02-26 19:00:00,14075.427939,8569
L4T,2026-02-26 20:00:00,14073.204919999998,8569
L4T,2026-02-26 21:00:00,13395.496116,8569
L4T,2026-02-26 22:00:00,12458.401103,8569
L4T,2026-02-26 23:00:00,11420.846099999999,8569
L4T,2026-02-27 00:00:00,10533.630156,8567
L4T,2026-02-27 01:00:00,9874.119224,8567
L4T,2026-02-27 02:00:00,9426.440835,8567
L4T,2026-02-27 03:00:00,9172.678398,8567
L4T,2026-02-27 04:00:00,9412.292063,8567
L4T,2026-02-27 05:00:00,9836.04121,8567
L4T,2026-02-27 06:00:00,10200.983407,8567
L4T,2026-02-27 07:00:00,10808.763599,8567
L4T,2026-02-27 08:00:00,11225.501436999999,8567
L4T,2026-02-27 09:00:00,11496.861219999999,8567
L4T,2026-02-27 10:00:00,11686.768022,8567
L4T,2026-02-27 11:00:00,12008.65516,8567
L4T,2026-02-27 12:00:00,12022.389043,8567
L4T,2026-02-27 13:00:00,11813.741927,8567
L4T,2026-02-27 14:00:00,11480.037934,8567
L4T,2026-02-27 15:00:00,11537.992364,8567
L4T,2026-02-27 16:00:00,11703.744902999999,8567
L4T,2026-02-27 17:00:00,12176.960886,8567
L4T,2026-02-27 18:00:00,12690.557884,8567
L4T,2026-02-27 19:00:00,13166.503487000002,8567
L4T,2026-02-27 20:00:00,13492.779473000002,8567
L4T,2026-02-27 21:00:00,13128.087037000001,8567
L4T,2026-02-27 22:00:00,12253.28776,8567
L4T,2026-02-27 23:00:00,11281.11792,8567
L4T,2026-02-28 00:00:00,10285.695208000001,8567
L4T,2026-02-28 01:00:00,9549.708184,8567
L4T,2026-02-28 02:00:00,8959.046436,8567
L4T,2026-02-28 03:00:00,8605.285761000001,8567
L4T,2026-02-28 04:00:00,8589.723843,8567
L4T,2026-02-28 05:00:00,8678.506757,8567
L4T,2026-02-28 06:00:00,8809.10436,8567
L4T,2026-02-28 07:00:00,9370.273293999999,8567
L4T,2026-02-28 08:00:00,10293.233238,8567
L4T,2026-02-28 09:00:00,11389.75242,8567
L4T,2026-02-28 10:00:00,12388.153742,8567
L4T,2026-02-28 11:00:00,13248.437838,8567
L4T,2026-02-28 12:00:00,13721.742166,8567
L4T,2026-02-28 13:00:00,13856.176287,8567
L4T,2026-02-28 14:00:00,13780.307549000001,8567
L4T,2026-02-28 15:00:00,13717.263523,8567
L4T,2026-02-28 16:00:00,13762.722478,8567
L4T,2026-02-28 17:00:00,14646.357085,8567
L4T,2026-02-28 18:00:00,14953.026269,8567
L4T,2026-02-28 19:00:00,15000.410748000002,8567
L4T,2026-02-28 20:00:00,14613.509710999999,8567
L4T,2026-02-28 21:00:00,13975.767649000001,8567
L4T,2026-02-28 22:00:00,13199.746207000002,8567
L4T,2026-02-28 23:00:00,12271.809868,8567
L4T,2026-03-01 00:00:00,11263.967955,8565
L4T,2026-03-01 01:00:00,10422.529661,8565
L4T,2026-03-01 02:00:00,9822.984869,8565
L4T,2026-03-01 03:00:00,9445.973170000001,8565
L4T,2026-03-01 04:00:00,9509.46306,8565
L4T,2026-03-01 05:00:00,9568.56992,8565
L4T,2026-03-01 06:00:00,9811.628867000001,8565
L4T,2026-03-01 07:00:00,10257.437645,8565
L4T,2026-03-01 08:00:00,11098.779597,8565
L4T,2026-03-01 09:00:00,12111.381312,8565
L4T,2026-03-01 10:00:00,12979.339189,8565
L4T,2026-03-01 11:00:00,13698.210401,8565
L4T,2026-03-01 12:00:00,14379.077946000001,8565
L4T,2026-03-01 13:00:00,14593.749563000001,8565
L4T,2026-03-01 14:00:00,14731.108427000001,8565
L4T,2026-03-01 15:00:00,14558.595243,8565
L4T,2026-03-01 16:00:00,14915.556821,8565
L4T,2026-03-01 17:00:00,15603.742669000001,8565
L4T,2026-03-01 18:00:00,16128.894661999999,8565
L4T,2026-03-01 19:00:00,16515.121436,8565
L4T,2026-03-01 20:00:00,16514.884298999998,8565
L4T,2026-03-01 21:00:00,15773.178183,8565
L4T,2026-03-01 22:00:00,14464.991644,8565
L4T,2026-03-01 23:00:00,13159.880881000001,8565
L4T,2026-03-02 00:00:00,11802.193739,8564
L4T,2026-03-02 01:00:00,10945.662323,8565
L4T,2026-03-02 02:00:00,10256.117555,8565
L4T,2026-03-02 03:00:00,10000.505995,8565
L4T,2026-03-02 04:00:00,10290.181179,8565
L4T,2026-03-02 05:00:00,10688.517559,8565
L4T,2026-03-02 06:00:00,11153.263834,8565
L4T,2026-03-02 07:00:00,11826.890418,8565
L4T,2026-03-02 08:00:00,11940.791314,8565
L4T,2026-03-02 09:00:00,12283.026111,8565
L4T,2026-03-02 10:00:00,12586.147935,8565
L4T,2026-03-02 11:00:00,12812.500085,8565
L4T,2026-03-02 12:00:00,12735.467691,8565
L4T,2026-03-02 13:00:00,12608.140602,8565
L4T,2026-03-02 14:00:00,12422.872333,8565
L4T,2026-03-02 15:00:00,12599.75293,8565
L4T,2026-03-02 16:00:00,13028.257748,8565
L4T,2026-03-02 17:00:00,13544.809119000001,8565
L4T,2026-03-02 18:00:00,14148.292439,8565
L4T,2026-03-02 19:00:00,14725.944571,8565
L4T,2026-03-02 20:00:00,14675.837904999998,8565
L4T,2026-03-02 21:00:00,13827.403274,8565
L4T,2026-03-02 22:00:00,12823.308116,8565
L4T,2026-03-02 23:00:00,11767.993406999998,8566
L4T,2026-03-03 00:00:00,10853.399938999999,8565
L4T,2026-03-03 01:00:00,10211.414655,8565
L4T,2026-03-03 02:00:00,9709.86028,8565
L4T,2026-03-03 03:00:00,9501.417053,8565
L4T,2026-03-03 04:00:00,9781.564986,8565
L4T,2026-03-03 05:00:00,10162.748691,8565
L4T,2026-03-03 06:00:00,10561.984524,8565
L4T,2026-03-03 07:00:00,11014.212189,8565
L4T,2026-03-03 08:00:00,11329.625045,8565
L4T,2026-03-03 09:00:00,11706.374462,8565
L4T,2026-03-03 10:00:00,11818.519111,8565
L4T,2026-03-03 11:00:00,11951.576233,8565
L4T,2026-03-03 12:00:00,12142.464922,8565
L4T,2026-03-03 13:00:00,11969.655225,8565
L4T,2026-03-03 14:00:00,11830.473138000001,8565
L4T,2026-03-03 15:00:00,12080.896017,8565
L4T,2026-03-03 16:00:00,12666.276979999999,8565
L4T,2026-03-03 17:00:00,13311.455528,8565
L4T,2026-03-03 18:00:00,13684.03947,8565
L4T,2026-03-03 19:00:00,13977.866279,8565
L4T,2026-03-03 20:00:00,13748.173015999999,8565
L4T,2026-03-03 21:00:00,13014.587136,8565
L4T,2026-03-03 22:00:00,11968.776926999999,8564
L4T,2026-03-03 23:00:00,11120.091562,8565
L4T,2026-03-04 00:00:00,10147.513803,8564
L4T,2026-03-04 01:00:00,9421.761198999999,8565
L4T,2026-03-04 02:00:00,9028.199221,8565
L4T,2026-03-04 03:00:00,8943.116007,8565
L4T,2026-03-04 04:00:00,9279.35355,8565
L4T,2026-03-04 05:00:00,9701.994466,8565
L4T,2026-03-04 06:00:00,10034.099570999999,8565
L4T,2026-03-04 07:00:00,10588.170602999999,8565
L4T,2026-03-04 08:00:00,10647.590694,8565
L4T,2026-03-04 09:00:00,10900.262073000002,8565
L4T,2026-03-04 10:00:00,11102.145867,8565
L4T,2026-03-04 11:00:00,11384.161202,8565
L4T,2026-03-04 12:00:00,11314.883199,8565
L4T,2026-03-04 13:00:00,11057.857446,8565
L4T,2026-03-04 14:00:00,11048.363124,8565
L4T,2026-03-04 15:00:00,11158.996989,8565
L4T,2026-03-04 16:00:00,11431.884587,8565
L4T,2026-03-04 17:00:00,12079.996652000002,8565
L4T,2026-03-04 18:00:00,12628.895513,8565
L4T,2026-03-04 19:00:00,13070.063084,8565
L4T,2026-03-04 20:00:00,13175.762942,8565
L4T,2026-03-04 21:00:00,12774.496900999999,8565
L4T,2026-03-04 22:00:00,11714.511165999998,8565
L4T,2026-03-04 23:00:00,10652.59883,8565
L4T,2026-03-05 00:00:00,9072.868269999999,8564
L4T,2026-03-05 01:00:00,8258.898064,8565
L4T,2026-03-05 02:00:00,7968.412984999999,8564
L4T,2026-03-05 03:00:00,8012.751371999999,8565
L4T,2026-03-05 04:00:00,8221.863264,8565
L4T,2026-03-05 05:00:00,8677.172605,8565
L4T,2026-03-05 06:00:00,9434.430843,8565
L4T,2026-03-05 07:00:00,10125.870266,8565
L4T,2026-03-05 08:00:00,10520.071215,8565
L4T,2026-03-05 09:00:00,10924.42022,8565
L4T,2026-03-05 10:00:00,11144.539999999999,8565
L4T,2026-03-05 11:00:00,11464.22804,8565
L4T,2026-03-05 12:00:00,11721.70003,8565
L4T,2026-03-05 13:00:00,11893.585009999999,8565
L4T,2026-03-05 14:00:00,11872.856329999999,8565
L4T,2026-03-05 15:00:00,12075.54567,8565
L4T,2026-03-05 16:00:00,12433.45973,8565
L4T,2026-03-05 17:00:00,12917.33215,8565
L4T,2026-03-05 18:00:00,13444.92782,8565
L4T,2026-03-05 19:00:00,13709.563900000001,8565
L4T,2026-03-05 20:00:00,13514.73232,8565
L4T,2026-03-05 21:00:00,12717.81035,8565
L4T,2026-03-05 22:00:00,11709.584943999998,8565
L4T,2026-03-05 23:00:00,10605.61058,8565
L4T,2026-03-06 00:00:00,9765.809298,8564
L4T,2026-03-06 01:00:00,9109.716588,8564
L4T,2026-03-06 02:00:00,8638.264211,8564
L4T,2026-03-06 03:00:00,8463.143215,8565
L4T,2026-03-06 04:00:00,8802.153394,8565
L4T,2026-03-06 05:00:00,9188.823113999999,8565
L4T,2026-03-06 06:00:00,9592.365505,8565
L4T,2026-03-06 07:00:00,10127.559356,8565
L4T,2026-03-06 08:00:00,10620.431397,8565
L4T,2026-03-06 09:00:00,11188.093595999999,8565
L4T,2026-03-06 10:00:00,11631.099735,8565
L4T,2026-03-06 11:00:00,12192.1617,8565
L4T,2026-03-06 12:00:00,12301.219303,8565
L4T,2026-03-06 13:00:00,12299.851171,8565
L4T,2026-03-06 14:00:00,12216.041652,8565
L4T,2026-03-06 15:00:00,12371.783964999999,8565
L4T,2026-03-06 16:00:00,12665.995164,8565
L4T,2026-03-06 17:00:00,12915.640715000001,8565
L4T,2026-03-06 18:00:00,13264.983413000002,8565
L4T,2026-03-06 19:00:00,13642.558718,8565
L4T,2026-03-06 20:00:00,13831.50864,8565
L4T,2026-03-06 21:00:00,13392.634993,8565
L4T,2026-03-06 22:00:00,12420.309910999998,8565
L4T,2026-03-06 23:00:00,11421.513078,8565
L4T,2026-03-07 00:00:00,10435.388205000001,8564
L4T,2026-03-07 01:00:00,9577.442219,8565
L4T,2026-03-07 02:00:00,8954.800271,8565
L4T,2026-03-07 03:00:00,8570.651496,8565
L4T,2026-03-07 04:00:00,8649.792813,8565
L4T,2026-03-07 05:00:00,8667.394047,8565
L4T,2026-03-07 06:00:00,8772.733733000001,8565
L4T,2026-03-07 07:00:00,9287.97389,8565
L4T,2026-03-07 08:00:00,10270.193272999999,8565
L4T,2026-03-07 09:00:00,11072.453477000001,8565
L4T,2026-03-07 10:00:00,12054.053572,8565
L4T,2026-03-07 11:00:00,12665.07493,8565
L4T,2026-03-07 12:00:00,13425.085186,8565
L4T,2026-03-07 13:00:00,13054.535377,8565
L4T,2026-03-07 14:00:00,13156.930013000001,8565
L4T,2026-03-07 15:00:00,12921.814185,8565
L4T,2026-03-07 16:00:00,12892.14077,8565
L4T,2026-03-07 17:00:00,12964.770328,8565
L4T,2026-03-07 18:00:00,13169.593608,8565
L4T,2026-03-07 19:00:00,13229.021594000002,8565
L4T,2026-03-07 20:00:00,12880.48533,8565
L4T,2026-03-07 21:00:00,12484.838987,8565
L4T,2026-03-07 22:00:00,11502.741848999998,8565
L4T,2026-03-07 23:00:00,10463.472164,8565
L4T,2026-03-08 00:00:00,9524.986241999999,8564
L4T,2026-03-08 01:00:00,8836.740581,8565
L4T,2026-03-08 02:00:00,8294.954436,8565
L4T,2026-03-08 03:00:00,8116.752631,8565
L4T,2026-03-08 04:00:00,8257.496799,8565
L4T,2026-03-08 05:00:00,8236.927017,8565
L4T,2026-03-08 06:00:00,8522.886629999999,8565
L4T,2026-03-08 07:00:00,9147.009879,8565
L4T,2026-03-08 08:00:00,10191.050412,8565
L4T,2026-03-08 09:00:00,11177.581047,8565
L4T,2026-03-08 10:00:00,12251.568790000001,8565
L4T,2026-03-08 11:00:00,12769.378268,8565
L4T,2026-03-08 12:00:00,12831.258166,8565
L4T,2026-03-08 13:00:00,12944.236797,8565
L4T,2026-03-08 14:00:00,12867.186459,8565
L4T,2026-03-08 15:00:00,12782.273631,8565
L4T,2026-03-08 16:00:00,12934.37267,8565
L4T,2026-03-08 17:00:00,13270.349558,8565
L4T,2026-03-08 18:00:00,13862.607469999999,8565
L4T,2026-03-08 19:00:00,14218.283098999998,8565
L4T,2026-03-08 20:00:00,13832.293113000002,8565
L4T,2026-03-08 21:00:00,12759.866348,8565
L4T,2026-03-08 22:00:00,11377.617317,8565
L4T,2026-03-08 23:00:00,10020.283884,8565
L4T,2026-03-09 00:00:00,8873.786328,8564
L4T,2026-03-09 01:00:00,8203.558001,8565
L4T,2026-03-09 02:00:00,7902.9942,8565
L4T,2026-03-09 03:00:00,7856.964461,8565
L4T,2026-03-09 04:00:00,8398.345784000001,8565
L4T,2026-03-09 05:00:00,8870.641105,8565
L4T,2026-03-09 06:00:00,9457.014995,8565
L4T,2026-03-09 07:00:00,9790.681478999999,8565
L4T,2026-03-09 08:00:00,10080.971099,8565
L4T,2026-03-09 09:00:00,10352.082357,8565
L4T,2026-03-09 10:00:00,10611.446997,8565
L4T,2026-03-09 11:00:00,10647.580729,8565
L4T,2026-03-09 12:00:00,10654.081079,8565
L4T,2026-03-09 13:00:00,10273.608068000001,8565
L4T,2026-03-09 14:00:00,10278.618786,8565
L4T,2026-03-09 15:00:00,10674.637278,8565
L4T,2026-03-09 16:00:00,10746.036921,8565
L4T,2026-03-09 17:00:00,11153.311584000001,8565
L4T,2026-03-09 18:00:00,11656.645884,8565
L4T,2026-03-09 19:00:00,12075.467088000001,8565
L4T,2026-03-09 20:00:00,11529.559277,8565
L4T,2026-03-09 21:00:00,10599.569213,8565
L4T,2026-03-09 22:00:00,9580.561952,8565
L4T,2026-03-09 23:00:00,8535.295805,8567
L4T,2026-03-10 00:00:00,7775.5246910000005,8565
L4T,2026-03-10 01:00:00,7402.622797,8565
L4T,2026-03-10 02:00:00,7130.055649,8565
L4T,2026-03-10 03:00:00,7270.496445999999,8565
L4T,2026-03-10 04:00:00,7918.035057000001,8565
L4T,2026-03-10 05:00:00,8313.236863999999,8565
L4T,2026-03-10 06:00:00,8948.651106,8565
L4T,2026-03-10 07:00:00,9361.351104,8565
L4T,2026-03-10 08:00:00,9607.646518,8565
L4T,2026-03-10 09:00:00,9877.564994,8565
L4T,2026-03-10 10:00:00,10132.492547,8565
L4T,2026-03-10 11:00:00,10322.261043999999,8565
L4T,2026-03-10 12:00:00,10235.659808,8565
L4T,2026-03-10 13:00:00,10256.190277,8565
L4T,2026-03-10 14:00:00,10462.866057,8565
L4T,2026-03-10 15:00:00,10800.743236,8565
L4T,2026-03-10 16:00:00,11065.061754,8565
L4T,2026-03-10 17:00:00,11702.793062,8565
L4T,2026-03-10 18:00:00,12325.565864,8565
L4T,2026-03-10 19:00:00,12358.139012000001,8565
L4T,2026-03-10 20:00:00,11592.823328,8565
L4T,2026-03-10 21:00:00,10716.96548,8565
L4T,2026-03-10 22:00:00,9723.440185,8564
L4T,2026-03-10 23:00:00,8884.367539,8564
L4T,2026-03-11 00:00:00,8219.1518,8564
L4T,2026-03-11 01:00:00,7717.822076,8565
L4T,2026-03-11 02:00:00,7679.849695999999,8565
L4T,2026-03-11 03:00:00,7794.099495,8565
L4T,2026-03-11 04:00:00,8415.349888,8565
L4T,2026-03-11 05:00:00,8810.006820999999,8565
L4T,2026-03-11 06:00:00,9516.483791999999,8565
L4T,2026-03-11 07:00:00,9981.452604,8565
L4T,2026-03-11 08:00:00,10289.768441,8565
L4T,2026-03-11 09:00:00,10813.2454,8565
L4T,2026-03-11 10:00:00,11318.051101000001,8565
L4T,2026-03-11 11:00:00,11809.997667,8565
L4T,2026-03-11 12:00:00,11869.06414,8565
L4T,2026-03-11 13:00:00,11709.333773999999,8565
L4T,2026-03-11 14:00:00,11831.996156000001,8565
L4T,2026-03-11 15:00:00,12089.42432,8565
L4T,2026-03-11 16:00:00,12146.658992,8565
L4T,2026-03-11 17:00:00,12348.931433,8565
L4T,2026-03-11 18:00:00,12923.351193999999,8565
L4T,2026-03-11 19:00:00,13169.307854,8565
L4T,2026-03-11 20:00:00,12562.195868,8565
L4T,2026-03-11 21:00:00,11705.471463,8565
L4T,2026-03-11 22:00:00,10738.670845,8565
L4T,2026-03-11 23:00:00,9860.116392,8565
L4T,2026-03-12 00:00:00,9200.910144,8565
L4T,2026-03-12 01:00:00,8714.733008,8565
L4T,2026-03-12 02:00:00,8456.657069,8565
L4T,2026-03-12 03:00:00,8634.583584,8565
L4T,2026-03-12 04:00:00,9270.326182,8565
L4T,2026-03-12 05:00:00,9640.378571,8565
L4T,2026-03-12 06:00:00,10317.196905,8565
L4T,2026-03-12 07:00:00,10522.234271000001,8565
L4T,2026-03-12 08:00:00,10782.010299,8565
L4T,2026-03-12 09:00:00,11089.061199,8565
L4T,2026-03-12 10:00:00,11496.131569000001,8565
L4T,2026-03-12 11:00:00,11835.807972999999,8565
L4T,2026-03-12 12:00:00,11976.821209,8565
L4T,2026-03-12 13:00:00,11842.945212999999,8565
L4T,2026-03-12 14:00:00,11883.494863,8565
L4T,2026-03-12 15:00:00,12211.993194,8565
L4T,2026-03-12 16:00:00,12459.17189,8565
L4T,2026-03-12 17:00:00,12866.541642,8565
L4T,2026-03-12 18:00:00,13579.245052999999,8565
L4T,2026-03-12 19:00:00,13897.399081,8565
L4T,2026-03-12 20:00:00,13299.774007,8565
L4T,2026-03-12 21:00:00,12269.976301,8565
L4T,2026-03-12 22:00:00,11297.912724,8565
L4T,2026-03-12 23:00:00,10382.049076000001,8565
L4T,2026-03-13 00:00:00,9608.908169999999,8565
L4T,2026-03-13 01:00:00,9058.092415,8565
L4T,2026-03-13 02:00:00,8863.724051000001,8565
L4T,2026-03-13 03:00:00,8903.669156,8565
L4T,2026-03-13 04:00:00,9498.210899,8565
L4T,2026-03-13 05:00:00,9856.426892,8565
L4T,2026-03-13 06:00:00,10520.803924,8565
L4T,2026-03-13 07:00:00,10995.892763,8565
L4T,2026-03-13 08:00:00,11406.880068999999,8565
L4T,2026-03-13 09:00:00,11827.898056000002,8565
L4T,2026-03-13 10:00:00,12563.770421,8565
L4T,2026-03-13 11:00:00,13030.913949,8565
L4T,2026-03-13 12:00:00,12818.179269,8565
L4T,2026-03-13 13:00:00,12774.945338000001,8565
L4T,2026-03-13 14:00:00,12731.718252,8565
L4T,2026-03-13 15:00:00,13064.240171,8565
L4T,2026-03-13 16:00:00,12971.820955,8565
L4T,2026-03-13 17:00:00,13045.207482,8565
L4T,2026-03-13 18:00:00,13482.145904,8565
L4T,2026-03-13 19:00:00,13794.041307,8565
L4T,2026-03-13 20:00:00,13375.593842999999,8565
L4T,2026-03-13 21:00:00,12554.798142,8565
L4T,2026-03-13 22:00:00,11565.306259,8565
L4T,2026-03-13 23:00:00,10784.132306,8565
L4T,2026-03-14 00:00:00,9957.143496,8565
L4T,2026-03-14 01:00:00,9394.150959999999,8565
L4T,2026-03-14 02:00:00,9002.60119,8565
L4T,2026-03-14 03:00:00,8962.157464,8565
L4T,2026-03-14 04:00:00,9347.486609,8565
L4T,2026-03-14 05:00:00,9435.310151,8565
L4T,2026-03-14 06:00:00,9825.753732000001,8565
L4T,2026-03-14 07:00:00,10617.327703,8565
L4T,2026-03-14 08:00:00,11541.047396,8565
L4T,2026-03-14 09:00:00,12621.228961,8565
L4T,2026-03-14 10:00:00,13633.316010999999,8565
L4T,2026-03-14 11:00:00,14044.527563,8565
L4T,2026-03-14 12:00:00,14243.07699,8565
L4T,2026-03-14 13:00:00,14119.598892999998,8565
L4T,2026-03-14 14:00:00,13758.472635000002,8565
L4T,2026-03-14 15:00:00,13795.916928999999,8565
L4T,2026-03-14 16:00:00,13638.510745,8565
L4T,2026-03-14 17:00:00,13847.905004,8565
L4T,2026-03-14 18:00:00,14265.484369,8565
L4T,2026-03-14 19:00:00,14472.108638000002,8565
L4T,2026-03-14 20:00:00,14054.550079,8565
L4T,2026-03-14 21:00:00,13216.782943999999,8565
L4T,2026-03-14 22:00:00,12234.568663999999,8565
L4T,2026-03-14 23:00:00,11125.650877,8565
L4T,2026-03-15 00:00:00,10026.308944,8564
L4T,2026-03-15 01:00:00,9228.073017,8565
L4T,2026-03-15 02:00:00,9009.551327,8565
L4T,2026-03-15 03:00:00,8863.784872,8565
L4T,2026-03-15 04:00:00,9034.794926999999,8565
L4T,2026-03-15 05:00:00,9160.906572,8565
L4T,2026-03-15 06:00:00,9462.080881,8565
L4T,2026-03-15 07:00:00,10240.241888,8565
L4T,2026-03-15 08:00:00,11360.531181,8565
L4T,2026-03-15 09:00:00,12471.734475,8565
L4T,2026-03-15 10:00:00,13524.314342999998,8565
L4T,2026-03-15 11:00:00,14012.868418000002,8565
L4T,2026-03-15 12:00:00,14433.158304,8565
L4T,2026-03-15 13:00:00,14331.190116000002,8565
L4T,2026-03-15 14:00:00,14316.472166,8565
L4T,2026-03-15 15:00:00,14206.79613,8565
L4T,2026-03-15 16:00:00,14226.248780000002,8565
L4T,2026-03-15 17:00:00,14403.790907,8565
L4T,2026-03-15 18:00:00,14883.656976,8565
L4T,2026-03-15 19:00:00,14873.34758,8565
L4T,2026-03-15 20:00:00,14367.276597,8565
L4T,2026-03-15 21:00:00,13225.31351,8565
L4T,2026-03-15 22:00:00,11662.212458,8565
L4T,2026-03-15 23:00:00,10333.90727,8565
L4T,2026-03-16 00:00:00,9272.671476,8565
L4T,2026-03-16 01:00:00,8576.736862999998,8565
L4T,2026-03-16 02:00:00,8178.096758999999,8565
L4T,2026-03-16 03:00:00,8179.9515200000005,8565
L4T,2026-03-16 04:00:00,8634.08864,8565
L4T,2026-03-16 05:00:00,8825.193068,8565
L4T,2026-03-16 06:00:00,9185.002516,8565
L4T,2026-03-16 07:00:00,9696.192104,8565
L4T,2026-03-16 08:00:00,10206.085961,8565
L4T,2026-03-16 09:00:00,10684.356248,8565
L4T,2026-03-16 10:00:00,11293.687725,8565
L4T,2026-03-16 11:00:00,11754.990475,8565
L4T,2026-03-16 12:00:00,11850.294591,8565
L4T,2026-03-16 13:00:00,11890.187025,8565
L4T,2026-03-16 14:00:00,11846.55852,8565
L4T,2026-03-16 15:00:00,11985.720097,8565
L4T,2026-03-16 16:00:00,12436.126269,8565
L4T,2026-03-16 17:00:00,12969.576615,8565
L4T,2026-03-16 18:00:00,13497.177486,8565
L4T,2026-03-16 19:00:00,13570.047591999999,8565
L4T,2026-03-16 20:00:00,12812.038078,8565
L4T,2026-03-16 21:00:00,12052.249229000001,8565
L4T,2026-03-16 22:00:00,11039.587067,8565
L4T,2026-03-16 23:00:00,10313.153096,8565
L4T,2026-03-17 00:00:00,9723.210847999999,8565
L4T,2026-03-17 01:00:00,9249.26241,8565
L4T,2026-03-17 02:00:00,9137.843275,8565
L4T,2026-03-17 03:00:00,9323.291695,8565
L4T,2026-03-17 04:00:00,10006.552505,8565
L4T,2026-03-17 05:00:00,10338.87636,8565
L4T,2026-03-17 06:00:00,10802.660446,8565
L4T,2026-03-17 07:00:00,11377.172744,8565
L4T,2026-03-17 08:00:00,11958.671575,8565
L4T,2026-03-17 09:00:00,12648.454553,8565
L4T,2026-03-17 10:00:00,13089.73848,8565
L4T,2026-03-17 11:00:00,13133.620923,8565
L4T,2026-03-17 12:00:00,13050.192605,8565
L4T,2026-03-17 13:00:00,13016.017933,8565
L4T,2026-03-17 14:00:00,12850.258762000001,8565
L4T,2026-03-17 15:00:00,13105.480868999999,8565
L4T,2026-03-17 16:00:00,13406.013448999998,8565
L4T,2026-03-17 17:00:00,13626.830939,8565
L4T,2026-03-17 18:00:00,14452.341148,8565
L4T,2026-03-17 19:00:00,14707.301903,8565
L4T,2026-03-17 20:00:00,14187.039503,8565
L4T,2026-03-17 21:00:00,13162.219686,8565
L4T,2026-03-17 22:00:00,12031.337624,8564
L4T,2026-03-17 23:00:00,11043.960620999998,8564
L4T,2026-03-18 00:00:00,10363.964252,8564
L4T,2026-03-18 01:00:00,9868.638584,8565
L4T,2026-03-18 02:00:00,9620.559445,8565
L4T,2026-03-18 03:00:00,9619.815935,8565
L4T,2026-03-18 04:00:00,10026.262705000001,8565
L4T,2026-03-18 05:00:00,10243.653275,8565
L4T,2026-03-18 06:00:00,10634.556325,8565
L4T,2026-03-18 07:00:00,11036.225944,8565
L4T,2026-03-18 08:00:00,11413.552065,8565
L4T,2026-03-18 09:00:00,11692.855296000002,8565
L4T,2026-03-18 10:00:00,12304.55831,8565
L4T,2026-03-18 11:00:00,12587.058609,8565
L4T,2026-03-18 12:00:00,12720.957978999999,8565
L4T,2026-03-18 13:00:00,12748.523921,8565
L4T,2026-03-18 14:00:00,12570.689388,8565
L4T,2026-03-18 15:00:00,12863.301677,8565
L4T,2026-03-18 16:00:00,13211.771784,8565
L4T,2026-03-18 17:00:00,13563.53695,8565
L4T,2026-03-18 18:00:00,14044.855507,8565
L4T,2026-03-18 19:00:00,14153.481702,8565
L4T,2026-03-18 20:00:00,13729.291948,8565
L4T,2026-03-18 21:00:00,12642.769388,8565
L4T,2026-03-18 22:00:00,11583.091377,8565
L4T,2026-03-18 23:00:00,10752.922924999999,8566
L4T,2026-03-19 00:00:00,9839.070077,8564
L4T,2026-03-19 01:00:00,9376.271175,8565
L4T,2026-03-19 02:00:00,9021.886274,8565
L4T,2026-03-19 03:00:00,9049.6263,8565
L4T,2026-03-19 04:00:00,9447.818873,8565
L4T,2026-03-19 05:00:00,9674.865576,8565
L4T,2026-03-19 06:00:00,10063.698048,8565
L4T,2026-03-19 07:00:00,10647.7848,8565
L4T,2026-03-19 08:00:00,11145.076023,8565
L4T,2026-03-19 09:00:00,11423.487689,8565
L4T,2026-03-19 10:00:00,11776.925742000001,8565
L4T,2026-03-19 11:00:00,11916.474409,8565
L4T,2026-03-19 12:00:00,11845.942851,8565
L4T,2026-03-19 13:00:00,11606.608532999999,8565
L4T,2026-03-19 14:00:00,11614.865241,8565
L4T,2026-03-19 15:00:00,11865.030041,8565
L4T,2026-03-19 16:00:00,12086.251353,8565
L4T,2026-03-19 17:00:00,12524.824592,8565
L4T,2026-03-19 18:00:00,13086.094057,8565
L4T,2026-03-19 19:00:00,13391.093176999999,8565
L4T,2026-03-19 20:00:00,12925.581720999999,8565
L4T,2026-03-19 21:00:00,12127.44554,8565
L4T,2026-03-19 22:00:00,11172.022848,8565
L4T,2026-03-19 23:00:00,10289.072364,8565
L4T,2026-03-20 00:00:00,9654.622755,8565
L4T,2026-03-20 01:00:00,9108.184197999999,8565
L4T,2026-03-20 02:00:00,8798.200182,8565
L4T,2026-03-20 03:00:00,8677.42163,8565
L4T,2026-03-20 04:00:00,8963.162112,8565
L4T,2026-03-20 05:00:00,9349.233461,8565
L4T,2026-03-20 06:00:00,10017.139362,8565
L4T,2026-03-20 07:00:00,10764.871203,8565
L4T,2026-03-20 08:00:00,11315.742192,8565
L4T,2026-03-20 09:00:00,11778.058113,8565
L4T,2026-03-20 10:00:00,12378.104304,8565
L4T,2026-03-20 11:00:00,12694.448098,8565
L4T,2026-03-20 12:00:00,12409.848675000001,8565
L4T,2026-03-20 13:00:00,12000.999544,8565
L4T,2026-03-20 14:00:00,11812.474056,8565
L4T,2026-03-20 15:00:00,11873.464302999999,8565
L4T,2026-03-20 16:00:00,11866.421306,8565
L4T,2026-03-20 17:00:00,11998.89415,8565
L4T,2026-03-20 18:00:00,12583.888511999998,8565
L4T,2026-03-20 19:00:00,13082.189010999999,8565
L4T,2026-03-20 20:00:00,13010.600140999999,8565
L4T,2026-03-20 21:00:00,12195.53512,8565
L4T,2026-03-20 22:00:00,11208.800770999998,8565
L4T,2026-03-20 23:00:00,10331.569003,8565
L4T,2026-03-21 00:00:00,9561.431424,8565
L4T,2026-03-21 01:00:00,8903.090911,8565
L4T,2026-03-21 02:00:00,8542.723554999999,8565
L4T,2026-03-21 03:00:00,8372.266418,8565
L4T,2026-03-21 04:00:00,8416.354702,8565
L4T,2026-03-21 05:00:00,8588.32314,8565
L4T,2026-03-21 06:00:00,8945.876263,8565
L4T,2026-03-21 07:00:00,9974.755479,8565
L4T,2026-03-21 08:00:00,10965.286011,8565
L4T,2026-03-21 09:00:00,12019.478655,8565
L4T,2026-03-21 10:00:00,12942.894212000001,8565
L4T,2026-03-21 11:00:00,13399.778025,8565
L4T,2026-03-21 12:00:00,13466.11342,8565
L4T,2026-03-21 13:00:00,13676.156101,8565
L4T,2026-03-21 14:00:00,13644.423631,8565
L4T,2026-03-21 15:00:00,13596.590927999998,8565
L4T,2026-03-21 16:00:00,13739.261951,8565
L4T,2026-03-21 17:00:00,13820.616005,8565
L4T,2026-03-21 18:00:00,13943.495036,8565
L4T,2026-03-21 19:00:00,14091.255937,8565
L4T,2026-03-21 20:00:00,13600.59425,8565
L4T,2026-03-21 21:00:00,12633.483102,8565
L4T,2026-03-21 22:00:00,11434.608318999999,8565
L4T,2026-03-21 23:00:00,10456.146699,8565
L4T,2026-03-22 00:00:00,9641.107832000002,8565
L4T,2026-03-22 01:00:00,9014.502373,8565
L4T,2026-03-22 02:00:00,8567.196775999999,8565
L4T,2026-03-22 03:00:00,8308.112433,8565
L4T,2026-03-22 04:00:00,8306.021177,8565
L4T,2026-03-22 05:00:00,8461.204163,8565
L4T,2026-03-22 06:00:00,8797.670558,8565
L4T,2026-03-22 07:00:00,9688.721958,8565
L4T,2026-03-22 08:00:00,10807.222839,8565
L4T,2026-03-22 09:00:00,11938.936642,8565
L4T,2026-03-22 10:00:00,13041.207444000001,8565
L4T,2026-03-22 11:00:00,13807.720048000001,8565
L4T,2026-03-22 12:00:00,14012.652734000001,8565
L4T,2026-03-22 13:00:00,14047.603838000003,8565
L4T,2026-03-22 14:00:00,13981.300853,8565
L4T,2026-03-22 15:00:00,13987.611095,8565
L4T,2026-03-22 16:00:00,14021.320811999998,8565
L4T,2026-03-22 17:00:00,14275.666384,8565
L4T,2026-03-22 18:00:00,14552.079695999999,8565
L4T,2026-03-22 19:00:00,14735.459624000001,8565
L4T,2026-03-22 20:00:00,14268.784419,8565
L4T,2026-03-22 21:00:00,13056.493161,8565
L4T,2026-03-22 22:00:00,11729.814677,8564
L4T,2026-03-22 23:00:00,10399.679081999999,8567
L4T,2026-03-23 00:00:00,9421.66406,8566
L4T,2026-03-23 01:00:00,8739.89445,8567
L4T,2026-03-23 02:00:00,8510.466554,8567
L4T,2026-03-23 03:00:00,8466.734503,8567
L4T,2026-03-23 04:00:00,8836.931406,8567
L4T,2026-03-23 05:00:00,9341.847489,8567
L4T,2026-03-23 06:00:00,10163.602254000001,8567
L4T,2026-03-23 07:00:00,10583.758706,8567
L4T,2026-03-23 08:00:00,10997.696776,8567
L4T,2026-03-23 09:00:00,11461.337878,8567
L4T,2026-03-23 10:00:00,11855.65993,8567
L4T,2026-03-23 11:00:00,12021.414133,8567
L4T,2026-03-23 12:00:00,12023.362738,8567
L4T,2026-03-23 13:00:00,11794.989397,8567
L4T,2026-03-23 14:00:00,11672.679133,8567
L4T,2026-03-23 15:00:00,12062.740092,8567
L4T,2026-03-23 16:00:00,12330.530423,8567
L4T,2026-03-23 17:00:00,12948.020403999999,8567
L4T,2026-03-23 18:00:00,13514.275848000001,8567
L4T,2026-03-23 19:00:00,13960.108788000001,8567
L4T,2026-03-23 20:00:00,13452.069051,8567
L4T,2026-03-23 21:00:00,12432.161736,8567
L4T,2026-03-23 22:00:00,11362.253612,8567
L4T,2026-03-23 23:00:00,10383.986998,8567
L4T,2026-03-24 00:00:00,9639.148494000001,8567
L4T,2026-03-24 01:00:00,9131.328068,8567
L4T,2026-03-24 02:00:00,8961.158534,8567
L4T,2026-03-24 03:00:00,8914.875215,8567
L4T,2026-03-24 04:00:00,9286.820308999999,8567
L4T,2026-03-24 05:00:00,9842.460006000001,8567
L4T,2026-03-24 06:00:00,10567.580852,8567
L4T,2026-03-24 07:00:00,10734.536585,8567
L4T,2026-03-24 08:00:00,10883.038128,8567
L4T,2026-03-24 09:00:00,11034.467845,8567
L4T,2026-03-24 10:00:00,11515.792526,8567
L4T,2026-03-24 11:00:00,11682.034017,8567
L4T,2026-03-24 12:00:00,11581.616159000001,8567
L4T,2026-03-24 13:00:00,11621.719541,8567
L4T,2026-03-24 14:00:00,11577.556932,8567
L4T,2026-03-24 15:00:00,11729.83981,8567
L4T,2026-03-24 16:00:00,11958.212308999999,8567
L4T,2026-03-24 17:00:00,12334.985911000002,8567
L4T,2026-03-24 18:00:00,13085.435526000001,8567
L4T,2026-03-24 19:00:00,13410.850825,8567
L4T,2026-03-24 20:00:00,12816.157189,8567
L4T,2026-03-24 21:00:00,11878.33239,8567
L4T,2026-03-24 22:00:00,10695.677077,8566
L4T,2026-03-24 23:00:00,9809.818236,8566
L4T,2026-03-25 00:00:00,9058.421462999999,8566
L4T,2026-03-25 01:00:00,8598.026756,8567
L4T,2026-03-25 02:00:00,8333.66801,8566
L4T,2026-03-25 03:00:00,8425.143923,8567
L4T,2026-03-25 04:00:00,8899.440176,8567
L4T,2026-03-25 05:00:00,9493.334087,8567
L4T,2026-03-25 06:00:00,10190.160613,8567
L4T,2026-03-25 07:00:00,10572.715434,8567
L4T,2026-03-25 08:00:00,10801.74414,8567
L4T,2026-03-25 09:00:00,10970.589388,8567
L4T,2026-03-25 10:00:00,11208.665957,8567
L4T,2026-03-25 11:00:00,11419.906694000001,8567
L4T,2026-03-25 12:00:00,11144.265875000001,8567
L4T,2026-03-25 13:00:00,10987.264852,8567
L4T,2026-03-25 14:00:00,11191.331652,8567
L4T,2026-03-25 15:00:00,11719.902252,8567
L4T,2026-03-25 16:00:00,12116.476202,8567
L4T,2026-03-25 17:00:00,12431.820582,8567
L4T,2026-03-25 18:00:00,12963.920825,8567
L4T,2026-03-25 19:00:00,13165.452250999999,8567
L4T,2026-03-25 20:00:00,12638.574943,8567
L4T,2026-03-25 21:00:00,11634.001975,8567
L4T,2026-03-25 22:00:00,10489.345583999999,8567
L4T,2026-03-25 23:00:00,9505.222557000001,8567
L4T,2026-03-26 00:00:00,8788.248489,8566
L4T,2026-03-26 01:00:00,8358.86945,8567
L4T,2026-03-26 02:00:00,8120.3536779999995,8567
L4T,2026-03-26 03:00:00,8255.868972,8567
L4T,2026-03-26 04:00:00,8637.016988,8567
L4T,2026-03-26 05:00:00,9208.569723,8567
L4T,2026-03-26 06:00:00,9977.928991,8567
L4T,2026-03-26 07:00:00,10187.590733000001,8567
L4T,2026-03-26 08:00:00,10490.56528,8567
L4T,2026-03-26 09:00:00,10814.750689,8567
L4T,2026-03-26 10:00:00,11139.475715,8567
L4T,2026-03-26 11:00:00,11445.782541999999,8567
L4T,2026-03-26 12:00:00,11396.047129999999,8567
L4T,2026-03-26 13:00:00,11216.464189,8567
L4T,2026-03-26 14:00:00,11433.068277,8567
L4T,2026-03-26 15:00:00,11737.448596,8567
L4T,2026-03-26 16:00:00,12030.267042,8567
L4T,2026-03-26 17:00:00,12232.492805000002,8567
L4T,2026-03-26 18:00:00,12474.986293,8567
L4T,2026-03-26 19:00:00,12635.644639,8567
L4T,2026-03-26 20:00:00,12291.749849,8567
L4T,2026-03-26 21:00:00,11573.881228999999,8567
L4T,2026-03-26 22:00:00,10701.666151000001,8567
L4T,2026-03-26 23:00:00,9948.938871999999,8567
L4T,2026-03-27 00:00:00,9291.188996,8566
L4T,2026-03-27 01:00:00,8827.351591,8567
L4T,2026-03-27 02:00:00,8756.10406,8567
L4T,2026-03-27 03:00:00,8827.065778,8567
L4T,2026-03-27 04:00:00,9340.379378,8567
L4T,2026-03-27 05:00:00,9786.939282,8567
L4T,2026-03-27 06:00:00,10580.443493,8567
L4T,2026-03-27 07:00:00,10869.669601,8567
L4T,2026-03-27 08:00:00,11086.887506,8567
L4T,2026-03-27 09:00:00,11525.862028,8567
L4T,2026-03-27 10:00:00,11938.553274,8567
L4T,2026-03-27 11:00:00,12029.527428,8567
L4T,2026-03-27 12:00:00,11874.775663,8567
L4T,2026-03-27 13:00:00,11525.074721,8567
L4T,2026-03-27 14:00:00,11402.412691999998,8567
L4T,2026-03-27 15:00:00,11570.54366,8567
L4T,2026-03-27 16:00:00,11458.970633,8567
L4T,2026-03-27 17:00:00,11667.284115,8567
L4T,2026-03-27 18:00:00,12631.141526000001,8567
L4T,2026-03-27 19:00:00,13527.984163,8567
L4T,2026-03-27 20:00:00,13564.821698000002,8567
L4T,2026-03-27 21:00:00,12936.636,8567
L4T,2026-03-27 22:00:00,11852.597998,8567
L4T,2026-03-27 23:00:00,10959.246172,8567
L4T,2026-03-28 00:00:00,10100.631117,8567
L4T,2026-03-28 01:00:00,9428.064535000001,8567
L4T,2026-03-28 02:00:00,9005.540874,8567
L4T,2026-03-28 03:00:00,8898.951764000001,8567
L4T,2026-03-28 04:00:00,9010.659936,8567
L4T,2026-03-28 05:00:00,9278.283193,8567
L4T,2026-03-28 06:00:00,9787.032559,8567
L4T,2026-03-28 07:00:00,10854.249659000001,8567
L4T,2026-03-28 08:00:00,11767.312864,8567
L4T,2026-03-28 09:00:00,12757.027283,8567
L4T,2026-03-28 10:00:00,13659.510794,8567
L4T,2026-03-28 11:00:00,14019.728829,8567
L4T,2026-03-28 12:00:00,14044.207026999999,8567
L4T,2026-03-28 13:00:00,13868.436811000001,8567
L4T,2026-03-28 14:00:00,13779.3132,8567
L4T,2026-03-28 15:00:00,13675.487282,8567
L4T,2026-03-28 16:00:00,13629.259051,8567
L4T,2026-03-28 17:00:00,13872.992891,8567
L4T,2026-03-28 18:00:00,14457.223457999999,8567
L4T,2026-03-28 19:00:00,14475.163064,8567
L4T,2026-03-28 20:00:00,13944.315935999999,8567
L4T,2026-03-28 21:00:00,13107.005116,8567
L4T,2026-03-28 22:00:00,11847.099069999998,8567
L4T,2026-03-28 23:00:00,10744.42603,8567
L4T,2026-03-29 00:00:00,9798.29925,8567
L4T,2026-03-29 01:00:00,8932.496536999999,8567
L4T,2026-03-29 02:00:00,8669.960667,8567
L4T,2026-03-29 03:00:00,8522.726093000001,8567
L4T,2026-03-29 04:00:00,8495.395312999999,8567
L4T,2026-03-29 05:00:00,8656.161495,8567
L4T,2026-03-29 06:00:00,9056.618897,8567
L4T,2026-03-29 07:00:00,9878.342786000001,8567
L4T,2026-03-29 08:00:00,10939.409392,8567
L4T,2026-03-29 09:00:00,12067.6932,8567
L4T,2026-03-29 10:00:00,12711.529491000001,8567
L4T,2026-03-29 11:00:00,13129.927517,8567
L4T,2026-03-29 12:00:00,13355.044597,8567
L4T,2026-03-29 13:00:00,13173.031514999999,8567
L4T,2026-03-29 14:00:00,13020.865559999998,8567
L4T,2026-03-29 15:00:00,13079.931937,8567
L4T,2026-03-29 16:00:00,13197.232729,8567
L4T,2026-03-29 17:00:00,13553.978169,8567
L4T,2026-03-29 18:00:00,13930.481554000002,8567
L4T,2026-03-29 19:00:00,14277.653706000001,8567
L4T,2026-03-29 20:00:00,13728.902677999999,8567
L4T,2026-03-29 21:00:00,12641.754487,8567
L4T,2026-03-29 22:00:00,11108.728036999999,8567
L4T,2026-03-29 23:00:00,9846.602275,8567
L4T,2026-03-30 00:00:00,8823.68658,8567
L4T,2026-03-30 01:00:00,8255.77186,8567
L4T,2026-03-30 02:00:00,8018.457533999999,8566
L4T,2026-03-30 03:00:00,8095.408443,8567
L4T,2026-03-30 04:00:00,8428.832671,8567
L4T,2026-03-30 05:00:00,8985.337873,8567
L4T,2026-03-30 06:00:00,9775.190158000001,8567
L4T,2026-03-30 07:00:00,10059.562452,8567
L4T,2026-03-30 08:00:00,10252.451355000001,8567
L4T,2026-03-30 09:00:00,10469.565446,8567
L4T,2026-03-30 10:00:00,10750.782965,8567
L4T,2026-03-30 11:00:00,10898.330674,8567
L4T,2026-03-30 12:00:00,10729.910977,8567
L4T,2026-03-30 13:00:00,10454.875551000001,8567
L4T,2026-03-30 14:00:00,10309.864628,8567
L4T,2026-03-30 15:00:00,10556.650880000001,8567
L4T,2026-03-30 16:00:00,10654.380855,8567
L4T,2026-03-30 17:00:00,10890.138809,8567
L4T,2026-03-30 18:00:00,11580.057324,8567
L4T,2026-03-30 19:00:00,12081.194714000001,8567
L4T,2026-03-30 20:00:00,11492.380795000001,8567
L4T,2026-03-30 21:00:00,10444.664663,8567
L4T,2026-03-30 22:00:00,9297.438536,8567
L4T,2026-03-30 23:00:00,8349.963155,8567
L4T,2026-03-31 00:00:00,7659.305912,8567
L4T,2026-03-31 01:00:00,7089.170048,8567
L4T,2026-03-31 02:00:00,6824.273178,8567
L4T,2026-03-31 03:00:00,6887.236003,8567
L4T,2026-03-31 04:00:00,7243.9908,8567
L4T,2026-03-31 05:00:00,7730.002258,8567
L4T,2026-03-31 06:00:00,8557.271637,8567
L4T,2026-03-31 07:00:00,9013.644049,8567
L4T,2026-03-31 08:00:00,9368.985471,8567
L4T,2026-03-31 09:00:00,9704.102657,8567
L4T,2026-03-31 10:00:00,10060.005705,8567
L4T,2026-03-31 11:00:00,10360.636607,8566
L4T,2026-03-31 12:00:00,10345.545978,8566
L4T,2026-03-31 13:00:00,10223.560123,8566
L4T,2026-03-31 14:00:00,10285.849545000001,8566
L4T,2026-03-31 15:00:00,10533.876575999999,8566
L4T,2026-03-31 16:00:00,10704.012622999999,8566
L4T,2026-03-31 17:00:00,11239.795702,8566
L4T,2026-03-31 18:00:00,11934.616433,8566
L4T,2026-03-31 19:00:00,12073.161680000001,8566
L4T,2026-03-31 20:00:00,11441.940106999999,8566
L4T,2026-03-31 21:00:00,10420.361433,8566
L4T,2026-03-31 22:00:00,9203.14799,8565
L4T,2026-03-31 23:00:00,8369.564396,8567
L4T,2026-04-01 00:00:00,7738.618811,8564
L4T,2026-04-01 01:00:00,7344.7298470000005,8565
L4T,2026-04-01 02:00:00,7227.152099,8564
L4T,2026-04-01 03:00:00,7442.765098,8565
L4T,2026-04-01 04:00:00,7840.899912999999,8565
L4T,2026-04-01 05:00:00,8523.069715,8565
L4T,2026-04-01 06:00:00,9409.328783,8565
L4T,2026-04-01 07:00:00,9993.383326,8565
L4T,2026-04-01 08:00:00,10475.164152000001,8565
L4T,2026-04-01 09:00:00,10868.766544,8565
L4T,2026-04-01 10:00:00,11234.467139,8565
L4T,2026-04-01 11:00:00,11520.7318,8565
L4T,2026-04-01 12:00:00,11582.135515,8565
L4T,2026-04-01 13:00:00,11351.723749,8565
L4T,2026-04-01 14:00:00,11552.476937,8565
L4T,2026-04-01 15:00:00,11768.582385,8565
L4T,2026-04-01 16:00:00,11952.041802,8565
L4T,2026-04-01 17:00:00,12056.307405,8565
L4T,2026-04-01 18:00:00,12687.728057,8565
L4T,2026-04-01 19:00:00,13093.792826,8565
L4T,2026-04-01 20:00:00,12720.953296,8565
L4T,2026-04-01 21:00:00,11785.433371,8565
L4T,2026-04-01 22:00:00,10664.301087,8565
L4T,2026-04-01 23:00:00,9721.45114,8565
L4T,2026-04-02 00:00:00,8946.157159,8564
L4T,2026-04-02 01:00:00,8459.246085,8565
L4T,2026-04-02 02:00:00,8237.398926999998,8565
L4T,2026-04-02 03:00:00,8251.138346,8565
L4T,2026-04-02 04:00:00,8655.957579,8565
L4T,2026-04-02 05:00:00,9081.658483000001,8565
L4T,2026-04-02 06:00:00,9885.274131,8565
L4T,2026-04-02 07:00:00,10292.154997,8565
L4T,2026-04-02 08:00:00,10755.119338,8565
L4T,2026-04-02 09:00:00,11101.560806,8565
L4T,2026-04-02 10:00:00,11627.603766,8565
L4T,2026-04-02 11:00:00,11915.210284,8565
L4T,2026-04-02 12:00:00,11972.371301,8565
L4T,2026-04-02 13:00:00,12001.179185,8565
L4T,2026-04-02 14:00:00,12177.808035,8565
L4T,2026-04-02 15:00:00,12319.912765000001,8565
L4T,2026-04-02 16:00:00,12449.423252,8565
L4T,2026-04-02 17:00:00,12584.096809,8565
L4T,2026-04-02 18:00:00,12825.672190000001,8565
L4T,2026-04-02 19:00:00,13095.711268,8565
L4T,2026-04-02 20:00:00,12622.287539,8565
L4T,2026-04-02 21:00:00,11827.232365,8565
L4T,2026-04-02 22:00:00,10833.331466,8565
L4T,2026-04-02 23:00:00,9777.629100999999,8565
L4T,2026-04-03 00:00:00,8963.98903,8564
L4T,2026-04-03 01:00:00,8335.867326,8565
L4T,2026-04-03 02:00:00,8004.887523,8565
L4T,2026-04-03 03:00:00,7821.482945,8565
L4T,2026-04-03 04:00:00,7868.467226000001,8565
L4T,2026-04-03 05:00:00,8069.264798,8565
L4T,2026-04-03 06:00:00,8318.573715999999,8565
L4T,2026-04-03 07:00:00,9017.77942,8565
L4T,2026-04-03 08:00:00,9521.359558,8565
L4T,2026-04-03 09:00:00,10377.062676,8565
L4T,2026-04-03 10:00:00,10918.724374,8565
L4T,2026-04-03 11:00:00,11309.167879,8565
L4T,2026-04-03 12:00:00,11417.398659999999,8565
L4T,2026-04-03 13:00:00,11149.311843,8565
L4T,2026-04-03 14:00:00,10863.621869,8565
L4T,2026-04-03 15:00:00,10876.630377,8565
L4T,2026-04-03 16:00:00,10863.245914,8565
L4T,2026-04-03 17:00:00,10794.495217,8565
L4T,2026-04-03 18:00:00,11200.102611,8565
L4T,2026-04-03 19:00:00,11964.323371999999,8565
L4T,2026-04-03 20:00:00,11808.486931000001,8565
L4T,2026-04-03 21:00:00,11061.72839,8565
L4T,2026-04-03 22:00:00,10127.168881,8565
L4T,2026-04-03 23:00:00,9144.18576,8566
L4T,2026-04-04 00:00:00,8447.416168,8566
L4T,2026-04-04 01:00:00,7899.416757,8566
L4T,2026-04-04 02:00:00,7541.6707289999995,8566
L4T,2026-04-04 03:00:00,7488.508985,8566
L4T,2026-04-04 04:00:00,7659.826075000001,8566
L4T,2026-04-04 05:00:00,7799.164199999999,8566
L4T,2026-04-04 06:00:00,8334.642397,8566
L4T,2026-04-04 07:00:00,9311.795244,8566
L4T,2026-04-04 08:00:00,10600.181819,8566
L4T,2026-04-04 09:00:00,11892.105533999998,8566
L4T,2026-04-04 10:00:00,13019.165925000001,8566
L4T,2026-04-04 11:00:00,13604.976939,8566
L4T,2026-04-04 12:00:00,13877.188684,8566
L4T,2026-04-04 13:00:00,13557.41795,8566
L4T,2026-04-04 14:00:00,13295.702392000001,8566
L4T,2026-04-04 15:00:00,13007.130043000001,8566
L4T,2026-04-04 16:00:00,12792.763992,8566
L4T,2026-04-04 17:00:00,12970.121564,8566
L4T,2026-04-04 18:00:00,13347.852074,8566
L4T,2026-04-04 19:00:00,13429.492617000002,8566
L4T,2026-04-04 20:00:00,12913.679868000001,8566
L4T,2026-04-04 21:00:00,12032.588655000001,8566
L4T,2026-04-04 22:00:00,10898.399733,8566
L4T,2026-04-04 23:00:00,9953.267485,8566
L4T,2026-04-05 00:00:00,8976.224489,8566
L4T,2026-04-05 01:00:00,8221.984364,8566
L4T,2026-04-05 02:00:00,7821.200296,8566
L4T,2026-04-05 03:00:00,7622.473924,8566
L4T,2026-04-05 04:00:00,7697.951614,8566
L4T,2026-04-05 05:00:00,7874.6996070000005,8566
L4T,2026-04-05 06:00:00,8496.01923,8566
L4T,2026-04-05 07:00:00,9255.372527,8566
L4T,2026-04-05 08:00:00,10358.701196,8566
L4T,2026-04-05 09:00:00,11548.440771000001,8566
L4T,2026-04-05 10:00:00,12614.721632,8566
L4T,2026-04-05 11:00:00,13328.602432,8566
L4T,2026-04-05 12:00:00,13390.992997000001,8566
L4T,2026-04-05 13:00:00,13515.055400000001,8566
L4T,2026-04-05 14:00:00,13376.888193,8566
L4T,2026-04-05 15:00:00,13279.609729999998,8566
L4T,2026-04-05 16:00:00,13424.002301999999,8566
L4T,2026-04-05 17:00:00,13621.278564,8566
L4T,2026-04-05 18:00:00,14058.102572,8566
L4T,2026-04-05 19:00:00,14301.849877,8566
L4T,2026-04-05 20:00:00,13831.492028,8566
L4T,2026-04-05 21:00:00,12867.685637999999,8566
L4T,2026-04-05 22:00:00,11484.467418,8565
L4T,2026-04-05 23:00:00,10244.82884,8566
L4T,2026-04-06 00:00:00,9218.599231,8565
L4T,2026-04-06 01:00:00,8622.604495,8566
L4T,2026-04-06 02:00:00,8305.243403,8566
L4T,2026-04-06 03:00:00,8134.090923000001,8566
L4T,2026-04-06 04:00:00,8433.449129999999,8566
L4T,2026-04-06 05:00:00,8760.596228,8566
L4T,2026-04-06 06:00:00,9173.99595,8566
L4T,2026-04-06 07:00:00,9907.512061,8566
L4T,2026-04-06 08:00:00,10530.162776000001,8566
L4T,2026-04-06 09:00:00,11125.712849,8566
L4T,2026-04-06 10:00:00,11538.417801000001,8566
L4T,2026-04-06 11:00:00,11821.999921,8566
L4T,2026-04-06 12:00:00,11900.906812,8566
L4T,2026-04-06 13:00:00,11886.020363,8566
L4T,2026-04-06 14:00:00,11634.838195,8566
L4T,2026-04-06 15:00:00,11779.735619,8566
L4T,2026-04-06 16:00:00,11902.07567,8566
L4T,2026-04-06 17:00:00,12341.53556,8566
L4T,2026-04-06 18:00:00,12703.064434,8566
L4T,2026-04-06 19:00:00,13104.278559999999,8566
L4T,2026-04-06 20:00:00,12824.35516,8566
L4T,2026-04-06 21:00:00,11994.870669000002,8566
L4T,2026-04-06 22:00:00,10561.498564,8566
L4T,2026-04-06 23:00:00,9573.834317,8566
L4T,2026-04-07 00:00:00,9040.843977,8566
L4T,2026-04-07 01:00:00,8586.449459,8566
L4T,2026-04-07 02:00:00,8416.288327,8566
L4T,2026-04-07 03:00:00,8585.037215,8566
L4T,2026-04-07 04:00:00,8976.85284,8566
L4T,2026-04-07 05:00:00,9570.854867,8566
L4T,2026-04-07 06:00:00,10299.005687,8566
L4T,2026-04-07 07:00:00,10651.936188,8566
L4T,2026-04-07 08:00:00,11190.508864,8566
L4T,2026-04-07 09:00:00,11521.435459,8566
L4T,2026-04-07 10:00:00,11950.550798,8566
L4T,2026-04-07 11:00:00,12088.032158,8564
L4T,2026-04-07 12:00:00,11948.637542,8563
L4T,2026-04-07 13:00:00,11738.654095000002,8564
L4T,2026-04-07 14:00:00,11711.968979,8564
L4T,2026-04-07 15:00:00,11703.669239,8564
L4T,2026-04-07 16:00:00,11748.946023,8564
L4T,2026-04-07 17:00:00,11899.855928,8564
L4T,2026-04-07 18:00:00,12619.454633000001,8564
L4T,2026-04-07 19:00:00,13541.567229,8564
L4T,2026-04-07 20:00:00,13300.06037,8564
L4T,2026-04-07 21:00:00,12256.216044,8564
L4T,2026-04-07 22:00:00,11020.957378000001,8563
L4T,2026-04-07 23:00:00,10120.349286,8563
L4T,2026-04-08 00:00:00,9358.406539,8563
L4T,2026-04-08 01:00:00,8906.985903,8564
L4T,2026-04-08 02:00:00,8698.597266,8563
L4T,2026-04-08 03:00:00,8709.538551000001,8564
L4T,2026-04-08 04:00:00,9079.124301,8564
L4T,2026-04-08 05:00:00,9657.000173,8564
L4T,2026-04-08 06:00:00,10428.558588,8564
L4T,2026-04-08 07:00:00,10489.939211,8564
L4T,2026-04-08 08:00:00,10677.926574000001,8564
L4T,2026-04-08 09:00:00,10942.564511999999,8564
L4T,2026-04-08 10:00:00,11304.723908,8564
L4T,2026-04-08 11:00:00,11570.842704,8564
L4T,2026-04-08 12:00:00,11514.126623,8564
L4T,2026-04-08 13:00:00,11302.608471,8564
L4T,2026-04-08 14:00:00,11112.235411,8564
L4T,2026-04-08 15:00:00,11252.772415,8564
L4T,2026-04-08 16:00:00,11317.178321,8564
L4T,2026-04-08 17:00:00,11577.849948,8564
L4T,2026-04-08 18:00:00,12287.756142000002,8564
L4T,2026-04-08 19:00:00,12907.029827999999,8564
L4T,2026-04-08 20:00:00,12635.475788000002,8564
L4T,2026-04-08 21:00:00,11661.23104,8564
L4T,2026-04-08 22:00:00,10497.440338,8564
L4T,2026-04-08 23:00:00,9460.107775,8565
L4T,2026-04-09 00:00:00,8703.910399999999,8563
L4T,2026-04-09 01:00:00,8330.375862,8564
L4T,2026-04-09 02:00:00,8036.568837999999,8564
L4T,2026-04-09 03:00:00,8125.512738,8564
L4T,2026-04-09 04:00:00,8448.470073,8564
L4T,2026-04-09 05:00:00,8975.531377,8564
L4T,2026-04-09 06:00:00,9635.745737000001,8564
L4T,2026-04-09 07:00:00,9839.452047,8564
L4T,2026-04-09 08:00:00,10063.3237,8564
L4T,2026-04-09 09:00:00,10235.201335,8564
L4T,2026-04-09 10:00:00,10567.364915,8564
L4T,2026-04-09 11:00:00,10891.817746,8563
L4T,2026-04-09 12:00:00,10883.652247000002,8564
L4T,2026-04-09 13:00:00,10738.545837,8564
L4T,2026-04-09 14:00:00,10545.013444,8564
L4T,2026-04-09 15:00:00,10449.088163,8564
L4T,2026-04-09 16:00:00,10611.723020000001,8564
L4T,2026-04-09 17:00:00,10773.255820999999,8564
L4T,2026-04-09 18:00:00,11172.021188,8564
L4T,2026-04-09 19:00:00,11976.003423,8564
L4T,2026-04-09 20:00:00,11834.418308,8564
L4T,2026-04-09 21:00:00,10789.92671,8564
L4T,2026-04-09 22:00:00,9760.991258,8564
L4T,2026-04-09 23:00:00,8786.130772999999,8563
L4T,2026-04-10 00:00:00,8098.460550999999,8563
L4T,2026-04-10 01:00:00,7642.872073,8564
L4T,2026-04-10 02:00:00,7471.188926999999,8564
L4T,2026-04-10 03:00:00,7474.974097,8564
L4T,2026-04-10 04:00:00,7841.914547,8564
L4T,2026-04-10 05:00:00,8393.753078,8564
L4T,2026-04-10 06:00:00,9269.854032,8564
L4T,2026-04-10 07:00:00,9850.03525,8564
L4T,2026-04-10 08:00:00,10285.55369,8564
L4T,2026-04-10 09:00:00,10757.867523,8564
L4T,2026-04-10 10:00:00,11302.857006,8564
L4T,2026-04-10 11:00:00,11718.983625,8564
L4T,2026-04-10 12:00:00,11646.603593,8564
L4T,2026-04-10 13:00:00,11322.399331,8564
L4T,2026-04-10 14:00:00,11420.789872,8564
L4T,2026-04-10 15:00:00,11446.661347000001,8564
L4T,2026-04-10 16:00:00,11526.479771,8564
L4T,2026-04-10 17:00:00,11696.166495,8564
L4T,2026-04-10 18:00:00,12153.142424,8564
L4T,2026-04-10 19:00:00,12699.946072,8564
L4T,2026-04-10 20:00:00,12532.510092999999,8564
L4T,2026-04-10 21:00:00,11813.519718,8564
L4T,2026-04-10 22:00:00,10729.118182,8564
L4T,2026-04-10 23:00:00,9810.996532,8564
L4T,2026-04-11 00:00:00,8989.954946,8563
L4T,2026-04-11 01:00:00,8357.973381,8563
L4T,2026-04-11 02:00:00,8040.466618,8563
L4T,2026-04-11 03:00:00,7933.735703,8563
L4T,2026-04-11 04:00:00,8136.206255,8563
L4T,2026-04-11 05:00:00,8394.532557,8563
L4T,2026-04-11 06:00:00,8858.593294,8563
L4T,2026-04-11 07:00:00,9755.707524000001,8563
L4T,2026-04-11 08:00:00,10725.692633,8563
L4T,2026-04-11 09:00:00,11697.335745999999,8563
L4T,2026-04-11 10:00:00,12414.820752,8563
L4T,2026-04-11 11:00:00,12780.586070000001,8563
L4T,2026-04-11 12:00:00,12709.35396,8563
L4T,2026-04-11 13:00:00,12490.453912,8563
L4T,2026-04-11 14:00:00,12270.168106000001,8563
L4T,2026-04-11 15:00:00,12077.82922,8563
L4T,2026-04-11 16:00:00,12051.747645,8563
L4T,2026-04-11 17:00:00,12049.492969,8563
L4T,2026-04-11 18:00:00,12253.856872,8563
L4T,2026-04-11 19:00:00,12825.751549999999,8563
L4T,2026-04-11 20:00:00,12708.069308999999,8563
L4T,2026-04-11 21:00:00,12253.211013,8563
L4T,2026-04-11 22:00:00,11046.537067,8563
L4T,2026-04-11 23:00:00,10019.832244000001,8563
L4T,2026-04-12 00:00:00,9092.823163000001,8563
L4T,2026-04-12 01:00:00,8413.266104,8563
L4T,2026-04-12 02:00:00,7925.577891999999,8563
L4T,2026-04-12 03:00:00,7625.138135,8563
L4T,2026-04-12 04:00:00,7640.98331,8563
L4T,2026-04-12 05:00:00,7846.915833000001,8563
L4T,2026-04-12 06:00:00,8318.881937,8563
L4T,2026-04-12 07:00:00,9357.516838,8563
L4T,2026-04-12 08:00:00,10509.508505000002,8563
L4T,2026-04-12 09:00:00,11672.320832999998,8563
L4T,2026-04-12 10:00:00,12668.592015,8563
L4T,2026-04-12 11:00:00,13460.169603,8563
L4T,2026-04-12 12:00:00,13748.607181,8563
L4T,2026-04-12 13:00:00,13805.694633000001,8563
L4T,2026-04-12 14:00:00,13792.259739000001,8563
L4T,2026-04-12 15:00:00,13472.002742,8563
L4T,2026-04-12 16:00:00,13573.653113,8563
L4T,2026-04-12 17:00:00,13557.345503,8563
L4T,2026-04-12 18:00:00,13657.132225000001,8563
L4T,2026-04-12 19:00:00,14063.875745,8563
L4T,2026-04-12 20:00:00,13639.030008,8563
L4T,2026-04-12 21:00:00,12525.194844,8563
L4T,2026-04-12 22:00:00,10961.672792,8562
L4T,2026-04-12 23:00:00,9602.340875,8562
L4T,2026-04-13 00:00:00,8552.675595,8562
L4T,2026-04-13 01:00:00,7894.286695,8563
L4T,2026-04-13 02:00:00,7610.112169,8563
L4T,2026-04-13 03:00:00,7492.326217,8563
L4T,2026-04-13 04:00:00,7806.2364689999995,8563
L4T,2026-04-13 05:00:00,8375.606052,8563
L4T,2026-04-13 06:00:00,9047.36448,8563
L4T,2026-04-13 07:00:00,9367.914848,8563
L4T,2026-04-13 08:00:00,9619.035275999999,8563
L4T,2026-04-13 09:00:00,10051.544957,8563
L4T,2026-04-13 10:00:00,10421.488753000001,8563
L4T,2026-04-13 11:00:00,10664.947192,8563
L4T,2026-04-13 12:00:00,10491.397401999999,8563
L4T,2026-04-13 13:00:00,10228.174041,8563
L4T,2026-04-13 14:00:00,10165.020688999999,8563
L4T,2026-04-13 15:00:00,10397.887662,8563
L4T,2026-04-13 16:00:00,10442.593248000001,8563
L4T,2026-04-13 17:00:00,10434.432829000001,8563
L4T,2026-04-13 18:00:00,10898.944617000001,8563
L4T,2026-04-13 19:00:00,11583.707064999999,8563
L4T,2026-04-13 20:00:00,11314.693674999999,8563
L4T,2026-04-13 21:00:00,10438.605257,8563
L4T,2026-04-13 22:00:00,9221.7684,8563
L4T,2026-04-13 23:00:00,8259.038761,8563
L4T,2026-04-14 00:00:00,7447.547261,8562
L4T,2026-04-14 01:00:00,6950.2422879999995,8563
L4T,2026-04-14 02:00:00,6682.441677,8562
L4T,2026-04-14 03:00:00,6724.076655,8563
L4T,2026-04-14 04:00:00,7001.852748,8563
L4T,2026-04-14 05:00:00,7586.424026,8563
L4T,2026-04-14 06:00:00,8472.132836,8563
L4T,2026-04-14 07:00:00,8894.057379,8563
L4T,2026-04-14 08:00:00,9319.039318000001,8563
L4T,2026-04-14 09:00:00,9774.057941000001,8563
L4T,2026-04-14 10:00:00,10159.278941999999,8563
L4T,2026-04-14 11:00:00,10296.898613,8563
L4T,2026-04-14 12:00:00,10304.642332,8563
L4T,2026-04-14 13:00:00,10209.247988000001,8563
L4T,2026-04-14 14:00:00,10139.314461,8563
L4T,2026-04-14 15:00:00,10352.443681,8563
L4T,2026-04-14 16:00:00,10465.074655,8563
L4T,2026-04-14 17:00:00,10592.959697,8563
L4T,2026-04-14 18:00:00,10945.93647,8563
L4T,2026-04-14 19:00:00,11477.248201999999,8563
L4T,2026-04-14 20:00:00,11249.823601,8563
L4T,2026-04-14 21:00:00,10473.670994,8563
L4T,2026-04-14 22:00:00,9229.244252,8563
L4T,2026-04-14 23:00:00,8273.715157,8563
L4T,2026-04-15 00:00:00,7403.567371,8563
L4T,2026-04-15 01:00:00,6886.491526999999,8563
L4T,2026-04-15 02:00:00,6686.508981000001,8562
L4T,2026-04-15 03:00:00,6784.670608,8563
L4T,2026-04-15 04:00:00,7133.879473,8563
L4T,2026-04-15 05:00:00,7721.5259240000005,8563
L4T,2026-04-15 06:00:00,8533.447564999999,8563
L4T,2026-04-15 07:00:00,9010.304417000001,8563
L4T,2026-04-15 08:00:00,9496.542844,8563
L4T,2026-04-15 09:00:00,9867.596179,8563
L4T,2026-04-15 10:00:00,10366.016609999999,8563
L4T,2026-04-15 11:00:00,10633.776911,8563
L4T,2026-04-15 12:00:00,10581.605293,8563
L4T,2026-04-15 13:00:00,10287.28744,8563
L4T,2026-04-15 14:00:00,10289.721642,8563
L4T,2026-04-15 15:00:00,10522.359841,8563
L4T,2026-04-15 16:00:00,10833.354546,8563
L4T,2026-04-15 17:00:00,11175.107827,8563
L4T,2026-04-15 18:00:00,11743.25712,8563
L4T,2026-04-15 19:00:00,12115.176187999998,8563
L4T,2026-04-15 20:00:00,11582.508,8563
L4T,2026-04-15 21:00:00,10574.632083,8563
L4T,2026-04-15 22:00:00,9261.593266,8563
L4T,2026-04-15 23:00:00,8312.662,8563
L4T,2026-04-16 00:00:00,7512.738407000001,8562
L4T,2026-04-16 01:00:00,6995.785232,8563
L4T,2026-04-16 02:00:00,6767.583203,8563
L4T,2026-04-16 03:00:00,6828.885751000001,8563
L4T,2026-04-16 04:00:00,7167.491287000001,8563
L4T,2026-04-16 05:00:00,7649.190731000001,8563
L4T,2026-04-16 06:00:00,8522.421074,8563
L4T,2026-04-16 07:00:00,8946.036084,8563
L4T,2026-04-16 08:00:00,9300.84939,8563
L4T,2026-04-16 09:00:00,9862.814988999999,8563
L4T,2026-04-16 10:00:00,10276.442070000001,8563
L4T,2026-04-16 11:00:00,10513.483746,8563
L4T,2026-04-16 12:00:00,10516.081252,8563
L4T,2026-04-16 13:00:00,10433.488972,8563
L4T,2026-04-16 14:00:00,10546.942537,8563
L4T,2026-04-16 15:00:00,10616.033548,8563
L4T,2026-04-16 16:00:00,10698.32957,8563
L4T,2026-04-16 17:00:00,11070.278728,8563
L4T,2026-04-16 18:00:00,11339.424127999999,8563
L4T,2026-04-16 19:00:00,11662.775857,8563
L4T,2026-04-16 20:00:00,11335.996867,8563
L4T,2026-04-16 21:00:00,9435.275582999999,8563
L4T,2026-04-16 22:00:00,9359.428812,8563
L4T,2026-04-16 23:00:00,8138.04444,8563
L4T,2026-04-17 00:00:00,7337.393461,8562
L4T,2026-04-17 01:00:00,6972.571875,8563
L4T,2026-04-17 02:00:00,6745.900558,8563
L4T,2026-04-17 03:00:00,6713.773472,8563
L4T,2026-04-17 04:00:00,7133.110633,8563
L4T,2026-04-17 05:00:00,7675.45269,8563
L4T,2026-04-17 06:00:00,8486.179219,8563
L4T,2026-04-17 07:00:00,8969.088876,8563
L4T,2026-04-17 08:00:00,9487.843257,8563
L4T,2026-04-17 09:00:00,9916.74048,8563
L4T,2026-04-17 10:00:00,10215.469734,8563
L4T,2026-04-17 11:00:00,10493.399279000001,8563
L4T,2026-04-17 12:00:00,10257.432736,8563
L4T,2026-04-17 13:00:00,10029.069243,8563
L4T,2026-04-17 14:00:00,10196.531912,8563
L4T,2026-04-17 15:00:00,10299.472965,8563
L4T,2026-04-17 16:00:00,10164.049192,8563
L4T,2026-04-17 17:00:00,10259.491884000001,8563
L4T,2026-04-17 18:00:00,10766.513909,8563
L4T,2026-04-17 19:00:00,11623.004345000001,8563
L4T,2026-04-17 20:00:00,11755.335753,8563
L4T,2026-04-17 21:00:00,11015.342247,8563
L4T,2026-04-17 22:00:00,9761.326673,8563
L4T,2026-04-17 23:00:00,8701.39155,8563
L4T,2026-04-18 00:00:00,7861.4430680000005,8563
L4T,2026-04-18 01:00:00,7227.281805,8563
L4T,2026-04-18 02:00:00,6903.536403,8563
L4T,2026-04-18 03:00:00,6780.270493,8563
L4T,2026-04-18 04:00:00,6967.1543679999995,8563
L4T,2026-04-18 05:00:00,7237.195831,8563
L4T,2026-04-18 06:00:00,7781.53108,8563
L4T,2026-04-18 07:00:00,8843.951251999999,8563
L4T,2026-04-18 08:00:00,9876.445316,8563
L4T,2026-04-18 09:00:00,10947.470287,8563
L4T,2026-04-18 10:00:00,11851.65024,8563
L4T,2026-04-18 11:00:00,12285.826272,8563
L4T,2026-04-18 12:00:00,12635.492117999998,8563
L4T,2026-04-18 13:00:00,12577.543776000002,8563
L4T,2026-04-18 14:00:00,12527.530179000001,8563
L4T,2026-04-18 15:00:00,12145.806653,8563
L4T,2026-04-18 16:00:00,12384.015631000002,8563
L4T,2026-04-18 17:00:00,12574.789675,8563
L4T,2026-04-18 18:00:00,12463.700098000001,8563
L4T,2026-04-18 19:00:00,12786.763751999999,8563
L4T,2026-04-18 20:00:00,12283.243598000001,8563
L4T,2026-04-18 21:00:00,11555.452304999999,8563
L4T,2026-04-18 22:00:00,10568.975168,8563
L4T,2026-04-18 23:00:00,9430.789978,8563
L4T,2026-04-19 00:00:00,8432.33868,8563
L4T,2026-04-19 01:00:00,7806.0295590000005,8563
L4T,2026-04-19 02:00:00,7374.220047,8563
L4T,2026-04-19 03:00:00,7216.6634859999995,8563
L4T,2026-04-19 04:00:00,7319.750016,8563
L4T,2026-04-19 05:00:00,7564.322257,8563
L4T,2026-04-19 06:00:00,8076.874851999999,8563
L4T,2026-04-19 07:00:00,9083.769904,8563
L4T,2026-04-19 08:00:00,10242.304435,8563
L4T,2026-04-19 09:00:00,11149.771995000001,8563
L4T,2026-04-19 10:00:00,12237.254449999999,8563
L4T,2026-04-19 11:00:00,13038.884006,8563
L4T,2026-04-19 12:00:00,13221.897,8563
L4T,2026-04-19 13:00:00,13109.565109,8563
L4T,2026-04-19 14:00:00,12946.993808000001,8563
L4T,2026-04-19 15:00:00,13231.989131999999,8563
L4T,2026-04-19 16:00:00,13210.088622,8563
L4T,2026-04-19 17:00:00,13519.914031,8563
L4T,2026-04-19 18:00:00,13742.741484,8563
L4T,2026-04-19 19:00:00,14373.265792,8563
L4T,2026-04-19 20:00:00,13850.15476,8563
L4T,2026-04-19 21:00:00,12841.19904,8563
L4T,2026-04-19 22:00:00,11443.023753,8562
L4T,2026-04-19 23:00:00,10098.69958,8563
L4T,2026-04-20 00:00:00,9115.533204,8562
L4T,2026-04-20 01:00:00,8477.38514,8563
L4T,2026-04-20 02:00:00,8253.509269,8563
L4T,2026-04-20 03:00:00,8246.337853,8563
L4T,2026-04-20 04:00:00,8668.02234,8563
L4T,2026-04-20 05:00:00,9162.222259,8563
L4T,2026-04-20 06:00:00,9887.990912000001,8563
L4T,2026-04-20 07:00:00,10113.205947,8563
L4T,2026-04-20 08:00:00,10366.045022,8562
L4T,2026-04-20 09:00:00,10844.218546,8563
L4T,2026-04-20 10:00:00,11293.74797,8563
L4T,2026-04-20 11:00:00,11446.338673999999,8563
L4T,2026-04-20 12:00:00,11177.715426,8563
L4T,2026-04-20 13:00:00,10906.304316,8563
L4T,2026-04-20 14:00:00,10955.299301,8563
L4T,2026-04-20 15:00:00,11410.77846,8563
L4T,2026-04-20 16:00:00,11401.892528,8563
L4T,2026-04-20 17:00:00,11596.238534,8563
L4T,2026-04-20 18:00:00,12051.581373,8563
L4T,2026-04-20 19:00:00,12797.511022,8563
L4T,2026-04-20 20:00:00,12738.087802,8563
L4T,2026-04-20 21:00:00,11694.581739,8563
L4T,2026-04-20 22:00:00,10519.15502,8563
L4T,2026-04-20 23:00:00,9500.880013,8563
L4T,2026-04-21 00:00:00,8759.56871,8563
L4T,2026-04-21 01:00:00,8251.932111,8563
L4T,2026-04-21 02:00:00,8049.571384000001,8563
L4T,2026-04-21 03:00:00,8060.361756,8563
L4T,2026-04-21 04:00:00,8476.998599999999,8563
L4T,2026-04-21 05:00:00,8981.535573,8563
L4T,2026-04-21 06:00:00,9782.061067999999,8563
L4T,2026-04-21 07:00:00,10035.409903,8563
L4T,2026-04-21 08:00:00,10162.381197,8563
L4T,2026-04-21 09:00:00,10457.278687,8563
L4T,2026-04-21 10:00:00,10796.036415999999,8563
L4T,2026-04-21 11:00:00,11078.960401,8563
L4T,2026-04-21 12:00:00,10773.610933,8563
L4T,2026-04-21 13:00:00,10505.128794,8563
L4T,2026-04-21 14:00:00,10585.826374,8563
L4T,2026-04-21 15:00:00,10805.017936,8563
L4T,2026-04-21 16:00:00,10927.019257,8563
L4T,2026-04-21 17:00:00,11091.360822,8563
L4T,2026-04-21 18:00:00,11635.097257,8563
L4T,2026-04-21 19:00:00,12124.048311999999,8563
L4T,2026-04-21 20:00:00,11785.125004000001,8563
L4T,2026-04-21 21:00:00,10803.194013,8563
L4T,2026-04-21 22:00:00,9697.607799,8563
L4T,2026-04-21 23:00:00,8729.549112,8563
L4T,2026-04-22 00:00:00,8030.854571,8562
L4T,2026-04-22 01:00:00,7585.99238,8563
L4T,2026-04-22 02:00:00,7424.819817999999,8562
L4T,2026-04-22 03:00:00,7506.921745999999,8563
L4T,2026-04-22 04:00:00,7937.230202000001,8563
L4T,2026-04-22 05:00:00,8439.978676,8563
L4T,2026-04-22 06:00:00,9041.747715,8563
L4T,2026-04-22 07:00:00,9237.233725,8563
L4T,2026-04-22 08:00:00,9415.27931,8563
L4T,2026-04-22 09:00:00,9758.009448,8563
L4T,2026-04-22 10:00:00,10059.796727,8563
L4T,2026-04-22 11:00:00,10193.95133,8563
L4T,2026-04-22 12:00:00,10035.72097,8563
L4T,2026-04-22 13:00:00,9907.203229,8563
L4T,2026-04-22 14:00:00,10012.649014,8563
L4T,2026-04-22 15:00:00,10340.03459,8563
L4T,2026-04-22 16:00:00,10364.73336,8563
L4T,2026-04-22 17:00:00,10661.910704,8563
L4T,2026-04-22 18:00:00,11064.085222000002,8563
L4T,2026-04-22 19:00:00,11452.752578,8563
L4T,2026-04-22 20:00:00,11470.846559999998,8563
L4T,2026-04-22 21:00:00,10650.493369,8563
L4T,2026-04-22 22:00:00,9399.19183,8563
L4T,2026-04-22 23:00:00,8387.784915,8564
L4T,2026-04-23 00:00:00,7662.084734,8562
L4T,2026-04-23 01:00:00,7130.020423,8563
L4T,2026-04-23 02:00:00,6989.294384000001,8563
L4T,2026-04-23 03:00:00,7066.571833,8563
L4T,2026-04-23 04:00:00,7542.944079999999,8563
L4T,2026-04-23 05:00:00,8013.011735,8563
L4T,2026-04-23 06:00:00,8624.731863,8563
L4T,2026-04-23 07:00:00,8921.530585999999,8563
L4T,2026-04-23 08:00:00,9251.041872,8563
L4T,2026-04-23 09:00:00,9665.059632,8563
L4T,2026-04-23 10:00:00,9986.279612,8563
L4T,2026-04-23 11:00:00,10159.125345,8563
L4T,2026-04-23 12:00:00,10100.629677,8563
L4T,2026-04-23 13:00:00,9918.107617,8563
L4T,2026-04-23 14:00:00,10017.992816,8563
L4T,2026-04-23 15:00:00,10258.802756,8563
L4T,2026-04-23 16:00:00,10446.929553999998,8563
L4T,2026-04-23 17:00:00,10625.36503,8563
L4T,2026-04-23 18:00:00,10932.848155,8563
L4T,2026-04-23 19:00:00,11455.482152,8563
L4T,2026-04-23 20:00:00,11303.184368,8563
L4T,2026-04-23 21:00:00,10420.599407,8563
L4T,2026-04-23 22:00:00,9179.119083,8563
L4T,2026-04-23 23:00:00,8185.591077,8565
L4T,2026-04-24 00:00:00,7456.759459999999,8562
L4T,2026-04-24 01:00:00,7013.002783,8563
L4T,2026-04-24 02:00:00,6787.791676000001,8563
L4T,2026-04-24 03:00:00,6816.213098,8563
L4T,2026-04-24 04:00:00,7143.757561,8563
L4T,2026-04-24 05:00:00,7615.974551,8563
L4T,2026-04-24 06:00:00,8403.808243,8563
L4T,2026-04-24 07:00:00,9035.548380999999,8563
L4T,2026-04-24 08:00:00,9529.987749,8563
L4T,2026-04-24 09:00:00,10089.917445,8563
L4T,2026-04-24 10:00:00,10532.60484,8563
L4T,2026-04-24 11:00:00,10879.37291,8563
L4T,2026-04-24 12:00:00,10776.763367,8563
L4T,2026-04-24 13:00:00,10464.300118,8563
L4T,2026-04-24 14:00:00,10487.044039,8563
L4T,2026-04-24 15:00:00,10446.817885,8563
L4T,2026-04-24 16:00:00,10484.131175,8563
L4T,2026-04-24 17:00:00,10646.89663,8563
L4T,2026-04-24 18:00:00,11215.861281,8563
L4T,2026-04-24 19:00:00,12032.428274,8563
L4T,2026-04-24 20:00:00,11987.94886,8563
L4T,2026-04-24 21:00:00,11282.045884,8563
L4T,2026-04-24 22:00:00,10171.057115,8563
L4T,2026-04-24 23:00:00,9195.437317,8563
L4T,2026-04-25 00:00:00,8350.807016,8563
L4T,2026-04-25 01:00:00,7736.6565550000005,8563
L4T,2026-04-25 02:00:00,7449.964034,8563
L4T,2026-04-25 03:00:00,7356.0119620000005,8563
L4T,2026-04-25 04:00:00,7484.521452,8563
L4T,2026-04-25 05:00:00,7706.491054,8563
L4T,2026-04-25 06:00:00,8225.258369,8563
L4T,2026-04-25 07:00:00,9665.567132,8563
L4T,2026-04-25 08:00:00,10751.345483000001,8563
L4T,2026-04-25 09:00:00,11955.754298,8563
L4T,2026-04-25 10:00:00,12997.70143,8563
L4T,2026-04-25 11:00:00,13457.67139,8563
L4T,2026-04-25 12:00:00,13606.369541,8563
L4T,2026-04-25 13:00:00,13468.466717,8563
L4T,2026-04-25 14:00:00,13167.316507000001,8563
L4T,2026-04-25 15:00:00,13044.762283,8563
L4T,2026-04-25 16:00:00,12928.073778999998,8563
L4T,2026-04-25 17:00:00,12735.903239000001,8563
L4T,2026-04-25 18:00:00,12636.937563999998,8563
L4T,2026-04-25 19:00:00,12835.574858,8563
L4T,2026-04-25 20:00:00,12707.559292,8563
L4T,2026-04-25 21:00:00,11895.107223,8563
L4T,2026-04-25 22:00:00,10653.605129,8563
L4T,2026-04-25 23:00:00,9582.846492,8563
L4T,2026-04-26 00:00:00,8763.375970000001,8563
L4T,2026-04-26 01:00:00,8097.804849,8563
L4T,2026-04-26 02:00:00,7627.331383,8563
L4T,2026-04-26 03:00:00,7544.561473,8563
L4T,2026-04-26 04:00:00,7622.0388029999995,8563
L4T,2026-04-26 05:00:00,7798.867077,8563
L4T,2026-04-26 06:00:00,8207.131964,8563
L4T,2026-04-26 07:00:00,9136.216903999999,8563
L4T,2026-04-26 08:00:00,10004.921642,8563
L4T,2026-04-26 09:00:00,10772.112486,8563
L4T,2026-04-26 10:00:00,11512.699768000002,8563
L4T,2026-04-26 11:00:00,11894.415307,8563
L4T,2026-04-26 12:00:00,12041.010166,8563
L4T,2026-04-26 13:00:00,12000.879817,8563
L4T,2026-04-26 14:00:00,11883.736523,8563
L4T,2026-04-26 15:00:00,11894.824325,8563
L4T,2026-04-26 16:00:00,11836.489778,8563
L4T,2026-04-26 17:00:00,11952.720232,8563
L4T,2026-04-26 18:00:00,12230.124194,8563
L4T,2026-04-26 19:00:00,12885.290003000002,8563
L4T,2026-04-26 20:00:00,12806.755946000001,8563
L4T,2026-04-26 21:00:00,11956.584961999999,8563
L4T,2026-04-26 22:00:00,10375.528328,8562
L4T,2026-04-26 23:00:00,9037.746847,8562
L4T,2026-04-27 00:00:00,8069.809358999999,8563
L4T,2026-04-27 01:00:00,7353.0523109999995,8563
L4T,2026-04-27 02:00:00,7121.295978,8563
L4T,2026-04-27 03:00:00,7160.099723,8563
L4T,2026-04-27 04:00:00,7630.293737,8563
L4T,2026-04-27 05:00:00,8152.522065,8563
L4T,2026-04-27 06:00:00,8674.530686,8563
L4T,2026-04-27 07:00:00,9021.864361,8563
L4T,2026-04-27 08:00:00,9359.406630000001,8563
L4T,2026-04-27 09:00:00,9799.943367,8563
L4T,2026-04-27 10:00:00,10154.505669,8563
L4T,2026-04-27 11:00:00,10447.598418,8563
L4T,2026-04-27 12:00:00,10288.65444,8563
L4T,2026-04-27 13:00:00,10179.122254999998,8563
L4T,2026-04-27 14:00:00,10122.020125,8563
L4T,2026-04-27 15:00:00,10271.898776,8563
L4T,2026-04-27 16:00:00,10449.349787,8563
L4T,2026-04-27 17:00:00,10601.141454,8563
L4T,2026-04-27 18:00:00,11017.56178,8563
L4T,2026-04-27 19:00:00,11422.773444,8563
L4T,2026-04-27 20:00:00,11327.514189000001,8563
L4T,2026-04-27 21:00:00,10305.715455000001,8563
L4T,2026-04-27 22:00:00,9089.494516,8563
L4T,2026-04-27 23:00:00,8222.17916,8563
L4T,2026-04-28 00:00:00,7422.80302,8563
L4T,2026-04-28 01:00:00,6880.140329,8563
L4T,2026-04-28 02:00:00,6704.378493,8563
L4T,2026-04-28 03:00:00,6736.80242,8563
L4T,2026-04-28 04:00:00,7116.914457999999,8563
L4T,2026-04-28 05:00:00,7602.160246,8563
L4T,2026-04-28 06:00:00,8407.649731,8563
L4T,2026-04-28 07:00:00,8731.425441,8563
L4T,2026-04-28 08:00:00,9252.750383,8563
L4T,2026-04-28 09:00:00,9794.972114,8563
L4T,2026-04-28 10:00:00,10226.964326000001,8563
L4T,2026-04-28 11:00:00,10564.288299,8563
L4T,2026-04-28 12:00:00,10687.316316,8563
L4T,2026-04-28 13:00:00,10562.340916000001,8563
L4T,2026-04-28 14:00:00,10556.480327000001,8563
L4T,2026-04-28 15:00:00,10807.279709,8563
L4T,2026-04-28 16:00:00,10974.628389000001,8563
L4T,2026-04-28 17:00:00,11226.868996000001,8563
L4T,2026-04-28 18:00:00,11280.948293,8563
L4T,2026-04-28 19:00:00,11593.871164,8562
L4T,2026-04-28 20:00:00,11247.829211,8563
L4T,2026-04-28 21:00:00,10232.478362,8562
L4T,2026-04-28 22:00:00,9114.618424,8562
L4T,2026-04-28 23:00:00,8262.676121,8563
L4T,2026-04-29 00:00:00,7405.909256999999,8562
L4T,2026-04-29 01:00:00,7013.296881,8563
L4T,2026-04-29 02:00:00,6798.525304000001,8563
L4T,2026-04-29 03:00:00,6859.589232,8563
L4T,2026-04-29 04:00:00,7238.574437,8563
L4T,2026-04-29 05:00:00,7724.906018999999,8563
L4T,2026-04-29 06:00:00,8451.282411,8563
L4T,2026-04-29 07:00:00,8962.871563,8563
L4T,2026-04-29 08:00:00,9422.833754,8563
L4T,2026-04-29 09:00:00,9897.876503,8563
L4T,2026-04-29 10:00:00,10380.463835999999,8563
L4T,2026-04-29 11:00:00,10636.426940000001,8563
L4T,2026-04-29 12:00:00,10635.184819,8563
L4T,2026-04-29 13:00:00,10533.584988,8563
L4T,2026-04-29 14:00:00,10716.322046,8563
L4T,2026-04-29 15:00:00,11009.896368,8563
L4T,2026-04-29 16:00:00,11283.831252,8563
L4T,2026-04-29 17:00:00,11486.272705,8563
L4T,2026-04-29 18:00:00,11945.498561,8563
L4T,2026-04-29 19:00:00,12263.542361999998,8563
L4T,2026-04-29 20:00:00,11968.362745,8563
L4T,2026-04-29 21:00:00,10989.928225,8563
L4T,2026-04-29 22:00:00,9913.096219,8563
L4T,2026-04-29 23:00:00,8905.428967,8565
L4T,2026-04-30 00:00:00,8153.099200999999,8562
L4T,2026-04-30 01:00:00,7653.752194000001,8563
L4T,2026-04-30 02:00:00,7443.582926,8563
L4T,2026-04-30 03:00:00,7487.634418,8563
L4T,2026-04-30 04:00:00,7817.797866,8563
L4T,2026-04-30 05:00:00,8357.533677,8563
L4T,2026-04-30 06:00:00,9131.815446,8563
L4T,2026-04-30 07:00:00,9573.105634,8563
L4T,2026-04-30 08:00:00,9803.66712,8563
L4T,2026-04-30 09:00:00,10067.518088,8563
L4T,2026-04-30 10:00:00,10377.917712,8563
L4T,2026-04-30 11:00:00,10673.529926,8563
L4T,2026-04-30 12:00:00,10596.851773,8563
L4T,2026-04-30 13:00:00,10359.743954,8563
L4T,2026-04-30 14:00:00,10464.737357999998,8563
L4T,2026-04-30 15:00:00,10574.508172,8563
L4T,2026-04-30 16:00:00,10658.457242,8563
L4T,2026-04-30 17:00:00,10772.76868,8563
L4T,2026-04-30 18:00:00,11328.648822,8563
L4T,2026-04-30 19:00:00,11797.954621,8563
L4T,2026-04-30 20:00:00,11881.440754000001,8563
L4T,2026-04-30 21:00:00,10963.747556,8563
L4T,2026-04-30 22:00:00,9785.915520999999,8563
L4T,2026-04-30 23:00:00,8937.16945,8660
