fsa,timestamp,total_consumption_kwh,reported_premise_count
M5R,2026-01-01 00:00:00,10882.199999999999,9980
M5R,2026-01-01 01:00:00,10606.3,9980
M5R,2026-01-01 02:00:00,10396.0,9980
M5R,2026-01-01 03:00:00,10330.9,9980
M5R,2026-01-01 04:00:00,10259.8,9980
M5R,2026-01-01 05:00:00,10347.900000000001,9980
M5R,2026-01-01 06:00:00,10559.3,9980
M5R,2026-01-01 07:00:00,10694.6,9980
M5R,2026-01-01 08:00:00,11000.400000000001,9980
M5R,2026-01-01 09:00:00,11316.9,9980
M5R,2026-01-01 10:00:00,11553.5,9980
M5R,2026-01-01 11:00:00,11997.2,9980
M5R,2026-01-01 12:00:00,12404.6,9980
M5R,2026-01-01 13:00:00,12290.2,9980
M5R,2026-01-01 14:00:00,12357.099999999999,9980
M5R,2026-01-01 15:00:00,12710.3,9980
M5R,2026-01-01 16:00:00,13031.3,9980
M5R,2026-01-01 17:00:00,13857.9,9980
M5R,2026-01-01 18:00:00,13989.8,9980
M5R,2026-01-01 19:00:00,13811.699999999999,9980
M5R,2026-01-01 20:00:00,13365.6,9980
M5R,2026-01-01 21:00:00,13018.9,9980
M5R,2026-01-01 22:00:00,12827.900000000001,9980
M5R,2026-01-01 23:00:00,11580.199999999999,9980
M5R,2026-01-02 00:00:00,10849.300000000001,9980
M5R,2026-01-02 01:00:00,10128.9,9980
M5R,2026-01-02 02:00:00,10124.7,9980
M5R,2026-01-02 03:00:00,9957.0,9980
M5R,2026-01-02 04:00:00,9911.8,9980
M5R,2026-01-02 05:00:00,10050.699999999999,9980
M5R,2026-01-02 06:00:00,10331.6,9980
M5R,2026-01-02 07:00:00,10677.7,9980
M5R,2026-01-02 08:00:00,11218.4,9980
M5R,2026-01-02 09:00:00,11694.5,9980
M5R,2026-01-02 10:00:00,12002.7,9980
M5R,2026-01-02 11:00:00,12171.7,9980
M5R,2026-01-02 12:00:00,12264.9,9980
M5R,2026-01-02 13:00:00,12121.5,9980
M5R,2026-01-02 14:00:00,12015.599999999999,9980
M5R,2026-01-02 15:00:00,12051.300000000001,9980
M5R,2026-01-02 16:00:00,12583.8,9980
M5R,2026-01-02 17:00:00,13432.9,9980
M5R,2026-01-02 18:00:00,13701.6,9980
M5R,2026-01-02 19:00:00,13495.3,9980
M5R,2026-01-02 20:00:00,13105.8,9980
M5R,2026-01-02 21:00:00,12717.5,9980
M5R,2026-01-02 22:00:00,12063.2,9980
M5R,2026-01-02 23:00:00,11344.6,9980
M5R,2026-01-03 00:00:00,10763.800000000001,9980
M5R,2026-01-03 01:00:00,10287.1,9980
M5R,2026-01-03 02:00:00,9969.6,9980
M5R,2026-01-03 03:00:00,9804.800000000001,9980
M5R,2026-01-03 04:00:00,9784.300000000001,9980
M5R,2026-01-03 05:00:00,9919.3,9980
M5R,2026-01-03 06:00:00,10046.1,9980
M5R,2026-01-03 07:00:00,10472.0,9980
M5R,2026-01-03 08:00:00,11000.4,9980
M5R,2026-01-03 09:00:00,11664.699999999999,9980
M5R,2026-01-03 10:00:00,12114.900000000001,9980
M5R,2026-01-03 11:00:00,12458.2,9980
M5R,2026-01-03 12:00:00,12533.1,9980
M5R,2026-01-03 13:00:00,12607.9,9980
M5R,2026-01-03 14:00:00,12373.300000000001,9980
M5R,2026-01-03 15:00:00,12458.099999999999,9981
M5R,2026-01-03 16:00:00,12953.900000000001,9981
M5R,2026-01-03 17:00:00,13597.2,9981
M5R,2026-01-03 18:00:00,13813.0,9981
M5R,2026-01-03 19:00:00,13437.5,9981
M5R,2026-01-03 20:00:00,13126.7,9981
M5R,2026-01-03 21:00:00,12716.6,9981
M5R,2026-01-03 22:00:00,12135.1,9981
M5R,2026-01-03 23:00:00,11321.1,9981
M5R,2026-01-04 00:00:00,10660.9,9981
M5R,2026-01-04 01:00:00,10092.1,9981
M5R,2026-01-04 02:00:00,9762.2,9981
M5R,2026-01-04 03:00:00,9527.4,9981
M5R,2026-01-04 04:00:00,9443.4,9981
M5R,2026-01-04 05:00:00,9503.900000000001,9981
M5R,2026-01-04 06:00:00,9637.9,9981
M5R,2026-01-04 07:00:00,9963.4,9981
M5R,2026-01-04 08:00:00,10500.9,9981
M5R,2026-01-04 09:00:00,11097.1,9981
M5R,2026-01-04 10:00:00,11507.3,9981
M5R,2026-01-04 11:00:00,11739.3,9981
M5R,2026-01-04 12:00:00,12169.6,9981
M5R,2026-01-04 13:00:00,12262.7,9981
M5R,2026-01-04 14:00:00,12243.1,9981
M5R,2026-01-04 15:00:00,12499.9,9981
M5R,2026-01-04 16:00:00,12985.0,9981
M5R,2026-01-04 17:00:00,13773.5,9981
M5R,2026-01-04 18:00:00,14127.4,9981
M5R,2026-01-04 19:00:00,13824.7,9981
M5R,2026-01-04 20:00:00,13351.7,9981
M5R,2026-01-04 21:00:00,12748.5,9981
M5R,2026-01-04 22:00:00,11781.2,9981
M5R,2026-01-04 23:00:00,10878.0,9981
M5R,2026-01-05 00:00:00,9988.5,9981
M5R,2026-01-05 01:00:00,9502.7,9981
M5R,2026-01-05 02:00:00,9220.6,9981
M5R,2026-01-05 03:00:00,9104.8,9981
M5R,2026-01-05 04:00:00,9109.1,9981
M5R,2026-01-05 05:00:00,9330.199999999999,9981
M5R,2026-01-05 06:00:00,9878.3,9981
M5R,2026-01-05 07:00:00,10709.6,9981
M5R,2026-01-05 08:00:00,11337.1,9981
M5R,2026-01-05 09:00:00,11807.8,9981
M5R,2026-01-05 10:00:00,11988.2,9981
M5R,2026-01-05 11:00:00,12162.3,9981
M5R,2026-01-05 12:00:00,12137.7,9981
M5R,2026-01-05 13:00:00,12178.4,9981
M5R,2026-01-05 14:00:00,11862.5,9981
M5R,2026-01-05 15:00:00,11762.9,9981
M5R,2026-01-05 16:00:00,12060.400000000001,9981
M5R,2026-01-05 17:00:00,12913.7,9981
M5R,2026-01-05 18:00:00,13231.0,9981
M5R,2026-01-05 19:00:00,13011.9,9981
M5R,2026-01-05 20:00:00,12546.7,9981
M5R,2026-01-05 21:00:00,11903.2,9981
M5R,2026-01-05 22:00:00,11043.4,9981
M5R,2026-01-05 23:00:00,10088.3,9981
M5R,2026-01-06 00:00:00,9378.1,9981
M5R,2026-01-06 01:00:00,8916.7,9981
M5R,2026-01-06 02:00:00,8638.5,9981
M5R,2026-01-06 03:00:00,8521.5,9981
M5R,2026-01-06 04:00:00,8524.2,9981
M5R,2026-01-06 05:00:00,8748.3,9981
M5R,2026-01-06 06:00:00,9241.1,9981
M5R,2026-01-06 07:00:00,9957.7,9981
M5R,2026-01-06 08:00:00,10586.0,9981
M5R,2026-01-06 09:00:00,10833.0,9981
M5R,2026-01-06 10:00:00,11061.099999999999,9981
M5R,2026-01-06 11:00:00,11368.4,9981
M5R,2026-01-06 12:00:00,11619.6,9981
M5R,2026-01-06 13:00:00,12009.8,9981
M5R,2026-01-06 14:00:00,11939.2,9981
M5R,2026-01-06 15:00:00,11883.400000000001,9981
M5R,2026-01-06 16:00:00,12257.5,9981
M5R,2026-01-06 17:00:00,12892.5,9981
M5R,2026-01-06 18:00:00,13200.3,9981
M5R,2026-01-06 19:00:00,13012.2,9981
M5R,2026-01-06 20:00:00,12527.2,9981
M5R,2026-01-06 21:00:00,11979.4,9981
M5R,2026-01-06 22:00:00,11020.5,9981
M5R,2026-01-06 23:00:00,10023.9,9981
M5R,2026-01-07 00:00:00,9229.8,9981
M5R,2026-01-07 01:00:00,8891.4,9981
M5R,2026-01-07 02:00:00,8579.9,9981
M5R,2026-01-07 03:00:00,8451.8,9981
M5R,2026-01-07 04:00:00,8403.3,9981
M5R,2026-01-07 05:00:00,8593.0,9981
M5R,2026-01-07 06:00:00,9003.199999999999,9981
M5R,2026-01-07 07:00:00,9799.6,9981
M5R,2026-01-07 08:00:00,10445.8,9981
M5R,2026-01-07 09:00:00,10356.2,9981
M5R,2026-01-07 10:00:00,10515.3,9981
M5R,2026-01-07 11:00:00,10764.1,9981
M5R,2026-01-07 12:00:00,10788.6,9981
M5R,2026-01-07 13:00:00,10740.1,9981
M5R,2026-01-07 14:00:00,10758.2,9981
M5R,2026-01-07 15:00:00,10883.1,9981
M5R,2026-01-07 16:00:00,11115.8,9981
M5R,2026-01-07 17:00:00,11853.2,9981
M5R,2026-01-07 18:00:00,12331.3,9981
M5R,2026-01-07 19:00:00,12236.3,9981
M5R,2026-01-07 20:00:00,11833.400000000001,9981
M5R,2026-01-07 21:00:00,11326.3,9981
M5R,2026-01-07 22:00:00,10539.0,9981
M5R,2026-01-07 23:00:00,9464.3,9981
M5R,2026-01-08 00:00:00,8685.1,9981
M5R,2026-01-08 01:00:00,8155.900000000001,9981
M5R,2026-01-08 02:00:00,7901.5,9981
M5R,2026-01-08 03:00:00,7813.2,9981
M5R,2026-01-08 04:00:00,7825.200000000001,9981
M5R,2026-01-08 05:00:00,8144.1,9981
M5R,2026-01-08 06:00:00,8585.3,9981
M5R,2026-01-08 07:00:00,9420.3,9981
M5R,2026-01-08 08:00:00,10007.5,9981
M5R,2026-01-08 09:00:00,10190.5,9981
M5R,2026-01-08 10:00:00,10337.4,9981
M5R,2026-01-08 11:00:00,10430.9,9981
M5R,2026-01-08 12:00:00,9982.8,9981
M5R,2026-01-08 13:00:00,9807.0,9981
M5R,2026-01-08 14:00:00,9535.7,9981
M5R,2026-01-08 15:00:00,9502.4,9981
M5R,2026-01-08 16:00:00,10046.3,9981
M5R,2026-01-08 17:00:00,11126.6,9981
M5R,2026-01-08 18:00:00,11620.099999999999,9981
M5R,2026-01-08 19:00:00,11688.3,9981
M5R,2026-01-08 20:00:00,11456.1,9981
M5R,2026-01-08 21:00:00,10837.8,9981
M5R,2026-01-08 22:00:00,10034.800000000001,9981
M5R,2026-01-08 23:00:00,9118.6,9981
M5R,2026-01-09 00:00:00,8358.0,9981
M5R,2026-01-09 01:00:00,7884.6,9981
M5R,2026-01-09 02:00:00,7611.3,9981
M5R,2026-01-09 03:00:00,7377.3,9981
M5R,2026-01-09 04:00:00,7946.9,9981
M5R,2026-01-09 05:00:00,7583.4,9981
M5R,2026-01-09 06:00:00,7933.4,9981
M5R,2026-01-09 07:00:00,8677.2,9981
M5R,2026-01-09 08:00:00,9260.0,9981
M5R,2026-01-09 09:00:00,9567.9,9981
M5R,2026-01-09 10:00:00,9855.9,9981
M5R,2026-01-09 11:00:00,9898.8,9981
M5R,2026-01-09 12:00:00,9654.9,9981
M5R,2026-01-09 13:00:00,9609.900000000001,9981
M5R,2026-01-09 14:00:00,9471.4,9981
M5R,2026-01-09 15:00:00,9430.7,9981
M5R,2026-01-09 16:00:00,10136.6,9981
M5R,2026-01-09 17:00:00,10890.8,9981
M5R,2026-01-09 18:00:00,11213.199999999999,9981
M5R,2026-01-09 19:00:00,10964.400000000001,9981
M5R,2026-01-09 20:00:00,10431.300000000001,9981
M5R,2026-01-09 21:00:00,10028.6,9981
M5R,2026-01-09 22:00:00,9462.3,9981
M5R,2026-01-09 23:00:00,8822.0,9981
M5R,2026-01-10 00:00:00,8252.3,9981
M5R,2026-01-10 01:00:00,7792.700000000001,9981
M5R,2026-01-10 02:00:00,7514.3,9981
M5R,2026-01-10 03:00:00,7329.0,9981
M5R,2026-01-10 04:00:00,7326.4,9981
M5R,2026-01-10 05:00:00,7524.4,9981
M5R,2026-01-10 06:00:00,7768.2,9981
M5R,2026-01-10 07:00:00,8280.3,9981
M5R,2026-01-10 08:00:00,8933.1,9981
M5R,2026-01-10 09:00:00,9637.3,9982
M5R,2026-01-10 10:00:00,10011.7,9982
M5R,2026-01-10 11:00:00,10390.1,9982
M5R,2026-01-10 12:00:00,10480.8,9982
M5R,2026-01-10 13:00:00,10802.4,9982
M5R,2026-01-10 14:00:00,10910.2,9982
M5R,2026-01-10 15:00:00,11047.2,9982
M5R,2026-01-10 16:00:00,11485.3,9982
M5R,2026-01-10 17:00:00,12070.3,9982
M5R,2026-01-10 18:00:00,12175.0,9982
M5R,2026-01-10 19:00:00,11954.0,9982
M5R,2026-01-10 20:00:00,11378.900000000001,9982
M5R,2026-01-10 21:00:00,10691.8,9982
M5R,2026-01-10 22:00:00,9980.0,9982
M5R,2026-01-10 23:00:00,9316.7,9982
M5R,2026-01-11 00:00:00,8741.2,9982
M5R,2026-01-11 01:00:00,8402.9,9982
M5R,2026-01-11 02:00:00,8195.7,9982
M5R,2026-01-11 03:00:00,8027.799999999999,9982
M5R,2026-01-11 04:00:00,8070.8,9982
M5R,2026-01-11 05:00:00,8256.9,9982
M5R,2026-01-11 06:00:00,8461.3,9982
M5R,2026-01-11 07:00:00,8878.6,9982
M5R,2026-01-11 08:00:00,9488.7,9982
M5R,2026-01-11 09:00:00,10289.1,9982
M5R,2026-01-11 10:00:00,10686.0,9982
M5R,2026-01-11 11:00:00,10981.9,9982
M5R,2026-01-11 12:00:00,11091.5,9982
M5R,2026-01-11 13:00:00,11410.9,9982
M5R,2026-01-11 14:00:00,11504.9,9982
M5R,2026-01-11 15:00:00,11783.300000000001,9982
M5R,2026-01-11 16:00:00,12371.4,9982
M5R,2026-01-11 17:00:00,13286.6,9982
M5R,2026-01-11 18:00:00,13748.2,9982
M5R,2026-01-11 19:00:00,13404.900000000001,9982
M5R,2026-01-11 20:00:00,13031.1,9982
M5R,2026-01-11 21:00:00,12337.1,9982
M5R,2026-01-11 22:00:00,11462.4,9982
M5R,2026-01-11 23:00:00,10389.6,9982
M5R,2026-01-12 00:00:00,9451.0,9982
M5R,2026-01-12 01:00:00,8892.6,9982
M5R,2026-01-12 02:00:00,8672.599999999999,9982
M5R,2026-01-12 03:00:00,8573.0,9982
M5R,2026-01-12 04:00:00,8533.0,9982
M5R,2026-01-12 05:00:00,8770.4,9982
M5R,2026-01-12 06:00:00,9291.8,9982
M5R,2026-01-12 07:00:00,10177.7,9982
M5R,2026-01-12 08:00:00,10775.1,9982
M5R,2026-01-12 09:00:00,11165.5,9981
M5R,2026-01-12 10:00:00,11412.0,9981
M5R,2026-01-12 11:00:00,11674.6,9981
M5R,2026-01-12 12:00:00,11785.5,9981
M5R,2026-01-12 13:00:00,11824.300000000001,9981
M5R,2026-01-12 14:00:00,11656.2,9981
M5R,2026-01-12 15:00:00,11658.7,9981
M5R,2026-01-12 16:00:00,11955.800000000001,9981
M5R,2026-01-12 17:00:00,12742.300000000001,9981
M5R,2026-01-12 18:00:00,13218.0,9981
M5R,2026-01-12 19:00:00,12970.8,9981
M5R,2026-01-12 20:00:00,12572.400000000001,9981
M5R,2026-01-12 21:00:00,11944.300000000001,9981
M5R,2026-01-12 22:00:00,11035.9,9981
M5R,2026-01-12 23:00:00,9979.7,9981
M5R,2026-01-13 00:00:00,9163.3,9981
M5R,2026-01-13 01:00:00,8666.9,9981
M5R,2026-01-13 02:00:00,8324.2,9981
M5R,2026-01-13 03:00:00,8200.8,9981
M5R,2026-01-13 04:00:00,8122.299999999999,9981
M5R,2026-01-13 05:00:00,8390.300000000001,9981
M5R,2026-01-13 06:00:00,8943.1,9981
M5R,2026-01-13 07:00:00,9847.5,9981
M5R,2026-01-13 08:00:00,10356.1,9981
M5R,2026-01-13 09:00:00,10375.4,9981
M5R,2026-01-13 10:00:00,10629.4,9981
M5R,2026-01-13 11:00:00,10929.1,9981
M5R,2026-01-13 12:00:00,10979.8,9981
M5R,2026-01-13 13:00:00,10694.3,9981
M5R,2026-01-13 14:00:00,10553.2,9981
M5R,2026-01-13 15:00:00,10606.0,9981
M5R,2026-01-13 16:00:00,11093.6,9978
M5R,2026-01-13 17:00:00,11911.0,9978
M5R,2026-01-13 18:00:00,12243.9,9978
M5R,2026-01-13 19:00:00,12066.6,9978
M5R,2026-01-13 20:00:00,11603.0,9978
M5R,2026-01-13 21:00:00,11115.0,9978
M5R,2026-01-13 22:00:00,10239.0,9978
M5R,2026-01-13 23:00:00,9234.7,9978
M5R,2026-01-14 00:00:00,8519.0,9978
M5R,2026-01-14 01:00:00,7891.5,9978
M5R,2026-01-14 02:00:00,7583.5,9978
M5R,2026-01-14 03:00:00,7492.599999999999,9978
M5R,2026-01-14 04:00:00,7462.0,9978
M5R,2026-01-14 05:00:00,7688.3,9978
M5R,2026-01-14 06:00:00,8191.3,9978
M5R,2026-01-14 07:00:00,8993.2,9978
M5R,2026-01-14 08:00:00,9679.8,9978
M5R,2026-01-14 09:00:00,9854.9,9978
M5R,2026-01-14 10:00:00,9997.8,9978
M5R,2026-01-14 11:00:00,10078.4,9978
M5R,2026-01-14 12:00:00,10096.3,9978
M5R,2026-01-14 13:00:00,10054.0,9978
M5R,2026-01-14 14:00:00,10113.8,9978
M5R,2026-01-14 15:00:00,10380.9,9978
M5R,2026-01-14 16:00:00,10746.0,9978
M5R,2026-01-14 17:00:00,11704.0,9978
M5R,2026-01-14 18:00:00,12427.4,9978
M5R,2026-01-14 19:00:00,12508.3,9978
M5R,2026-01-14 20:00:00,12342.199999999999,9978
M5R,2026-01-14 21:00:00,11792.2,9978
M5R,2026-01-14 22:00:00,11225.0,9978
M5R,2026-01-14 23:00:00,10510.800000000001,9978
M5R,2026-01-15 00:00:00,9924.0,9978
M5R,2026-01-15 01:00:00,9682.7,9978
M5R,2026-01-15 02:00:00,9467.5,9978
M5R,2026-01-15 03:00:00,9412.8,9978
M5R,2026-01-15 04:00:00,9481.8,9978
M5R,2026-01-15 05:00:00,9831.3,9978
M5R,2026-01-15 06:00:00,10478.2,9978
M5R,2026-01-15 07:00:00,11393.5,9978
M5R,2026-01-15 08:00:00,12232.0,9978
M5R,2026-01-15 09:00:00,12921.0,9978
M5R,2026-01-15 10:00:00,13284.699999999999,9978
M5R,2026-01-15 11:00:00,13606.5,9978
M5R,2026-01-15 12:00:00,13864.6,9978
M5R,2026-01-15 13:00:00,13886.699999999999,9978
M5R,2026-01-15 14:00:00,13706.0,9978
M5R,2026-01-15 15:00:00,13624.5,9978
M5R,2026-01-15 16:00:00,14057.3,9978
M5R,2026-01-15 17:00:00,14651.7,9978
M5R,2026-01-15 18:00:00,15090.8,9978
M5R,2026-01-15 19:00:00,14860.0,9978
M5R,2026-01-15 20:00:00,14440.699999999999,9978
M5R,2026-01-15 21:00:00,13870.300000000001,9978
M5R,2026-01-15 22:00:00,12948.699999999999,9978
M5R,2026-01-15 23:00:00,11962.9,9978
M5R,2026-01-16 00:00:00,11213.599999999999,9978
M5R,2026-01-16 01:00:00,10770.5,9978
M5R,2026-01-16 02:00:00,10440.3,9978
M5R,2026-01-16 03:00:00,10209.4,9978
M5R,2026-01-16 04:00:00,10210.4,9978
M5R,2026-01-16 05:00:00,10365.0,9978
M5R,2026-01-16 06:00:00,10787.7,9978
M5R,2026-01-16 07:00:00,11564.1,9978
M5R,2026-01-16 08:00:00,12186.5,9978
M5R,2026-01-16 09:00:00,12466.7,9978
M5R,2026-01-16 10:00:00,12591.9,9978
M5R,2026-01-16 11:00:00,12488.7,9978
M5R,2026-01-16 12:00:00,12600.6,9978
M5R,2026-01-16 13:00:00,12814.5,9978
M5R,2026-01-16 14:00:00,12748.9,9978
M5R,2026-01-16 15:00:00,12701.4,9978
M5R,2026-01-16 16:00:00,13125.0,9978
M5R,2026-01-16 17:00:00,13701.9,9978
M5R,2026-01-16 18:00:00,13820.300000000001,9978
M5R,2026-01-16 19:00:00,13561.5,9978
M5R,2026-01-16 20:00:00,13039.1,9978
M5R,2026-01-16 21:00:00,12382.5,9978
M5R,2026-01-16 22:00:00,11676.5,9978
M5R,2026-01-16 23:00:00,10877.3,9978
M5R,2026-01-17 00:00:00,10168.7,9978
M5R,2026-01-17 01:00:00,9493.9,9978
M5R,2026-01-17 02:00:00,9220.6,9978
M5R,2026-01-17 03:00:00,9074.1,9978
M5R,2026-01-17 04:00:00,8934.4,9978
M5R,2026-01-17 05:00:00,8997.9,9978
M5R,2026-01-17 06:00:00,9243.0,9978
M5R,2026-01-17 07:00:00,9702.5,9978
M5R,2026-01-17 08:00:00,10314.1,9978
M5R,2026-01-17 09:00:00,10926.4,9978
M5R,2026-01-17 10:00:00,11363.5,9978
M5R,2026-01-17 11:00:00,11674.0,9978
M5R,2026-01-17 12:00:00,11865.0,9978
M5R,2026-01-17 13:00:00,12132.4,9978
M5R,2026-01-17 14:00:00,11948.6,9978
M5R,2026-01-17 15:00:00,11823.2,9978
M5R,2026-01-17 16:00:00,12054.7,9978
M5R,2026-01-17 17:00:00,12772.4,9978
M5R,2026-01-17 18:00:00,13112.900000000001,9978
M5R,2026-01-17 19:00:00,12868.1,9978
M5R,2026-01-17 20:00:00,12616.8,9978
M5R,2026-01-17 21:00:00,12254.4,9978
M5R,2026-01-17 22:00:00,11777.4,9978
M5R,2026-01-17 23:00:00,11026.8,9978
M5R,2026-01-18 00:00:00,10574.6,9978
M5R,2026-01-18 01:00:00,10172.4,9978
M5R,2026-01-18 02:00:00,9864.699999999999,9978
M5R,2026-01-18 03:00:00,9786.0,9978
M5R,2026-01-18 04:00:00,9806.0,9978
M5R,2026-01-18 05:00:00,9936.1,9978
M5R,2026-01-18 06:00:00,10151.2,9978
M5R,2026-01-18 07:00:00,10673.6,9978
M5R,2026-01-18 08:00:00,11222.9,9978
M5R,2026-01-18 09:00:00,11594.6,9978
M5R,2026-01-18 10:00:00,11991.599999999999,9978
M5R,2026-01-18 11:00:00,12258.2,9978
M5R,2026-01-18 12:00:00,12374.599999999999,9978
M5R,2026-01-18 13:00:00,12418.4,9978
M5R,2026-01-18 14:00:00,12491.4,9978
M5R,2026-01-18 15:00:00,12620.0,9978
M5R,2026-01-18 16:00:00,13084.1,9978
M5R,2026-01-18 17:00:00,14101.5,9978
M5R,2026-01-18 18:00:00,14611.7,9978
M5R,2026-01-18 19:00:00,14419.699999999999,9978
M5R,2026-01-18 20:00:00,13815.4,9978
M5R,2026-01-18 21:00:00,13252.4,9978
M5R,2026-01-18 22:00:00,12345.7,9978
M5R,2026-01-18 23:00:00,11219.6,9978
M5R,2026-01-19 00:00:00,10424.3,9978
M5R,2026-01-19 01:00:00,9995.8,9978
M5R,2026-01-19 02:00:00,9780.2,9978
M5R,2026-01-19 03:00:00,9765.1,9978
M5R,2026-01-19 04:00:00,9901.0,9978
M5R,2026-01-19 05:00:00,10138.8,9978
M5R,2026-01-19 06:00:00,10615.7,9978
M5R,2026-01-19 07:00:00,11550.0,9978
M5R,2026-01-19 08:00:00,12212.800000000001,9978
M5R,2026-01-19 09:00:00,12419.1,9978
M5R,2026-01-19 10:00:00,12592.5,9979
M5R,2026-01-19 11:00:00,12686.7,9979
M5R,2026-01-19 12:00:00,12763.5,9979
M5R,2026-01-19 13:00:00,12697.400000000001,9979
M5R,2026-01-19 14:00:00,12599.8,9979
M5R,2026-01-19 15:00:00,12641.0,9979
M5R,2026-01-19 16:00:00,13137.6,9979
M5R,2026-01-19 17:00:00,14243.6,9979
M5R,2026-01-19 18:00:00,14941.6,9979
M5R,2026-01-19 19:00:00,14851.900000000001,9979
M5R,2026-01-19 20:00:00,14489.300000000001,9979
M5R,2026-01-19 21:00:00,13950.9,9979
M5R,2026-01-19 22:00:00,13129.2,9979
M5R,2026-01-19 23:00:00,12076.199999999999,9979
M5R,2026-01-20 00:00:00,11475.0,9979
M5R,2026-01-20 01:00:00,10995.3,9979
M5R,2026-01-20 02:00:00,10722.0,9979
M5R,2026-01-20 03:00:00,10677.800000000001,9979
M5R,2026-01-20 04:00:00,10684.699999999999,9979
M5R,2026-01-20 05:00:00,10918.5,9979
M5R,2026-01-20 06:00:00,11575.3,9979
M5R,2026-01-20 07:00:00,12579.3,9979
M5R,2026-01-20 08:00:00,13179.9,9979
M5R,2026-01-20 09:00:00,13254.2,9979
M5R,2026-01-20 10:00:00,13405.0,9979
M5R,2026-01-20 11:00:00,13507.4,9979
M5R,2026-01-20 12:00:00,13566.2,9979
M5R,2026-01-20 13:00:00,13411.8,9979
M5R,2026-01-20 14:00:00,13312.3,9979
M5R,2026-01-20 15:00:00,13358.9,9979
M5R,2026-01-20 16:00:00,13720.4,9979
M5R,2026-01-20 17:00:00,14734.599999999999,9979
M5R,2026-01-20 18:00:00,15481.5,9979
M5R,2026-01-20 19:00:00,15507.0,9979
M5R,2026-01-20 20:00:00,15271.400000000001,9979
M5R,2026-01-20 21:00:00,14826.7,9979
M5R,2026-01-20 22:00:00,13944.9,9979
M5R,2026-01-20 23:00:00,12794.5,9979
M5R,2026-01-21 00:00:00,11974.800000000001,9979
M5R,2026-01-21 01:00:00,11371.9,9979
M5R,2026-01-21 02:00:00,11044.7,9979
M5R,2026-01-21 03:00:00,10927.0,9979
M5R,2026-01-21 04:00:00,10851.5,9979
M5R,2026-01-21 05:00:00,10948.199999999999,9979
M5R,2026-01-21 06:00:00,11444.8,9979
M5R,2026-01-21 07:00:00,12293.5,9979
M5R,2026-01-21 08:00:00,12875.599999999999,9979
M5R,2026-01-21 09:00:00,13009.4,9979
M5R,2026-01-21 10:00:00,13422.400000000001,9979
M5R,2026-01-21 11:00:00,13491.5,9979
M5R,2026-01-21 12:00:00,13615.7,9979
M5R,2026-01-21 13:00:00,13464.7,9980
M5R,2026-01-21 14:00:00,13325.4,9980
M5R,2026-01-21 15:00:00,13170.3,9980
M5R,2026-01-21 16:00:00,13476.8,9980
M5R,2026-01-21 17:00:00,14178.1,9980
M5R,2026-01-21 18:00:00,14448.3,9980
M5R,2026-01-21 19:00:00,14215.6,9980
M5R,2026-01-21 20:00:00,13615.9,9980
M5R,2026-01-21 21:00:00,13031.9,9980
M5R,2026-01-21 22:00:00,12236.8,9980
M5R,2026-01-21 23:00:00,11166.0,9980
M5R,2026-01-22 00:00:00,10392.0,9980
M5R,2026-01-22 01:00:00,9931.800000000001,9980
M5R,2026-01-22 02:00:00,9631.9,9980
M5R,2026-01-22 03:00:00,9549.2,9980
M5R,2026-01-22 04:00:00,9564.3,9980
M5R,2026-01-22 05:00:00,9862.8,9980
M5R,2026-01-22 06:00:00,10337.7,9980
M5R,2026-01-22 07:00:00,11188.7,9980
M5R,2026-01-22 08:00:00,11748.199999999999,9980
M5R,2026-01-22 09:00:00,11870.5,9980
M5R,2026-01-22 10:00:00,12141.5,9979
M5R,2026-01-22 11:00:00,12177.9,9979
M5R,2026-01-22 12:00:00,12278.5,9979
M5R,2026-01-22 13:00:00,12150.3,9979
M5R,2026-01-22 14:00:00,12379.6,9979
M5R,2026-01-22 15:00:00,12294.699999999999,9979
M5R,2026-01-22 16:00:00,12723.1,9979
M5R,2026-01-22 17:00:00,13651.2,9979
M5R,2026-01-22 18:00:00,14179.8,9979
M5R,2026-01-22 19:00:00,14221.1,9979
M5R,2026-01-22 20:00:00,14003.1,9979
M5R,2026-01-22 21:00:00,13621.1,9979
M5R,2026-01-22 22:00:00,13050.4,9979
M5R,2026-01-22 23:00:00,12039.5,9979
M5R,2026-01-23 00:00:00,11230.6,9980
M5R,2026-01-23 01:00:00,9950.4,9980
M5R,2026-01-23 02:00:00,7109.6,9980
M5R,2026-01-23 03:00:00,8253.9,9980
M5R,2026-01-23 04:00:00,11234.3,9980
M5R,2026-01-23 05:00:00,10916.8,9980
M5R,2026-01-23 06:00:00,11324.199999999999,9980
M5R,2026-01-23 07:00:00,12319.3,9980
M5R,2026-01-23 08:00:00,13006.599999999999,9980
M5R,2026-01-23 09:00:00,13418.8,9980
M5R,2026-01-23 10:00:00,13738.4,9980
M5R,2026-01-23 11:00:00,14147.0,9980
M5R,2026-01-23 12:00:00,14236.0,9980
M5R,2026-01-23 13:00:00,14085.9,9980
M5R,2026-01-23 14:00:00,13889.5,9980
M5R,2026-01-23 15:00:00,14196.6,9980
M5R,2026-01-23 16:00:00,14604.300000000001,9980
M5R,2026-01-23 17:00:00,15470.0,9980
M5R,2026-01-23 18:00:00,15836.7,9980
M5R,2026-01-23 19:00:00,15684.400000000001,9980
M5R,2026-01-23 20:00:00,15362.9,9980
M5R,2026-01-23 21:00:00,14913.800000000001,9980
M5R,2026-01-23 22:00:00,14271.699999999999,9980
M5R,2026-01-23 23:00:00,13473.1,9980
M5R,2026-01-24 00:00:00,12781.6,9980
M5R,2026-01-24 01:00:00,12429.8,9980
M5R,2026-01-24 02:00:00,12172.4,9980
M5R,2026-01-24 03:00:00,11995.7,9980
M5R,2026-01-24 04:00:00,12030.0,9980
M5R,2026-01-24 05:00:00,12072.4,9980
M5R,2026-01-24 06:00:00,12383.599999999999,9980
M5R,2026-01-24 07:00:00,12926.5,9980
M5R,2026-01-24 08:00:00,13643.199999999999,9980
M5R,2026-01-24 09:00:00,14092.599999999999,9980
M5R,2026-01-24 10:00:00,14318.8,9980
M5R,2026-01-24 11:00:00,14479.099999999999,9980
M5R,2026-01-24 12:00:00,14615.9,9980
M5R,2026-01-24 13:00:00,14514.2,9980
M5R,2026-01-24 14:00:00,14433.199999999999,9980
M5R,2026-01-24 15:00:00,14712.2,9980
M5R,2026-01-24 16:00:00,15004.7,9980
M5R,2026-01-24 17:00:00,15607.1,9980
M5R,2026-01-24 18:00:00,15818.4,9980
M5R,2026-01-24 19:00:00,15529.8,9980
M5R,2026-01-24 20:00:00,14999.5,9980
M5R,2026-01-24 21:00:00,14531.9,9980
M5R,2026-01-24 22:00:00,13849.0,9980
M5R,2026-01-24 23:00:00,13142.0,9980
M5R,2026-01-25 00:00:00,12415.800000000001,9980
M5R,2026-01-25 01:00:00,11977.0,9980
M5R,2026-01-25 02:00:00,11660.900000000001,9980
M5R,2026-01-25 03:00:00,11586.9,9980
M5R,2026-01-25 04:00:00,11367.7,9980
M5R,2026-01-25 05:00:00,11364.5,9980
M5R,2026-01-25 06:00:00,11580.099999999999,9980
M5R,2026-01-25 07:00:00,11927.8,9980
M5R,2026-01-25 08:00:00,12661.300000000001,9980
M5R,2026-01-25 09:00:00,13459.3,9980
M5R,2026-01-25 10:00:00,14181.300000000001,9980
M5R,2026-01-25 11:00:00,14788.0,9980
M5R,2026-01-25 12:00:00,15527.7,9980
M5R,2026-01-25 13:00:00,15717.0,9980
M5R,2026-01-25 14:00:00,15831.8,9980
M5R,2026-01-25 15:00:00,15894.4,9980
M5R,2026-01-25 16:00:00,16118.800000000001,9980
M5R,2026-01-25 17:00:00,16813.100000000002,9980
M5R,2026-01-25 18:00:00,17266.6,9980
M5R,2026-01-25 19:00:00,16777.0,9980
M5R,2026-01-25 20:00:00,16050.7,9980
M5R,2026-01-25 21:00:00,15277.5,9980
M5R,2026-01-25 22:00:00,14252.7,9980
M5R,2026-01-25 23:00:00,13134.1,9980
M5R,2026-01-26 00:00:00,12354.8,9980
M5R,2026-01-26 01:00:00,11919.0,9980
M5R,2026-01-26 02:00:00,11563.300000000001,9980
M5R,2026-01-26 03:00:00,11475.3,9980
M5R,2026-01-26 04:00:00,11449.5,9980
M5R,2026-01-26 05:00:00,11710.4,9980
M5R,2026-01-26 06:00:00,12123.1,9980
M5R,2026-01-26 07:00:00,12653.0,9980
M5R,2026-01-26 08:00:00,13451.4,9980
M5R,2026-01-26 09:00:00,13797.300000000001,9980
M5R,2026-01-26 10:00:00,14017.7,9980
M5R,2026-01-26 11:00:00,14110.2,9980
M5R,2026-01-26 12:00:00,14409.9,9980
M5R,2026-01-26 13:00:00,14282.400000000001,9980
M5R,2026-01-26 14:00:00,13973.099999999999,9980
M5R,2026-01-26 15:00:00,14104.300000000001,9980
M5R,2026-01-26 16:00:00,14296.300000000001,9980
M5R,2026-01-26 17:00:00,15393.2,9980
M5R,2026-01-26 18:00:00,16032.2,9980
M5R,2026-01-26 19:00:00,15997.4,9980
M5R,2026-01-26 20:00:00,15402.5,9980
M5R,2026-01-26 21:00:00,14764.2,9980
M5R,2026-01-26 22:00:00,13915.6,9980
M5R,2026-01-26 23:00:00,12794.4,9980
M5R,2026-01-27 00:00:00,11991.1,9980
M5R,2026-01-27 01:00:00,11433.6,9980
M5R,2026-01-27 02:00:00,11213.400000000001,9980
M5R,2026-01-27 03:00:00,11107.800000000001,9980
M5R,2026-01-27 04:00:00,11255.6,9980
M5R,2026-01-27 05:00:00,11696.1,9980
M5R,2026-01-27 06:00:00,12400.699999999999,9980
M5R,2026-01-27 07:00:00,13299.7,9980
M5R,2026-01-27 08:00:00,13843.4,9980
M5R,2026-01-27 09:00:00,13901.099999999999,9980
M5R,2026-01-27 10:00:00,13971.9,9980
M5R,2026-01-27 11:00:00,14170.7,9982
M5R,2026-01-27 12:00:00,14233.599999999999,9982
M5R,2026-01-27 13:00:00,14177.900000000001,9982
M5R,2026-01-27 14:00:00,13859.0,9982
M5R,2026-01-27 15:00:00,13732.7,9982
M5R,2026-01-27 16:00:00,14329.2,9981
M5R,2026-01-27 17:00:00,15123.8,9981
M5R,2026-01-27 18:00:00,15953.0,9981
M5R,2026-01-27 19:00:00,15734.9,9981
M5R,2026-01-27 20:00:00,15461.699999999999,9981
M5R,2026-01-27 21:00:00,14928.5,9981
M5R,2026-01-27 22:00:00,13906.6,9981
M5R,2026-01-27 23:00:00,12928.7,9981
M5R,2026-01-28 00:00:00,12086.9,9981
M5R,2026-01-28 01:00:00,11575.4,9981
M5R,2026-01-28 02:00:00,11274.6,9981
M5R,2026-01-28 03:00:00,11034.9,9981
M5R,2026-01-28 04:00:00,11115.699999999999,9981
M5R,2026-01-28 05:00:00,11323.099999999999,9981
M5R,2026-01-28 06:00:00,11958.5,9981
M5R,2026-01-28 07:00:00,12829.8,9981
M5R,2026-01-28 08:00:00,13287.0,9981
M5R,2026-01-28 09:00:00,13207.8,9981
M5R,2026-01-28 10:00:00,13295.7,9981
M5R,2026-01-28 11:00:00,13261.8,9981
M5R,2026-01-28 12:00:00,13290.5,9981
M5R,2026-01-28 13:00:00,13490.5,9981
M5R,2026-01-28 14:00:00,13329.199999999999,9981
M5R,2026-01-28 15:00:00,13253.2,9981
M5R,2026-01-28 16:00:00,13696.8,9981
M5R,2026-01-28 17:00:00,14669.800000000001,9981
M5R,2026-01-28 18:00:00,15340.6,9981
M5R,2026-01-28 19:00:00,15272.599999999999,9981
M5R,2026-01-28 20:00:00,14922.1,9981
M5R,2026-01-28 21:00:00,14586.5,9981
M5R,2026-01-28 22:00:00,13807.7,9981
M5R,2026-01-28 23:00:00,12831.5,9981
M5R,2026-01-29 00:00:00,12102.9,9981
M5R,2026-01-29 01:00:00,11527.599999999999,9981
M5R,2026-01-29 02:00:00,11251.5,9981
M5R,2026-01-29 03:00:00,11109.0,9981
M5R,2026-01-29 04:00:00,11161.300000000001,9981
M5R,2026-01-29 05:00:00,11349.2,9981
M5R,2026-01-29 06:00:00,11924.0,9981
M5R,2026-01-29 07:00:00,12824.9,9981
M5R,2026-01-29 08:00:00,13528.1,9981
M5R,2026-01-29 09:00:00,13626.599999999999,9981
M5R,2026-01-29 10:00:00,13560.7,9981
M5R,2026-01-29 11:00:00,13557.5,9981
M5R,2026-01-29 12:00:00,13753.5,9981
M5R,2026-01-29 13:00:00,13560.8,9981
M5R,2026-01-29 14:00:00,13389.9,9981
M5R,2026-01-29 15:00:00,13469.400000000001,9981
M5R,2026-01-29 16:00:00,13875.1,9981
M5R,2026-01-29 17:00:00,14977.300000000001,9981
M5R,2026-01-29 18:00:00,15808.2,9981
M5R,2026-01-29 19:00:00,15933.9,9981
M5R,2026-01-29 20:00:00,15728.6,9981
M5R,2026-01-29 21:00:00,15316.5,9981
M5R,2026-01-29 22:00:00,14740.699999999999,9981
M5R,2026-01-29 23:00:00,13710.8,9981
M5R,2026-01-30 00:00:00,12912.5,9981
M5R,2026-01-30 01:00:00,12386.4,9981
M5R,2026-01-30 02:00:00,12135.1,9981
M5R,2026-01-30 03:00:00,12073.800000000001,9982
M5R,2026-01-30 04:00:00,12118.5,9982
M5R,2026-01-30 05:00:00,12335.6,9982
M5R,2026-01-30 06:00:00,12822.6,9982
M5R,2026-01-30 07:00:00,13829.2,9982
M5R,2026-01-30 08:00:00,14568.300000000001,9982
M5R,2026-01-30 09:00:00,14981.8,9982
M5R,2026-01-30 10:00:00,15102.5,9982
M5R,2026-01-30 11:00:00,14999.7,9982
M5R,2026-01-30 12:00:00,14744.2,9982
M5R,2026-01-30 13:00:00,14554.9,9982
M5R,2026-01-30 14:00:00,14323.5,9982
M5R,2026-01-30 15:00:00,14440.599999999999,9982
M5R,2026-01-30 16:00:00,14729.5,9982
M5R,2026-01-30 17:00:00,15356.5,9982
M5R,2026-01-30 18:00:00,15820.2,9982
M5R,2026-01-30 19:00:00,15652.0,9982
M5R,2026-01-30 20:00:00,15194.699999999999,9982
M5R,2026-01-30 21:00:00,14743.1,9982
M5R,2026-01-30 22:00:00,14161.1,9982
M5R,2026-01-30 23:00:00,13374.2,9982
M5R,2026-01-31 00:00:00,12914.699999999999,9982
M5R,2026-01-31 01:00:00,12499.4,9982
M5R,2026-01-31 02:00:00,12038.6,9982
M5R,2026-01-31 03:00:00,11840.5,9982
M5R,2026-01-31 04:00:00,11869.1,9982
M5R,2026-01-31 05:00:00,11982.800000000001,9982
M5R,2026-01-31 06:00:00,12260.4,9982
M5R,2026-01-31 07:00:00,12743.599999999999,9982
M5R,2026-01-31 08:00:00,13522.4,9982
M5R,2026-01-31 09:00:00,13944.5,9982
M5R,2026-01-31 10:00:00,14179.5,9982
M5R,2026-01-31 11:00:00,14201.2,9982
M5R,2026-01-31 12:00:00,14273.2,9982
M5R,2026-01-31 13:00:00,14161.2,9982
M5R,2026-01-31 14:00:00,14025.5,9982
M5R,2026-01-31 15:00:00,13940.5,9982
M5R,2026-01-31 16:00:00,14177.6,9982
M5R,2026-01-31 17:00:00,15017.1,9982
M5R,2026-01-31 18:00:00,15714.1,9982
M5R,2026-01-31 19:00:00,15521.8,9982
M5R,2026-01-31 20:00:00,15063.400000000001,9982
M5R,2026-01-31 21:00:00,14481.300000000001,9982
M5R,2026-01-31 22:00:00,13839.4,9982
M5R,2026-01-31 23:00:00,13154.599999999999,9982
M5R,2026-02-01 00:00:00,14605.142683,10494
M5R,2026-02-01 01:00:00,14174.374136,10494
M5R,2026-02-01 02:00:00,13864.910173,10494
M5R,2026-02-01 03:00:00,13770.786292,10494
M5R,2026-02-01 04:00:00,13749.077694,10494
M5R,2026-02-01 05:00:00,13862.84613,10494
M5R,2026-02-01 06:00:00,14118.176709000001,10494
M5R,2026-02-01 07:00:00,14604.209103000001,10494
M5R,2026-02-01 08:00:00,15318.230819,10494
M5R,2026-02-01 09:00:00,15809.27382,10494
M5R,2026-02-01 10:00:00,16071.09763,10494
M5R,2026-02-01 11:00:00,16243.188512,10494
M5R,2026-02-01 12:00:00,16089.1198,10494
M5R,2026-02-01 13:00:00,15956.297955999999,10494
M5R,2026-02-01 14:00:00,15584.350085000002,10494
M5R,2026-02-01 15:00:00,15567.066678,10493
M5R,2026-02-01 16:00:00,15977.602326,10493
M5R,2026-02-01 17:00:00,17082.228758,10493
M5R,2026-02-01 18:00:00,17891.27678,10493
M5R,2026-02-01 19:00:00,17637.609695,10494
M5R,2026-02-01 20:00:00,17178.285802,10494
M5R,2026-02-01 21:00:00,16580.415438,10494
M5R,2026-02-01 22:00:00,15656.963992,10494
M5R,2026-02-01 23:00:00,14485.583185,10506
M5R,2026-02-02 00:00:00,13627.615198,10494
M5R,2026-02-02 01:00:00,13260.693485,10494
M5R,2026-02-02 02:00:00,12953.427778000001,10494
M5R,2026-02-02 03:00:00,12914.166054,10494
M5R,2026-02-02 04:00:00,12928.537029,10494
M5R,2026-02-02 05:00:00,13267.089217,10494
M5R,2026-02-02 06:00:00,13860.043366,10494
M5R,2026-02-02 07:00:00,14832.795065999999,10494
M5R,2026-02-02 08:00:00,15403.097045,10494
M5R,2026-02-02 09:00:00,15650.972310000001,10494
M5R,2026-02-02 10:00:00,15554.542349000001,10494
M5R,2026-02-02 11:00:00,15386.307948,10494
M5R,2026-02-02 12:00:00,15370.605763,10494
M5R,2026-02-02 13:00:00,15177.929597,10494
M5R,2026-02-02 14:00:00,14968.74104,10494
M5R,2026-02-02 15:00:00,14913.695619,10494
M5R,2026-02-02 16:00:00,15279.463424000001,10494
M5R,2026-02-02 17:00:00,16238.097775,10494
M5R,2026-02-02 18:00:00,16903.203086,10494
M5R,2026-02-02 19:00:00,16846.960204,10494
M5R,2026-02-02 20:00:00,16456.192207,10494
M5R,2026-02-02 21:00:00,15861.978191,10494
M5R,2026-02-02 22:00:00,14831.619557999999,10494
M5R,2026-02-02 23:00:00,13778.361055,10495
M5R,2026-02-03 00:00:00,12963.841434999998,10494
M5R,2026-02-03 01:00:00,12461.139773,10494
M5R,2026-02-03 02:00:00,12133.346774,10494
M5R,2026-02-03 03:00:00,11995.541290000001,10494
M5R,2026-02-03 04:00:00,11995.144726,10494
M5R,2026-02-03 05:00:00,12201.105448,10494
M5R,2026-02-03 06:00:00,12712.969521,10493
M5R,2026-02-03 07:00:00,13662.44999,10493
M5R,2026-02-03 08:00:00,14338.294677999998,10493
M5R,2026-02-03 09:00:00,14700.535637,10493
M5R,2026-02-03 10:00:00,14990.818183,10494
M5R,2026-02-03 11:00:00,15279.229729,10494
M5R,2026-02-03 12:00:00,15554.341167999999,10493
M5R,2026-02-03 13:00:00,15443.679859,10493
M5R,2026-02-03 14:00:00,14996.978634000001,10493
M5R,2026-02-03 15:00:00,14788.292737,10493
M5R,2026-02-03 16:00:00,15201.754906,10494
M5R,2026-02-03 17:00:00,16051.935073,10494
M5R,2026-02-03 18:00:00,16852.391018,10494
M5R,2026-02-03 19:00:00,16808.773245,10494
M5R,2026-02-03 20:00:00,16433.507027,10494
M5R,2026-02-03 21:00:00,15746.620294,10494
M5R,2026-02-03 22:00:00,15040.313988,10494
M5R,2026-02-03 23:00:00,13992.486426,10494
M5R,2026-02-04 00:00:00,13302.783674,10495
M5R,2026-02-04 01:00:00,12756.61003,10495
M5R,2026-02-04 02:00:00,12435.355513,10495
M5R,2026-02-04 03:00:00,12398.714088,10495
M5R,2026-02-04 04:00:00,12513.935727,10495
M5R,2026-02-04 05:00:00,12762.348936,10495
M5R,2026-02-04 06:00:00,13481.087196999999,10495
M5R,2026-02-04 07:00:00,14575.971244999999,10495
M5R,2026-02-04 08:00:00,15120.47564,10495
M5R,2026-02-04 09:00:00,15183.211509,10495
M5R,2026-02-04 10:00:00,15236.492866,10495
M5R,2026-02-04 11:00:00,15179.069602,10495
M5R,2026-02-04 12:00:00,15131.272417,10495
M5R,2026-02-04 13:00:00,14808.806461,10495
M5R,2026-02-04 14:00:00,14626.102438,10495
M5R,2026-02-04 15:00:00,14539.204279000001,10494
M5R,2026-02-04 16:00:00,14865.834661,10494
M5R,2026-02-04 17:00:00,15703.722692,10494
M5R,2026-02-04 18:00:00,16435.719994,10494
M5R,2026-02-04 19:00:00,16579.528304,10495
M5R,2026-02-04 20:00:00,16264.482515000002,10495
M5R,2026-02-04 21:00:00,15832.061734,10495
M5R,2026-02-04 22:00:00,14959.959614,10495
M5R,2026-02-04 23:00:00,13948.357251999998,10504
M5R,2026-02-05 00:00:00,13098.080478000002,10494
M5R,2026-02-05 01:00:00,12633.989217,10494
M5R,2026-02-05 02:00:00,12410.486108000001,10494
M5R,2026-02-05 03:00:00,12394.07444,10494
M5R,2026-02-05 04:00:00,12372.735025,10494
M5R,2026-02-05 05:00:00,12731.184713,10494
M5R,2026-02-05 06:00:00,13442.034619,10494
M5R,2026-02-05 07:00:00,14354.615353000001,10494
M5R,2026-02-05 08:00:00,14760.585805,10494
M5R,2026-02-05 09:00:00,15162.06082,10494
M5R,2026-02-05 10:00:00,15481.290218999999,10494
M5R,2026-02-05 11:00:00,15495.086291,10494
M5R,2026-02-05 12:00:00,15361.964230999998,10495
M5R,2026-02-05 13:00:00,15279.222449,10495
M5R,2026-02-05 14:00:00,15240.220696,10495
M5R,2026-02-05 15:00:00,15028.868814,10494
M5R,2026-02-05 16:00:00,15314.124174999999,10494
M5R,2026-02-05 17:00:00,16074.215761,10494
M5R,2026-02-05 18:00:00,16684.794561,10494
M5R,2026-02-05 19:00:00,16483.363121,10495
M5R,2026-02-05 20:00:00,16093.614625,10495
M5R,2026-02-05 21:00:00,15737.069046,10495
M5R,2026-02-05 22:00:00,14879.163793,10495
M5R,2026-02-05 23:00:00,13936.816851,10499
M5R,2026-02-06 00:00:00,13221.917031,10495
M5R,2026-02-06 01:00:00,12662.080911000001,10495
M5R,2026-02-06 02:00:00,12359.882114,10496
M5R,2026-02-06 03:00:00,12272.401472,10496
M5R,2026-02-06 04:00:00,12360.226720999999,10496
M5R,2026-02-06 05:00:00,12593.878064999999,10496
M5R,2026-02-06 06:00:00,13024.266549,10496
M5R,2026-02-06 07:00:00,13976.965161,10496
M5R,2026-02-06 08:00:00,14762.143701,10496
M5R,2026-02-06 09:00:00,15137.449968,10496
M5R,2026-02-06 10:00:00,15382.816561,10496
M5R,2026-02-06 11:00:00,15437.36737,10496
M5R,2026-02-06 12:00:00,15408.635933999998,10496
M5R,2026-02-06 13:00:00,15202.090534,10496
M5R,2026-02-06 14:00:00,15069.856749999999,10496
M5R,2026-02-06 15:00:00,14995.058217,10495
M5R,2026-02-06 16:00:00,15288.383823999999,10495
M5R,2026-02-06 17:00:00,15813.052316999998,10495
M5R,2026-02-06 18:00:00,16110.843265,10495
M5R,2026-02-06 19:00:00,16189.58157,10496
M5R,2026-02-06 20:00:00,16023.740130999999,10496
M5R,2026-02-06 21:00:00,15746.388789,10496
M5R,2026-02-06 22:00:00,15275.551528,10496
M5R,2026-02-06 23:00:00,14744.729233999999,10496
M5R,2026-02-07 00:00:00,14457.268148,10496
M5R,2026-02-07 01:00:00,14159.204448,10496
M5R,2026-02-07 02:00:00,14046.177937,10496
M5R,2026-02-07 03:00:00,14029.708996000001,10496
M5R,2026-02-07 04:00:00,14148.101824000001,10496
M5R,2026-02-07 05:00:00,14305.339351999999,10496
M5R,2026-02-07 06:00:00,14614.627979,10496
M5R,2026-02-07 07:00:00,15243.904437,10496
M5R,2026-02-07 08:00:00,16021.116844,10496
M5R,2026-02-07 09:00:00,16825.584538,10496
M5R,2026-02-07 10:00:00,17205.139497,10496
M5R,2026-02-07 11:00:00,17406.825319,10496
M5R,2026-02-07 12:00:00,17505.133893000002,10496
M5R,2026-02-07 13:00:00,17375.893797999997,10496
M5R,2026-02-07 14:00:00,17185.899654,10496
M5R,2026-02-07 15:00:00,17127.595172999998,10496
M5R,2026-02-07 16:00:00,17450.751694,10496
M5R,2026-02-07 17:00:00,18153.345643,10496
M5R,2026-02-07 18:00:00,18838.215048,10496
M5R,2026-02-07 19:00:00,18625.107515,10496
M5R,2026-02-07 20:00:00,18000.173343,10496
M5R,2026-02-07 21:00:00,17496.783693,10496
M5R,2026-02-07 22:00:00,16785.629085,10496
M5R,2026-02-07 23:00:00,15968.537775,10497
M5R,2026-02-08 00:00:00,15337.645328,10496
M5R,2026-02-08 01:00:00,14828.529340000001,10496
M5R,2026-02-08 02:00:00,14572.03519,10496
M5R,2026-02-08 03:00:00,14412.815605,10496
M5R,2026-02-08 04:00:00,14419.946955,10496
M5R,2026-02-08 05:00:00,14627.087671,10496
M5R,2026-02-08 06:00:00,14891.287924,10496
M5R,2026-02-08 07:00:00,15574.181794,10496
M5R,2026-02-08 08:00:00,16253.839713000001,10496
M5R,2026-02-08 09:00:00,16860.411473,10496
M5R,2026-02-08 10:00:00,17207.345845,10496
M5R,2026-02-08 11:00:00,17337.284855,10496
M5R,2026-02-08 12:00:00,17479.857978,10496
M5R,2026-02-08 13:00:00,17424.698205,10496
M5R,2026-02-08 14:00:00,17223.462927,10496
M5R,2026-02-08 15:00:00,17216.89025,10495
M5R,2026-02-08 16:00:00,17450.459020000002,10495
M5R,2026-02-08 17:00:00,18366.666384,10495
M5R,2026-02-08 18:00:00,19059.79601,10495
M5R,2026-02-08 19:00:00,18775.217865,10496
M5R,2026-02-08 20:00:00,18374.964200000002,10496
M5R,2026-02-08 21:00:00,17853.653749,10496
M5R,2026-02-08 22:00:00,17022.174483,10496
M5R,2026-02-08 23:00:00,16029.73678,10496
M5R,2026-02-09 00:00:00,15268.125633,10496
M5R,2026-02-09 01:00:00,14762.984672999999,10496
M5R,2026-02-09 02:00:00,14487.260729,10496
M5R,2026-02-09 03:00:00,14351.813941,10496
M5R,2026-02-09 04:00:00,14345.747849,10496
M5R,2026-02-09 05:00:00,14535.533034,10496
M5R,2026-02-09 06:00:00,15073.484606999999,10496
M5R,2026-02-09 07:00:00,16129.528598,10496
M5R,2026-02-09 08:00:00,16565.443138,10496
M5R,2026-02-09 09:00:00,16836.876317,10496
M5R,2026-02-09 10:00:00,17141.483283999998,10496
M5R,2026-02-09 11:00:00,17210.542306,10496
M5R,2026-02-09 12:00:00,17134.393129,10496
M5R,2026-02-09 13:00:00,17063.752454,10496
M5R,2026-02-09 14:00:00,16665.771251,10496
M5R,2026-02-09 15:00:00,16120.196299,10496
M5R,2026-02-09 16:00:00,16226.924181,10496
M5R,2026-02-09 17:00:00,17196.302650999998,10496
M5R,2026-02-09 18:00:00,17973.358246,10496
M5R,2026-02-09 19:00:00,17833.301912,10496
M5R,2026-02-09 20:00:00,17317.996332,10496
M5R,2026-02-09 21:00:00,16601.637678,10496
M5R,2026-02-09 22:00:00,15393.581680000001,10496
M5R,2026-02-09 23:00:00,14247.219366,10496
M5R,2026-02-10 00:00:00,13347.743658,10496
M5R,2026-02-10 01:00:00,12782.37132,10496
M5R,2026-02-10 02:00:00,12465.530218,10496
M5R,2026-02-10 03:00:00,12435.557762,10496
M5R,2026-02-10 04:00:00,12553.899905,10496
M5R,2026-02-10 05:00:00,12786.584027,10496
M5R,2026-02-10 06:00:00,13283.315852,10496
M5R,2026-02-10 07:00:00,14196.86385,10496
M5R,2026-02-10 08:00:00,14732.46987,10496
M5R,2026-02-10 09:00:00,14818.582928,10496
M5R,2026-02-10 10:00:00,14854.375595,10496
M5R,2026-02-10 11:00:00,14765.287624,10496
M5R,2026-02-10 12:00:00,15064.474256000001,10496
M5R,2026-02-10 13:00:00,14499.950947999998,10496
M5R,2026-02-10 14:00:00,14548.343648,10496
M5R,2026-02-10 15:00:00,14330.068913,10496
M5R,2026-02-10 16:00:00,14433.592999,10496
M5R,2026-02-10 17:00:00,15005.265194,10496
M5R,2026-02-10 18:00:00,15539.827154999999,10496
M5R,2026-02-10 19:00:00,15464.185304999999,10496
M5R,2026-02-10 20:00:00,14970.634374,10496
M5R,2026-02-10 21:00:00,14435.143285,10496
M5R,2026-02-10 22:00:00,13577.101073999998,10496
M5R,2026-02-10 23:00:00,12404.005904,10496
M5R,2026-02-11 00:00:00,11602.354856,10496
M5R,2026-02-11 01:00:00,11087.644598,10496
M5R,2026-02-11 02:00:00,10910.757523,10496
M5R,2026-02-11 03:00:00,10806.278357,10496
M5R,2026-02-11 04:00:00,10894.713611,10496
M5R,2026-02-11 05:00:00,11225.894603,10496
M5R,2026-02-11 06:00:00,11864.244552,10496
M5R,2026-02-11 07:00:00,12770.211215,10496
M5R,2026-02-11 08:00:00,13528.077430000001,10496
M5R,2026-02-11 09:00:00,13959.348199,10496
M5R,2026-02-11 10:00:00,14024.975208,10496
M5R,2026-02-11 11:00:00,14483.690491000001,10496
M5R,2026-02-11 12:00:00,14712.10596,10495
M5R,2026-02-11 13:00:00,14507.797545,10495
M5R,2026-02-11 14:00:00,14305.417636,10495
M5R,2026-02-11 15:00:00,14392.000958,10494
M5R,2026-02-11 16:00:00,14811.009435,10494
M5R,2026-02-11 17:00:00,15335.549135000001,10494
M5R,2026-02-11 18:00:00,15769.131464,10494
M5R,2026-02-11 19:00:00,15605.249537,10495
M5R,2026-02-11 20:00:00,15210.967363,10495
M5R,2026-02-11 21:00:00,14656.166325,10495
M5R,2026-02-11 22:00:00,13876.037506,10495
M5R,2026-02-11 23:00:00,13016.932957,10495
M5R,2026-02-12 00:00:00,12093.785682,10494
M5R,2026-02-12 01:00:00,11708.094372,10494
M5R,2026-02-12 02:00:00,11495.077613,10494
M5R,2026-02-12 03:00:00,11403.146416,10494
M5R,2026-02-12 04:00:00,11426.071296,10494
M5R,2026-02-12 05:00:00,11747.502545,10494
M5R,2026-02-12 06:00:00,12365.212083,10494
M5R,2026-02-12 07:00:00,13379.209076000001,10494
M5R,2026-02-12 08:00:00,14122.447837,10494
M5R,2026-02-12 09:00:00,14346.959359,10494
M5R,2026-02-12 10:00:00,14353.200417,10494
M5R,2026-02-12 11:00:00,14533.685141,10494
M5R,2026-02-12 12:00:00,14461.240409999999,10494
M5R,2026-02-12 13:00:00,14240.689294,10494
M5R,2026-02-12 14:00:00,14006.912396,10494
M5R,2026-02-12 15:00:00,13810.641989,10494
M5R,2026-02-12 16:00:00,14227.605529,10495
M5R,2026-02-12 17:00:00,14991.057367,10495
M5R,2026-02-12 18:00:00,15712.788903,10495
M5R,2026-02-12 19:00:00,15741.868957,10495
M5R,2026-02-12 20:00:00,15427.941287,10495
M5R,2026-02-12 21:00:00,15051.485613,10495
M5R,2026-02-12 22:00:00,14429.201759,10495
M5R,2026-02-12 23:00:00,13645.831699,10495
M5R,2026-02-13 00:00:00,12850.852109,10495
M5R,2026-02-13 01:00:00,12361.330082,10496
M5R,2026-02-13 02:00:00,12051.089727999999,10496
M5R,2026-02-13 03:00:00,12042.919377,10496
M5R,2026-02-13 04:00:00,12099.294781,10496
M5R,2026-02-13 05:00:00,12285.226195,10496
M5R,2026-02-13 06:00:00,12781.866087999999,10496
M5R,2026-02-13 07:00:00,13677.815341,10496
M5R,2026-02-13 08:00:00,14379.422621,10496
M5R,2026-02-13 09:00:00,14647.645991000001,10496
M5R,2026-02-13 10:00:00,14623.736727000001,10496
M5R,2026-02-13 11:00:00,14559.377683,10496
M5R,2026-02-13 12:00:00,14458.878448,10496
M5R,2026-02-13 13:00:00,14073.583977,10496
M5R,2026-02-13 14:00:00,13921.984199999999,10496
M5R,2026-02-13 15:00:00,13897.560807,10495
M5R,2026-02-13 16:00:00,14320.182415,10495
M5R,2026-02-13 17:00:00,14746.015668,10495
M5R,2026-02-13 18:00:00,14951.328065,10495
M5R,2026-02-13 19:00:00,14952.750396,10496
M5R,2026-02-13 20:00:00,14701.313967,10496
M5R,2026-02-13 21:00:00,14187.492449,10496
M5R,2026-02-13 22:00:00,13522.965655,10497
M5R,2026-02-13 23:00:00,12557.031767,10497
M5R,2026-02-14 00:00:00,11895.372839,10497
M5R,2026-02-14 01:00:00,11349.189527,10497
M5R,2026-02-14 02:00:00,11039.492197,10497
M5R,2026-02-14 03:00:00,10901.343735999999,10497
M5R,2026-02-14 04:00:00,10833.12665,10497
M5R,2026-02-14 05:00:00,10899.569634,10497
M5R,2026-02-14 06:00:00,11176.097596,10497
M5R,2026-02-14 07:00:00,11566.047175,10497
M5R,2026-02-14 08:00:00,12111.345465,10497
M5R,2026-02-14 09:00:00,12458.951867,10497
M5R,2026-02-14 10:00:00,13053.08539,10497
M5R,2026-02-14 11:00:00,13145.577365000001,10497
M5R,2026-02-14 12:00:00,13300.198627999998,10497
M5R,2026-02-14 13:00:00,13323.521708,10497
M5R,2026-02-14 14:00:00,13120.43135,10497
M5R,2026-02-14 15:00:00,13139.569091000001,10497
M5R,2026-02-14 16:00:00,13178.047287,10497
M5R,2026-02-14 17:00:00,13610.114431999998,10497
M5R,2026-02-14 18:00:00,14057.658355,10497
M5R,2026-02-14 19:00:00,13866.239486999999,10497
M5R,2026-02-14 20:00:00,13341.553867999999,10497
M5R,2026-02-14 21:00:00,12946.987323,10497
M5R,2026-02-14 22:00:00,12262.33602,10497
M5R,2026-02-14 23:00:00,11672.341840000001,10497
M5R,2026-02-15 00:00:00,11160.569273000001,10497
M5R,2026-02-15 01:00:00,10725.660652,10497
M5R,2026-02-15 02:00:00,10349.729459,10497
M5R,2026-02-15 03:00:00,10192.659185,10497
M5R,2026-02-15 04:00:00,10123.580894,10497
M5R,2026-02-15 05:00:00,10223.982821,10497
M5R,2026-02-15 06:00:00,10512.500474,10497
M5R,2026-02-15 07:00:00,11047.477251,10497
M5R,2026-02-15 08:00:00,11504.112733,10497
M5R,2026-02-15 09:00:00,11989.831775999999,10497
M5R,2026-02-15 10:00:00,12598.156584999999,10497
M5R,2026-02-15 11:00:00,13049.10593,10497
M5R,2026-02-15 12:00:00,12926.544194,10497
M5R,2026-02-15 13:00:00,12573.042066000002,10497
M5R,2026-02-15 14:00:00,12390.603479,10497
M5R,2026-02-15 15:00:00,12473.090385,10497
M5R,2026-02-15 16:00:00,12623.371292,10497
M5R,2026-02-15 17:00:00,13398.082992,10497
M5R,2026-02-15 18:00:00,14093.641456000001,10497
M5R,2026-02-15 19:00:00,13909.973711999999,10497
M5R,2026-02-15 20:00:00,13472.969318000001,10497
M5R,2026-02-15 21:00:00,13038.059769000001,10497
M5R,2026-02-15 22:00:00,12456.992473,10497
M5R,2026-02-15 23:00:00,11666.516574,10498
M5R,2026-02-16 00:00:00,11086.858858,10497
M5R,2026-02-16 01:00:00,10705.582264,10497
M5R,2026-02-16 02:00:00,10489.236588,10497
M5R,2026-02-16 03:00:00,10295.258669,10497
M5R,2026-02-16 04:00:00,10350.108549,10497
M5R,2026-02-16 05:00:00,10512.099963999999,10497
M5R,2026-02-16 06:00:00,10785.376165,10497
M5R,2026-02-16 07:00:00,11173.706408,10497
M5R,2026-02-16 08:00:00,11735.836080000001,10497
M5R,2026-02-16 09:00:00,12142.928572,10497
M5R,2026-02-16 10:00:00,12471.833739000002,10497
M5R,2026-02-16 11:00:00,12747.697763,10497
M5R,2026-02-16 12:00:00,13012.8266,10497
M5R,2026-02-16 13:00:00,12935.485365,10497
M5R,2026-02-16 14:00:00,12788.685649,10497
M5R,2026-02-16 15:00:00,12760.005587,10496
M5R,2026-02-16 16:00:00,13161.291123,10496
M5R,2026-02-16 17:00:00,13982.050304,10496
M5R,2026-02-16 18:00:00,14481.468588999998,10496
M5R,2026-02-16 19:00:00,14213.515551,10497
M5R,2026-02-16 20:00:00,13738.148925000001,10497
M5R,2026-02-16 21:00:00,13143.608517,10497
M5R,2026-02-16 22:00:00,12191.239409,10497
M5R,2026-02-16 23:00:00,11265.620315,10497
M5R,2026-02-17 00:00:00,10380.299123,10497
M5R,2026-02-17 01:00:00,9801.571913,10497
M5R,2026-02-17 02:00:00,9516.190298,10497
M5R,2026-02-17 03:00:00,9406.77206,10497
M5R,2026-02-17 04:00:00,9409.87043,10497
M5R,2026-02-17 05:00:00,9720.279715,10497
M5R,2026-02-17 06:00:00,10267.714754,10497
M5R,2026-02-17 07:00:00,11197.946777000001,10497
M5R,2026-02-17 08:00:00,11574.376226,10497
M5R,2026-02-17 09:00:00,11630.152536,10493
M5R,2026-02-17 10:00:00,11811.939512,10493
M5R,2026-02-17 11:00:00,11733.512907,10493
M5R,2026-02-17 12:00:00,11568.29428,10493
M5R,2026-02-17 13:00:00,11518.918551,10493
M5R,2026-02-17 14:00:00,11234.254895,10493
M5R,2026-02-17 15:00:00,11249.693637,10492
M5R,2026-02-17 16:00:00,11736.408749,10492
M5R,2026-02-17 17:00:00,12452.214328,10492
M5R,2026-02-17 18:00:00,13284.582652000001,10492
M5R,2026-02-17 19:00:00,13320.093506,10493
M5R,2026-02-17 20:00:00,12808.210332999999,10493
M5R,2026-02-17 21:00:00,12376.109917,10493
M5R,2026-02-17 22:00:00,11497.881245,10493
M5R,2026-02-17 23:00:00,10567.700722,10494
M5R,2026-02-18 00:00:00,9819.251841,10493
M5R,2026-02-18 01:00:00,9373.490396000001,10493
M5R,2026-02-18 02:00:00,9126.931934,10493
M5R,2026-02-18 03:00:00,9098.732553,10493
M5R,2026-02-18 04:00:00,9196.16502,10493
M5R,2026-02-18 05:00:00,9588.672633,10493
M5R,2026-02-18 06:00:00,10248.364518,10493
M5R,2026-02-18 07:00:00,11261.31691,10493
M5R,2026-02-18 08:00:00,12182.586688,10493
M5R,2026-02-18 09:00:00,12906.99875,10493
M5R,2026-02-18 10:00:00,13708.344731000001,10493
M5R,2026-02-18 11:00:00,14217.722319,10493
M5R,2026-02-18 12:00:00,14380.904129999999,10493
M5R,2026-02-18 13:00:00,14228.203224,10493
M5R,2026-02-18 14:00:00,14095.547144,10493
M5R,2026-02-18 15:00:00,13893.378955,10492
M5R,2026-02-18 16:00:00,14181.95872,10492
M5R,2026-02-18 17:00:00,14739.079755,10492
M5R,2026-02-18 18:00:00,14991.481299,10492
M5R,2026-02-18 19:00:00,14775.510900000001,10493
M5R,2026-02-18 20:00:00,14355.260287000001,10493
M5R,2026-02-18 21:00:00,13610.735255,10493
M5R,2026-02-18 22:00:00,12793.551155000001,10493
M5R,2026-02-18 23:00:00,11858.780256,10495
M5R,2026-02-19 00:00:00,11153.064126,10492
M5R,2026-02-19 01:00:00,10583.857226,10492
M5R,2026-02-19 02:00:00,10326.045199,10492
M5R,2026-02-19 03:00:00,10210.81384,10492
M5R,2026-02-19 04:00:00,10290.860248,10492
M5R,2026-02-19 05:00:00,10568.178283,10492
M5R,2026-02-19 06:00:00,11095.126414999999,10492
M5R,2026-02-19 07:00:00,12000.899562,10492
M5R,2026-02-19 08:00:00,12377.314695000001,10492
M5R,2026-02-19 09:00:00,12679.390012,10492
M5R,2026-02-19 10:00:00,12939.729263,10492
M5R,2026-02-19 11:00:00,13079.0524,10492
M5R,2026-02-19 12:00:00,13223.220737,10492
M5R,2026-02-19 13:00:00,13023.363457,10492
M5R,2026-02-19 14:00:00,12850.197745,10492
M5R,2026-02-19 15:00:00,12921.160209000001,10492
M5R,2026-02-19 16:00:00,13353.411573,10492
M5R,2026-02-19 17:00:00,13911.101531,10492
M5R,2026-02-19 18:00:00,14438.118806,10492
M5R,2026-02-19 19:00:00,14282.66469,10492
M5R,2026-02-19 20:00:00,13817.441095,10492
M5R,2026-02-19 21:00:00,13316.869263999999,10492
M5R,2026-02-19 22:00:00,12640.808696,10492
M5R,2026-02-19 23:00:00,11655.24603,10492
M5R,2026-02-20 00:00:00,10863.618331,10492
M5R,2026-02-20 01:00:00,10359.972459,10492
M5R,2026-02-20 02:00:00,10033.532597,10492
M5R,2026-02-20 03:00:00,9929.482897,10492
M5R,2026-02-20 04:00:00,9935.596435,10492
M5R,2026-02-20 05:00:00,10273.639537000001,10492
M5R,2026-02-20 06:00:00,10879.099959,10492
M5R,2026-02-20 07:00:00,11674.820294,10492
M5R,2026-02-20 08:00:00,12450.700723,10492
M5R,2026-02-20 09:00:00,13040.743224,10492
M5R,2026-02-20 10:00:00,13524.747584,10492
M5R,2026-02-20 11:00:00,13801.056322,10492
M5R,2026-02-20 12:00:00,13918.096492,10491
M5R,2026-02-20 13:00:00,13910.882705,10492
M5R,2026-02-20 14:00:00,13687.55483,10492
M5R,2026-02-20 15:00:00,13462.509730000002,10492
M5R,2026-02-20 16:00:00,13597.333597,10492
M5R,2026-02-20 17:00:00,13936.103041,10492
M5R,2026-02-20 18:00:00,14002.908056,10491
M5R,2026-02-20 19:00:00,13725.520971999998,10491
M5R,2026-02-20 20:00:00,13267.216041,10491
M5R,2026-02-20 21:00:00,12924.920710999999,10491
M5R,2026-02-20 22:00:00,12283.706724,10491
M5R,2026-02-20 23:00:00,11394.380204000001,10491
M5R,2026-02-21 00:00:00,10635.214013,10491
M5R,2026-02-21 01:00:00,10201.082068,10491
M5R,2026-02-21 02:00:00,9828.69043,10491
M5R,2026-02-21 03:00:00,9664.719071,10491
M5R,2026-02-21 04:00:00,9649.390004,10491
M5R,2026-02-21 05:00:00,9821.761809,10491
M5R,2026-02-21 06:00:00,10037.808278,10491
M5R,2026-02-21 07:00:00,10571.812326,10491
M5R,2026-02-21 08:00:00,11409.513531,10491
M5R,2026-02-21 09:00:00,12166.686453,10491
M5R,2026-02-21 10:00:00,12596.215169,10491
M5R,2026-02-21 11:00:00,13070.289525999999,10491
M5R,2026-02-21 12:00:00,13225.566269,10491
M5R,2026-02-21 13:00:00,13247.600837,10491
M5R,2026-02-21 14:00:00,13066.567775,10491
M5R,2026-02-21 15:00:00,12885.373208,10491
M5R,2026-02-21 16:00:00,13182.265048000001,10491
M5R,2026-02-21 17:00:00,13573.723078,10491
M5R,2026-02-21 18:00:00,13843.314094000001,10491
M5R,2026-02-21 19:00:00,13621.180030000001,10491
M5R,2026-02-21 20:00:00,13243.722516,10491
M5R,2026-02-21 21:00:00,12788.013704,10491
M5R,2026-02-21 22:00:00,12386.824572000001,10491
M5R,2026-02-21 23:00:00,11619.679438,10492
M5R,2026-02-22 00:00:00,10999.328678,10491
M5R,2026-02-22 01:00:00,10517.043848,10491
M5R,2026-02-22 02:00:00,10297.682474000001,10491
M5R,2026-02-22 03:00:00,10289.684451,10491
M5R,2026-02-22 04:00:00,10272.610448,10491
M5R,2026-02-22 05:00:00,10386.415578,10491
M5R,2026-02-22 06:00:00,10690.829069,10491
M5R,2026-02-22 07:00:00,11340.835395,10491
M5R,2026-02-22 08:00:00,12071.605835,10491
M5R,2026-02-22 09:00:00,12643.207394,10491
M5R,2026-02-22 10:00:00,13073.346643,10491
M5R,2026-02-22 11:00:00,13251.530891999999,10491
M5R,2026-02-22 12:00:00,13284.191491,10491
M5R,2026-02-22 13:00:00,13202.004825,10491
M5R,2026-02-22 14:00:00,13291.602721000001,10491
M5R,2026-02-22 15:00:00,13307.699094,10491
M5R,2026-02-22 16:00:00,13475.575090999999,10491
M5R,2026-02-22 17:00:00,14118.97969,10491
M5R,2026-02-22 18:00:00,14777.639739,10491
M5R,2026-02-22 19:00:00,14615.163012,10491
M5R,2026-02-22 20:00:00,14155.643902000002,10491
M5R,2026-02-22 21:00:00,13682.154727000001,10491
M5R,2026-02-22 22:00:00,12825.972458,10491
M5R,2026-02-22 23:00:00,11750.448495,10491
M5R,2026-02-23 00:00:00,11050.701175,10491
M5R,2026-02-23 01:00:00,10590.318092,10491
M5R,2026-02-23 02:00:00,10376.73406,10491
M5R,2026-02-23 03:00:00,10356.912182,10491
M5R,2026-02-23 04:00:00,10511.366576,10491
M5R,2026-02-23 05:00:00,10923.438368000001,10491
M5R,2026-02-23 06:00:00,11487.86716,10491
M5R,2026-02-23 07:00:00,12369.073729,10491
M5R,2026-02-23 08:00:00,12996.794936,10491
M5R,2026-02-23 09:00:00,13327.050361,10491
M5R,2026-02-23 10:00:00,13670.878834,10491
M5R,2026-02-23 11:00:00,13710.581905,10491
M5R,2026-02-23 12:00:00,13645.568479,10491
M5R,2026-02-23 13:00:00,13427.509202000001,10491
M5R,2026-02-23 14:00:00,13263.409599999999,10491
M5R,2026-02-23 15:00:00,13484.948357000001,10491
M5R,2026-02-23 16:00:00,14193.633302,10491
M5R,2026-02-23 17:00:00,14852.572235,10491
M5R,2026-02-23 18:00:00,15867.639054,10491
M5R,2026-02-23 19:00:00,15994.935882,10491
M5R,2026-02-23 20:00:00,15624.954018,10491
M5R,2026-02-23 21:00:00,15228.993883,10491
M5R,2026-02-23 22:00:00,14414.685547000001,10491
M5R,2026-02-23 23:00:00,13538.256885,10493
M5R,2026-02-24 00:00:00,12840.308329,10490
M5R,2026-02-24 01:00:00,12372.912103999999,10490
M5R,2026-02-24 02:00:00,12267.472769,10490
M5R,2026-02-24 03:00:00,12229.170275,10490
M5R,2026-02-24 04:00:00,12365.646391,10492
M5R,2026-02-24 05:00:00,12719.498083,10492
M5R,2026-02-24 06:00:00,13481.741485,10493
M5R,2026-02-24 07:00:00,14502.024548000001,10493
M5R,2026-02-24 08:00:00,14888.136017,10493
M5R,2026-02-24 09:00:00,14972.185353,10493
M5R,2026-02-24 10:00:00,15157.116458,10493
M5R,2026-02-24 11:00:00,15066.086821,10493
M5R,2026-02-24 12:00:00,14833.76277,10493
M5R,2026-02-24 13:00:00,14532.238858,10492
M5R,2026-02-24 14:00:00,14265.0182,10492
M5R,2026-02-24 15:00:00,14152.323635,10492
M5R,2026-02-24 16:00:00,14573.844823,10492
M5R,2026-02-24 17:00:00,15183.043323,10492
M5R,2026-02-24 18:00:00,16018.756649,10492
M5R,2026-02-24 19:00:00,15874.597106,10493
M5R,2026-02-24 20:00:00,15411.554194,10493
M5R,2026-02-24 21:00:00,14893.569036,10493
M5R,2026-02-24 22:00:00,14176.816773,10493
M5R,2026-02-24 23:00:00,13121.819553,10493
M5R,2026-02-25 00:00:00,12310.148673,10492
M5R,2026-02-25 01:00:00,11919.1069,10492
M5R,2026-02-25 02:00:00,11557.95825,10492
M5R,2026-02-25 03:00:00,10840.790238,10492
M5R,2026-02-25 04:00:00,11066.587792,10492
M5R,2026-02-25 05:00:00,11382.117274,10492
M5R,2026-02-25 06:00:00,11847.217402,10492
M5R,2026-02-25 07:00:00,12679.645577000001,10492
M5R,2026-02-25 08:00:00,13463.464829999999,10492
M5R,2026-02-25 09:00:00,13729.680779999999,10492
M5R,2026-02-25 10:00:00,13561.108978,10492
M5R,2026-02-25 11:00:00,13655.739617,10492
M5R,2026-02-25 12:00:00,13822.876238,10492
M5R,2026-02-25 13:00:00,13734.833429000002,10492
M5R,2026-02-25 14:00:00,13861.818818,10492
M5R,2026-02-25 15:00:00,13439.971331,10492
M5R,2026-02-25 16:00:00,14003.952084,10492
M5R,2026-02-25 17:00:00,14432.999516,10492
M5R,2026-02-25 18:00:00,15195.136802,10492
M5R,2026-02-25 19:00:00,15263.768286999999,10492
M5R,2026-02-25 20:00:00,14896.677621,10492
M5R,2026-02-25 21:00:00,14330.474654,10492
M5R,2026-02-25 22:00:00,13712.052502999999,10492
M5R,2026-02-25 23:00:00,12723.235055000001,10492
M5R,2026-02-26 00:00:00,11921.441545,10492
M5R,2026-02-26 01:00:00,11443.08192,10492
M5R,2026-02-26 02:00:00,11290.657188,10492
M5R,2026-02-26 03:00:00,11192.289397999999,10492
M5R,2026-02-26 04:00:00,11213.621385,10492
M5R,2026-02-26 05:00:00,11484.751416000001,10492
M5R,2026-02-26 06:00:00,12123.852835,10492
M5R,2026-02-26 07:00:00,13000.594618,10492
M5R,2026-02-26 08:00:00,13273.87582,10492
M5R,2026-02-26 09:00:00,13430.613163,10492
M5R,2026-02-26 10:00:00,13700.974634999999,10492
M5R,2026-02-26 11:00:00,13761.842553,10492
M5R,2026-02-26 12:00:00,13470.105218,10492
M5R,2026-02-26 13:00:00,13234.105755,10492
M5R,2026-02-26 14:00:00,13093.892641,10492
M5R,2026-02-26 15:00:00,12920.044111,10492
M5R,2026-02-26 16:00:00,13277.509312,10492
M5R,2026-02-26 17:00:00,13855.812424,10492
M5R,2026-02-26 18:00:00,14679.924532,10492
M5R,2026-02-26 19:00:00,14730.547015,10492
M5R,2026-02-26 20:00:00,14470.296843,10492
M5R,2026-02-26 21:00:00,14108.489601000001,10492
M5R,2026-02-26 22:00:00,13284.830351999999,10492
M5R,2026-02-26 23:00:00,12331.583529,10493
M5R,2026-02-27 00:00:00,11596.010059,10492
M5R,2026-02-27 01:00:00,11096.809017,10492
M5R,2026-02-27 02:00:00,10875.390229,10492
M5R,2026-02-27 03:00:00,10816.632506,10492
M5R,2026-02-27 04:00:00,10923.319189,10492
M5R,2026-02-27 05:00:00,11115.228857,10492
M5R,2026-02-27 06:00:00,11530.421159,10492
M5R,2026-02-27 07:00:00,12449.053144,10492
M5R,2026-02-27 08:00:00,12970.443335,10492
M5R,2026-02-27 09:00:00,13259.152616000001,10492
M5R,2026-02-27 10:00:00,13531.17581,10492
M5R,2026-02-27 11:00:00,13471.526866,10492
M5R,2026-02-27 12:00:00,13238.755752,10492
M5R,2026-02-27 13:00:00,12894.430901,10492
M5R,2026-02-27 14:00:00,12329.552344,10492
M5R,2026-02-27 15:00:00,12156.771334,10492
M5R,2026-02-27 16:00:00,12233.749595000001,10492
M5R,2026-02-27 17:00:00,12550.144732,10492
M5R,2026-02-27 18:00:00,13174.83783,10492
M5R,2026-02-27 19:00:00,13144.480203,10492
M5R,2026-02-27 20:00:00,12699.696047,10492
M5R,2026-02-27 21:00:00,12241.454569,10492
M5R,2026-02-27 22:00:00,11710.061661,10492
M5R,2026-02-27 23:00:00,10991.412824,10492
M5R,2026-02-28 00:00:00,10297.515577,10492
M5R,2026-02-28 01:00:00,9724.919969,10492
M5R,2026-02-28 02:00:00,9466.377409,10492
M5R,2026-02-28 03:00:00,9286.989407,10493
M5R,2026-02-28 04:00:00,9127.486311,10493
M5R,2026-02-28 05:00:00,9248.784572999999,10493
M5R,2026-02-28 06:00:00,9573.69667,10493
M5R,2026-02-28 07:00:00,10199.899722,10493
M5R,2026-02-28 08:00:00,10835.599398999999,10493
M5R,2026-02-28 09:00:00,11407.47148,10493
M5R,2026-02-28 10:00:00,11799.9757,10493
M5R,2026-02-28 11:00:00,11859.315878000001,10493
M5R,2026-02-28 12:00:00,12164.524485,10493
M5R,2026-02-28 13:00:00,12170.942654999999,10493
M5R,2026-02-28 14:00:00,12091.114832,10493
M5R,2026-02-28 15:00:00,12063.908097,10493
M5R,2026-02-28 16:00:00,12232.048415000001,10493
M5R,2026-02-28 17:00:00,13238.300691,10493
M5R,2026-02-28 18:00:00,13956.710095999999,10493
M5R,2026-02-28 19:00:00,13778.265368999999,10493
M5R,2026-02-28 20:00:00,13480.792105999999,10493
M5R,2026-02-28 21:00:00,13351.700291000001,10493
M5R,2026-02-28 22:00:00,12991.895519000002,10493
M5R,2026-02-28 23:00:00,12339.772205,10502
M5R,2026-03-01 00:00:00,11720.993986,10494
M5R,2026-03-01 01:00:00,11270.464531,10494
M5R,2026-03-01 02:00:00,10943.659021,10494
M5R,2026-03-01 03:00:00,10883.417507,10494
M5R,2026-03-01 04:00:00,10936.179157,10494
M5R,2026-03-01 05:00:00,11145.035318,10494
M5R,2026-03-01 06:00:00,11440.237803,10494
M5R,2026-03-01 07:00:00,12017.03166,10494
M5R,2026-03-01 08:00:00,12591.422219999999,10494
M5R,2026-03-01 09:00:00,13080.185115,10494
M5R,2026-03-01 10:00:00,13319.792308,10494
M5R,2026-03-01 11:00:00,13548.96882,10494
M5R,2026-03-01 12:00:00,13590.737407,10494
M5R,2026-03-01 13:00:00,13537.865783,10494
M5R,2026-03-01 14:00:00,13434.556776000001,10494
M5R,2026-03-01 15:00:00,13587.117578000001,10494
M5R,2026-03-01 16:00:00,13887.768641,10494
M5R,2026-03-01 17:00:00,14812.001649,10494
M5R,2026-03-01 18:00:00,15879.930584999998,10494
M5R,2026-03-01 19:00:00,16091.439419,10494
M5R,2026-03-01 20:00:00,15891.831166999998,10494
M5R,2026-03-01 21:00:00,15428.240666000002,10494
M5R,2026-03-01 22:00:00,14539.946839,10494
M5R,2026-03-01 23:00:00,13492.290871,10503
M5R,2026-03-02 00:00:00,12688.548561,10494
M5R,2026-03-02 01:00:00,12334.411979,10494
M5R,2026-03-02 02:00:00,12074.980827,10494
M5R,2026-03-02 03:00:00,12087.448236,10494
M5R,2026-03-02 04:00:00,12162.141331,10494
M5R,2026-03-02 05:00:00,12451.495053,10494
M5R,2026-03-02 06:00:00,13022.124573000001,10494
M5R,2026-03-02 07:00:00,14051.22064,10494
M5R,2026-03-02 08:00:00,14412.423849,10494
M5R,2026-03-02 09:00:00,14441.742811,10494
M5R,2026-03-02 10:00:00,14437.782593,10494
M5R,2026-03-02 11:00:00,14525.672139,10494
M5R,2026-03-02 12:00:00,14394.683718,10494
M5R,2026-03-02 13:00:00,14135.926398,10494
M5R,2026-03-02 14:00:00,13802.555209,10494
M5R,2026-03-02 15:00:00,13651.690783999999,10494
M5R,2026-03-02 16:00:00,13937.505791,10494
M5R,2026-03-02 17:00:00,14625.208797,10494
M5R,2026-03-02 18:00:00,15612.003271,10494
M5R,2026-03-02 19:00:00,15653.192914,10494
M5R,2026-03-02 20:00:00,15252.838742,10494
M5R,2026-03-02 21:00:00,14626.629648,10494
M5R,2026-03-02 22:00:00,13748.612706999998,10494
M5R,2026-03-02 23:00:00,12788.882834,10496
M5R,2026-03-03 00:00:00,11900.241545,10494
M5R,2026-03-03 01:00:00,11326.223963,10494
M5R,2026-03-03 02:00:00,11187.403227,10494
M5R,2026-03-03 03:00:00,11033.608758,10493
M5R,2026-03-03 04:00:00,11018.644697,10493
M5R,2026-03-03 05:00:00,11292.975574,10493
M5R,2026-03-03 06:00:00,11976.357323,10493
M5R,2026-03-03 07:00:00,12924.409427,10493
M5R,2026-03-03 08:00:00,13115.768146999999,10493
M5R,2026-03-03 09:00:00,13099.632619,10493
M5R,2026-03-03 10:00:00,13100.870444,10493
M5R,2026-03-03 11:00:00,13075.996516,10493
M5R,2026-03-03 12:00:00,13080.901808999999,10493
M5R,2026-03-03 13:00:00,12763.867396,10493
M5R,2026-03-03 14:00:00,12701.880279,10493
M5R,2026-03-03 15:00:00,12768.276667,10493
M5R,2026-03-03 16:00:00,13229.295178,10492
M5R,2026-03-03 17:00:00,13814.298595,10492
M5R,2026-03-03 18:00:00,14410.686156,10492
M5R,2026-03-03 19:00:00,14221.058846,10492
M5R,2026-03-03 20:00:00,13784.285376,10492
M5R,2026-03-03 21:00:00,13209.054792,10492
M5R,2026-03-03 22:00:00,12359.098229,10492
M5R,2026-03-03 23:00:00,11415.282124,10492
M5R,2026-03-04 00:00:00,10721.15717,10492
M5R,2026-03-04 01:00:00,10308.36339,10492
M5R,2026-03-04 02:00:00,10067.812232999999,10492
M5R,2026-03-04 03:00:00,9916.148650000001,10492
M5R,2026-03-04 04:00:00,9971.513729999999,10492
M5R,2026-03-04 05:00:00,10281.0765,10492
M5R,2026-03-04 06:00:00,10834.216788,10492
M5R,2026-03-04 07:00:00,11741.294732,10492
M5R,2026-03-04 08:00:00,12022.406391,10492
M5R,2026-03-04 09:00:00,11930.196801,10492
M5R,2026-03-04 10:00:00,12039.548482,10492
M5R,2026-03-04 11:00:00,11973.21867,10492
M5R,2026-03-04 12:00:00,11816.464117,10492
M5R,2026-03-04 13:00:00,11559.198528,10492
M5R,2026-03-04 14:00:00,11301.383682,10492
M5R,2026-03-04 15:00:00,11213.412275,10492
M5R,2026-03-04 16:00:00,11310.101754000001,10490
M5R,2026-03-04 17:00:00,11960.728337999999,10490
M5R,2026-03-04 18:00:00,12731.026876,10490
M5R,2026-03-04 19:00:00,12933.572793,10490
M5R,2026-03-04 20:00:00,12708.687534,10490
M5R,2026-03-04 21:00:00,12037.173458,10490
M5R,2026-03-04 22:00:00,11488.406595,10490
M5R,2026-03-04 23:00:00,10710.351482,10491
M5R,2026-03-05 00:00:00,9821.871575000001,10490
M5R,2026-03-05 01:00:00,9405.846914,10490
M5R,2026-03-05 02:00:00,9204.894235,10490
M5R,2026-03-05 03:00:00,9143.741387,10490
M5R,2026-03-05 04:00:00,9229.871889,10490
M5R,2026-03-05 05:00:00,9494.752995,10490
M5R,2026-03-05 06:00:00,10019.930953,10490
M5R,2026-03-05 07:00:00,10924.331222,10490
M5R,2026-03-05 08:00:00,11447.886441,10490
M5R,2026-03-05 09:00:00,11718.391907000001,10490
M5R,2026-03-05 10:00:00,11994.736789,10490
M5R,2026-03-05 11:00:00,12122.478144,10490
M5R,2026-03-05 12:00:00,12180.692472,10490
M5R,2026-03-05 13:00:00,12331.763142,10490
M5R,2026-03-05 14:00:00,12498.652309000001,10490
M5R,2026-03-05 15:00:00,12342.905988999999,10491
M5R,2026-03-05 16:00:00,12731.890457,10489
M5R,2026-03-05 17:00:00,13226.865953,10489
M5R,2026-03-05 18:00:00,13704.368652000001,10489
M5R,2026-03-05 19:00:00,13520.53056,10489
M5R,2026-03-05 20:00:00,13126.971597,10489
M5R,2026-03-05 21:00:00,12711.727814,10489
M5R,2026-03-05 22:00:00,12001.987530999999,10489
M5R,2026-03-05 23:00:00,10970.604694,10498
M5R,2026-03-06 00:00:00,10187.752602,10489
M5R,2026-03-06 01:00:00,9746.270271,10489
M5R,2026-03-06 02:00:00,9574.12548,10489
M5R,2026-03-06 03:00:00,9478.10634,10489
M5R,2026-03-06 04:00:00,9501.928334,10489
M5R,2026-03-06 05:00:00,9832.652236,10489
M5R,2026-03-06 06:00:00,10446.394333,10488
M5R,2026-03-06 07:00:00,11374.973252,10488
M5R,2026-03-06 08:00:00,11981.400397000001,10488
M5R,2026-03-06 09:00:00,12655.736086,10488
M5R,2026-03-06 10:00:00,13054.766358,10488
M5R,2026-03-06 11:00:00,13327.6262,10488
M5R,2026-03-06 12:00:00,13446.558115,10488
M5R,2026-03-06 13:00:00,13326.858758,10488
M5R,2026-03-06 14:00:00,13109.594021,10488
M5R,2026-03-06 15:00:00,13095.334147,10488
M5R,2026-03-06 16:00:00,13282.472191,10488
M5R,2026-03-06 17:00:00,13593.496368,10488
M5R,2026-03-06 18:00:00,13738.14292,10488
M5R,2026-03-06 19:00:00,13614.43287,10488
M5R,2026-03-06 20:00:00,13201.501204,10488
M5R,2026-03-06 21:00:00,12614.829149,10488
M5R,2026-03-06 22:00:00,11762.644568,10488
M5R,2026-03-06 23:00:00,10926.605719,10489
M5R,2026-03-07 00:00:00,10190.70291,10487
M5R,2026-03-07 01:00:00,9687.90377,10487
M5R,2026-03-07 02:00:00,9217.430489,10487
M5R,2026-03-07 03:00:00,8993.693188000001,10487
M5R,2026-03-07 04:00:00,8850.295929,10487
M5R,2026-03-07 05:00:00,8905.165275,10487
M5R,2026-03-07 06:00:00,9091.895831,10487
M5R,2026-03-07 07:00:00,9431.196149000001,10487
M5R,2026-03-07 08:00:00,10008.999283000001,10487
M5R,2026-03-07 09:00:00,10403.515708,10487
M5R,2026-03-07 10:00:00,10566.753099,10487
M5R,2026-03-07 11:00:00,10673.451425000001,10487
M5R,2026-03-07 12:00:00,10927.328402000001,10487
M5R,2026-03-07 13:00:00,10939.681881,10487
M5R,2026-03-07 14:00:00,10788.75445,10487
M5R,2026-03-07 15:00:00,10628.392659000001,10487
M5R,2026-03-07 16:00:00,10626.931301,10487
M5R,2026-03-07 17:00:00,10824.875862,10487
M5R,2026-03-07 18:00:00,11181.137249,10487
M5R,2026-03-07 19:00:00,11067.637704,10487
M5R,2026-03-07 20:00:00,10682.9023,10487
M5R,2026-03-07 21:00:00,10190.621733,10487
M5R,2026-03-07 22:00:00,9619.479078,10487
M5R,2026-03-07 23:00:00,8892.752317,10487
M5R,2026-03-08 00:00:00,8412.839638,10486
M5R,2026-03-08 01:00:00,8155.347368000001,10486
M5R,2026-03-08 02:00:00,7996.231249,10486
M5R,2026-03-08 03:00:00,8002.313442000001,10486
M5R,2026-03-08 04:00:00,8018.334425,10486
M5R,2026-03-08 05:00:00,8247.933401999999,10486
M5R,2026-03-08 06:00:00,8591.780735,10486
M5R,2026-03-08 07:00:00,9128.040129,10486
M5R,2026-03-08 08:00:00,9764.556847,10486
M5R,2026-03-08 09:00:00,10375.433404,10486
M5R,2026-03-08 10:00:00,10452.39878,10486
M5R,2026-03-08 11:00:00,10428.948113999999,10486
M5R,2026-03-08 12:00:00,10344.138139,10486
M5R,2026-03-08 13:00:00,10263.656973,10486
M5R,2026-03-08 14:00:00,10137.666756999999,10486
M5R,2026-03-08 15:00:00,10167.479858,10486
M5R,2026-03-08 16:00:00,10588.394031,10486
M5R,2026-03-08 17:00:00,11023.302083999999,10486
M5R,2026-03-08 18:00:00,11502.778649,10486
M5R,2026-03-08 19:00:00,11598.369305,10486
M5R,2026-03-08 20:00:00,11140.521256,10486
M5R,2026-03-08 21:00:00,10511.709572,10486
M5R,2026-03-08 22:00:00,9611.71259,10486
M5R,2026-03-08 23:00:00,8765.676344,10487
M5R,2026-03-09 00:00:00,8121.001097,10486
M5R,2026-03-09 01:00:00,7794.759653,10486
M5R,2026-03-09 02:00:00,7592.203485,10486
M5R,2026-03-09 03:00:00,7689.871159,10486
M5R,2026-03-09 04:00:00,7964.161535,10486
M5R,2026-03-09 05:00:00,8385.562389,10486
M5R,2026-03-09 06:00:00,9112.314445,10486
M5R,2026-03-09 07:00:00,9933.874997,10486
M5R,2026-03-09 08:00:00,10187.355022,10486
M5R,2026-03-09 09:00:00,10189.856353,10486
M5R,2026-03-09 10:00:00,10134.426696,10486
M5R,2026-03-09 11:00:00,10137.692477,10486
M5R,2026-03-09 12:00:00,9928.294345,10484
M5R,2026-03-09 13:00:00,9792.09608,10484
M5R,2026-03-09 14:00:00,9703.100733,10484
M5R,2026-03-09 15:00:00,9609.494398,10484
M5R,2026-03-09 16:00:00,9801.41727,10484
M5R,2026-03-09 17:00:00,10306.335342,10484
M5R,2026-03-09 18:00:00,10633.474951,10484
M5R,2026-03-09 19:00:00,10585.998133000001,10484
M5R,2026-03-09 20:00:00,10117.296976,10484
M5R,2026-03-09 21:00:00,9501.4518,10484
M5R,2026-03-09 22:00:00,8635.979753,10484
M5R,2026-03-09 23:00:00,7780.861109,10484
M5R,2026-03-10 00:00:00,7301.326852,10484
M5R,2026-03-10 01:00:00,7061.216966,10484
M5R,2026-03-10 02:00:00,6956.00839,10484
M5R,2026-03-10 03:00:00,6988.649127000001,10484
M5R,2026-03-10 04:00:00,7213.041623,10484
M5R,2026-03-10 05:00:00,7684.215553,10484
M5R,2026-03-10 06:00:00,8438.962665,10484
M5R,2026-03-10 07:00:00,9180.454318,10484
M5R,2026-03-10 08:00:00,9332.336176,10484
M5R,2026-03-10 09:00:00,9622.150212999999,10484
M5R,2026-03-10 10:00:00,9703.727528,10484
M5R,2026-03-10 11:00:00,9707.904477,10484
M5R,2026-03-10 12:00:00,9512.945695999999,10484
M5R,2026-03-10 13:00:00,9380.480415,10484
M5R,2026-03-10 14:00:00,9241.2268,10484
M5R,2026-03-10 15:00:00,9478.256002,10484
M5R,2026-03-10 16:00:00,9871.766528,10484
M5R,2026-03-10 17:00:00,10349.308948,10484
M5R,2026-03-10 18:00:00,10630.083502,10484
M5R,2026-03-10 19:00:00,10367.630807,10484
M5R,2026-03-10 20:00:00,10052.310191,10484
M5R,2026-03-10 21:00:00,9390.113383,10484
M5R,2026-03-10 22:00:00,8537.357195,10484
M5R,2026-03-10 23:00:00,7949.74046,10484
M5R,2026-03-11 00:00:00,7522.251837,10484
M5R,2026-03-11 01:00:00,7386.115323,10484
M5R,2026-03-11 02:00:00,7376.369909,10484
M5R,2026-03-11 03:00:00,7575.8980200000005,10484
M5R,2026-03-11 04:00:00,7901.346072,10484
M5R,2026-03-11 05:00:00,8561.462074,10484
M5R,2026-03-11 06:00:00,9568.232961,10484
M5R,2026-03-11 07:00:00,10392.801896,10484
M5R,2026-03-11 08:00:00,10740.742701,10484
M5R,2026-03-11 09:00:00,11165.938456,10484
M5R,2026-03-11 10:00:00,11558.573166,10484
M5R,2026-03-11 11:00:00,11854.187979,10484
M5R,2026-03-11 12:00:00,11852.410586999998,10484
M5R,2026-03-11 13:00:00,11672.792546,10484
M5R,2026-03-11 14:00:00,11558.702131,10484
M5R,2026-03-11 15:00:00,11714.050112,10484
M5R,2026-03-11 16:00:00,11705.230935,10484
M5R,2026-03-11 17:00:00,11882.347091,10484
M5R,2026-03-11 18:00:00,12068.038107,10484
M5R,2026-03-11 19:00:00,11769.451224,10484
M5R,2026-03-11 20:00:00,11345.909279,10484
M5R,2026-03-11 21:00:00,10835.864406,10484
M5R,2026-03-11 22:00:00,10133.554482,10484
M5R,2026-03-11 23:00:00,9425.938389,10484
M5R,2026-03-12 00:00:00,9124.390167,10484
M5R,2026-03-12 01:00:00,8837.471515,10484
M5R,2026-03-12 02:00:00,8756.798995000001,10484
M5R,2026-03-12 03:00:00,8921.468112999999,10484
M5R,2026-03-12 04:00:00,9297.827811,10484
M5R,2026-03-12 05:00:00,9878.333099,10484
M5R,2026-03-12 06:00:00,10817.486950999999,10484
M5R,2026-03-12 07:00:00,11364.855837,10484
M5R,2026-03-12 08:00:00,11645.369732000001,10484
M5R,2026-03-12 09:00:00,11757.32068,10484
M5R,2026-03-12 10:00:00,11920.478342,10484
M5R,2026-03-12 11:00:00,11757.833132,10484
M5R,2026-03-12 12:00:00,11547.11995,10484
M5R,2026-03-12 13:00:00,11592.505978000001,10484
M5R,2026-03-12 14:00:00,11589.397502,10484
M5R,2026-03-12 15:00:00,11570.523711,10483
M5R,2026-03-12 16:00:00,12021.87938,10483
M5R,2026-03-12 17:00:00,12573.545232,10483
M5R,2026-03-12 18:00:00,12886.423538000001,10483
M5R,2026-03-12 19:00:00,12830.714192,10484
M5R,2026-03-12 20:00:00,12454.947611,10484
M5R,2026-03-12 21:00:00,11866.362201,10484
M5R,2026-03-12 22:00:00,11059.975697,10484
M5R,2026-03-12 23:00:00,10372.531178000001,10484
M5R,2026-03-13 00:00:00,9856.595915,10484
M5R,2026-03-13 01:00:00,9633.469755,10484
M5R,2026-03-13 02:00:00,9543.84668,10484
M5R,2026-03-13 03:00:00,9571.608428,10484
M5R,2026-03-13 04:00:00,9833.632051,10484
M5R,2026-03-13 05:00:00,10281.396561,10484
M5R,2026-03-13 06:00:00,11085.772200000001,10484
M5R,2026-03-13 07:00:00,11753.633396000001,10484
M5R,2026-03-13 08:00:00,12297.818594,10484
M5R,2026-03-13 09:00:00,12765.106122000001,10484
M5R,2026-03-13 10:00:00,13358.743006,10487
M5R,2026-03-13 11:00:00,13721.111147,10485
M5R,2026-03-13 12:00:00,13593.234236,10488
M5R,2026-03-13 13:00:00,13420.572185,10488
M5R,2026-03-13 14:00:00,12950.536484,10488
M5R,2026-03-13 15:00:00,13141.856284,10488
M5R,2026-03-13 16:00:00,13454.577231000001,10488
M5R,2026-03-13 17:00:00,13162.669185,10488
M5R,2026-03-13 18:00:00,13064.637816,10488
M5R,2026-03-13 19:00:00,12808.091102,10488
M5R,2026-03-13 20:00:00,12399.51301,10488
M5R,2026-03-13 21:00:00,11850.680291,10488
M5R,2026-03-13 22:00:00,11031.900654,10488
M5R,2026-03-13 23:00:00,10352.290504999999,10488
M5R,2026-03-14 00:00:00,9936.374389,10488
M5R,2026-03-14 01:00:00,9805.060861,10488
M5R,2026-03-14 02:00:00,9704.349844,10488
M5R,2026-03-14 03:00:00,9751.929776,10488
M5R,2026-03-14 04:00:00,9944.152041000001,10488
M5R,2026-03-14 05:00:00,10308.582514,10488
M5R,2026-03-14 06:00:00,10892.86891,10488
M5R,2026-03-14 07:00:00,11515.04118,10488
M5R,2026-03-14 08:00:00,12033.26533,10488
M5R,2026-03-14 09:00:00,12473.352452000001,10488
M5R,2026-03-14 10:00:00,12644.955748,10488
M5R,2026-03-14 11:00:00,12438.210724,10488
M5R,2026-03-14 12:00:00,12489.971568,10488
M5R,2026-03-14 13:00:00,12371.413607,10488
M5R,2026-03-14 14:00:00,11977.839445,10488
M5R,2026-03-14 15:00:00,11828.84204,10488
M5R,2026-03-14 16:00:00,12153.222319999999,10488
M5R,2026-03-14 17:00:00,12470.584040000002,10488
M5R,2026-03-14 18:00:00,12655.828443999999,10488
M5R,2026-03-14 19:00:00,12706.081562,10488
M5R,2026-03-14 20:00:00,12387.593594,10488
M5R,2026-03-14 21:00:00,11918.249082,10488
M5R,2026-03-14 22:00:00,11225.371838000001,10488
M5R,2026-03-14 23:00:00,10670.001161,10488
M5R,2026-03-15 00:00:00,10243.658985,10488
M5R,2026-03-15 01:00:00,9976.388644,10488
M5R,2026-03-15 02:00:00,9761.340235,10488
M5R,2026-03-15 03:00:00,9751.696887,10488
M5R,2026-03-15 04:00:00,9907.324177999999,10488
M5R,2026-03-15 05:00:00,10078.73736,10488
M5R,2026-03-15 06:00:00,10582.012895,10488
M5R,2026-03-15 07:00:00,11370.73698,10488
M5R,2026-03-15 08:00:00,12028.282378,10488
M5R,2026-03-15 09:00:00,12507.02151,10488
M5R,2026-03-15 10:00:00,12830.933778999999,10488
M5R,2026-03-15 11:00:00,12779.955853,10488
M5R,2026-03-15 12:00:00,12596.888173,10488
M5R,2026-03-15 13:00:00,12409.7832,10488
M5R,2026-03-15 14:00:00,12227.513044,10488
M5R,2026-03-15 15:00:00,12647.977559,10488
M5R,2026-03-15 16:00:00,12762.827839,10488
M5R,2026-03-15 17:00:00,12903.426627,10488
M5R,2026-03-15 18:00:00,12966.702475,10488
M5R,2026-03-15 19:00:00,12734.725903999999,10488
M5R,2026-03-15 20:00:00,11954.303789,10488
M5R,2026-03-15 21:00:00,11116.834175,10488
M5R,2026-03-15 22:00:00,10201.622401999999,10488
M5R,2026-03-15 23:00:00,9454.153089,10489
M5R,2026-03-16 00:00:00,8573.431473,10488
M5R,2026-03-16 01:00:00,8422.746972,10488
M5R,2026-03-16 02:00:00,8249.244266,10488
M5R,2026-03-16 03:00:00,8101.285232,10488
M5R,2026-03-16 04:00:00,8392.45744,10488
M5R,2026-03-16 05:00:00,8612.234139,10488
M5R,2026-03-16 06:00:00,9197.22982,10488
M5R,2026-03-16 07:00:00,9931.733531,10488
M5R,2026-03-16 08:00:00,10467.774015,10488
M5R,2026-03-16 09:00:00,10598.187127,10488
M5R,2026-03-16 10:00:00,10790.266088,10488
M5R,2026-03-16 11:00:00,11114.929005,10488
M5R,2026-03-16 12:00:00,11122.908953999999,10488
M5R,2026-03-16 13:00:00,11114.851276,10488
M5R,2026-03-16 14:00:00,11081.006825,10488
M5R,2026-03-16 15:00:00,11442.862747,10488
M5R,2026-03-16 16:00:00,12092.947375,10488
M5R,2026-03-16 17:00:00,12718.590255000001,10488
M5R,2026-03-16 18:00:00,13109.886817,10488
M5R,2026-03-16 19:00:00,12821.061559,10488
M5R,2026-03-16 20:00:00,12503.327129,10488
M5R,2026-03-16 21:00:00,11846.983873000001,10488
M5R,2026-03-16 22:00:00,11051.554183,10488
M5R,2026-03-16 23:00:00,10446.88591,10491
M5R,2026-03-17 00:00:00,10113.014625,10488
M5R,2026-03-17 01:00:00,10086.507880000001,10488
M5R,2026-03-17 02:00:00,10160.917746,10488
M5R,2026-03-17 03:00:00,10494.815375,10488
M5R,2026-03-17 04:00:00,10870.456553,10488
M5R,2026-03-17 05:00:00,11602.661139,10488
M5R,2026-03-17 06:00:00,12679.825447,10488
M5R,2026-03-17 07:00:00,13355.129081,10488
M5R,2026-03-17 08:00:00,13694.998105,10488
M5R,2026-03-17 09:00:00,14132.415545,10488
M5R,2026-03-17 10:00:00,14062.295166,10488
M5R,2026-03-17 11:00:00,13845.018352,10488
M5R,2026-03-17 12:00:00,13463.575688,10488
M5R,2026-03-17 13:00:00,13528.973734,10488
M5R,2026-03-17 14:00:00,13549.066040999998,10488
M5R,2026-03-17 15:00:00,13725.478132,10487
M5R,2026-03-17 16:00:00,14251.860068,10487
M5R,2026-03-17 17:00:00,14389.865693,10487
M5R,2026-03-17 18:00:00,14901.573464,10487
M5R,2026-03-17 19:00:00,14675.742415,10488
M5R,2026-03-17 20:00:00,14263.572761000001,10488
M5R,2026-03-17 21:00:00,13643.934129,10488
M5R,2026-03-17 22:00:00,12520.713679999999,10488
M5R,2026-03-17 23:00:00,11762.67262,10488
M5R,2026-03-18 00:00:00,11189.617735,10488
M5R,2026-03-18 01:00:00,11025.446525,10488
M5R,2026-03-18 02:00:00,10902.67827,10488
M5R,2026-03-18 03:00:00,10789.729147,10488
M5R,2026-03-18 04:00:00,11049.367025,10488
M5R,2026-03-18 05:00:00,11443.852515999999,10488
M5R,2026-03-18 06:00:00,12267.107494,10488
M5R,2026-03-18 07:00:00,12854.730929,10488
M5R,2026-03-18 08:00:00,13078.808486000002,10488
M5R,2026-03-18 09:00:00,13291.178209,10488
M5R,2026-03-18 10:00:00,13244.124207,10488
M5R,2026-03-18 11:00:00,13388.767656,10488
M5R,2026-03-18 12:00:00,13486.406549,10488
M5R,2026-03-18 13:00:00,13635.686064000001,10488
M5R,2026-03-18 14:00:00,13393.487234,10488
M5R,2026-03-18 15:00:00,13302.117644,10487
M5R,2026-03-18 16:00:00,13772.412562,10487
M5R,2026-03-18 17:00:00,14154.713987,10487
M5R,2026-03-18 18:00:00,14408.952982,10487
M5R,2026-03-18 19:00:00,14041.842354,10488
M5R,2026-03-18 20:00:00,13534.308061,10488
M5R,2026-03-18 21:00:00,12839.772203999999,10488
M5R,2026-03-18 22:00:00,11788.012161999999,10488
M5R,2026-03-18 23:00:00,10994.464318999999,10488
M5R,2026-03-19 00:00:00,10397.653051,10488
M5R,2026-03-19 01:00:00,9989.21983,10488
M5R,2026-03-19 02:00:00,9790.997329,10488
M5R,2026-03-19 03:00:00,9815.154966,10488
M5R,2026-03-19 04:00:00,9980.446488,10488
M5R,2026-03-19 05:00:00,10361.968435,10488
M5R,2026-03-19 06:00:00,11237.304535,10488
M5R,2026-03-19 07:00:00,11819.81725,10488
M5R,2026-03-19 08:00:00,12154.740762,10488
M5R,2026-03-19 09:00:00,12186.875336,10488
M5R,2026-03-19 10:00:00,11892.781193,10488
M5R,2026-03-19 11:00:00,11909.354524999999,10488
M5R,2026-03-19 12:00:00,11618.64551,10488
M5R,2026-03-19 13:00:00,11556.204039,10488
M5R,2026-03-19 14:00:00,11394.26792,10488
M5R,2026-03-19 15:00:00,11493.547606,10487
M5R,2026-03-19 16:00:00,11762.1712,10487
M5R,2026-03-19 17:00:00,11959.528866999999,10487
M5R,2026-03-19 18:00:00,12402.840747,10487
M5R,2026-03-19 19:00:00,12381.873691,10488
M5R,2026-03-19 20:00:00,11988.985257,10488
M5R,2026-03-19 21:00:00,11461.366636,10488
M5R,2026-03-19 22:00:00,10729.320196,10488
M5R,2026-03-19 23:00:00,10116.313231,10488
M5R,2026-03-20 00:00:00,9451.389867,10488
M5R,2026-03-20 01:00:00,9201.541944999999,10488
M5R,2026-03-20 02:00:00,9101.289504999999,10488
M5R,2026-03-20 03:00:00,9171.283454,10488
M5R,2026-03-20 04:00:00,9341.307682999999,10488
M5R,2026-03-20 05:00:00,9935.075359,10488
M5R,2026-03-20 06:00:00,10768.403167,10488
M5R,2026-03-20 07:00:00,11791.399516,10488
M5R,2026-03-20 08:00:00,12544.771843,10488
M5R,2026-03-20 09:00:00,13156.545774999999,10488
M5R,2026-03-20 10:00:00,13213.697046000001,10488
M5R,2026-03-20 11:00:00,13281.744148000002,10488
M5R,2026-03-20 12:00:00,12989.466655,10488
M5R,2026-03-20 13:00:00,12592.844212,10488
M5R,2026-03-20 14:00:00,12267.414045,10488
M5R,2026-03-20 15:00:00,12144.490971,10487
M5R,2026-03-20 16:00:00,12275.571117,10487
M5R,2026-03-20 17:00:00,12319.051614,10487
M5R,2026-03-20 18:00:00,12347.951944,10487
M5R,2026-03-20 19:00:00,12050.614464,10488
M5R,2026-03-20 20:00:00,11744.175686,10488
M5R,2026-03-20 21:00:00,11285.027114,10488
M5R,2026-03-20 22:00:00,10558.530706,10488
M5R,2026-03-20 23:00:00,9900.217272,10489
M5R,2026-03-21 00:00:00,9347.435390999999,10488
M5R,2026-03-21 01:00:00,9095.286883,10488
M5R,2026-03-21 02:00:00,8980.070908,10488
M5R,2026-03-21 03:00:00,8935.532713,10488
M5R,2026-03-21 04:00:00,9170.565177,10488
M5R,2026-03-21 05:00:00,9417.438245,10488
M5R,2026-03-21 06:00:00,9918.789002,10488
M5R,2026-03-21 07:00:00,10531.777849,10488
M5R,2026-03-21 08:00:00,11138.777866,10488
M5R,2026-03-21 09:00:00,11459.05102,10488
M5R,2026-03-21 10:00:00,11737.653607,10488
M5R,2026-03-21 11:00:00,12124.888239,10488
M5R,2026-03-21 12:00:00,12136.842743000001,10488
M5R,2026-03-21 13:00:00,12026.899688,10488
M5R,2026-03-21 14:00:00,11847.823285,10488
M5R,2026-03-21 15:00:00,11952.31535,10488
M5R,2026-03-21 16:00:00,12207.687685,10488
M5R,2026-03-21 17:00:00,12516.654988,10488
M5R,2026-03-21 18:00:00,12562.858906000001,10488
M5R,2026-03-21 19:00:00,12397.539856,10488
M5R,2026-03-21 20:00:00,12048.107788000001,10488
M5R,2026-03-21 21:00:00,11468.165965,10488
M5R,2026-03-21 22:00:00,10631.596467,10488
M5R,2026-03-21 23:00:00,10034.902916000001,10490
M5R,2026-03-22 00:00:00,9454.069094,10488
M5R,2026-03-22 01:00:00,9172.186804,10488
M5R,2026-03-22 02:00:00,9032.11015,10488
M5R,2026-03-22 03:00:00,8984.672456,10488
M5R,2026-03-22 04:00:00,8961.868113,10488
M5R,2026-03-22 05:00:00,9207.491689,10488
M5R,2026-03-22 06:00:00,9610.560438,10488
M5R,2026-03-22 07:00:00,10402.468195000001,10488
M5R,2026-03-22 08:00:00,11143.510375,10488
M5R,2026-03-22 09:00:00,11919.057249000001,10488
M5R,2026-03-22 10:00:00,12261.066778,10488
M5R,2026-03-22 11:00:00,12484.927692000001,10488
M5R,2026-03-22 12:00:00,12247.638909000001,10488
M5R,2026-03-22 13:00:00,12129.977571,10488
M5R,2026-03-22 14:00:00,11939.490947,10488
M5R,2026-03-22 15:00:00,11941.980177000001,10488
M5R,2026-03-22 16:00:00,12431.396373,10488
M5R,2026-03-22 17:00:00,12859.472998,10488
M5R,2026-03-22 18:00:00,12827.821027999998,10488
M5R,2026-03-22 19:00:00,12783.425973,10488
M5R,2026-03-22 20:00:00,12255.442429,10488
M5R,2026-03-22 21:00:00,11376.040123,10488
M5R,2026-03-22 22:00:00,10535.984279,10488
M5R,2026-03-22 23:00:00,9915.877594,10488
M5R,2026-03-23 00:00:00,9386.842871,10488
M5R,2026-03-23 01:00:00,9105.864053,10488
M5R,2026-03-23 02:00:00,9010.618183,10488
M5R,2026-03-23 03:00:00,9090.661562000001,10488
M5R,2026-03-23 04:00:00,9359.61341,10488
M5R,2026-03-23 05:00:00,9883.007013,10488
M5R,2026-03-23 06:00:00,10902.361829,10488
M5R,2026-03-23 07:00:00,11602.393427,10488
M5R,2026-03-23 08:00:00,11967.313352000001,10488
M5R,2026-03-23 09:00:00,12299.45181,10488
M5R,2026-03-23 10:00:00,12372.085637,10488
M5R,2026-03-23 11:00:00,12441.94436,10488
M5R,2026-03-23 12:00:00,12230.735833,10488
M5R,2026-03-23 13:00:00,12131.874278000001,10488
M5R,2026-03-23 14:00:00,11678.491313,10488
M5R,2026-03-23 15:00:00,12027.473281999999,10486
M5R,2026-03-23 16:00:00,12633.931466,10486
M5R,2026-03-23 17:00:00,13209.757219,10486
M5R,2026-03-23 18:00:00,13708.632351999999,10486
M5R,2026-03-23 19:00:00,13702.036014,10487
M5R,2026-03-23 20:00:00,13284.250597,10487
M5R,2026-03-23 21:00:00,12502.747163,10487
M5R,2026-03-23 22:00:00,11583.188913,10487
M5R,2026-03-23 23:00:00,10829.303937,10489
M5R,2026-03-24 00:00:00,10106.516283,10487
M5R,2026-03-24 01:00:00,9851.224151999999,10487
M5R,2026-03-24 02:00:00,9753.559986,10487
M5R,2026-03-24 03:00:00,9893.707672,10487
M5R,2026-03-24 04:00:00,10220.55382,10487
M5R,2026-03-24 05:00:00,10800.057796,10487
M5R,2026-03-24 06:00:00,11807.758976,10487
M5R,2026-03-24 07:00:00,12233.011715999999,10487
M5R,2026-03-24 08:00:00,12210.458378,10487
M5R,2026-03-24 09:00:00,12311.754573999999,10487
M5R,2026-03-24 10:00:00,12401.680202,10487
M5R,2026-03-24 11:00:00,12377.7038,10487
M5R,2026-03-24 12:00:00,12150.201475,10486
M5R,2026-03-24 13:00:00,12167.687192,10486
M5R,2026-03-24 14:00:00,12027.031415000001,10486
M5R,2026-03-24 15:00:00,11901.441133,10485
M5R,2026-03-24 16:00:00,12348.515343,10485
M5R,2026-03-24 17:00:00,12834.285932,10485
M5R,2026-03-24 18:00:00,13207.616714,10485
M5R,2026-03-24 19:00:00,13116.995664,10486
M5R,2026-03-24 20:00:00,12644.206243,10486
M5R,2026-03-24 21:00:00,11821.264055,10486
M5R,2026-03-24 22:00:00,10796.709257,10486
M5R,2026-03-24 23:00:00,10114.350178,10486
M5R,2026-03-25 00:00:00,9475.184682000001,10486
M5R,2026-03-25 01:00:00,9246.601724,10486
M5R,2026-03-25 02:00:00,9144.92928,10486
M5R,2026-03-25 03:00:00,9076.189664,10486
M5R,2026-03-25 04:00:00,9368.752122,10486
M5R,2026-03-25 05:00:00,10012.911691000001,10486
M5R,2026-03-25 06:00:00,10952.285394999999,10486
M5R,2026-03-25 07:00:00,11467.61159,10486
M5R,2026-03-25 08:00:00,11504.439004,10486
M5R,2026-03-25 09:00:00,11581.196391,10486
M5R,2026-03-25 10:00:00,11475.292228,10486
M5R,2026-03-25 11:00:00,11355.60151,10486
M5R,2026-03-25 12:00:00,11001.21169,10486
M5R,2026-03-25 13:00:00,10911.282978,10486
M5R,2026-03-25 14:00:00,11056.278122,10486
M5R,2026-03-25 15:00:00,11481.480736,10485
M5R,2026-03-25 16:00:00,12214.208859999999,10485
M5R,2026-03-25 17:00:00,12657.212371000001,10485
M5R,2026-03-25 18:00:00,12760.665426,10485
M5R,2026-03-25 19:00:00,12482.643852,10486
M5R,2026-03-25 20:00:00,11982.2642,10486
M5R,2026-03-25 21:00:00,11121.615094,10486
M5R,2026-03-25 22:00:00,10227.536602,10486
M5R,2026-03-25 23:00:00,9327.042959,10486
M5R,2026-03-26 00:00:00,8781.675249,10486
M5R,2026-03-26 01:00:00,8434.932978,10486
M5R,2026-03-26 02:00:00,8498.029424,10486
M5R,2026-03-26 03:00:00,8458.390744,10486
M5R,2026-03-26 04:00:00,8686.824306,10486
M5R,2026-03-26 05:00:00,9234.240887,10486
M5R,2026-03-26 06:00:00,10239.943867,10486
M5R,2026-03-26 07:00:00,10772.615357,10486
M5R,2026-03-26 08:00:00,11022.014973,10486
M5R,2026-03-26 09:00:00,11161.458188,10486
M5R,2026-03-26 10:00:00,11204.938066,10486
M5R,2026-03-26 11:00:00,11517.559919,10485
M5R,2026-03-26 12:00:00,11302.777499,10485
M5R,2026-03-26 13:00:00,11071.686566,10486
M5R,2026-03-26 14:00:00,11039.930725,10486
M5R,2026-03-26 15:00:00,11385.186656,10486
M5R,2026-03-26 16:00:00,11542.193167,10485
M5R,2026-03-26 17:00:00,11822.603663,10485
M5R,2026-03-26 18:00:00,11922.541999,10485
M5R,2026-03-26 19:00:00,11774.679092,10486
M5R,2026-03-26 20:00:00,11495.222222,10486
M5R,2026-03-26 21:00:00,11038.116344,10486
M5R,2026-03-26 22:00:00,10118.538129,10486
M5R,2026-03-26 23:00:00,9514.478431,10486
M5R,2026-03-27 00:00:00,9112.618343999999,10486
M5R,2026-03-27 01:00:00,9075.968706,10486
M5R,2026-03-27 02:00:00,9081.512017000001,10486
M5R,2026-03-27 03:00:00,9241.885698,10486
M5R,2026-03-27 04:00:00,9766.324945,10486
M5R,2026-03-27 05:00:00,10421.368497,10486
M5R,2026-03-27 06:00:00,11508.636478,10486
M5R,2026-03-27 07:00:00,12263.053135,10486
M5R,2026-03-27 08:00:00,12593.170951,10486
M5R,2026-03-27 09:00:00,12791.622757000001,10486
M5R,2026-03-27 10:00:00,12830.527184999999,10486
M5R,2026-03-27 11:00:00,12725.697573,10486
M5R,2026-03-27 12:00:00,12474.56216,10486
M5R,2026-03-27 13:00:00,12058.330971,10486
M5R,2026-03-27 14:00:00,11861.645082000001,10486
M5R,2026-03-27 15:00:00,11958.031158,10485
M5R,2026-03-27 16:00:00,12102.558471,10485
M5R,2026-03-27 17:00:00,12306.397992,10485
M5R,2026-03-27 18:00:00,12563.580475,10485
M5R,2026-03-27 19:00:00,12911.675629,10486
M5R,2026-03-27 20:00:00,12791.616285,10486
M5R,2026-03-27 21:00:00,12197.725623,10486
M5R,2026-03-27 22:00:00,11574.067604,10486
M5R,2026-03-27 23:00:00,10955.508145,10487
M5R,2026-03-28 00:00:00,10538.463429,10486
M5R,2026-03-28 01:00:00,10200.778838,10486
M5R,2026-03-28 02:00:00,9998.468902,10486
M5R,2026-03-28 03:00:00,9989.110207,10486
M5R,2026-03-28 04:00:00,10129.318379,10486
M5R,2026-03-28 05:00:00,10436.286325000001,10486
M5R,2026-03-28 06:00:00,11093.906366,10486
M5R,2026-03-28 07:00:00,11700.763485,10486
M5R,2026-03-28 08:00:00,12140.595825,10486
M5R,2026-03-28 09:00:00,12471.751481,10486
M5R,2026-03-28 10:00:00,12807.768499,10486
M5R,2026-03-28 11:00:00,13038.306565,10486
M5R,2026-03-28 12:00:00,12719.410295,10486
M5R,2026-03-28 13:00:00,12584.227268,10486
M5R,2026-03-28 14:00:00,12440.411956,10486
M5R,2026-03-28 15:00:00,12294.595304,10486
M5R,2026-03-28 16:00:00,12462.683394,10486
M5R,2026-03-28 17:00:00,12727.965438,10486
M5R,2026-03-28 18:00:00,13047.23381,10486
M5R,2026-03-28 19:00:00,12947.767624,10486
M5R,2026-03-28 20:00:00,12441.581806999999,10486
M5R,2026-03-28 21:00:00,11928.503955,10486
M5R,2026-03-28 22:00:00,11170.685899,10486
M5R,2026-03-28 23:00:00,10528.733004,10487
M5R,2026-03-29 00:00:00,9985.864309,10486
M5R,2026-03-29 01:00:00,9616.74623,10486
M5R,2026-03-29 02:00:00,9378.352864,10486
M5R,2026-03-29 03:00:00,9315.184457,10486
M5R,2026-03-29 04:00:00,9377.278738,10486
M5R,2026-03-29 05:00:00,9615.889907,10486
M5R,2026-03-29 06:00:00,10059.322125,10486
M5R,2026-03-29 07:00:00,10641.620272,10486
M5R,2026-03-29 08:00:00,11001.617893,10486
M5R,2026-03-29 09:00:00,11347.610702,10486
M5R,2026-03-29 10:00:00,11372.357028,10486
M5R,2026-03-29 11:00:00,11291.197995,10486
M5R,2026-03-29 12:00:00,11079.154635,10486
M5R,2026-03-29 13:00:00,11073.872248,10486
M5R,2026-03-29 14:00:00,10986.876721,10486
M5R,2026-03-29 15:00:00,11015.175125,10486
M5R,2026-03-29 16:00:00,11381.913078,10486
M5R,2026-03-29 17:00:00,11878.777547,10486
M5R,2026-03-29 18:00:00,12087.347711999999,10486
M5R,2026-03-29 19:00:00,12131.239957000002,10486
M5R,2026-03-29 20:00:00,11696.606106,10486
M5R,2026-03-29 21:00:00,10891.515114,10486
M5R,2026-03-29 22:00:00,9811.154614000001,10486
M5R,2026-03-29 23:00:00,9086.301395,10488
M5R,2026-03-30 00:00:00,8589.818233,10486
M5R,2026-03-30 01:00:00,8278.737473000001,10486
M5R,2026-03-30 02:00:00,8220.257579000001,10486
M5R,2026-03-30 03:00:00,8190.847355,10486
M5R,2026-03-30 04:00:00,8512.612746,10486
M5R,2026-03-30 05:00:00,9088.442893,10486
M5R,2026-03-30 06:00:00,9965.897839,10486
M5R,2026-03-30 07:00:00,10472.021602,10486
M5R,2026-03-30 08:00:00,10712.572246,10486
M5R,2026-03-30 09:00:00,10798.365128000001,10485
M5R,2026-03-30 10:00:00,10812.02102,10485
M5R,2026-03-30 11:00:00,10668.433408,10485
M5R,2026-03-30 12:00:00,10234.455684,10485
M5R,2026-03-30 13:00:00,9896.007141,10486
M5R,2026-03-30 14:00:00,9665.311324,10488
M5R,2026-03-30 15:00:00,9741.924851,10482
M5R,2026-03-30 16:00:00,9908.659718,10482
M5R,2026-03-30 17:00:00,10301.349809,10482
M5R,2026-03-30 18:00:00,10605.322825,10482
M5R,2026-03-30 19:00:00,10556.893762,10482
M5R,2026-03-30 20:00:00,10052.115769,10482
M5R,2026-03-30 21:00:00,9283.758005,10482
M5R,2026-03-30 22:00:00,8371.990416,10482
M5R,2026-03-30 23:00:00,7616.970326000001,10482
M5R,2026-03-31 00:00:00,7038.814954,10482
M5R,2026-03-31 01:00:00,6684.54327,10482
M5R,2026-03-31 02:00:00,6539.4332890000005,10482
M5R,2026-03-31 03:00:00,6500.05159,10482
M5R,2026-03-31 04:00:00,6703.253588,10482
M5R,2026-03-31 05:00:00,7158.178056,10482
M5R,2026-03-31 06:00:00,8126.118237,10481
M5R,2026-03-31 07:00:00,8856.150177,10481
M5R,2026-03-31 08:00:00,9157.347639,10481
M5R,2026-03-31 09:00:00,9324.663322,10481
M5R,2026-03-31 10:00:00,9528.009673,10481
M5R,2026-03-31 11:00:00,9811.181878,10481
M5R,2026-03-31 12:00:00,10096.818368,10480
M5R,2026-03-31 13:00:00,9954.158274,10480
M5R,2026-03-31 14:00:00,9643.331642,10480
M5R,2026-03-31 15:00:00,9702.820538,10480
M5R,2026-03-31 16:00:00,10093.064334,10480
M5R,2026-03-31 17:00:00,10653.885887,10480
M5R,2026-03-31 18:00:00,11041.65934,10480
M5R,2026-03-31 19:00:00,10842.771476,10480
M5R,2026-03-31 20:00:00,10366.945889999999,10480
M5R,2026-03-31 21:00:00,9607.781749,10480
M5R,2026-03-31 22:00:00,8554.331971,10481
M5R,2026-03-31 23:00:00,7788.4857090000005,10484
M5R,2026-04-01 00:00:00,7297.479413,10480
M5R,2026-04-01 01:00:00,7132.465555,10480
M5R,2026-04-01 02:00:00,7219.723529000001,10480
M5R,2026-04-01 03:00:00,7379.671613,10480
M5R,2026-04-01 04:00:00,7725.151313,10480
M5R,2026-04-01 05:00:00,8457.862407999999,10480
M5R,2026-04-01 06:00:00,9449.726055000001,10479
M5R,2026-04-01 07:00:00,10270.931886,10479
M5R,2026-04-01 08:00:00,10677.821226,10479
M5R,2026-04-01 09:00:00,11034.527979,10479
M5R,2026-04-01 10:00:00,11291.349791,10479
M5R,2026-04-01 11:00:00,11508.544533,10479
M5R,2026-04-01 12:00:00,11399.29956,10479
M5R,2026-04-01 13:00:00,11246.292183,10479
M5R,2026-04-01 14:00:00,11203.586761999999,10479
M5R,2026-04-01 15:00:00,11317.400026,10478
M5R,2026-04-01 16:00:00,11638.329427,10478
M5R,2026-04-01 17:00:00,11750.349571,10478
M5R,2026-04-01 18:00:00,11771.386144,10478
M5R,2026-04-01 19:00:00,11762.933512,10479
M5R,2026-04-01 20:00:00,11531.023142,10479
M5R,2026-04-01 21:00:00,10949.527993,10479
M5R,2026-04-01 22:00:00,10035.927466000001,10479
M5R,2026-04-01 23:00:00,9323.0032,10488
M5R,2026-04-02 00:00:00,8813.654391,10479
M5R,2026-04-02 01:00:00,8545.924731000001,10479
M5R,2026-04-02 02:00:00,8465.973136999999,10479
M5R,2026-04-02 03:00:00,8512.032428999999,10479
M5R,2026-04-02 04:00:00,8859.199084,10479
M5R,2026-04-02 05:00:00,9420.154068,10479
M5R,2026-04-02 06:00:00,10290.506865,10479
M5R,2026-04-02 07:00:00,11044.680498,10479
M5R,2026-04-02 08:00:00,11498.203921,10479
M5R,2026-04-02 09:00:00,11945.606519,10479
M5R,2026-04-02 10:00:00,12155.899357999999,10479
M5R,2026-04-02 11:00:00,12496.445276,10479
M5R,2026-04-02 12:00:00,12734.973882,10479
M5R,2026-04-02 13:00:00,12546.757497,10479
M5R,2026-04-02 14:00:00,12621.768539,10479
M5R,2026-04-02 15:00:00,12586.812773,10479
M5R,2026-04-02 16:00:00,12645.767557,10479
M5R,2026-04-02 17:00:00,12692.942964,10479
M5R,2026-04-02 18:00:00,12461.073346,10479
M5R,2026-04-02 19:00:00,12204.891778,10479
M5R,2026-04-02 20:00:00,11807.900110999999,10479
M5R,2026-04-02 21:00:00,11071.263343,10479
M5R,2026-04-02 22:00:00,10178.391005,10479
M5R,2026-04-02 23:00:00,9318.392741,10480
M5R,2026-04-03 00:00:00,8750.231078,10479
M5R,2026-04-03 01:00:00,8259.426505,10479
M5R,2026-04-03 02:00:00,7995.57439,10479
M5R,2026-04-03 03:00:00,7890.049825,10479
M5R,2026-04-03 04:00:00,8001.0068949999995,10479
M5R,2026-04-03 05:00:00,8216.907679,10479
M5R,2026-04-03 06:00:00,8626.268405,10479
M5R,2026-04-03 07:00:00,8947.377616,10479
M5R,2026-04-03 08:00:00,9270.35324,10479
M5R,2026-04-03 09:00:00,9411.330027,10479
M5R,2026-04-03 10:00:00,9557.036175,10479
M5R,2026-04-03 11:00:00,9624.317612,10479
M5R,2026-04-03 12:00:00,9456.136319000001,10479
M5R,2026-04-03 13:00:00,9145.089272000001,10479
M5R,2026-04-03 14:00:00,9011.835695,10479
M5R,2026-04-03 15:00:00,9004.676515,10479
M5R,2026-04-03 16:00:00,9179.221945000001,10479
M5R,2026-04-03 17:00:00,9436.887212,10479
M5R,2026-04-03 18:00:00,9493.346079,10479
M5R,2026-04-03 19:00:00,9633.656948,10479
M5R,2026-04-03 20:00:00,9561.92471,10479
M5R,2026-04-03 21:00:00,9067.806616,10479
M5R,2026-04-03 22:00:00,8429.011379,10479
M5R,2026-04-03 23:00:00,8003.605134,10479
M5R,2026-04-04 00:00:00,7538.358584,10479
M5R,2026-04-04 01:00:00,7343.7593130000005,10479
M5R,2026-04-04 02:00:00,7302.931308,10479
M5R,2026-04-04 03:00:00,7295.342395,10479
M5R,2026-04-04 04:00:00,7463.110321,10479
M5R,2026-04-04 05:00:00,7818.946349,10479
M5R,2026-04-04 06:00:00,8270.512703,10479
M5R,2026-04-04 07:00:00,8971.467549,10479
M5R,2026-04-04 08:00:00,9759.088349,10479
M5R,2026-04-04 09:00:00,10431.303613,10479
M5R,2026-04-04 10:00:00,11094.556668,10479
M5R,2026-04-04 11:00:00,11493.333841,10479
M5R,2026-04-04 12:00:00,11371.022305,10479
M5R,2026-04-04 13:00:00,11212.521268999999,10479
M5R,2026-04-04 14:00:00,10796.601199,10479
M5R,2026-04-04 15:00:00,10581.412041,10479
M5R,2026-04-04 16:00:00,10662.602842,10479
M5R,2026-04-04 17:00:00,10929.365002,10479
M5R,2026-04-04 18:00:00,10929.658921,10479
M5R,2026-04-04 19:00:00,10947.428713000001,10479
M5R,2026-04-04 20:00:00,10528.512686,10479
M5R,2026-04-04 21:00:00,9887.050599,10479
M5R,2026-04-04 22:00:00,9058.28717,10479
M5R,2026-04-04 23:00:00,8560.543578,10480
M5R,2026-04-05 00:00:00,8084.063232,10479
M5R,2026-04-05 01:00:00,7739.447913,10479
M5R,2026-04-05 02:00:00,7491.189146000001,10479
M5R,2026-04-05 03:00:00,7373.682484,10479
M5R,2026-04-05 04:00:00,7525.233469000001,10479
M5R,2026-04-05 05:00:00,7827.068557,10479
M5R,2026-04-05 06:00:00,8293.175748,10479
M5R,2026-04-05 07:00:00,8982.009868,10479
M5R,2026-04-05 08:00:00,9796.010633,10479
M5R,2026-04-05 09:00:00,10312.925716,10479
M5R,2026-04-05 10:00:00,10535.090959000001,10479
M5R,2026-04-05 11:00:00,10812.367,10479
M5R,2026-04-05 12:00:00,10753.442016,10479
M5R,2026-04-05 13:00:00,10636.591473,10479
M5R,2026-04-05 14:00:00,10489.233313,10479
M5R,2026-04-05 15:00:00,10674.304849,10479
M5R,2026-04-05 16:00:00,11058.599457,10479
M5R,2026-04-05 17:00:00,11413.935915,10479
M5R,2026-04-05 18:00:00,11541.920933,10479
M5R,2026-04-05 19:00:00,11730.566161,10479
M5R,2026-04-05 20:00:00,11489.17383,10479
M5R,2026-04-05 21:00:00,10934.639128,10479
M5R,2026-04-05 22:00:00,10115.894803,10479
M5R,2026-04-05 23:00:00,9334.402197,10479
M5R,2026-04-06 00:00:00,8842.293088,10478
M5R,2026-04-06 01:00:00,8560.814614,10478
M5R,2026-04-06 02:00:00,8385.657497,10478
M5R,2026-04-06 03:00:00,8395.411923,10478
M5R,2026-04-06 04:00:00,8622.78817,10478
M5R,2026-04-06 05:00:00,9055.599744000001,10478
M5R,2026-04-06 06:00:00,9741.114365,10478
M5R,2026-04-06 07:00:00,10443.769802,10478
M5R,2026-04-06 08:00:00,10832.900636,10478
M5R,2026-04-06 09:00:00,11027.00253,10478
M5R,2026-04-06 10:00:00,11138.721771999999,10478
M5R,2026-04-06 11:00:00,11163.164653,10478
M5R,2026-04-06 12:00:00,11072.790679,10479
M5R,2026-04-06 13:00:00,10931.874686000001,10479
M5R,2026-04-06 14:00:00,10919.877435,10478
M5R,2026-04-06 15:00:00,11120.996012,10478
M5R,2026-04-06 16:00:00,11544.919625,10478
M5R,2026-04-06 17:00:00,11918.588286,10478
M5R,2026-04-06 18:00:00,12070.4622,10478
M5R,2026-04-06 19:00:00,12046.371045,10478
M5R,2026-04-06 20:00:00,11695.683921,10478
M5R,2026-04-06 21:00:00,10949.959115,10478
M5R,2026-04-06 22:00:00,9981.389831,10478
M5R,2026-04-06 23:00:00,9285.6973,10478
M5R,2026-04-07 00:00:00,8901.87844,10478
M5R,2026-04-07 01:00:00,8851.42503,10478
M5R,2026-04-07 02:00:00,8887.839361,10478
M5R,2026-04-07 03:00:00,8997.730011,10478
M5R,2026-04-07 04:00:00,9333.867132,10478
M5R,2026-04-07 05:00:00,10064.540391,10478
M5R,2026-04-07 06:00:00,11195.495071,10478
M5R,2026-04-07 07:00:00,11933.196418,10478
M5R,2026-04-07 08:00:00,12453.278381,10478
M5R,2026-04-07 09:00:00,12486.636770000001,10478
M5R,2026-04-07 10:00:00,12568.54676,10478
M5R,2026-04-07 11:00:00,12575.160497,10478
M5R,2026-04-07 12:00:00,12290.620706999998,10478
M5R,2026-04-07 13:00:00,12070.022981,10478
M5R,2026-04-07 14:00:00,11797.898107,10478
M5R,2026-04-07 15:00:00,11762.495392,10478
M5R,2026-04-07 16:00:00,12080.092473,10478
M5R,2026-04-07 17:00:00,12449.318465,10478
M5R,2026-04-07 18:00:00,12753.730808,10478
M5R,2026-04-07 19:00:00,12979.938029,10478
M5R,2026-04-07 20:00:00,12635.491117,10478
M5R,2026-04-07 21:00:00,11953.257758,10478
M5R,2026-04-07 22:00:00,11003.822782,10478
M5R,2026-04-07 23:00:00,10198.820862,10482
M5R,2026-04-08 00:00:00,9582.183798,10478
M5R,2026-04-08 01:00:00,9314.826588,10478
M5R,2026-04-08 02:00:00,9249.553951,10478
M5R,2026-04-08 03:00:00,9280.247271,10478
M5R,2026-04-08 04:00:00,9608.251544,10478
M5R,2026-04-08 05:00:00,10265.535390000001,10478
M5R,2026-04-08 06:00:00,11246.450106,10478
M5R,2026-04-08 07:00:00,11552.395713,10478
M5R,2026-04-08 08:00:00,11636.131446,10478
M5R,2026-04-08 09:00:00,11839.998932,10478
M5R,2026-04-08 10:00:00,11863.452526000001,10478
M5R,2026-04-08 11:00:00,11810.703277,10478
M5R,2026-04-08 12:00:00,11698.988234,10478
M5R,2026-04-08 13:00:00,11380.938356,10478
M5R,2026-04-08 14:00:00,11098.394314,10478
M5R,2026-04-08 15:00:00,11239.335915,10478
M5R,2026-04-08 16:00:00,11507.317038,10478
M5R,2026-04-08 17:00:00,11907.603282,10478
M5R,2026-04-08 18:00:00,12249.66202,10478
M5R,2026-04-08 19:00:00,12314.196415,10478
M5R,2026-04-08 20:00:00,11970.437898,10478
M5R,2026-04-08 21:00:00,11277.055869,10478
M5R,2026-04-08 22:00:00,10252.049036,10478
M5R,2026-04-08 23:00:00,9449.339292,10482
M5R,2026-04-09 00:00:00,8851.39703,10475
M5R,2026-04-09 01:00:00,8540.39754,10475
M5R,2026-04-09 02:00:00,8370.194712,10475
M5R,2026-04-09 03:00:00,8253.841642,10475
M5R,2026-04-09 04:00:00,8556.967842,10475
M5R,2026-04-09 05:00:00,9087.723410999999,10475
M5R,2026-04-09 06:00:00,9873.397184,10475
M5R,2026-04-09 07:00:00,10194.191942,10475
M5R,2026-04-09 08:00:00,10183.824416,10475
M5R,2026-04-09 09:00:00,10318.065044,10475
M5R,2026-04-09 10:00:00,10263.453901,10475
M5R,2026-04-09 11:00:00,10393.919351,10475
M5R,2026-04-09 12:00:00,10449.090436,10475
M5R,2026-04-09 13:00:00,10254.771666,10475
M5R,2026-04-09 14:00:00,9954.989269,10475
M5R,2026-04-09 15:00:00,9916.269567000001,10475
M5R,2026-04-09 16:00:00,9875.396922,10475
M5R,2026-04-09 17:00:00,10054.959276,10475
M5R,2026-04-09 18:00:00,10127.279822,10475
M5R,2026-04-09 19:00:00,10289.016735,10475
M5R,2026-04-09 20:00:00,9984.986422,10475
M5R,2026-04-09 21:00:00,9511.087602,10475
M5R,2026-04-09 22:00:00,8732.448967,10475
M5R,2026-04-09 23:00:00,8031.256608,10477
M5R,2026-04-10 00:00:00,7536.836853000001,10475
M5R,2026-04-10 01:00:00,7250.998711,10475
M5R,2026-04-10 02:00:00,7179.570965,10475
M5R,2026-04-10 03:00:00,7137.964828,10475
M5R,2026-04-10 04:00:00,7459.261534,10475
M5R,2026-04-10 05:00:00,8040.864334,10475
M5R,2026-04-10 06:00:00,9107.392427,10475
M5R,2026-04-10 07:00:00,9862.852678,10475
M5R,2026-04-10 08:00:00,10258.493607,10475
M5R,2026-04-10 09:00:00,10747.683654,10475
M5R,2026-04-10 10:00:00,11110.112887000001,10475
M5R,2026-04-10 11:00:00,11416.707073000001,10475
M5R,2026-04-10 12:00:00,11385.04842,10475
M5R,2026-04-10 13:00:00,11074.686571999999,10475
M5R,2026-04-10 14:00:00,10697.393221999999,10475
M5R,2026-04-10 15:00:00,10726.598032,10475
M5R,2026-04-10 16:00:00,11007.580326,10475
M5R,2026-04-10 17:00:00,11221.209323000001,10475
M5R,2026-04-10 18:00:00,11016.255644,10475
M5R,2026-04-10 19:00:00,10837.070527,10475
M5R,2026-04-10 20:00:00,10664.985959,10475
M5R,2026-04-10 21:00:00,10237.084567,10475
M5R,2026-04-10 22:00:00,9606.223354,10475
M5R,2026-04-10 23:00:00,8889.072433,10476
M5R,2026-04-11 00:00:00,8365.218186,10475
M5R,2026-04-11 01:00:00,8096.070735,10475
M5R,2026-04-11 02:00:00,7942.136431,10475
M5R,2026-04-11 03:00:00,7970.313422,10475
M5R,2026-04-11 04:00:00,8115.136209,10475
M5R,2026-04-11 05:00:00,8530.298778,10475
M5R,2026-04-11 06:00:00,9040.761279,10475
M5R,2026-04-11 07:00:00,9595.863195,10475
M5R,2026-04-11 08:00:00,10095.572289,10475
M5R,2026-04-11 09:00:00,10386.897002,10475
M5R,2026-04-11 10:00:00,10617.742945,10475
M5R,2026-04-11 11:00:00,10544.702564,10475
M5R,2026-04-11 12:00:00,10361.210384,10475
M5R,2026-04-11 13:00:00,10083.483762,10475
M5R,2026-04-11 14:00:00,9989.823847,10475
M5R,2026-04-11 15:00:00,9985.704376,10475
M5R,2026-04-11 16:00:00,10145.1185,10475
M5R,2026-04-11 17:00:00,10304.216945,10475
M5R,2026-04-11 18:00:00,10281.622761,10475
M5R,2026-04-11 19:00:00,10409.017647,10475
M5R,2026-04-11 20:00:00,10202.084965999999,10475
M5R,2026-04-11 21:00:00,9775.551974,10475
M5R,2026-04-11 22:00:00,9189.827735,10475
M5R,2026-04-11 23:00:00,8591.435239,10475
M5R,2026-04-12 00:00:00,8117.149507,10475
M5R,2026-04-12 01:00:00,7878.222269,10475
M5R,2026-04-12 02:00:00,7664.3267909999995,10475
M5R,2026-04-12 03:00:00,7638.909239,10475
M5R,2026-04-12 04:00:00,7714.661614000001,10475
M5R,2026-04-12 05:00:00,7989.355216,10475
M5R,2026-04-12 06:00:00,8487.554188,10475
M5R,2026-04-12 07:00:00,9160.218522,10475
M5R,2026-04-12 08:00:00,9948.143322,10475
M5R,2026-04-12 09:00:00,10494.887574,10475
M5R,2026-04-12 10:00:00,10912.086117,10475
M5R,2026-04-12 11:00:00,11406.679219,10475
M5R,2026-04-12 12:00:00,11452.095336999999,10475
M5R,2026-04-12 13:00:00,11480.644655,10475
M5R,2026-04-12 14:00:00,11231.770848,10475
M5R,2026-04-12 15:00:00,11388.766372,10475
M5R,2026-04-12 16:00:00,11591.011358,10475
M5R,2026-04-12 17:00:00,11696.105368,10475
M5R,2026-04-12 18:00:00,11692.764238,10475
M5R,2026-04-12 19:00:00,11686.027171,10475
M5R,2026-04-12 20:00:00,11172.179606,10475
M5R,2026-04-12 21:00:00,10330.960583,10475
M5R,2026-04-12 22:00:00,9308.260601,10475
M5R,2026-04-12 23:00:00,8514.639626,10476
M5R,2026-04-13 00:00:00,7802.591742999999,10475
M5R,2026-04-13 01:00:00,7491.086338,10475
M5R,2026-04-13 02:00:00,7315.245049,10475
M5R,2026-04-13 03:00:00,7239.565709,10475
M5R,2026-04-13 04:00:00,7502.797804,10475
M5R,2026-04-13 05:00:00,8051.023273000001,10475
M5R,2026-04-13 06:00:00,8892.495069999999,10475
M5R,2026-04-13 07:00:00,9496.386065,10475
M5R,2026-04-13 08:00:00,9881.480520000001,10475
M5R,2026-04-13 09:00:00,10042.905764,10475
M5R,2026-04-13 10:00:00,10108.479304,10475
M5R,2026-04-13 11:00:00,10011.109216,10475
M5R,2026-04-13 12:00:00,9649.368755,10475
M5R,2026-04-13 13:00:00,9470.998519,10475
M5R,2026-04-13 14:00:00,9276.235324,10475
M5R,2026-04-13 15:00:00,9378.211245999999,10474
M5R,2026-04-13 16:00:00,9673.600119,10474
M5R,2026-04-13 17:00:00,9873.062291999999,10474
M5R,2026-04-13 18:00:00,9927.817058,10474
M5R,2026-04-13 19:00:00,10007.235018,10475
M5R,2026-04-13 20:00:00,9634.808670999999,10475
M5R,2026-04-13 21:00:00,8982.537853,10475
M5R,2026-04-13 22:00:00,8016.237245,10475
M5R,2026-04-13 23:00:00,7249.355335,10476
M5R,2026-04-14 00:00:00,6683.983319999999,10475
M5R,2026-04-14 01:00:00,6397.253214,10475
M5R,2026-04-14 02:00:00,6269.071411,10475
M5R,2026-04-14 03:00:00,6266.395405,10475
M5R,2026-04-14 04:00:00,6382.458729,10475
M5R,2026-04-14 05:00:00,6862.31842,10475
M5R,2026-04-14 06:00:00,7910.484344,10475
M5R,2026-04-14 07:00:00,8533.196275,10475
M5R,2026-04-14 08:00:00,9099.409996,10475
M5R,2026-04-14 09:00:00,9313.816679,10475
M5R,2026-04-14 10:00:00,9426.686424,10475
M5R,2026-04-14 11:00:00,9481.296002,10475
M5R,2026-04-14 12:00:00,9464.404444,10475
M5R,2026-04-14 13:00:00,9386.279839,10475
M5R,2026-04-14 14:00:00,9250.842353,10475
M5R,2026-04-14 15:00:00,9344.382731,10474
M5R,2026-04-14 16:00:00,9575.150905999999,10474
M5R,2026-04-14 17:00:00,9763.672999,10474
M5R,2026-04-14 18:00:00,9768.159079,10474
M5R,2026-04-14 19:00:00,9720.500546,10475
M5R,2026-04-14 20:00:00,9463.030696,10475
M5R,2026-04-14 21:00:00,8822.151825,10475
M5R,2026-04-14 22:00:00,7806.150941000001,10475
M5R,2026-04-14 23:00:00,7008.601232,10475
M5R,2026-04-15 00:00:00,6538.429356,10475
M5R,2026-04-15 01:00:00,6266.716315,10475
M5R,2026-04-15 02:00:00,6200.029634,10475
M5R,2026-04-15 03:00:00,6154.607821,10475
M5R,2026-04-15 04:00:00,6432.535206,10475
M5R,2026-04-15 05:00:00,6986.25503,10475
M5R,2026-04-15 06:00:00,7979.284568,10475
M5R,2026-04-15 07:00:00,8713.151773,10475
M5R,2026-04-15 08:00:00,9047.046466,10475
M5R,2026-04-15 09:00:00,9427.421802,10476
M5R,2026-04-15 10:00:00,9706.332086,10476
M5R,2026-04-15 11:00:00,9811.535861,10476
M5R,2026-04-15 12:00:00,9649.57216,10476
M5R,2026-04-15 13:00:00,9422.171222,10476
M5R,2026-04-15 14:00:00,9209.7698,10476
M5R,2026-04-15 15:00:00,9373.287626000001,10476
M5R,2026-04-15 16:00:00,9637.451772,10476
M5R,2026-04-15 17:00:00,9965.289266,10476
M5R,2026-04-15 18:00:00,10162.423528,10476
M5R,2026-04-15 19:00:00,9961.244109,10476
M5R,2026-04-15 20:00:00,9562.050579,10476
M5R,2026-04-15 21:00:00,8985.077959,10476
M5R,2026-04-15 22:00:00,8138.080239,10476
M5R,2026-04-15 23:00:00,7330.973572,10478
M5R,2026-04-16 00:00:00,6715.037871,10476
M5R,2026-04-16 01:00:00,6392.150015,10476
M5R,2026-04-16 02:00:00,6231.217927,10476
M5R,2026-04-16 03:00:00,6148.020658,10476
M5R,2026-04-16 04:00:00,6356.107501,10476
M5R,2026-04-16 05:00:00,6880.93325,10476
M5R,2026-04-16 06:00:00,7728.928787,10476
M5R,2026-04-16 07:00:00,8403.470964,10476
M5R,2026-04-16 08:00:00,8874.209249,10476
M5R,2026-04-16 09:00:00,9246.350468,10476
M5R,2026-04-16 10:00:00,9435.310013,10476
M5R,2026-04-16 11:00:00,9630.405987,10476
M5R,2026-04-16 12:00:00,9477.992244000001,10476
M5R,2026-04-16 13:00:00,9526.58602,10476
M5R,2026-04-16 14:00:00,9534.093164,10476
M5R,2026-04-16 15:00:00,9620.652766,10476
M5R,2026-04-16 16:00:00,9691.878441,10476
M5R,2026-04-16 17:00:00,9839.275432999999,10476
M5R,2026-04-16 18:00:00,9876.751948000001,10476
M5R,2026-04-16 19:00:00,9699.806756,10476
M5R,2026-04-16 20:00:00,9416.861978,10476
M5R,2026-04-16 21:00:00,8888.160871,10476
M5R,2026-04-16 22:00:00,7935.565877999999,10476
M5R,2026-04-16 23:00:00,7166.7247720000005,10478
M5R,2026-04-17 00:00:00,6632.408436,10476
M5R,2026-04-17 01:00:00,6315.88855,10476
M5R,2026-04-17 02:00:00,6142.808692,10477
M5R,2026-04-17 03:00:00,6109.788556,10477
M5R,2026-04-17 04:00:00,6310.502324,10477
M5R,2026-04-17 05:00:00,6784.820031,10477
M5R,2026-04-17 06:00:00,7539.638696,10477
M5R,2026-04-17 07:00:00,8273.787201,10477
M5R,2026-04-17 08:00:00,8876.908149,10477
M5R,2026-04-17 09:00:00,9362.463463,10477
M5R,2026-04-17 10:00:00,9567.693112,10477
M5R,2026-04-17 11:00:00,9676.907323,10477
M5R,2026-04-17 12:00:00,9600.627201,10477
M5R,2026-04-17 13:00:00,9395.620257,10477
M5R,2026-04-17 14:00:00,9351.092176,10477
M5R,2026-04-17 15:00:00,9433.708767,10477
M5R,2026-04-17 16:00:00,9604.37523,10477
M5R,2026-04-17 17:00:00,9634.452317,10477
M5R,2026-04-17 18:00:00,9449.512338999999,10477
M5R,2026-04-17 19:00:00,9437.645907,10477
M5R,2026-04-17 20:00:00,9227.930373,10477
M5R,2026-04-17 21:00:00,8793.801027,10477
M5R,2026-04-17 22:00:00,7991.738089,10477
M5R,2026-04-17 23:00:00,7366.01633,10477
M5R,2026-04-18 00:00:00,6742.569488,10477
M5R,2026-04-18 01:00:00,6449.739174,10477
M5R,2026-04-18 02:00:00,6273.583626,10477
M5R,2026-04-18 03:00:00,6198.884664,10477
M5R,2026-04-18 04:00:00,6317.914768000001,10477
M5R,2026-04-18 05:00:00,6596.373982,10477
M5R,2026-04-18 06:00:00,7101.46295,10477
M5R,2026-04-18 07:00:00,7698.299044,10477
M5R,2026-04-18 08:00:00,8451.76807,10477
M5R,2026-04-18 09:00:00,9065.008274,10477
M5R,2026-04-18 10:00:00,9494.73767,10477
M5R,2026-04-18 11:00:00,9665.438777,10477
M5R,2026-04-18 12:00:00,9739.667567,10477
M5R,2026-04-18 13:00:00,9778.608031,10477
M5R,2026-04-18 14:00:00,9916.822251,10477
M5R,2026-04-18 15:00:00,9770.153806,10476
M5R,2026-04-18 16:00:00,9992.11847,10476
M5R,2026-04-18 17:00:00,10066.269827,10476
M5R,2026-04-18 18:00:00,9960.115952,10476
M5R,2026-04-18 19:00:00,9755.658194,10477
M5R,2026-04-18 20:00:00,9432.723114,10477
M5R,2026-04-18 21:00:00,8956.841892999999,10477
M5R,2026-04-18 22:00:00,8242.006733,10477
M5R,2026-04-18 23:00:00,7671.442623000001,10477
M5R,2026-04-19 00:00:00,7158.420706999999,10477
M5R,2026-04-19 01:00:00,6984.607125,10477
M5R,2026-04-19 02:00:00,6776.556552,10477
M5R,2026-04-19 03:00:00,6794.983819,10477
M5R,2026-04-19 04:00:00,6909.942344,10477
M5R,2026-04-19 05:00:00,7126.946372,10477
M5R,2026-04-19 06:00:00,7618.520425999999,10477
M5R,2026-04-19 07:00:00,8254.927829,10477
M5R,2026-04-19 08:00:00,9093.677674999999,10477
M5R,2026-04-19 09:00:00,9458.521270000001,10477
M5R,2026-04-19 10:00:00,9845.3488,10477
M5R,2026-04-19 11:00:00,10228.804646,10477
M5R,2026-04-19 12:00:00,10104.662568,10477
M5R,2026-04-19 13:00:00,9954.949308000001,10477
M5R,2026-04-19 14:00:00,10025.446042,10477
M5R,2026-04-19 15:00:00,10165.149346,10476
M5R,2026-04-19 16:00:00,11013.450406,10476
M5R,2026-04-19 17:00:00,11292.141189,10476
M5R,2026-04-19 18:00:00,11331.471154,10476
M5R,2026-04-19 19:00:00,11299.818551,10477
M5R,2026-04-19 20:00:00,10989.095331,10477
M5R,2026-04-19 21:00:00,10370.279903999999,10477
M5R,2026-04-19 22:00:00,9382.646953,10477
M5R,2026-04-19 23:00:00,8577.196028,10479
M5R,2026-04-20 00:00:00,8106.044054,10476
M5R,2026-04-20 01:00:00,7972.826141,10477
M5R,2026-04-20 02:00:00,7870.884363,10477
M5R,2026-04-20 03:00:00,7912.923568,10477
M5R,2026-04-20 04:00:00,8272.524851,10477
M5R,2026-04-20 05:00:00,8936.589598999999,10477
M5R,2026-04-20 06:00:00,9722.762261,10477
M5R,2026-04-20 07:00:00,10250.807757,10477
M5R,2026-04-20 08:00:00,10570.226142,10477
M5R,2026-04-20 09:00:00,10764.111331,10477
M5R,2026-04-20 10:00:00,10897.221081,10477
M5R,2026-04-20 11:00:00,11046.352032,10477
M5R,2026-04-20 12:00:00,10826.873164,10477
M5R,2026-04-20 13:00:00,10598.540735999999,10477
M5R,2026-04-20 14:00:00,10465.586458,10477
M5R,2026-04-20 15:00:00,10559.013683000001,10476
M5R,2026-04-20 16:00:00,10903.912642,10476
M5R,2026-04-20 17:00:00,11284.248833,10476
M5R,2026-04-20 18:00:00,11350.89573,10476
M5R,2026-04-20 19:00:00,11497.797198,10477
M5R,2026-04-20 20:00:00,11235.812956,10477
M5R,2026-04-20 21:00:00,10526.346502,10477
M5R,2026-04-20 22:00:00,9555.920682,10477
M5R,2026-04-20 23:00:00,8836.437671,10478
M5R,2026-04-21 00:00:00,8271.153646,10477
M5R,2026-04-21 01:00:00,8097.630257999999,10477
M5R,2026-04-21 02:00:00,8020.340833,10477
M5R,2026-04-21 03:00:00,8080.879312,10477
M5R,2026-04-21 04:00:00,8369.309266,10477
M5R,2026-04-21 05:00:00,8859.694351,10477
M5R,2026-04-21 06:00:00,9717.958102,10477
M5R,2026-04-21 07:00:00,10229.405284,10477
M5R,2026-04-21 08:00:00,10280.112988,10477
M5R,2026-04-21 09:00:00,10453.357291,10477
M5R,2026-04-21 10:00:00,10507.27612,10477
M5R,2026-04-21 11:00:00,10401.378556,10477
M5R,2026-04-21 12:00:00,10192.646867,10477
M5R,2026-04-21 13:00:00,10180.941523,10477
M5R,2026-04-21 14:00:00,10066.490792999999,10477
M5R,2026-04-21 15:00:00,10248.812216,10476
M5R,2026-04-21 16:00:00,10438.959912,10476
M5R,2026-04-21 17:00:00,10869.590801,10476
M5R,2026-04-21 18:00:00,11074.850695,10476
M5R,2026-04-21 19:00:00,11058.951607,10477
M5R,2026-04-21 20:00:00,10718.228568999999,10477
M5R,2026-04-21 21:00:00,9973.735224,10477
M5R,2026-04-21 22:00:00,8934.115404,10477
M5R,2026-04-21 23:00:00,8113.724526,10477
M5R,2026-04-22 00:00:00,7618.077058999999,10477
M5R,2026-04-22 01:00:00,7425.88765,10477
M5R,2026-04-22 02:00:00,7335.144566,10477
M5R,2026-04-22 03:00:00,7353.487437,10477
M5R,2026-04-22 04:00:00,7640.776503000001,10478
M5R,2026-04-22 05:00:00,8184.541303,10478
M5R,2026-04-22 06:00:00,8838.053296,10478
M5R,2026-04-22 07:00:00,9262.663115,10478
M5R,2026-04-22 08:00:00,9393.027603,10478
M5R,2026-04-22 09:00:00,9511.761522,10477
M5R,2026-04-22 10:00:00,9611.128938,10477
M5R,2026-04-22 11:00:00,9572.020905,10477
M5R,2026-04-22 12:00:00,9450.076796,10477
M5R,2026-04-22 13:00:00,9201.876849,10477
M5R,2026-04-22 14:00:00,9092.059824,10477
M5R,2026-04-22 15:00:00,9241.825634,10476
M5R,2026-04-22 16:00:00,9412.426033,10476
M5R,2026-04-22 17:00:00,9557.12825,10476
M5R,2026-04-22 18:00:00,9666.565649,10476
M5R,2026-04-22 19:00:00,9775.054286999999,10477
M5R,2026-04-22 20:00:00,9599.884829999999,10477
M5R,2026-04-22 21:00:00,8916.624851,10477
M5R,2026-04-22 22:00:00,7978.10872,10477
M5R,2026-04-22 23:00:00,7284.629382,10477
M5R,2026-04-23 00:00:00,6781.466029,10477
M5R,2026-04-23 01:00:00,6523.507623,10477
M5R,2026-04-23 02:00:00,6403.035918,10477
M5R,2026-04-23 03:00:00,6351.882083,10477
M5R,2026-04-23 04:00:00,6573.657551,10477
M5R,2026-04-23 05:00:00,7133.979815,10477
M5R,2026-04-23 06:00:00,7912.258312,10477
M5R,2026-04-23 07:00:00,8503.055502000001,10477
M5R,2026-04-23 08:00:00,8809.800654,10477
M5R,2026-04-23 09:00:00,9172.794701,10477
M5R,2026-04-23 10:00:00,9427.037157,10476
M5R,2026-04-23 11:00:00,9456.852897,10477
M5R,2026-04-23 12:00:00,9322.051196,10477
M5R,2026-04-23 13:00:00,9182.415883,10477
M5R,2026-04-23 14:00:00,9117.15535,10479
M5R,2026-04-23 15:00:00,9162.019302,10477
M5R,2026-04-23 16:00:00,9303.893841,10477
M5R,2026-04-23 17:00:00,9494.409033,10477
M5R,2026-04-23 18:00:00,9378.07907,10477
M5R,2026-04-23 19:00:00,9394.377251,10477
M5R,2026-04-23 20:00:00,9238.501008,10477
M5R,2026-04-23 21:00:00,8714.232595,10477
M5R,2026-04-23 22:00:00,7820.474427,10477
M5R,2026-04-23 23:00:00,7148.840552,10477
M5R,2026-04-24 00:00:00,6552.029797,10477
M5R,2026-04-24 01:00:00,6294.218889,10477
M5R,2026-04-24 02:00:00,6192.223709,10477
M5R,2026-04-24 03:00:00,5783.549879,10477
M5R,2026-04-24 04:00:00,6308.318789,10477
M5R,2026-04-24 05:00:00,6924.501087000001,10477
M5R,2026-04-24 06:00:00,7777.159243,10477
M5R,2026-04-24 07:00:00,8629.529499,10477
M5R,2026-04-24 08:00:00,9238.257679,10477
M5R,2026-04-24 09:00:00,9861.72158,10477
M5R,2026-04-24 10:00:00,10042.476933,10477
M5R,2026-04-24 11:00:00,10210.526398,10477
M5R,2026-04-24 12:00:00,10263.22342,10477
M5R,2026-04-24 13:00:00,9957.207432,10477
M5R,2026-04-24 14:00:00,9739.760864,10477
M5R,2026-04-24 15:00:00,9749.538731,10476
M5R,2026-04-24 16:00:00,9926.961281,10476
M5R,2026-04-24 17:00:00,10062.309332,10476
M5R,2026-04-24 18:00:00,10067.928566,10476
M5R,2026-04-24 19:00:00,10042.713914,10477
M5R,2026-04-24 20:00:00,9887.034368999999,10477
M5R,2026-04-24 21:00:00,9401.069917,10477
M5R,2026-04-24 22:00:00,8554.008372,10477
M5R,2026-04-24 23:00:00,7897.446791,10477
M5R,2026-04-25 00:00:00,7367.519153,10477
M5R,2026-04-25 01:00:00,7078.211509,10477
M5R,2026-04-25 02:00:00,6930.132839,10477
M5R,2026-04-25 03:00:00,6957.188465,10477
M5R,2026-04-25 04:00:00,7074.547551,10477
M5R,2026-04-25 05:00:00,7497.566712,10477
M5R,2026-04-25 06:00:00,8139.390802,10477
M5R,2026-04-25 07:00:00,9052.427116,10477
M5R,2026-04-25 08:00:00,9966.948655,10477
M5R,2026-04-25 09:00:00,10584.503375,10477
M5R,2026-04-25 10:00:00,11079.039534,10477
M5R,2026-04-25 11:00:00,11232.032833,10477
M5R,2026-04-25 12:00:00,11179.373065,10477
M5R,2026-04-25 13:00:00,11009.563178,10477
M5R,2026-04-25 14:00:00,10760.459781,10477
M5R,2026-04-25 15:00:00,10732.020165,10476
M5R,2026-04-25 16:00:00,10756.468803,10476
M5R,2026-04-25 17:00:00,10649.924944,10476
M5R,2026-04-25 18:00:00,10349.323218,10476
M5R,2026-04-25 19:00:00,10408.266142,10477
M5R,2026-04-25 20:00:00,10096.579237,10477
M5R,2026-04-25 21:00:00,9603.395515,10477
M5R,2026-04-25 22:00:00,8826.044167,10477
M5R,2026-04-25 23:00:00,8181.283877,10477
M5R,2026-04-26 00:00:00,7700.585066,10477
M5R,2026-04-26 01:00:00,7396.157705,10477
M5R,2026-04-26 02:00:00,7189.416504999999,10477
M5R,2026-04-26 03:00:00,7186.742684,10477
M5R,2026-04-26 04:00:00,7307.060053,10477
M5R,2026-04-26 05:00:00,7528.131133,10477
M5R,2026-04-26 06:00:00,7782.793621,10477
M5R,2026-04-26 07:00:00,8436.359139,10477
M5R,2026-04-26 08:00:00,8808.493035,10477
M5R,2026-04-26 09:00:00,9153.547915,10477
M5R,2026-04-26 10:00:00,9445.412541,10477
M5R,2026-04-26 11:00:00,9525.693133,10477
M5R,2026-04-26 12:00:00,9265.819783,10477
M5R,2026-04-26 13:00:00,9076.848223,10477
M5R,2026-04-26 14:00:00,8926.589961,10477
M5R,2026-04-26 15:00:00,9084.787743,10476
M5R,2026-04-26 16:00:00,9647.074877,10476
M5R,2026-04-26 17:00:00,9925.668591,10476
M5R,2026-04-26 18:00:00,9966.91883,10476
M5R,2026-04-26 19:00:00,10066.289113,10477
M5R,2026-04-26 20:00:00,9899.948814,10477
M5R,2026-04-26 21:00:00,9158.79032,10477
M5R,2026-04-26 22:00:00,8170.151926,10477
M5R,2026-04-26 23:00:00,7346.407442,10477
M5R,2026-04-27 00:00:00,6865.910304,10477
M5R,2026-04-27 01:00:00,6605.9133059999995,10477
M5R,2026-04-27 02:00:00,6508.629266,10477
M5R,2026-04-27 03:00:00,6543.856553,10477
M5R,2026-04-27 04:00:00,6857.2184019999995,10476
M5R,2026-04-27 05:00:00,7393.58943,10476
M5R,2026-04-27 06:00:00,8171.814266,10476
M5R,2026-04-27 07:00:00,8641.369062,10476
M5R,2026-04-27 08:00:00,8880.896722000001,10476
M5R,2026-04-27 09:00:00,9232.940701,10476
M5R,2026-04-27 10:00:00,9379.159066,10476
M5R,2026-04-27 11:00:00,9403.822419,10476
M5R,2026-04-27 12:00:00,9274.893499,10476
M5R,2026-04-27 13:00:00,9064.763647,10476
M5R,2026-04-27 14:00:00,9081.326834,10476
M5R,2026-04-27 15:00:00,9171.703146,10475
M5R,2026-04-27 16:00:00,9456.014071,10475
M5R,2026-04-27 17:00:00,9677.359588,10475
M5R,2026-04-27 18:00:00,9781.795241,10475
M5R,2026-04-27 19:00:00,9805.028665000002,10476
M5R,2026-04-27 20:00:00,9503.873425,10476
M5R,2026-04-27 21:00:00,8835.464092,10476
M5R,2026-04-27 22:00:00,7877.212089,10476
M5R,2026-04-27 23:00:00,7102.863408,10476
M5R,2026-04-28 00:00:00,6555.347881000001,10476
M5R,2026-04-28 01:00:00,6228.05685,10476
M5R,2026-04-28 02:00:00,6128.272523,10476
M5R,2026-04-28 03:00:00,6033.771628,10476
M5R,2026-04-28 04:00:00,6205.172311,10476
M5R,2026-04-28 05:00:00,6733.356751,10477
M5R,2026-04-28 06:00:00,7694.119667000001,10477
M5R,2026-04-28 07:00:00,8382.354252000001,10477
M5R,2026-04-28 08:00:00,8983.928881,10477
M5R,2026-04-28 09:00:00,9458.659365,10477
M5R,2026-04-28 10:00:00,9731.961258,10477
M5R,2026-04-28 11:00:00,9739.593372,10477
M5R,2026-04-28 12:00:00,9606.365023,10477
M5R,2026-04-28 13:00:00,9450.6392,10477
M5R,2026-04-28 14:00:00,9344.072319,10477
M5R,2026-04-28 15:00:00,9359.255922,10477
M5R,2026-04-28 16:00:00,9604.379263,10476
M5R,2026-04-28 17:00:00,9912.159566,10476
M5R,2026-04-28 18:00:00,10119.913306,10476
M5R,2026-04-28 19:00:00,9794.956702,10477
M5R,2026-04-28 20:00:00,9377.499194,10477
M5R,2026-04-28 21:00:00,8730.504951,10477
M5R,2026-04-28 22:00:00,7735.606197,10477
M5R,2026-04-28 23:00:00,7039.039482,10477
M5R,2026-04-29 00:00:00,6458.637493,10477
M5R,2026-04-29 01:00:00,6230.002412,10477
M5R,2026-04-29 02:00:00,6092.656741,10477
M5R,2026-04-29 03:00:00,6078.357043,10477
M5R,2026-04-29 04:00:00,6322.799781,10477
M5R,2026-04-29 05:00:00,6857.533504999999,10477
M5R,2026-04-29 06:00:00,7714.532424000001,10477
M5R,2026-04-29 07:00:00,8380.102754,10477
M5R,2026-04-29 08:00:00,8892.748583,10477
M5R,2026-04-29 09:00:00,9321.757719,10477
M5R,2026-04-29 10:00:00,9658.813355,10477
M5R,2026-04-29 11:00:00,9639.408364,10477
M5R,2026-04-29 12:00:00,9639.077062,10477
M5R,2026-04-29 13:00:00,9502.760725,10477
M5R,2026-04-29 14:00:00,9516.410408,10479
M5R,2026-04-29 15:00:00,9691.555274,10478
M5R,2026-04-29 16:00:00,9974.342332,10478
M5R,2026-04-29 17:00:00,10134.581404,10478
M5R,2026-04-29 18:00:00,10364.628607999999,10479
M5R,2026-04-29 19:00:00,10262.379062,10480
M5R,2026-04-29 20:00:00,9969.687703,10480
M5R,2026-04-29 21:00:00,9370.636441,10480
M5R,2026-04-29 22:00:00,8509.072920999999,10480
M5R,2026-04-29 23:00:00,7753.344019,10480
M5R,2026-04-30 00:00:00,7183.914927,10480
M5R,2026-04-30 01:00:00,6859.166269,10480
M5R,2026-04-30 02:00:00,6825.064863,10480
M5R,2026-04-30 03:00:00,6758.626384,10480
M5R,2026-04-30 04:00:00,6990.230776,10480
M5R,2026-04-30 05:00:00,7558.405583,10480
M5R,2026-04-30 06:00:00,8481.052279,10480
M5R,2026-04-30 07:00:00,9034.421012,10480
M5R,2026-04-30 08:00:00,9410.256866,10480
M5R,2026-04-30 09:00:00,9478.38006,10480
M5R,2026-04-30 10:00:00,9592.588245,10480
M5R,2026-04-30 11:00:00,9829.792135,10480
M5R,2026-04-30 12:00:00,9799.386239,10480
M5R,2026-04-30 13:00:00,9562.168749,10480
M5R,2026-04-30 14:00:00,9403.208367,10480
M5R,2026-04-30 15:00:00,9489.650794,10479
M5R,2026-04-30 16:00:00,9713.846851,10479
M5R,2026-04-30 17:00:00,9944.1572,10479
M5R,2026-04-30 18:00:00,9931.729524,10479
M5R,2026-04-30 19:00:00,10070.277592999999,10480
M5R,2026-04-30 20:00:00,9902.190638,10480
M5R,2026-04-30 21:00:00,9239.612636,10480
M5R,2026-04-30 22:00:00,8489.354466,10480
M5R,2026-04-30 23:00:00,7728.5806760000005,10487
