fsa,episode_id,episode_start,episode_end,duration_hours,maximum_consumption_kwh,mean_consumption_kwh,mean_temperature_c,season
L4T,1,2021-01-23 17:00:00,2021-01-23 19:00:00,3,16292.5,15982.1,-6.633333333333333,Winter
L4T,2,2021-01-24 17:00:00,2021-01-24 19:00:00,3,16119.900000000001,15867.733333333332,-3.1666666666666665,Winter
L4T,3,2021-01-30 18:00:00,2021-01-30 19:00:00,2,15808.5,15687.150000000001,-4.25,Winter
L4T,4,2021-01-31 12:00:00,2021-01-31 12:00:00,1,15576.8,15576.8,-5.7,Winter
L4T,5,2021-01-31 17:00:00,2021-01-31 20:00:00,4,16484.0,16044.9,-6.375,Winter
L4T,6,2021-02-06 12:00:00,2021-02-06 13:00:00,2,15707.7,15670.0,-6.65,Winter
L4T,7,2021-02-06 15:00:00,2021-02-06 15:00:00,1,15584.599999999999,15584.599999999999,-6.3,Winter
L4T,8,2021-02-06 17:00:00,2021-02-06 20:00:00,4,16358.0,15963.5,-7.375,Winter
L4T,9,2021-02-07 17:00:00,2021-02-07 20:00:00,4,17008.9,16505.075,-11.75,Winter
L4T,10,2021-02-13 12:00:00,2021-02-13 14:00:00,3,15716.1,15674.666666666666,-9.666666666666666,Winter
L4T,11,2021-02-13 16:00:00,2021-02-13 20:00:00,5,16564.5,16018.859999999997,-10.4,Winter
L4T,12,2021-02-14 18:00:00,2021-02-14 19:00:00,2,15701.3,15652.349999999999,-5.35,Winter
L4T,13,2021-02-21 18:00:00,2021-02-21 19:00:00,2,15984.499999999998,15883.499999999998,-3.5,Winter
L4T,14,2021-03-01 18:00:00,2021-03-01 20:00:00,3,15219.3,14943.166666666666,-7.7,Spring
L4T,15,2021-03-02 19:00:00,2021-03-02 19:00:00,1,14614.3,14614.3,-3.2,Spring
L4T,16,2021-03-04 19:00:00,2021-03-04 19:00:00,1,14726.3,14726.3,-7.4,Spring
L4T,17,2021-03-06 12:00:00,2021-03-06 13:00:00,2,14706.0,14683.3,-2.65,Spring
L4T,18,2021-03-06 18:00:00,2021-03-06 20:00:00,3,15356.7,15167.733333333332,-3.6,Spring
L4T,19,2021-03-07 18:00:00,2021-03-07 20:00:00,3,15655.4,15207.066666666666,-4.1000000000000005,Spring
L4T,20,2021-03-14 18:00:00,2021-03-14 20:00:00,3,15527.3,15075.4,-3.4,Spring
L4T,21,2021-05-20 13:00:00,2021-05-20 20:00:00,8,15700.8,15472.675,26.5625,Spring
L4T,22,2021-05-21 10:00:00,2021-05-21 22:00:00,13,18422.899999999998,17211.976923076923,28.99230769230769,Spring
L4T,23,2021-05-22 09:00:00,2021-05-22 21:00:00,13,17695.0,16641.63846153846,24.22307692307692,Spring
L4T,24,2021-05-23 10:00:00,2021-05-23 17:00:00,8,15909.699999999999,15535.262499999999,21.85,Spring
L4T,25,2021-05-25 11:00:00,2021-05-25 21:00:00,11,17647.8,16564.727272727272,29.536363636363635,Spring
L4T,26,2021-06-06 14:00:00,2021-06-06 17:00:00,4,24375.4,24184.7,32.475,Summer
L4T,27,2021-06-27 15:00:00,2021-06-27 17:00:00,3,24198.9,24056.766666666666,30.566666666666666,Summer
L4T,28,2021-06-28 15:00:00,2021-06-28 17:00:00,3,24384.2,24306.733333333334,31.066666666666666,Summer
L4T,29,2021-07-06 14:00:00,2021-07-06 17:00:00,4,24584.399999999998,24355.6,31.275,Summer
L4T,30,2021-08-11 14:00:00,2021-08-11 17:00:00,4,24488.399999999998,24231.15,30.725,Summer
L4T,31,2021-08-21 14:00:00,2021-08-21 16:00:00,3,24031.5,23919.466666666664,28.599999999999998,Summer
L4T,32,2021-08-22 12:00:00,2021-08-22 17:00:00,6,24096.0,24007.233333333334,28.916666666666668,Summer
L4T,33,2021-08-23 15:00:00,2021-08-23 17:00:00,3,24343.3,24129.033333333336,31.566666666666666,Summer
L4T,34,2021-08-24 15:00:00,2021-08-24 18:00:00,4,24946.399999999998,24624.0,32.25,Summer
L4T,35,2021-08-25 11:00:00,2021-08-25 15:00:00,5,24549.100000000002,24247.879999999997,30.419999999999998,Summer
L4T,36,2021-08-26 12:00:00,2021-08-26 14:00:00,3,24809.4,24539.96666666667,31.03333333333333,Summer
L4T,37,2021-08-29 12:00:00,2021-08-29 19:00:00,8,25152.4,24615.925,29.6875,Summer
L4T,38,2021-09-05 14:00:00,2021-09-05 16:00:00,3,16302.8,16263.733333333332,25.099999999999998,Fall
L4T,39,2021-12-19 18:00:00,2021-12-19 18:00:00,1,15617.1,15617.1,-5.5,Winter
L4T,40,2022-01-02 18:00:00,2022-01-02 19:00:00,2,15672.099999999999,15629.199999999999,-7.699999999999999,Winter
L4T,41,2022-01-08 17:00:00,2022-01-08 18:00:00,2,15836.6,15775.1,-2.7,Winter
L4T,42,2022-01-09 17:00:00,2022-01-09 19:00:00,3,16156.3,16075.266666666668,-3.1999999999999997,Winter
L4T,43,2022-01-11 17:00:00,2022-01-11 19:00:00,3,15703.8,15651.666666666666,-8.466666666666667,Winter
L4T,44,2022-01-15 11:00:00,2022-01-15 21:00:00,11,17348.1,16363.20909090909,-15.52727272727273,Winter
L4T,45,2022-01-16 17:00:00,2022-01-16 20:00:00,4,16797.6,16381.375,-4.275,Winter
L4T,46,2022-01-20 18:00:00,2022-01-20 19:00:00,2,15598.2,15593.85,-14.2,Winter
L4T,47,2022-01-22 13:00:00,2022-01-22 20:00:00,8,16637.6,16067.975,-5.1875,Winter
L4T,48,2022-01-23 17:00:00,2022-01-23 21:00:00,5,17175.4,16564.06,-12.88,Winter
L4T,49,2022-01-28 18:00:00,2022-01-28 20:00:00,3,15766.0,15679.566666666668,-15.1,Winter
L4T,50,2022-01-29 11:00:00,2022-01-29 21:00:00,11,17053.1,16191.718181818182,-13.354545454545455,Winter
L4T,51,2022-01-30 13:00:00,2022-01-30 13:00:00,1,15580.2,15580.2,-5.8,Winter
L4T,52,2022-01-30 16:00:00,2022-01-30 20:00:00,5,16773.3,16304.539999999999,-5.58,Winter
L4T,53,2022-02-05 17:00:00,2022-02-05 20:00:00,4,16340.4,15971.974999999999,-9.025,Winter
L4T,54,2022-02-06 18:00:00,2022-02-06 19:00:00,2,15839.1,15785.85,-1.35,Winter
L4T,55,2022-02-12 19:00:00,2022-02-12 19:00:00,1,15670.8,15670.8,-10.2,Winter
L4T,56,2022-02-13 17:00:00,2022-02-13 20:00:00,4,16477.899999999998,16206.849999999999,-10.35,Winter
L4T,57,2022-02-19 18:00:00,2022-02-19 19:00:00,2,15680.0,15617.2,-9.3,Winter
L4T,58,2022-02-27 18:00:00,2022-02-27 20:00:00,3,15967.8,15756.1,-3.6,Winter
L4T,59,2022-03-03 19:00:00,2022-03-03 19:00:00,1,14644.9,14644.9,-7.6,Spring
L4T,60,2022-03-06 19:00:00,2022-03-06 19:00:00,1,14635.0,14635.0,4.2,Spring
L4T,61,2022-03-12 18:00:00,2022-03-12 20:00:00,3,15575.7,15470.633333333331,-7.966666666666666,Spring
L4T,62,2022-03-13 12:00:00,2022-03-13 20:00:00,9,15371.6,14902.388888888889,-2.611111111111111,Spring
L4T,63,2022-03-27 18:00:00,2022-03-27 20:00:00,3,15703.6,15225.066666666666,-7.0,Spring
L4T,64,2022-05-14 11:00:00,2022-05-14 20:00:00,10,15985.4,15395.3,23.240000000000002,Spring
L4T,65,2022-05-15 10:00:00,2022-05-15 21:00:00,12,18528.3,17646.441666666666,26.391666666666666,Spring
L4T,66,2022-05-21 10:00:00,2022-05-21 11:00:00,2,15283.7,15099.95,28.700000000000003,Spring
L4T,67,2022-05-21 18:00:00,2022-05-21 18:00:00,1,14644.900000000001,14644.900000000001,21.2,Spring
L4T,68,2022-05-29 13:00:00,2022-05-29 20:00:00,8,15399.3,15058.2375,22.1375,Spring
L4T,69,2022-05-30 11:00:00,2022-05-30 22:00:00,12,18786.100000000002,17251.658333333333,28.708333333333332,Spring
L4T,70,2022-05-31 08:00:00,2022-05-31 23:00:00,16,21973.100000000002,19353.3625,29.38125,Spring
L4T,71,2022-06-22 11:00:00,2022-06-22 17:00:00,7,25057.200000000004,24454.67142857143,33.228571428571435,Summer
L4T,72,2022-07-19 14:00:00,2022-07-19 20:00:00,7,25324.3,24672.485714285714,32.77142857142857,Summer
L4T,73,2022-07-20 15:00:00,2022-07-20 16:00:00,2,24102.199999999997,23983.699999999997,30.75,Summer
L4T,74,2022-07-23 12:00:00,2022-07-23 18:00:00,7,25214.0,24724.12857142857,31.728571428571428,Summer
L4T,75,2022-08-06 12:00:00,2022-08-06 18:00:00,7,25059.0,24560.31428571429,30.457142857142856,Summer
L4T,76,2022-08-07 11:00:00,2022-08-07 21:00:00,11,26563.9,25670.154545454545,30.99090909090909,Summer
L4T,77,2022-09-02 12:00:00,2022-09-02 20:00:00,9,18461.6,17610.199999999997,25.51111111111111,Fall
L4T,78,2022-09-03 10:00:00,2022-09-03 21:00:00,12,21237.699999999997,19636.633333333335,27.53333333333333,Fall
L4T,79,2022-09-08 15:00:00,2022-09-08 19:00:00,5,17186.2,16761.260000000002,23.7,Fall
L4T,80,2022-09-09 14:00:00,2022-09-09 19:00:00,6,17697.9,17095.25,24.45,Fall
L4T,81,2022-09-10 11:00:00,2022-09-10 20:00:00,10,19472.3,18584.739999999998,24.75,Fall
L4T,82,2022-09-11 12:00:00,2022-09-11 19:00:00,8,17530.4,16874.275,22.4,Fall
L4T,83,2022-09-18 12:00:00,2022-09-18 20:00:00,9,17374.1,16761.233333333334,24.344444444444445,Fall
L4T,84,2022-09-19 15:00:00,2022-09-19 16:00:00,2,16335.100000000002,16277.7,24.9,Fall
L4T,85,2022-12-23 20:00:00,2022-12-23 20:00:00,1,15645.199999999999,15645.199999999999,-12.8,Winter
L4T,86,2022-12-24 12:00:00,2022-12-24 20:00:00,9,17212.2,16515.333333333332,-10.3,Winter
L4T,87,2022-12-25 17:00:00,2022-12-25 18:00:00,2,15657.9,15640.6,-7.449999999999999,Winter
L4T,88,2023-01-15 18:00:00,2023-01-15 19:00:00,2,15666.9,15646.95,-3.6,Winter
L4T,89,2023-01-29 18:00:00,2023-01-29 19:00:00,2,15632.0,15606.3,-4.3,Winter
L4T,90,2023-02-03 19:00:00,2023-02-03 20:00:00,2,15845.800000000001,15817.35,-16.85,Winter
L4T,91,2023-02-04 11:00:00,2023-02-04 15:00:00,5,16312.000000000002,15922.240000000002,-8.459999999999999,Winter
L4T,92,2023-02-04 17:00:00,2023-02-04 19:00:00,3,16027.699999999999,15895.666666666666,-4.8,Winter
L4T,93,2023-03-12 18:00:00,2023-03-12 19:00:00,2,14878.5,14816.0,-1.2000000000000002,Spring
L4T,94,2023-03-18 19:00:00,2023-03-18 19:00:00,1,14595.3,14595.3,-5.7,Spring
L4T,95,2023-03-19 19:00:00,2023-03-19 19:00:00,1,14883.8,14883.8,-0.4,Spring
L4T,96,2023-04-16 18:00:00,2023-04-16 18:00:00,1,14711.8,14711.8,21.6,Spring
L4T,97,2023-05-28 15:00:00,2023-05-28 20:00:00,6,15332.400000000001,15105.916666666666,25.483333333333334,Spring
L4T,98,2023-05-29 16:00:00,2023-05-29 20:00:00,5,14910.9,14768.1,22.78,Spring
L4T,99,2023-05-30 14:00:00,2023-05-30 21:00:00,8,16620.7,16188.625,24.0375,Spring
L4T,100,2023-05-31 10:00:00,2023-05-31 22:00:00,13,19715.0,18190.446153846155,28.053846153846152,Spring
L4T,101,2023-07-05 14:00:00,2023-07-05 19:00:00,6,25049.9,24610.25,30.400000000000002,Summer
L4T,102,2023-09-03 11:00:00,2023-09-03 22:00:00,12,20724.5,19586.391666666666,27.849999999999998,Fall
L4T,103,2023-09-04 09:00:00,2023-09-04 23:00:00,15,25047.399999999998,22345.42,29.28666666666667,Fall
L4T,104,2023-09-05 09:00:00,2023-09-06 00:00:00,16,25114.0,22315.18125,28.900000000000002,Fall
L4T,105,2023-09-06 08:00:00,2023-09-06 22:00:00,15,24225.0,21554.613333333335,27.90666666666667,Fall
L4T,106,2023-09-07 10:00:00,2023-09-07 20:00:00,11,20665.1,19053.254545454543,24.44545454545454,Fall
L4T,107,2023-10-02 15:00:00,2023-10-02 16:00:00,2,16396.8,16375.25,25.45,Fall
L4T,108,2023-10-02 18:00:00,2023-10-02 19:00:00,2,16344.5,16293.55,22.5,Fall
L4T,109,2023-10-03 13:00:00,2023-10-03 20:00:00,8,18738.9,17929.925,27.7375,Fall
L4T,110,2023-10-04 13:00:00,2023-10-04 19:00:00,7,17881.399999999998,17326.085714285717,24.885714285714283,Fall
L4T,111,2024-01-07 18:00:00,2024-01-07 19:00:00,2,15838.7,15818.05,-1.2999999999999998,Winter
L4T,112,2024-01-13 18:00:00,2024-01-13 19:00:00,2,15652.5,15627.7,-3.45,Winter
L4T,113,2024-01-14 17:00:00,2024-01-14 21:00:00,5,17216.2,16649.68,-9.959999999999999,Winter
L4T,114,2024-01-17 19:00:00,2024-01-17 19:00:00,1,15641.3,15641.3,-10.6,Winter
L4T,115,2024-01-20 12:00:00,2024-01-20 20:00:00,9,16907.7,16383.011111111111,-9.444444444444445,Winter
L4T,116,2024-01-21 17:00:00,2024-01-21 20:00:00,4,16688.0,16429.625,-5.25,Winter
L4T,117,2024-03-10 17:00:00,2024-03-10 20:00:00,4,15219.5,14917.175,-1.0,Spring
L4T,118,2024-03-17 19:00:00,2024-03-17 19:00:00,1,14762.0,14762.0,1.8,Spring
L4T,119,2024-03-23 19:00:00,2024-03-23 19:00:00,1,14616.3,14616.3,-1.9,Spring
L4T,120,2024-03-24 19:00:00,2024-03-24 20:00:00,2,15127.599999999999,14956.449999999999,-1.2000000000000002,Spring
L4T,121,2024-05-20 14:00:00,2024-05-20 21:00:00,8,15688.5,15287.9125,23.6375,Spring
L4T,122,2024-05-21 13:00:00,2024-05-21 22:00:00,10,17532.9,16479.670000000002,25.77,Spring
L4T,123,2024-05-22 10:00:00,2024-05-22 22:00:00,13,18877.7,17661.1,26.99230769230769,Spring
L4T,124,2024-05-23 14:00:00,2024-05-23 21:00:00,8,16571.9,15820.475,23.4375,Spring
L4T,125,2024-05-24 15:00:00,2024-05-24 20:00:00,6,15839.6,15535.966666666667,23.316666666666666,Spring
L4T,126,2024-05-26 14:00:00,2024-05-26 17:00:00,4,14762.2,14679.35,21.15,Spring
L4T,127,2024-05-26 19:00:00,2024-05-26 19:00:00,1,14569.2,14569.2,19.1,Spring
L4T,128,2024-06-19 14:00:00,2024-06-19 19:00:00,6,24923.6,24724.3,32.9,Summer
L4T,129,2024-07-31 15:00:00,2024-07-31 16:00:00,2,24158.3,24115.699999999997,30.6,Summer
L4T,130,2024-08-03 16:00:00,2024-08-03 17:00:00,2,24106.6,24005.65,29.45,Summer
L4T,131,2024-08-27 19:00:00,2024-08-27 19:00:00,1,23967.7,23967.7,27.4,Summer
L4T,132,2024-09-01 11:00:00,2024-09-01 17:00:00,7,17586.2,17158.757142857143,23.728571428571428,Fall
L4T,133,2024-09-05 16:00:00,2024-09-05 17:00:00,2,16492.0,16483.3,22.799999999999997,Fall
L4T,134,2024-09-13 15:00:00,2024-09-13 19:00:00,5,17034.3,16783.260000000002,23.14,Fall
L4T,135,2024-09-14 11:00:00,2024-09-14 20:00:00,10,18934.399999999998,17965.489999999998,23.330000000000002,Fall
L4T,136,2024-09-15 11:00:00,2024-09-15 21:00:00,11,20949.899999999998,19772.645454545454,24.91818181818182,Fall
L4T,137,2024-09-16 12:00:00,2024-09-16 20:00:00,9,18518.199999999997,17839.32222222222,25.87777777777778,Fall
L4T,138,2024-09-17 13:00:00,2024-09-17 18:00:00,6,16784.5,16457.2,23.833333333333332,Fall
L4T,139,2024-09-18 14:00:00,2024-09-18 19:00:00,6,17280.600000000002,16993.433333333334,23.416666666666668,Fall
L4T,140,2024-09-19 13:00:00,2024-09-19 20:00:00,8,18002.6,17387.899999999998,23.9625,Fall
L4T,141,2024-09-21 12:00:00,2024-09-21 19:00:00,8,18171.3,17328.75,22.8375,Fall
L4T,142,2024-09-22 13:00:00,2024-09-22 20:00:00,8,17220.5,16754.9875,21.8625,Fall
L4T,143,2024-09-29 12:00:00,2024-09-29 19:00:00,8,17286.8,16933.425,22.0,Fall
L4T,144,2024-12-15 17:00:00,2024-12-15 19:00:00,3,15727.8,15674.966666666665,1.5,Winter
L4T,145,2024-12-21 17:00:00,2024-12-21 20:00:00,4,16369.2,16196.1,-9.975,Winter
L4T,146,2024-12-22 17:00:00,2024-12-22 21:00:00,5,16996.7,16457.36,-10.540000000000001,Winter
L4T,147,2025-01-04 17:00:00,2025-01-04 19:00:00,3,16109.800000000001,15981.066666666668,-4.866666666666666,Winter
L4T,148,2025-01-05 17:00:00,2025-01-05 20:00:00,4,16239.3,16015.074999999999,-3.325,Winter
L4T,149,2025-01-12 17:00:00,2025-01-12 20:00:00,4,15973.1,15803.6,-0.125,Winter
L4T,150,2025-01-18 18:00:00,2025-01-18 19:00:00,2,15671.8,15613.15,-4.1,Winter
L4T,151,2025-01-19 16:00:00,2025-01-19 21:00:00,6,16475.7,16067.016666666668,-6.766666666666667,Winter
L4T,152,2025-01-20 18:00:00,2025-01-20 20:00:00,3,16234.099999999999,16058.566666666666,-13.433333333333332,Winter
L4T,153,2025-01-21 18:00:00,2025-01-21 20:00:00,3,16232.1,16032.4,-14.4,Winter
L4T,154,2025-01-22 17:00:00,2025-01-22 20:00:00,4,16305.9,16062.650000000001,-11.275,Winter
L4T,155,2025-01-25 13:00:00,2025-01-25 20:00:00,8,16174.199999999999,15798.775,-2.7875,Winter
L4T,156,2025-01-26 17:00:00,2025-01-26 20:00:00,4,16470.3,16231.7,-2.725,Winter
L4T,157,2025-02-01 17:00:00,2025-02-01 20:00:00,4,16317.0,16045.5,-10.825,Winter
L4T,158,2025-02-02 13:00:00,2025-02-02 20:00:00,8,16590.5,16006.2375,-4.6875,Winter
L4T,159,2025-02-08 18:00:00,2025-02-08 20:00:00,3,16180.3,15937.866666666667,-3.0,Winter
L4T,160,2025-02-09 17:00:00,2025-02-09 21:00:00,5,16714.899999999998,16407.86,-3.9200000000000004,Winter
L4T,161,2025-02-15 18:00:00,2025-02-15 19:00:00,2,15948.3,15910.05,-2.6,Winter
L4T,162,2025-02-16 13:00:00,2025-02-16 20:00:00,8,16555.3,15913.925,-7.1125,Winter
L4T,163,2025-02-17 18:00:00,2025-02-17 20:00:00,3,16395.800000000003,16142.766666666668,-10.966666666666667,Winter
L4T,164,2025-02-18 19:00:00,2025-02-18 20:00:00,2,15808.8,15800.4,-10.5,Winter
L4T,165,2025-02-22 19:00:00,2025-02-22 19:00:00,1,15620.8,15620.8,-3.4,Winter
L4T,166,2025-02-23 18:00:00,2025-02-23 20:00:00,3,16104.8,15971.4,-0.5333333333333333,Winter
L4T,167,2025-03-01 12:00:00,2025-03-01 21:00:00,10,15998.0,15235.36,-8.6,Spring
L4T,168,2025-03-02 12:00:00,2025-03-02 21:00:00,10,16707.0,15644.63,-6.11,Spring
L4T,169,2025-03-08 18:00:00,2025-03-08 20:00:00,3,15100.100000000002,14838.166666666666,-2.8000000000000003,Spring
L4T,170,2025-03-09 19:00:00,2025-03-09 19:00:00,1,14776.300000000001,14776.300000000001,5.5,Spring
L4T,171,2025-03-22 19:00:00,2025-03-22 19:00:00,1,14733.300000000001,14733.300000000001,-4.0,Spring
L4T,172,2025-03-23 18:00:00,2025-03-23 20:00:00,3,15211.5,14907.666666666666,-1.6333333333333335,Spring
L4T,173,2025-03-29 17:00:00,2025-03-29 19:00:00,3,14820.7,14717.066666666666,-0.19999999999999998,Spring
L4T,174,2025-05-16 18:00:00,2025-05-16 20:00:00,3,14922.099999999999,14891.766666666665,24.166666666666668,Spring
L4T,175,2025-06-22 11:00:00,2025-06-22 22:00:00,12,27796.600000000002,26651.216666666664,32.458333333333336,Summer
L4T,176,2025-06-23 10:00:00,2025-06-23 21:00:00,12,27578.800000000003,26425.033333333336,33.574999999999996,Summer
L4T,177,2025-06-24 10:00:00,2025-06-24 21:00:00,12,27521.6,26311.50833333333,32.775,Summer
L4T,178,2025-06-25 15:00:00,2025-06-25 19:00:00,5,24924.2,24510.96,28.68,Summer
L4T,179,2025-07-05 13:00:00,2025-07-05 16:00:00,4,24637.8,24444.125,28.9,Summer
L4T,180,2025-07-06 11:00:00,2025-07-06 21:00:00,11,27331.0,26496.00909090909,32.518181818181816,Summer
L4T,181,2025-07-12 11:00:00,2025-07-12 21:00:00,11,26816.5,25950.0,31.20909090909091,Summer
L4T,182,2025-07-13 13:00:00,2025-07-13 20:00:00,8,25971.8,25194.05,29.7,Summer
L4T,183,2025-07-14 15:00:00,2025-07-14 19:00:00,5,24325.000000000004,24100.879999999997,27.580000000000002,Summer
L4T,184,2025-07-15 14:00:00,2025-07-15 20:00:00,7,25373.699999999997,25014.14285714286,30.485714285714288,Summer
L4T,185,2025-07-16 13:00:00,2025-07-16 19:00:00,7,24907.5,24272.585714285717,30.3,Summer
L4T,186,2025-07-24 13:00:00,2025-07-24 19:00:00,7,26414.0,25645.985714285718,32.0,Summer
L4T,187,2025-07-26 13:00:00,2025-07-26 14:00:00,2,24133.9,24008.75,28.35,Summer
L4T,188,2025-07-27 12:00:00,2025-07-27 20:00:00,9,26748.6,25727.055555555555,30.32222222222222,Summer
L4T,189,2025-07-28 12:00:00,2025-07-28 21:00:00,10,26335.0,25504.09,31.360000000000003,Summer
L4T,190,2025-07-29 12:00:00,2025-07-29 20:00:00,9,25600.2,24806.966666666667,30.04444444444444,Summer
L4T,191,2025-07-30 16:00:00,2025-07-30 16:00:00,1,23930.8,23930.8,29.6,Summer
L4T,192,2025-08-09 12:00:00,2025-08-09 19:00:00,8,25618.9,25085.375,30.725,Summer
L4T,193,2025-08-10 11:00:00,2025-08-10 21:00:00,11,26648.2,25863.5,30.354545454545452,Summer
L4T,194,2025-08-11 12:00:00,2025-08-11 20:00:00,9,25698.800000000003,25283.233333333334,31.144444444444446,Summer
L4T,195,2025-08-12 12:00:00,2025-08-12 14:00:00,3,25189.6,24684.266666666666,32.666666666666664,Summer
L4T,196,2025-08-16 13:00:00,2025-08-16 17:00:00,5,24419.6,24289.9,29.7,Summer
L4T,197,2025-09-14 12:00:00,2025-09-14 20:00:00,9,17447.8,17056.144444444442,23.61111111111111,Fall
L4T,198,2025-09-18 15:00:00,2025-09-18 19:00:00,5,16905.1,16616.98,26.3,Fall
L4T,199,2025-09-27 14:00:00,2025-09-27 15:00:00,2,16373.1,16321.5,24.700000000000003,Fall
L4T,200,2025-09-28 16:00:00,2025-09-28 16:00:00,1,16410.0,16410.0,23.8,Fall
L4T,201,2025-10-04 14:00:00,2025-10-04 17:00:00,4,16757.9,16500.625,25.95,Fall
L4T,202,2025-10-05 12:00:00,2025-10-05 20:00:00,9,18066.3,17400.244444444445,25.444444444444443,Fall
L4T,203,2025-10-06 15:00:00,2025-10-06 16:00:00,2,16289.699999999999,16268.55,27.1,Fall
L4T,204,2025-10-06 18:00:00,2025-10-06 18:00:00,1,16417.5,16417.5,25.5,Fall
L4T,205,2025-12-07 17:00:00,2025-12-07 20:00:00,4,16360.9,16038.775000000001,-3.35,Winter
L4T,206,2025-12-13 17:00:00,2025-12-13 19:00:00,3,15880.9,15811.166666666666,-6.266666666666667,Winter
L4T,207,2025-12-14 17:00:00,2025-12-14 21:00:00,5,17094.3,16585.2,-10.0,Winter
L4T,208,2025-12-21 17:00:00,2025-12-21 20:00:00,4,16352.9,16089.8,-3.725,Winter
L4T,209,2025-12-28 18:00:00,2025-12-28 18:00:00,1,15629.1,15629.1,0.6,Winter
M5R,1,2021-01-24 18:00:00,2021-01-24 18:00:00,1,12497.9,12497.9,-2.6,Winter
M5R,2,2021-01-28 18:00:00,2021-01-28 19:00:00,2,12733.4,12633.150000000001,-7.2,Winter
M5R,3,2021-01-29 18:00:00,2021-01-29 18:00:00,1,12768.3,12768.3,-6.9,Winter
M5R,4,2021-01-31 18:00:00,2021-01-31 19:00:00,2,13470.900000000001,13193.050000000001,-5.35,Winter
M5R,5,2021-02-01 18:00:00,2021-02-01 19:00:00,2,12790.1,12671.150000000001,-3.8,Winter
M5R,6,2021-02-06 18:00:00,2021-02-06 19:00:00,2,12821.699999999999,12703.55,-6.2,Winter
M5R,7,2021-02-07 17:00:00,2021-02-07 19:00:00,3,13714.8,13135.066666666666,-9.799999999999999,Winter
M5R,8,2021-02-08 18:00:00,2021-02-08 19:00:00,2,13170.2,13061.900000000001,-6.95,Winter
M5R,9,2021-02-09 18:00:00,2021-02-09 18:00:00,1,12544.9,12544.9,-3.7,Winter
M5R,10,2021-02-10 18:00:00,2021-02-10 18:00:00,1,12653.300000000001,12653.300000000001,-5.4,Winter
M5R,11,2021-02-12 18:00:00,2021-02-12 19:00:00,2,12898.800000000001,12779.35,-8.5,Winter
M5R,12,2021-02-13 17:00:00,2021-02-13 20:00:00,4,13414.0,12934.625,-9.625,Winter
M5R,13,2021-02-15 18:00:00,2021-02-15 19:00:00,2,13164.5,12999.099999999999,-5.2,Winter
M5R,14,2021-02-16 18:00:00,2021-02-16 20:00:00,3,13321.6,13130.966666666667,-8.666666666666666,Winter
M5R,15,2021-02-17 18:00:00,2021-02-17 19:00:00,2,12635.8,12593.15,-4.15,Winter
M5R,16,2021-02-18 18:00:00,2021-02-18 18:00:00,1,12577.4,12577.4,-2.9,Winter
M5R,17,2021-03-01 17:00:00,2021-03-01 22:00:00,6,12170.9,11304.75,-6.633333333333333,Spring
M5R,18,2021-03-02 09:00:00,2021-03-02 12:00:00,4,10375.8,10260.5,-7.9,Spring
M5R,19,2021-03-02 17:00:00,2021-03-02 21:00:00,5,12000.5,11210.26,-1.52,Spring
M5R,20,2021-03-03 18:00:00,2021-03-03 20:00:00,3,10537.6,10295.833333333334,4.3,Spring
M5R,21,2021-03-04 17:00:00,2021-03-04 21:00:00,5,11841.0,11077.52,-6.159999999999999,Spring
M5R,22,2021-03-05 18:00:00,2021-03-05 20:00:00,3,11037.6,10851.5,-0.19999999999999998,Spring
M5R,23,2021-03-06 12:00:00,2021-03-06 12:00:00,1,10032.7,10032.7,-4.0,Spring
M5R,24,2021-03-06 17:00:00,2021-03-06 21:00:00,5,11504.7,10815.2,-2.2800000000000002,Spring
M5R,25,2021-03-07 17:00:00,2021-03-07 21:00:00,5,11710.9,11021.960000000001,-2.46,Spring
M5R,26,2021-03-08 18:00:00,2021-03-08 20:00:00,3,10777.800000000001,10476.066666666668,8.299999999999999,Spring
M5R,27,2021-03-09 19:00:00,2021-03-09 19:00:00,1,10018.6,10018.6,7.0,Spring
M5R,28,2021-03-14 17:00:00,2021-03-14 20:00:00,4,10781.5,10437.5,-2.5,Spring
M5R,29,2021-03-15 17:00:00,2021-03-15 20:00:00,4,10821.6,10443.55,-2.775,Spring
M5R,30,2021-03-16 17:00:00,2021-03-16 19:00:00,3,10648.1,10448.666666666666,1.5,Spring
M5R,31,2021-05-20 17:00:00,2021-05-20 18:00:00,2,10097.800000000001,10062.05,26.950000000000003,Spring
M5R,32,2021-05-21 17:00:00,2021-05-21 18:00:00,2,10149.4,10144.75,27.25,Spring
M5R,33,2021-05-25 17:00:00,2021-05-25 19:00:00,3,10502.3,10365.5,26.666666666666668,Spring
M5R,34,2021-06-28 16:00:00,2021-06-28 20:00:00,5,14104.9,13637.320000000002,30.619999999999997,Summer
M5R,35,2021-07-06 15:00:00,2021-07-06 19:00:00,5,13820.9,13486.86,31.54,Summer
M5R,36,2021-08-09 16:00:00,2021-08-09 18:00:00,3,13629.699999999999,13428.433333333334,27.933333333333334,Summer
M5R,37,2021-08-11 15:00:00,2021-08-11 18:00:00,4,13644.2,13405.5,28.95,Summer
M5R,38,2021-08-23 16:00:00,2021-08-23 19:00:00,4,13837.300000000001,13540.775,29.8,Summer
M5R,39,2021-08-24 16:00:00,2021-08-24 19:00:00,4,13543.5,13436.15,29.325,Summer
M5R,40,2021-08-25 17:00:00,2021-08-25 20:00:00,4,13335.3,13245.05,27.75,Summer
M5R,41,2021-08-26 12:00:00,2021-08-26 15:00:00,4,13657.3,13393.275,30.75,Summer
M5R,42,2021-08-29 16:00:00,2021-08-29 19:00:00,4,13685.0,13548.625,29.0,Summer
M5R,43,2021-11-14 17:00:00,2021-11-14 19:00:00,3,10221.0,10026.166666666666,2.4,Fall
M5R,44,2021-11-15 18:00:00,2021-11-15 19:00:00,2,10201.800000000001,10142.300000000001,3.4000000000000004,Fall
M5R,45,2021-11-16 18:00:00,2021-11-16 18:00:00,1,9816.8,9816.8,5.5,Fall
M5R,46,2021-11-21 17:00:00,2021-11-21 18:00:00,2,10136.300000000001,10004.7,6.25,Fall
M5R,47,2021-11-22 17:00:00,2021-11-22 20:00:00,4,10665.1,10337.4,0.45,Fall
M5R,48,2021-11-23 17:00:00,2021-11-23 20:00:00,4,10491.5,10092.325,1.925,Fall
M5R,49,2021-11-24 18:00:00,2021-11-24 18:00:00,1,9837.1,9837.1,7.9,Fall
M5R,50,2021-11-26 17:00:00,2021-11-26 20:00:00,4,10662.9,10286.15,-1.3250000000000002,Fall
M5R,51,2021-11-27 17:00:00,2021-11-27 19:00:00,3,10401.8,10208.333333333334,0.7333333333333334,Fall
M5R,52,2021-11-28 16:00:00,2021-11-28 21:00:00,6,11456.199999999999,10744.333333333334,-0.85,Fall
M5R,53,2021-11-29 17:00:00,2021-11-29 21:00:00,5,11212.8,10645.8,0.5599999999999999,Fall
M5R,54,2021-11-30 17:00:00,2021-11-30 20:00:00,4,10816.199999999999,10474.15,2.85,Fall
M5R,55,2022-01-10 18:00:00,2022-01-10 20:00:00,3,13344.0,12991.066666666666,-9.533333333333333,Winter
M5R,56,2022-01-11 11:00:00,2022-01-11 13:00:00,3,12797.0,12635.1,-13.9,Winter
M5R,57,2022-01-11 17:00:00,2022-01-11 20:00:00,4,13805.8,13281.275,-6.65,Winter
M5R,58,2022-01-15 17:00:00,2022-01-15 20:00:00,4,13723.9,13372.3,-13.625,Winter
M5R,59,2022-01-16 18:00:00,2022-01-16 18:00:00,1,13006.3,13006.3,-2.1,Winter
M5R,60,2022-01-17 18:00:00,2022-01-17 19:00:00,2,13092.0,12840.6,-3.25,Winter
M5R,61,2022-01-18 18:00:00,2022-01-18 18:00:00,1,12574.1,12574.1,-6.7,Winter
M5R,62,2022-01-20 17:00:00,2022-01-20 20:00:00,4,13463.9,13051.5,-12.95,Winter
M5R,63,2022-01-21 18:00:00,2022-01-21 19:00:00,2,13092.9,13013.2,-10.1,Winter
M5R,64,2022-01-22 18:00:00,2022-01-22 19:00:00,2,12806.800000000001,12648.0,-4.4,Winter
M5R,65,2022-01-23 17:00:00,2022-01-23 20:00:00,4,13588.199999999999,13094.349999999999,-11.475000000000001,Winter
M5R,66,2022-01-24 17:00:00,2022-01-24 19:00:00,3,13285.2,12932.9,-5.066666666666666,Winter
M5R,67,2022-01-25 18:00:00,2022-01-25 20:00:00,3,12961.099999999999,12804.866666666667,-9.733333333333333,Winter
M5R,68,2022-01-26 17:00:00,2022-01-26 20:00:00,4,13447.3,13004.4,-9.425,Winter
M5R,69,2022-01-27 18:00:00,2022-01-27 19:00:00,2,12718.6,12693.3,-3.45,Winter
M5R,70,2022-01-28 18:00:00,2022-01-28 20:00:00,3,13310.1,13101.066666666666,-13.5,Winter
M5R,71,2022-01-29 17:00:00,2022-01-29 20:00:00,4,13444.400000000001,12982.35,-11.425,Winter
M5R,72,2022-01-30 18:00:00,2022-01-30 19:00:00,2,13276.7,13022.0,-4.55,Winter
M5R,73,2022-02-03 18:00:00,2022-02-03 18:00:00,1,12663.3,12663.3,-7.9,Winter
M5R,74,2022-02-04 18:00:00,2022-02-04 19:00:00,2,12558.4,12547.5,-10.399999999999999,Winter
M5R,75,2022-02-13 18:00:00,2022-02-13 19:00:00,2,13034.8,12873.8,-9.55,Winter
M5R,76,2022-02-14 18:00:00,2022-02-14 20:00:00,3,13037.300000000001,12853.533333333335,-9.9,Winter
M5R,77,2022-03-01 18:00:00,2022-03-01 20:00:00,3,10731.599999999999,10573.1,3.4333333333333336,Spring
M5R,78,2022-03-02 18:00:00,2022-03-02 20:00:00,3,10907.1,10720.566666666666,0.0666666666666667,Spring
M5R,79,2022-03-03 17:00:00,2022-03-03 21:00:00,5,11497.699999999999,10991.86,-6.279999999999999,Spring
M5R,80,2022-03-04 18:00:00,2022-03-04 20:00:00,3,10670.300000000001,10524.1,-0.19999999999999998,Spring
M5R,81,2022-03-05 18:00:00,2022-03-05 19:00:00,2,10307.900000000001,10307.75,1.5499999999999998,Spring
M5R,82,2022-03-07 18:00:00,2022-03-07 20:00:00,3,10920.5,10744.233333333334,1.0333333333333334,Spring
M5R,83,2022-03-08 18:00:00,2022-03-08 20:00:00,3,10319.4,10170.233333333334,1.5333333333333332,Spring
M5R,84,2022-03-11 18:00:00,2022-03-11 19:00:00,2,10238.8,10210.75,0.05,Spring
M5R,85,2022-03-12 17:00:00,2022-03-12 21:00:00,5,11392.800000000001,10922.140000000001,-6.88,Spring
M5R,86,2022-03-13 11:00:00,2022-03-13 20:00:00,10,11447.0,10698.36,-2.5100000000000002,Spring
M5R,87,2022-03-15 18:00:00,2022-03-15 19:00:00,2,10127.300000000001,10121.3,1.45,Spring
M5R,88,2022-03-23 18:00:00,2022-03-23 18:00:00,1,10167.8,10167.8,2.0,Spring
M5R,89,2022-03-27 16:00:00,2022-03-27 20:00:00,5,11119.8,10767.5,-5.720000000000001,Spring
M5R,90,2022-03-28 16:00:00,2022-03-28 21:00:00,6,11332.4,10735.766666666665,-5.733333333333333,Spring
M5R,91,2022-03-29 19:00:00,2022-03-29 19:00:00,1,10137.3,10137.3,0.6,Spring
M5R,92,2022-03-30 17:00:00,2022-03-30 19:00:00,3,10586.400000000001,10491.966666666667,2.0,Spring
M5R,93,2022-05-15 16:00:00,2022-05-15 20:00:00,5,11096.5,10737.52,26.839999999999996,Spring
M5R,94,2022-05-30 16:00:00,2022-05-30 20:00:00,5,11002.0,10782.48,28.28,Spring
M5R,95,2022-05-31 10:00:00,2022-05-31 22:00:00,13,12713.8,11485.692307692309,28.715384615384615,Spring
M5R,96,2022-06-22 15:00:00,2022-06-22 18:00:00,4,13740.8,13584.65,31.400000000000002,Summer
M5R,97,2022-07-19 15:00:00,2022-07-19 20:00:00,6,14087.800000000001,13668.283333333333,32.36666666666667,Summer
M5R,98,2022-07-20 16:00:00,2022-07-20 20:00:00,5,13328.300000000001,13224.62,28.5,Summer
M5R,99,2022-07-21 17:00:00,2022-07-21 17:00:00,1,13171.0,13171.0,30.1,Summer
M5R,100,2022-08-06 17:00:00,2022-08-06 17:00:00,1,13110.3,13110.3,29.5,Summer
M5R,101,2022-08-07 13:00:00,2022-08-07 21:00:00,9,14325.6,13735.266666666666,29.299999999999997,Summer
M5R,102,2022-09-03 12:00:00,2022-09-03 20:00:00,9,10489.9,10147.122222222222,27.055555555555557,Fall
M5R,103,2022-09-10 13:00:00,2022-09-10 13:00:00,1,9816.400000000001,9816.400000000001,26.0,Fall
M5R,104,2022-09-10 17:00:00,2022-09-10 17:00:00,1,9850.7,9850.7,23.8,Fall
M5R,105,2022-09-11 19:00:00,2022-09-11 19:00:00,1,9816.0,9816.0,21.0,Fall
M5R,106,2022-09-21 18:00:00,2022-09-21 19:00:00,2,9983.199999999999,9912.8,25.6,Fall
M5R,107,2022-11-13 18:00:00,2022-11-13 19:00:00,2,10099.9,9977.349999999999,0.95,Fall
M5R,108,2022-11-14 18:00:00,2022-11-14 19:00:00,2,10049.900000000001,9972.600000000002,3.05,Fall
M5R,109,2022-11-15 17:00:00,2022-11-15 20:00:00,4,10532.6,10220.85,2.05,Fall
M5R,110,2022-11-16 18:00:00,2022-11-16 20:00:00,3,10334.9,10175.4,0.6333333333333333,Fall
M5R,111,2022-11-17 18:00:00,2022-11-17 19:00:00,2,10141.1,10138.650000000001,1.25,Fall
M5R,112,2022-11-18 17:00:00,2022-11-18 19:00:00,3,10301.5,10105.0,-0.06666666666666667,Fall
M5R,113,2022-11-19 17:00:00,2022-11-19 20:00:00,4,10830.5,10538.325,-0.85,Fall
M5R,114,2022-11-20 15:00:00,2022-11-20 21:00:00,7,11947.6,11059.300000000001,-3.8428571428571425,Fall
M5R,115,2022-11-21 17:00:00,2022-11-21 20:00:00,4,10823.300000000001,10480.375,4.325,Fall
M5R,116,2022-11-22 18:00:00,2022-11-22 19:00:00,2,10087.6,10084.05,3.65,Fall
M5R,117,2022-11-27 17:00:00,2022-11-27 18:00:00,2,10138.699999999999,10044.7,5.5,Fall
M5R,118,2022-11-28 18:00:00,2022-11-28 20:00:00,3,10281.5,10092.833333333334,2.033333333333333,Fall
M5R,119,2022-11-29 18:00:00,2022-11-29 18:00:00,1,9877.1,9877.1,6.3,Fall
M5R,120,2022-11-30 17:00:00,2022-11-30 20:00:00,4,10479.1,10222.2,0.775,Fall
M5R,121,2022-12-23 18:00:00,2022-12-23 18:00:00,1,12638.0,12638.0,-13.3,Winter
M5R,122,2022-12-24 17:00:00,2022-12-24 17:00:00,1,12526.6,12526.6,-9.4,Winter
M5R,123,2023-02-03 17:00:00,2023-02-03 21:00:00,5,13733.0,13294.34,-16.6,Winter
M5R,124,2023-02-04 11:00:00,2023-02-04 12:00:00,2,12665.199999999999,12662.75,-9.75,Winter
M5R,125,2023-02-04 17:00:00,2023-02-04 19:00:00,3,13108.9,12770.199999999999,-3.266666666666667,Winter
M5R,126,2023-03-01 18:00:00,2023-03-01 20:00:00,3,10459.6,10365.0,1.5333333333333332,Spring
M5R,127,2023-03-03 17:00:00,2023-03-03 20:00:00,4,10764.4,10456.3,0.525,Spring
M5R,128,2023-03-05 19:00:00,2023-03-05 19:00:00,1,10170.1,10170.1,3.6,Spring
M5R,129,2023-03-06 18:00:00,2023-03-06 20:00:00,3,10500.7,10347.033333333333,1.6666666666666667,Spring
M5R,130,2023-03-07 18:00:00,2023-03-07 20:00:00,3,10438.1,10266.066666666668,1.5333333333333332,Spring
M5R,131,2023-03-08 19:00:00,2023-03-08 20:00:00,2,10311.8,10225.8,0.35,Spring
M5R,132,2023-03-10 17:00:00,2023-03-10 20:00:00,4,10797.5,10478.525,-1.975,Spring
M5R,133,2023-03-11 18:00:00,2023-03-11 19:00:00,2,10226.5,10162.349999999999,-0.7000000000000001,Spring
M5R,134,2023-03-12 16:00:00,2023-03-12 20:00:00,5,10909.5,10512.58,-2.2204460492503132e-17,Spring
M5R,135,2023-03-13 18:00:00,2023-03-13 20:00:00,3,10400.800000000001,10273.800000000001,-0.39999999999999997,Spring
M5R,136,2023-03-14 18:00:00,2023-03-14 20:00:00,3,10677.300000000001,10560.633333333333,-1.5666666666666667,Spring
M5R,137,2023-03-18 18:00:00,2023-03-18 19:00:00,2,10162.3,10094.95,-3.9000000000000004,Spring
M5R,138,2023-03-19 17:00:00,2023-03-19 20:00:00,4,10540.4,10327.8,0.725,Spring
M5R,139,2023-03-29 19:00:00,2023-03-29 19:00:00,1,10015.7,10015.7,-1.5,Spring
M5R,140,2023-05-31 15:00:00,2023-05-31 21:00:00,7,11082.0,10646.728571428572,27.114285714285717,Spring
M5R,141,2023-07-04 17:00:00,2023-07-04 17:00:00,1,13106.800000000001,13106.800000000001,30.9,Summer
M5R,142,2023-07-05 15:00:00,2023-07-05 20:00:00,6,14166.5,13701.333333333334,29.433333333333334,Summer
M5R,143,2023-09-04 10:00:00,2023-09-04 22:00:00,13,14232.3,12482.030769230769,29.123076923076926,Fall
M5R,144,2023-09-05 08:00:00,2023-09-05 23:00:00,16,14484.0,12778.85625,27.725,Fall
M5R,145,2023-09-06 08:00:00,2023-09-06 22:00:00,15,14234.8,12688.293333333333,27.02,Fall
M5R,146,2023-09-07 11:00:00,2023-09-07 21:00:00,11,12072.900000000001,11266.336363636365,24.227272727272727,Fall
M5R,147,2023-10-03 17:00:00,2023-10-03 19:00:00,3,10272.3,10180.866666666667,24.866666666666664,Fall
M5R,148,2023-10-04 16:00:00,2023-10-04 19:00:00,4,10318.199999999999,10055.925,23.025,Fall
M5R,149,2023-11-01 18:00:00,2023-11-01 18:00:00,1,9820.6,9820.6,3.1,Fall
M5R,150,2023-11-08 17:00:00,2023-11-08 19:00:00,3,10386.300000000001,10171.199999999999,1.7333333333333334,Fall
M5R,151,2023-11-12 18:00:00,2023-11-12 19:00:00,2,10214.7,10050.6,3.2,Fall
M5R,152,2023-11-19 18:00:00,2023-11-19 19:00:00,2,10218.7,10075.0,3.3,Fall
M5R,153,2023-11-20 17:00:00,2023-11-20 20:00:00,4,10744.4,10445.025,0.30000000000000004,Fall
M5R,154,2023-11-21 17:00:00,2023-11-21 19:00:00,3,10303.5,10132.6,4.666666666666667,Fall
M5R,155,2023-11-22 18:00:00,2023-11-22 18:00:00,1,9816.0,9816.0,3.8,Fall
M5R,156,2023-11-24 17:00:00,2023-11-24 19:00:00,3,10253.3,10090.466666666667,-0.5,Fall
M5R,157,2023-11-25 17:00:00,2023-11-25 19:00:00,3,10096.3,9931.133333333333,2.733333333333333,Fall
M5R,158,2023-11-26 17:00:00,2023-11-26 19:00:00,3,10663.7,10454.933333333334,5.133333333333333,Fall
M5R,159,2023-11-27 17:00:00,2023-11-27 21:00:00,5,11205.8,10757.28,-0.6599999999999999,Fall
M5R,160,2023-11-28 17:00:00,2023-11-28 22:00:00,6,11289.300000000001,10765.95,-2.766666666666667,Fall
M5R,161,2023-11-29 16:00:00,2023-11-29 21:00:00,6,11128.199999999999,10688.283333333333,0.6833333333333335,Fall
M5R,162,2024-01-14 18:00:00,2024-01-14 20:00:00,3,13035.800000000001,12884.033333333333,-8.4,Winter
M5R,163,2024-01-15 18:00:00,2024-01-15 20:00:00,3,13322.7,13117.266666666668,-9.200000000000001,Winter
M5R,164,2024-01-16 18:00:00,2024-01-16 20:00:00,3,12972.9,12847.733333333332,-8.666666666666666,Winter
M5R,165,2024-01-17 17:00:00,2024-01-17 20:00:00,4,13519.099999999999,13184.574999999999,-9.149999999999999,Winter
M5R,166,2024-01-19 18:00:00,2024-01-19 19:00:00,2,12723.699999999999,12662.15,-10.149999999999999,Winter
M5R,167,2024-01-20 17:00:00,2024-01-20 19:00:00,3,13076.5,12806.466666666667,-7.266666666666667,Winter
M5R,168,2024-01-21 18:00:00,2024-01-21 19:00:00,2,12962.900000000001,12865.45,-3.45,Winter
M5R,169,2024-03-10 17:00:00,2024-03-10 19:00:00,3,10587.7,10482.400000000001,-0.8666666666666667,Spring
M5R,170,2024-03-19 17:00:00,2024-03-19 18:00:00,2,10170.5,10099.9,0.8500000000000001,Spring
M5R,171,2024-03-20 18:00:00,2024-03-20 20:00:00,3,10372.7,10258.433333333334,-2.3333333333333335,Spring
M5R,172,2024-03-21 18:00:00,2024-03-21 20:00:00,3,10578.9,10409.633333333333,-3.233333333333333,Spring
M5R,173,2024-03-22 16:00:00,2024-03-22 20:00:00,5,10990.300000000001,10630.34,-3.4200000000000004,Spring
M5R,174,2024-03-24 18:00:00,2024-03-24 19:00:00,2,10338.8,10257.5,-0.25,Spring
M5R,175,2024-05-21 16:00:00,2024-05-21 21:00:00,6,11163.2,10766.199999999999,26.933333333333334,Spring
M5R,176,2024-05-22 17:00:00,2024-05-22 20:00:00,4,10773.7,10577.525000000001,23.975,Spring
M5R,177,2024-06-18 16:00:00,2024-06-18 17:00:00,2,13212.3,13177.2,28.299999999999997,Summer
M5R,178,2024-06-19 15:00:00,2024-06-19 21:00:00,7,14839.2,14261.657142857144,30.24285714285714,Summer
M5R,179,2024-06-20 14:00:00,2024-06-20 17:00:00,4,13608.5,13457.65,29.4,Summer
M5R,180,2024-07-08 17:00:00,2024-07-08 18:00:00,2,13392.9,13314.2,28.45,Summer
M5R,181,2024-07-09 17:00:00,2024-07-09 18:00:00,2,13365.199999999999,13261.0,28.0,Summer
M5R,182,2024-07-29 17:00:00,2024-07-29 17:00:00,1,13216.800000000001,13216.800000000001,26.9,Summer
M5R,183,2024-07-30 15:00:00,2024-07-30 18:00:00,4,13338.800000000001,13233.325,26.85,Summer
M5R,184,2024-07-31 14:00:00,2024-07-31 20:00:00,7,13939.6,13728.871428571429,28.357142857142858,Summer
M5R,185,2024-08-01 16:00:00,2024-08-01 18:00:00,3,13746.5,13445.466666666667,28.5,Summer
M5R,186,2024-08-27 17:00:00,2024-08-27 20:00:00,4,13736.7,13611.325,30.0,Summer
M5R,187,2024-09-15 13:00:00,2024-09-15 20:00:00,8,10842.3,10411.1875,25.4375,Fall
M5R,188,2024-09-16 13:00:00,2024-09-16 20:00:00,8,11005.7,10435.3125,25.4875,Fall
M5R,189,2024-11-24 18:00:00,2024-11-24 18:00:00,1,9879.3,9879.3,5.6,Fall
M5R,190,2024-11-25 18:00:00,2024-11-25 18:00:00,1,9856.1,9856.1,6.0,Fall
M5R,191,2024-11-29 17:00:00,2024-11-29 19:00:00,3,10231.4,10024.466666666667,0.3333333333333333,Fall
M5R,192,2024-11-30 16:00:00,2024-11-30 20:00:00,5,10776.5,10368.1,-1.0,Fall
M5R,193,2025-01-06 18:00:00,2025-01-06 19:00:00,2,12798.199999999999,12712.9,-8.5,Winter
M5R,194,2025-01-08 18:00:00,2025-01-08 19:00:00,2,12932.4,12882.150000000001,-7.1,Winter
M5R,195,2025-01-19 18:00:00,2025-01-19 19:00:00,2,12782.1,12694.45,-5.75,Winter
M5R,196,2025-01-20 17:00:00,2025-01-20 21:00:00,5,13850.5,13344.84,-11.76,Winter
M5R,197,2025-01-21 17:00:00,2025-01-21 21:00:00,5,14039.3,13657.66,-12.5,Winter
M5R,198,2025-01-22 17:00:00,2025-01-22 21:00:00,5,13997.2,13574.7,-8.780000000000001,Winter
M5R,199,2025-02-02 18:00:00,2025-02-02 19:00:00,2,12973.7,12744.3,-2.95,Winter
M5R,200,2025-02-12 18:00:00,2025-02-12 19:00:00,2,12708.6,12665.05,-4.7,Winter
M5R,201,2025-02-17 18:00:00,2025-02-17 20:00:00,3,13036.300000000001,12863.566666666668,-9.433333333333334,Winter
M5R,202,2025-02-18 18:00:00,2025-02-18 20:00:00,3,12965.7,12845.0,-8.5,Winter
M5R,203,2025-02-20 19:00:00,2025-02-20 19:00:00,1,12579.7,12579.7,-8.6,Winter
M5R,204,2025-03-01 12:00:00,2025-03-01 13:00:00,2,10200.4,10146.45,-6.75,Spring
M5R,205,2025-03-01 15:00:00,2025-03-01 23:00:00,9,11731.199999999999,10851.922222222223,-8.511111111111111,Spring
M5R,206,2025-03-02 08:00:00,2025-03-02 22:00:00,15,12716.3,11272.513333333334,-7.033333333333333,Spring
M5R,207,2025-03-03 18:00:00,2025-03-03 21:00:00,4,11235.6,10853.0,1.8,Spring
M5R,208,2025-03-04 18:00:00,2025-03-04 20:00:00,3,10359.9,10263.9,6.1000000000000005,Spring
M5R,209,2025-03-06 17:00:00,2025-03-06 21:00:00,5,11117.0,10700.68,-0.6599999999999999,Spring
M5R,210,2025-03-07 19:00:00,2025-03-07 20:00:00,2,10305.3,10172.599999999999,0.75,Spring
M5R,211,2025-03-08 18:00:00,2025-03-08 20:00:00,3,10447.699999999999,10305.9,-1.0999999999999999,Spring
M5R,212,2025-03-12 18:00:00,2025-03-12 18:00:00,1,10020.6,10020.6,0.0,Spring
M5R,213,2025-03-23 17:00:00,2025-03-23 19:00:00,3,10678.199999999999,10473.933333333332,-1.2666666666666666,Spring
M5R,214,2025-03-24 18:00:00,2025-03-24 19:00:00,2,10072.9,10064.4,3.9,Spring
M5R,215,2025-03-29 17:00:00,2025-03-29 18:00:00,2,10212.6,10212.35,0.15000000000000002,Spring
M5R,216,2025-03-30 17:00:00,2025-03-30 19:00:00,3,10420.5,10290.1,3.266666666666667,Spring
M5R,217,2025-04-02 16:00:00,2025-04-02 20:00:00,5,10955.0,10648.82,1.28,Spring
M5R,218,2025-04-08 18:00:00,2025-04-08 20:00:00,3,10312.2,10161.800000000001,-1.3,Spring
M5R,219,2025-06-22 12:00:00,2025-06-22 22:00:00,11,15349.599999999999,14518.527272727271,30.936363636363637,Summer
M5R,220,2025-06-23 11:00:00,2025-06-23 22:00:00,12,16434.3,15280.091666666667,31.833333333333332,Summer
M5R,221,2025-06-24 08:00:00,2025-06-24 22:00:00,15,16999.0,15651.933333333332,32.46,Summer
M5R,222,2025-06-25 14:00:00,2025-06-25 21:00:00,8,14684.6,14047.9125,27.2875,Summer
M5R,223,2025-07-06 12:00:00,2025-07-06 21:00:00,10,14775.6,14113.39,30.49,Summer
M5R,224,2025-07-07 12:00:00,2025-07-07 18:00:00,7,13615.7,13365.742857142857,27.62857142857143,Summer
M5R,225,2025-07-12 12:00:00,2025-07-12 19:00:00,8,14421.6,13827.65,30.3,Summer
M5R,226,2025-07-13 14:00:00,2025-07-13 20:00:00,7,14342.300000000001,13952.542857142858,28.900000000000002,Summer
M5R,227,2025-07-14 16:00:00,2025-07-14 20:00:00,5,13742.9,13449.8,27.119999999999997,Summer
M5R,228,2025-07-15 15:00:00,2025-07-15 21:00:00,7,14354.099999999999,13878.5,29.771428571428572,Summer
M5R,229,2025-07-16 13:00:00,2025-07-16 21:00:00,9,14390.6,14069.5,29.799999999999997,Summer
M5R,230,2025-07-24 15:00:00,2025-07-24 19:00:00,5,14516.4,14041.86,31.080000000000002,Summer
M5R,231,2025-07-25 17:00:00,2025-07-25 17:00:00,1,13135.0,13135.0,29.6,Summer
M5R,232,2025-07-27 12:00:00,2025-07-27 20:00:00,9,15268.699999999999,14358.011111111111,31.28888888888889,Summer
M5R,233,2025-07-28 12:00:00,2025-07-28 21:00:00,10,14895.2,14256.710000000001,29.93,Summer
M5R,234,2025-07-29 12:00:00,2025-07-29 21:00:00,10,14820.8,13987.48,29.48,Summer
M5R,235,2025-07-30 17:00:00,2025-07-30 17:00:00,1,13250.8,13250.8,29.0,Summer
M5R,236,2025-08-09 15:00:00,2025-08-09 18:00:00,4,13617.3,13406.25,30.55,Summer
M5R,237,2025-08-10 12:00:00,2025-08-10 21:00:00,10,14851.400000000001,14115.7,29.99,Summer
M5R,238,2025-08-11 11:00:00,2025-08-11 21:00:00,11,15373.5,14462.181818181818,29.963636363636365,Summer
M5R,239,2025-08-12 11:00:00,2025-08-12 14:00:00,4,14037.8,13823.575,30.025,Summer
M5R,240,2025-08-12 17:00:00,2025-08-12 20:00:00,4,13768.1,13584.35,25.225,Summer
M5R,241,2025-08-13 16:00:00,2025-08-13 17:00:00,2,13309.9,13305.5,27.9,Summer
M5R,242,2025-11-09 15:00:00,2025-11-09 21:00:00,7,11271.400000000001,10545.528571428573,-1.4000000000000001,Fall
M5R,243,2025-11-10 17:00:00,2025-11-10 21:00:00,5,11344.699999999999,10862.16,-2.9,Fall
M5R,244,2025-11-11 17:00:00,2025-11-11 21:00:00,5,10645.8,10295.06,2.3600000000000003,Fall
M5R,245,2025-11-16 17:00:00,2025-11-16 20:00:00,4,10688.6,10403.95,1.975,Fall
M5R,246,2025-11-17 17:00:00,2025-11-17 20:00:00,4,10393.5,10108.325,2.775,Fall
M5R,247,2025-11-18 18:00:00,2025-11-18 19:00:00,2,9906.9,9894.0,3.7,Fall
M5R,248,2025-11-23 18:00:00,2025-11-23 18:00:00,1,10036.599999999999,10036.599999999999,7.1,Fall
M5R,249,2025-11-27 17:00:00,2025-11-27 20:00:00,4,10279.8,10044.425,1.3,Fall
M5R,250,2025-11-28 17:00:00,2025-11-28 19:00:00,3,10390.6,10140.866666666667,0.8666666666666667,Fall
M5R,251,2025-11-29 16:00:00,2025-11-29 19:00:00,4,10498.5,10242.650000000001,0.95,Fall
M5R,252,2025-11-30 12:00:00,2025-11-30 12:00:00,1,9878.7,9878.7,2.7,Fall
M5R,253,2025-11-30 15:00:00,2025-11-30 21:00:00,7,11352.6,10664.042857142858,2.3000000000000003,Fall
M5R,254,2025-12-01 17:00:00,2025-12-01 20:00:00,4,13180.1,12893.925,-2.25,Winter
M5R,255,2025-12-02 18:00:00,2025-12-02 19:00:00,2,12686.8,12641.8,-1.15,Winter
M5R,256,2025-12-03 17:00:00,2025-12-03 20:00:00,4,12841.8,12667.75,-0.02500000000000001,Winter
M5R,257,2025-12-04 16:00:00,2025-12-04 21:00:00,6,13879.5,13397.233333333332,-8.15,Winter
M5R,258,2025-12-05 17:00:00,2025-12-05 19:00:00,3,13130.1,12977.800000000001,-0.39999999999999997,Winter
M5R,259,2025-12-06 17:00:00,2025-12-06 18:00:00,2,12572.5,12559.9,1.4,Winter
M5R,260,2025-12-07 17:00:00,2025-12-07 21:00:00,5,13532.7,13109.6,-2.78,Winter
M5R,261,2025-12-08 16:00:00,2025-12-08 21:00:00,6,14104.3,13412.216666666667,-4.45,Winter
M5R,262,2025-12-09 13:00:00,2025-12-09 20:00:00,8,13766.099999999999,13057.5375,-0.95,Winter
M5R,263,2025-12-10 17:00:00,2025-12-10 20:00:00,4,13206.4,13041.8,-0.65,Winter
M5R,264,2025-12-11 16:00:00,2025-12-11 21:00:00,6,13851.1,13370.366666666667,-6.3500000000000005,Winter
M5R,265,2025-12-12 16:00:00,2025-12-12 20:00:00,5,13335.4,12976.76,-0.9400000000000001,Winter
M5R,266,2025-12-13 16:00:00,2025-12-13 20:00:00,5,13722.4,13236.3,-4.78,Winter
M5R,267,2025-12-14 11:00:00,2025-12-14 22:00:00,12,14814.8,13450.875,-7.9750000000000005,Winter
M5R,268,2025-12-15 09:00:00,2025-12-15 22:00:00,14,14672.6,13518.807142857142,-4.492857142857143,Winter
M5R,269,2025-12-16 11:00:00,2025-12-16 14:00:00,4,12636.699999999999,12575.925,-3.175,Winter
M5R,270,2025-12-16 16:00:00,2025-12-16 20:00:00,5,13750.3,13267.86,-0.26,Winter
M5R,271,2025-12-19 17:00:00,2025-12-19 19:00:00,3,13120.2,12936.666666666666,-2.966666666666667,Winter
M5R,272,2025-12-21 17:00:00,2025-12-21 19:00:00,3,12985.2,12832.933333333334,-2.3666666666666667,Winter
M5R,273,2025-12-27 17:00:00,2025-12-27 18:00:00,2,12590.699999999999,12587.349999999999,-5.25,Winter
M5R,274,2025-12-29 17:00:00,2025-12-29 20:00:00,4,12998.8,12841.175,-5.6000000000000005,Winter
M5R,275,2025-12-30 16:00:00,2025-12-30 20:00:00,5,13308.599999999999,13014.92,-4.18,Winter
M5R,276,2025-12-31 16:00:00,2025-12-31 20:00:00,5,13518.7,13080.16,-4.46,Winter
M5S,1,2021-01-28 18:00:00,2021-01-28 19:00:00,2,6661.700000000001,6631.0,-7.2,Winter
M5S,2,2021-01-29 18:00:00,2021-01-29 19:00:00,2,6696.0,6692.549999999999,-6.75,Winter
M5S,3,2021-01-31 18:00:00,2021-01-31 19:00:00,2,7012.099999999999,6958.0,-5.35,Winter
M5S,4,2021-02-01 18:00:00,2021-02-01 19:00:00,2,6606.200000000001,6601.550000000001,-3.8,Winter
M5S,5,2021-02-06 18:00:00,2021-02-06 19:00:00,2,6878.8,6809.799999999999,-6.2,Winter
M5S,6,2021-02-07 18:00:00,2021-02-07 20:00:00,3,7136.3,6953.233333333334,-10.433333333333334,Winter
M5S,7,2021-02-08 18:00:00,2021-02-08 19:00:00,2,6808.4,6775.0,-6.95,Winter
M5S,8,2021-02-10 18:00:00,2021-02-10 19:00:00,2,6632.1,6615.700000000001,-5.6,Winter
M5S,9,2021-02-11 19:00:00,2021-02-11 19:00:00,1,6589.0,6589.0,-6.7,Winter
M5S,10,2021-02-12 18:00:00,2021-02-12 19:00:00,2,6688.6,6674.5,-8.5,Winter
M5S,11,2021-02-13 17:00:00,2021-02-13 20:00:00,4,7039.799999999999,6847.475,-9.625,Winter
M5S,12,2021-02-15 18:00:00,2021-02-15 19:00:00,2,6727.2,6686.4,-5.2,Winter
M5S,13,2021-02-16 18:00:00,2021-02-16 20:00:00,3,6934.0,6821.099999999999,-8.666666666666666,Winter
M5S,14,2021-02-17 19:00:00,2021-02-17 19:00:00,1,6663.8,6663.8,-4.4,Winter
M5S,15,2021-03-01 17:00:00,2021-03-01 22:00:00,6,6403.0,5977.7,-6.633333333333333,Spring
M5S,16,2021-03-02 10:00:00,2021-03-02 10:00:00,1,5429.5,5429.5,-9.3,Spring
M5S,17,2021-03-02 12:00:00,2021-03-02 12:00:00,1,5402.3,5402.3,-5.7,Spring
M5S,18,2021-03-02 17:00:00,2021-03-02 21:00:00,5,6359.3,5954.14,-1.52,Spring
M5S,19,2021-03-03 19:00:00,2021-03-03 20:00:00,2,5612.900000000001,5526.950000000001,3.4499999999999997,Spring
M5S,20,2021-03-04 18:00:00,2021-03-04 21:00:00,4,6155.299999999999,5975.4,-6.3,Spring
M5S,21,2021-03-05 18:00:00,2021-03-05 21:00:00,4,5905.3,5674.85,-0.25,Spring
M5S,22,2021-03-06 12:00:00,2021-03-06 13:00:00,2,5532.599999999999,5502.549999999999,-3.3,Spring
M5S,23,2021-03-06 17:00:00,2021-03-06 21:00:00,5,6116.0,5810.32,-2.2800000000000002,Spring
M5S,24,2021-03-07 17:00:00,2021-03-07 21:00:00,5,6274.2,5894.62,-2.46,Spring
M5S,25,2021-03-08 18:00:00,2021-03-08 19:00:00,2,5686.3,5643.950000000001,8.100000000000001,Spring
M5S,26,2021-03-14 18:00:00,2021-03-14 20:00:00,3,5739.7,5618.7,-2.766666666666667,Spring
M5S,27,2021-03-15 18:00:00,2021-03-15 20:00:00,3,5787.2,5675.366666666666,-2.6999999999999997,Spring
M5S,28,2021-03-16 17:00:00,2021-03-16 19:00:00,3,5665.6,5574.333333333333,1.5,Spring
M5S,29,2021-06-28 16:00:00,2021-06-28 20:00:00,5,6772.9,6603.08,30.619999999999997,Summer
M5S,30,2021-07-06 16:00:00,2021-07-06 20:00:00,5,6706.7,6552.18,30.660000000000004,Summer
M5S,31,2021-08-09 16:00:00,2021-08-09 19:00:00,4,6663.9,6562.05,27.6,Summer
M5S,32,2021-08-11 16:00:00,2021-08-11 19:00:00,4,6626.9,6528.325,27.9,Summer
M5S,33,2021-08-12 17:00:00,2021-08-12 17:00:00,1,6384.0,6384.0,28.3,Summer
M5S,34,2021-08-19 17:00:00,2021-08-19 17:00:00,1,6388.6,6388.6,28.6,Summer
M5S,35,2021-08-23 16:00:00,2021-08-23 20:00:00,5,6862.599999999999,6653.76,29.18,Summer
M5S,36,2021-08-24 15:00:00,2021-08-24 21:00:00,7,6741.6,6594.342857142858,28.599999999999998,Summer
M5S,37,2021-08-25 17:00:00,2021-08-25 20:00:00,4,6721.0,6626.25,27.75,Summer
M5S,38,2021-08-26 11:00:00,2021-08-26 15:00:00,5,6604.599999999999,6492.0,30.360000000000003,Summer
M5S,39,2021-08-29 12:00:00,2021-08-29 12:00:00,1,6423.700000000001,6423.700000000001,29.8,Summer
M5S,40,2021-08-29 15:00:00,2021-08-29 20:00:00,6,6853.9,6739.033333333333,28.78333333333333,Summer
M5S,41,2021-09-14 19:00:00,2021-09-14 19:00:00,1,5354.099999999999,5354.099999999999,25.0,Fall
M5S,42,2021-09-21 18:00:00,2021-09-21 18:00:00,1,5311.0,5311.0,21.8,Fall
M5S,43,2021-11-14 17:00:00,2021-11-14 19:00:00,3,5515.400000000001,5404.933333333333,2.4,Fall
M5S,44,2021-11-15 18:00:00,2021-11-15 19:00:00,2,5441.1,5402.6,3.4000000000000004,Fall
M5S,45,2021-11-16 18:00:00,2021-11-16 18:00:00,1,5299.099999999999,5299.099999999999,5.5,Fall
M5S,46,2021-11-21 17:00:00,2021-11-21 18:00:00,2,5495.400000000001,5410.65,6.25,Fall
M5S,47,2021-11-22 18:00:00,2021-11-22 21:00:00,4,5720.2,5592.275,0.15,Fall
M5S,48,2021-11-23 18:00:00,2021-11-23 20:00:00,3,5589.5,5558.033333333333,1.8333333333333333,Fall
M5S,49,2021-11-26 17:00:00,2021-11-26 20:00:00,4,5595.299999999999,5502.599999999999,-1.3250000000000002,Fall
M5S,50,2021-11-27 17:00:00,2021-11-27 20:00:00,4,5594.3,5454.525,0.6,Fall
M5S,51,2021-11-28 13:00:00,2021-11-28 14:00:00,2,5392.8,5368.2,-0.30000000000000004,Fall
M5S,52,2021-11-28 16:00:00,2021-11-28 21:00:00,6,6111.4,5848.150000000001,-0.85,Fall
M5S,53,2021-11-29 17:00:00,2021-11-29 21:00:00,5,5904.0,5711.8,0.5599999999999999,Fall
M5S,54,2021-11-30 17:00:00,2021-11-30 21:00:00,5,5742.7,5559.4400000000005,2.8600000000000003,Fall
M5S,55,2022-01-10 18:00:00,2022-01-10 21:00:00,4,7009.5,6847.9,-9.850000000000001,Winter
M5S,56,2022-01-11 11:00:00,2022-01-11 13:00:00,3,6768.099999999999,6665.3,-13.9,Winter
M5S,57,2022-01-11 16:00:00,2022-01-11 21:00:00,6,7280.8,6939.933333333333,-6.666666666666667,Winter
M5S,58,2022-01-14 19:00:00,2022-01-14 19:00:00,1,6704.7,6704.7,-12.5,Winter
M5S,59,2022-01-15 12:00:00,2022-01-15 13:00:00,2,6592.900000000001,6588.85,-15.4,Winter
M5S,60,2022-01-15 17:00:00,2022-01-15 21:00:00,5,7438.5,7146.6,-13.88,Winter
M5S,61,2022-01-16 18:00:00,2022-01-16 19:00:00,2,6879.8,6812.549999999999,-1.6,Winter
M5S,62,2022-01-17 18:00:00,2022-01-17 19:00:00,2,6898.0,6842.85,-3.25,Winter
M5S,63,2022-01-18 18:00:00,2022-01-18 19:00:00,2,6603.099999999999,6599.799999999999,-6.0,Winter
M5S,64,2022-01-20 18:00:00,2022-01-20 21:00:00,4,7184.4,6973.475,-13.375,Winter
M5S,65,2022-01-21 18:00:00,2022-01-21 20:00:00,3,6948.9,6863.399999999999,-10.133333333333333,Winter
M5S,66,2022-01-22 17:00:00,2022-01-22 19:00:00,3,6877.2,6763.166666666667,-4.366666666666667,Winter
M5S,67,2022-01-23 17:00:00,2022-01-23 21:00:00,5,7175.8,6934.08,-11.680000000000001,Winter
M5S,68,2022-01-24 18:00:00,2022-01-24 20:00:00,3,6868.7,6772.466666666667,-4.833333333333333,Winter
M5S,69,2022-01-25 18:00:00,2022-01-25 20:00:00,3,6977.7,6866.8,-9.733333333333333,Winter
M5S,70,2022-01-26 18:00:00,2022-01-26 21:00:00,4,7051.3,6891.349999999999,-9.5,Winter
M5S,71,2022-01-27 18:00:00,2022-01-27 20:00:00,3,6759.3,6702.766666666667,-3.5666666666666664,Winter
M5S,72,2022-01-28 18:00:00,2022-01-28 21:00:00,4,7146.3,6968.625,-13.675,Winter
M5S,73,2022-01-29 17:00:00,2022-01-29 21:00:00,5,7124.599999999999,6885.06,-11.66,Winter
M5S,74,2022-01-30 17:00:00,2022-01-30 20:00:00,4,6968.9,6811.475,-4.55,Winter
M5S,75,2022-02-04 19:00:00,2022-02-04 19:00:00,1,6644.5,6644.5,-10.6,Winter
M5S,76,2022-02-05 18:00:00,2022-02-05 19:00:00,2,6670.8,6635.1,-8.15,Winter
M5S,77,2022-02-13 17:00:00,2022-02-13 20:00:00,4,7016.1,6797.975,-9.55,Winter
M5S,78,2022-02-14 18:00:00,2022-02-14 20:00:00,3,6954.2,6828.466666666667,-9.9,Winter
M5S,79,2022-03-01 18:00:00,2022-03-01 21:00:00,4,5903.0,5738.9,3.1,Spring
M5S,80,2022-03-02 18:00:00,2022-03-02 21:00:00,4,5881.8,5764.75,-0.07499999999999998,Spring
M5S,81,2022-03-03 18:00:00,2022-03-03 22:00:00,5,6195.1,5997.5,-6.68,Spring
M5S,82,2022-03-04 18:00:00,2022-03-04 21:00:00,4,5847.8,5669.925,-0.44999999999999996,Spring
M5S,83,2022-03-05 17:00:00,2022-03-05 20:00:00,4,5664.7,5530.075,1.625,Spring
M5S,84,2022-03-06 19:00:00,2022-03-06 19:00:00,1,5494.9,5494.9,5.8,Spring
M5S,85,2022-03-07 18:00:00,2022-03-07 21:00:00,4,5797.2,5715.125,0.925,Spring
M5S,86,2022-03-08 18:00:00,2022-03-08 21:00:00,4,5638.2,5523.975,1.4,Spring
M5S,87,2022-03-09 19:00:00,2022-03-09 19:00:00,1,5424.2,5424.2,2.9,Spring
M5S,88,2022-03-11 18:00:00,2022-03-11 20:00:00,3,5491.1,5432.1,0.03333333333333333,Spring
M5S,89,2022-03-12 17:00:00,2022-03-12 22:00:00,6,6198.6,5913.433333333333,-7.016666666666667,Spring
M5S,90,2022-03-13 11:00:00,2022-03-13 21:00:00,11,6393.9,5958.845454545455,-2.3000000000000003,Spring
M5S,91,2022-03-14 18:00:00,2022-03-14 19:00:00,2,5444.900000000001,5440.150000000001,5.5,Spring
M5S,92,2022-03-15 17:00:00,2022-03-15 20:00:00,4,5609.7,5501.625,1.5,Spring
M5S,93,2022-03-16 18:00:00,2022-03-16 18:00:00,1,5397.700000000001,5397.700000000001,1.9,Spring
M5S,94,2022-03-23 17:00:00,2022-03-23 19:00:00,3,5638.099999999999,5560.966666666667,2.0,Spring
M5S,95,2022-03-27 16:00:00,2022-03-27 21:00:00,6,6145.900000000001,5833.966666666667,-5.95,Spring
M5S,96,2022-03-28 11:00:00,2022-03-28 11:00:00,1,5414.9,5414.9,-7.3,Spring
M5S,97,2022-03-28 16:00:00,2022-03-28 21:00:00,6,6200.400000000001,5878.283333333333,-5.733333333333333,Spring
M5S,98,2022-03-29 19:00:00,2022-03-29 20:00:00,2,5583.5,5538.65,0.55,Spring
M5S,99,2022-03-30 17:00:00,2022-03-30 20:00:00,4,5747.5,5660.1,2.15,Spring
M5S,100,2022-05-15 17:00:00,2022-05-15 20:00:00,4,5601.599999999999,5548.5,26.75,Spring
M5S,101,2022-05-30 17:00:00,2022-05-30 20:00:00,4,5568.5,5513.025,28.1,Spring
M5S,102,2022-05-31 14:00:00,2022-05-31 21:00:00,8,6167.400000000001,5867.15,28.775,Spring
M5S,103,2022-06-22 15:00:00,2022-06-22 19:00:00,5,6707.3,6557.94,30.640000000000004,Summer
M5S,104,2022-07-19 15:00:00,2022-07-19 21:00:00,7,6969.299999999999,6713.328571428572,31.87142857142857,Summer
M5S,105,2022-07-20 17:00:00,2022-07-20 20:00:00,4,6528.400000000001,6499.075,28.425,Summer
M5S,106,2022-07-21 17:00:00,2022-07-21 18:00:00,2,6468.6,6468.35,30.05,Summer
M5S,107,2022-07-23 17:00:00,2022-07-23 17:00:00,1,6431.7,6431.7,28.9,Summer
M5S,108,2022-08-06 15:00:00,2022-08-06 18:00:00,4,6571.8,6479.625,29.35,Summer
M5S,109,2022-08-07 12:00:00,2022-08-07 21:00:00,10,7083.3,6836.7,29.380000000000003,Summer
M5S,110,2022-08-08 17:00:00,2022-08-08 20:00:00,4,6519.2,6432.35,25.8,Summer
M5S,111,2022-08-29 17:00:00,2022-08-29 20:00:00,4,6513.599999999999,6481.55,26.95,Summer
M5S,112,2022-09-03 12:00:00,2022-09-03 20:00:00,9,5596.6,5492.222222222223,27.055555555555557,Fall
M5S,113,2022-09-10 12:00:00,2022-09-10 12:00:00,1,5334.299999999999,5334.299999999999,26.3,Fall
M5S,114,2022-09-10 15:00:00,2022-09-10 18:00:00,4,5410.0,5339.025,23.975,Fall
M5S,115,2022-09-18 18:00:00,2022-09-18 18:00:00,1,5362.5,5362.5,22.8,Fall
M5S,116,2022-09-21 18:00:00,2022-09-21 20:00:00,3,5411.8,5353.966666666666,25.3,Fall
M5S,117,2022-11-13 18:00:00,2022-11-13 20:00:00,3,5485.900000000001,5430.200000000001,0.8333333333333334,Fall
M5S,118,2022-11-14 18:00:00,2022-11-14 20:00:00,3,5510.2,5432.566666666667,3.0,Fall
M5S,119,2022-11-15 17:00:00,2022-11-15 21:00:00,5,5648.2,5492.9,1.94,Fall
M5S,120,2022-11-16 18:00:00,2022-11-16 20:00:00,3,5510.0,5480.233333333334,0.6333333333333333,Fall
M5S,121,2022-11-17 18:00:00,2022-11-17 21:00:00,4,5507.0,5453.425,1.25,Fall
M5S,122,2022-11-18 17:00:00,2022-11-18 20:00:00,4,5609.2,5500.35,-0.15000000000000002,Fall
M5S,123,2022-11-19 16:00:00,2022-11-19 21:00:00,6,5835.3,5578.083333333333,-0.9500000000000001,Fall
M5S,124,2022-11-20 12:00:00,2022-11-20 12:00:00,1,5353.7,5353.7,-3.2,Fall
M5S,125,2022-11-20 15:00:00,2022-11-20 22:00:00,8,6564.900000000001,6071.7875,-3.875,Fall
M5S,126,2022-11-21 17:00:00,2022-11-21 21:00:00,5,5740.1,5590.92,4.3,Fall
M5S,127,2022-11-22 18:00:00,2022-11-22 20:00:00,3,5490.599999999999,5430.433333333333,3.733333333333333,Fall
M5S,128,2022-11-27 17:00:00,2022-11-27 19:00:00,3,5482.3,5430.733333333334,5.3999999999999995,Fall
M5S,129,2022-11-28 18:00:00,2022-11-28 20:00:00,3,5602.3,5542.266666666666,2.033333333333333,Fall
M5S,130,2022-11-29 18:00:00,2022-11-29 19:00:00,2,5331.6,5317.85,6.5,Fall
M5S,131,2022-11-30 17:00:00,2022-11-30 21:00:00,5,5649.2,5537.16,0.6799999999999999,Fall
M5S,132,2023-02-03 17:00:00,2023-02-03 22:00:00,6,7239.7,6989.2,-17.2,Winter
M5S,133,2023-02-04 11:00:00,2023-02-04 13:00:00,3,6757.5,6701.033333333333,-8.799999999999999,Winter
M5S,134,2023-02-04 17:00:00,2023-02-04 19:00:00,3,6907.1,6754.166666666667,-3.266666666666667,Winter
M5S,135,2023-03-01 18:00:00,2023-03-01 21:00:00,4,5610.4,5510.825,1.575,Spring
M5S,136,2023-03-03 18:00:00,2023-03-03 21:00:00,4,5769.0,5648.0,0.35,Spring
M5S,137,2023-03-05 19:00:00,2023-03-05 20:00:00,2,5485.900000000001,5458.550000000001,3.1500000000000004,Spring
M5S,138,2023-03-06 18:00:00,2023-03-06 20:00:00,3,5615.7,5532.166666666667,1.6666666666666667,Spring
M5S,139,2023-03-07 19:00:00,2023-03-07 21:00:00,3,5604.099999999999,5537.3,1.5333333333333332,Spring
M5S,140,2023-03-08 19:00:00,2023-03-08 20:00:00,2,5490.3,5482.15,0.35,Spring
M5S,141,2023-03-10 18:00:00,2023-03-10 21:00:00,4,5695.599999999999,5593.275,-2.0,Spring
M5S,142,2023-03-11 18:00:00,2023-03-11 20:00:00,3,5526.5,5489.666666666667,-0.9666666666666668,Spring
M5S,143,2023-03-12 16:00:00,2023-03-12 21:00:00,6,5915.5,5664.966666666667,-0.033333333333333354,Spring
M5S,144,2023-03-13 17:00:00,2023-03-13 21:00:00,5,5710.7,5564.34,-0.44000000000000006,Spring
M5S,145,2023-03-14 18:00:00,2023-03-14 21:00:00,4,5858.5,5725.95,-1.55,Spring
M5S,146,2023-03-18 17:00:00,2023-03-18 20:00:00,4,5675.2,5598.125,-3.875,Spring
M5S,147,2023-03-19 17:00:00,2023-03-19 21:00:00,5,5885.0,5682.64,0.62,Spring
M5S,148,2023-03-29 19:00:00,2023-03-29 20:00:00,2,5538.5,5489.299999999999,-1.75,Spring
M5S,149,2023-05-31 17:00:00,2023-05-31 17:00:00,1,5392.5,5392.5,28.4,Spring
M5S,150,2023-05-31 19:00:00,2023-05-31 20:00:00,2,5406.900000000001,5399.950000000001,25.85,Spring
M5S,151,2023-07-04 17:00:00,2023-07-04 18:00:00,2,6418.099999999999,6392.049999999999,30.1,Summer
M5S,152,2023-07-05 16:00:00,2023-07-05 20:00:00,5,6842.299999999999,6694.2,29.2,Summer
M5S,153,2023-09-04 10:00:00,2023-09-04 22:00:00,13,7056.9,6289.0,29.123076923076926,Fall
M5S,154,2023-09-05 09:00:00,2023-09-05 23:00:00,15,7130.2,6317.6466666666665,27.913333333333334,Fall
M5S,155,2023-09-06 09:00:00,2023-09-06 22:00:00,14,6975.1,6334.807142857143,27.178571428571427,Fall
M5S,156,2023-09-07 12:00:00,2023-09-07 13:00:00,2,5427.1,5373.05,26.25,Fall
M5S,157,2023-09-07 15:00:00,2023-09-07 21:00:00,7,6169.5,5878.228571428571,23.771428571428572,Fall
M5S,158,2023-10-03 18:00:00,2023-10-03 19:00:00,2,5380.5,5372.15,23.950000000000003,Fall
M5S,159,2023-10-04 18:00:00,2023-10-04 18:00:00,1,5306.5,5306.5,22.5,Fall
M5S,160,2023-11-12 18:00:00,2023-11-12 18:00:00,1,5367.299999999999,5367.299999999999,3.1,Fall
M5S,161,2023-11-19 18:00:00,2023-11-19 19:00:00,2,5365.900000000001,5340.4,3.3,Fall
M5S,162,2023-11-20 17:00:00,2023-11-20 21:00:00,5,5707.299999999999,5514.219999999999,0.48,Fall
M5S,163,2023-11-21 18:00:00,2023-11-21 19:00:00,2,5417.6,5408.8,4.95,Fall
M5S,164,2023-11-24 18:00:00,2023-11-24 19:00:00,2,5396.6,5358.3,-0.65,Fall
M5S,165,2023-11-25 18:00:00,2023-11-25 18:00:00,1,5378.2,5378.2,2.8,Fall
M5S,166,2023-11-26 17:00:00,2023-11-26 19:00:00,3,5557.299999999999,5493.966666666667,5.133333333333333,Fall
M5S,167,2023-11-27 17:00:00,2023-11-27 22:00:00,6,5862.6,5655.916666666667,-0.7999999999999999,Fall
M5S,168,2023-11-28 17:00:00,2023-11-28 22:00:00,6,5953.599999999999,5763.400000000001,-2.766666666666667,Fall
M5S,169,2023-11-29 16:00:00,2023-11-29 22:00:00,7,5896.0,5650.0142857142855,0.7000000000000001,Fall
M5S,170,2024-01-14 18:00:00,2024-01-14 20:00:00,3,6779.2,6739.0,-8.4,Winter
M5S,171,2024-01-15 19:00:00,2024-01-15 20:00:00,2,6639.599999999999,6622.699999999999,-9.3,Winter
M5S,172,2024-01-16 18:00:00,2024-01-16 21:00:00,4,6764.9,6689.4,-8.95,Winter
M5S,173,2024-01-17 18:00:00,2024-01-17 21:00:00,4,7041.9,6872.45,-8.975,Winter
M5S,174,2024-01-20 18:00:00,2024-01-20 19:00:00,2,6791.9,6746.25,-7.3,Winter
M5S,175,2024-01-21 18:00:00,2024-01-21 20:00:00,3,6747.2,6689.466666666667,-3.8000000000000003,Winter
M5S,176,2024-03-10 17:00:00,2024-03-10 19:00:00,3,5610.700000000001,5543.566666666667,-0.8666666666666667,Spring
M5S,177,2024-03-18 19:00:00,2024-03-18 19:00:00,1,5435.599999999999,5435.599999999999,0.4,Spring
M5S,178,2024-03-19 18:00:00,2024-03-19 19:00:00,2,5513.6,5474.5,1.05,Spring
M5S,179,2024-03-20 18:00:00,2024-03-20 20:00:00,3,5559.1,5500.533333333334,-2.3333333333333335,Spring
M5S,180,2024-03-21 18:00:00,2024-03-21 21:00:00,4,5728.099999999999,5599.675,-3.425,Spring
M5S,181,2024-03-22 17:00:00,2024-03-22 20:00:00,4,5693.1,5605.325000000001,-3.325,Spring
M5S,182,2024-03-24 18:00:00,2024-03-24 20:00:00,3,5581.9,5493.033333333333,-0.19999999999999998,Spring
M5S,183,2024-05-21 17:00:00,2024-05-21 20:00:00,4,5512.5,5461.025,26.975,Spring
M5S,184,2024-06-19 16:00:00,2024-06-19 21:00:00,6,6989.2,6789.266666666666,29.816666666666666,Summer
M5S,185,2024-06-20 16:00:00,2024-06-20 17:00:00,2,6386.3,6385.85,28.85,Summer
M5S,186,2024-07-08 17:00:00,2024-07-08 19:00:00,3,6471.5,6403.900000000001,28.066666666666666,Summer
M5S,187,2024-07-09 17:00:00,2024-07-09 18:00:00,2,6439.099999999999,6435.4,28.0,Summer
M5S,188,2024-07-29 17:00:00,2024-07-29 17:00:00,1,6437.2,6437.2,26.9,Summer
M5S,189,2024-07-30 17:00:00,2024-07-30 20:00:00,4,6481.1,6435.125,25.5,Summer
M5S,190,2024-07-31 15:00:00,2024-07-31 21:00:00,7,6614.0,6536.400000000001,27.47142857142857,Summer
M5S,191,2024-08-01 16:00:00,2024-08-01 18:00:00,3,6486.1,6422.233333333334,28.5,Summer
M5S,192,2024-08-27 17:00:00,2024-08-27 20:00:00,4,6653.2,6622.224999999999,30.0,Summer
M5S,193,2024-09-15 14:00:00,2024-09-15 20:00:00,7,5874.5,5668.885714285715,25.24285714285714,Fall
M5S,194,2024-09-16 16:00:00,2024-09-16 20:00:00,5,5758.8,5644.74,24.06,Fall
M5S,195,2024-09-22 18:00:00,2024-09-22 18:00:00,1,5348.0,5348.0,21.0,Fall
M5S,196,2024-11-29 18:00:00,2024-11-29 19:00:00,2,5399.8,5393.3,0.25,Fall
M5S,197,2024-11-30 16:00:00,2024-11-30 21:00:00,6,5676.1,5536.966666666667,-1.2,Fall
M5S,198,2025-01-08 19:00:00,2025-01-08 19:00:00,1,6627.3,6627.3,-7.1,Winter
M5S,199,2025-01-14 19:00:00,2025-01-14 20:00:00,2,6676.2,6635.1,-7.15,Winter
M5S,200,2025-01-19 18:00:00,2025-01-19 19:00:00,2,6703.7,6650.6,-5.75,Winter
M5S,201,2025-01-20 17:00:00,2025-01-20 22:00:00,6,7369.0,7066.483333333334,-11.883333333333333,Winter
M5S,202,2025-01-21 17:00:00,2025-01-21 23:00:00,7,7407.8,7103.9857142857145,-13.0,Winter
M5S,203,2025-01-22 17:00:00,2025-01-22 22:00:00,6,7327.0,7114.549999999999,-8.716666666666667,Winter
M5S,204,2025-02-02 18:00:00,2025-02-02 18:00:00,1,6623.0,6623.0,-3.2,Winter
M5S,205,2025-02-12 19:00:00,2025-02-12 19:00:00,1,6609.8,6609.8,-4.4,Winter
M5S,206,2025-02-17 19:00:00,2025-02-17 19:00:00,1,6680.7,6680.7,-9.5,Winter
M5S,207,2025-02-18 19:00:00,2025-02-18 20:00:00,2,6649.1,6619.1,-8.7,Winter
M5S,208,2025-03-01 12:00:00,2025-03-01 23:00:00,12,6191.4,5711.308333333333,-8.066666666666666,Spring
M5S,209,2025-03-02 10:00:00,2025-03-02 23:00:00,14,6602.1,5997.557142857143,-5.992857142857143,Spring
M5S,210,2025-03-03 18:00:00,2025-03-03 22:00:00,5,5861.5,5716.24,1.8199999999999998,Spring
M5S,211,2025-03-06 18:00:00,2025-03-06 22:00:00,5,5830.5,5679.719999999999,-0.64,Spring
M5S,212,2025-03-07 19:00:00,2025-03-07 19:00:00,1,5447.4,5447.4,0.8,Spring
M5S,213,2025-03-08 18:00:00,2025-03-08 20:00:00,3,5498.6,5473.366666666666,-1.0999999999999999,Spring
M5S,214,2025-03-12 19:00:00,2025-03-12 19:00:00,1,5433.2,5433.2,-0.1,Spring
M5S,215,2025-03-23 17:00:00,2025-03-23 20:00:00,4,5692.099999999999,5571.625,-1.15,Spring
M5S,216,2025-03-29 17:00:00,2025-03-29 18:00:00,2,5453.5,5421.35,0.15000000000000002,Spring
M5S,217,2025-03-30 17:00:00,2025-03-30 19:00:00,3,5469.9,5459.099999999999,3.266666666666667,Spring
M5S,218,2025-04-02 16:00:00,2025-04-02 20:00:00,5,5714.2,5580.16,1.28,Spring
M5S,219,2025-04-08 20:00:00,2025-04-08 20:00:00,1,5412.099999999999,5412.099999999999,-1.8,Spring
M5S,220,2025-06-22 11:00:00,2025-06-22 22:00:00,12,7205.599999999999,6871.116666666666,31.083333333333332,Summer
M5S,221,2025-06-23 12:00:00,2025-06-23 22:00:00,11,7533.799999999999,6981.145454545455,31.900000000000002,Summer
M5S,222,2025-06-24 10:00:00,2025-06-24 18:00:00,9,7440.700000000001,6906.544444444445,34.06666666666667,Summer
M5S,223,2025-06-24 21:00:00,2025-06-24 23:00:00,3,7190.700000000001,6747.933333333334,28.2,Summer
M5S,224,2025-06-25 16:00:00,2025-06-25 21:00:00,6,7028.900000000001,6827.883333333334,27.166666666666668,Summer
M5S,225,2025-07-06 13:00:00,2025-07-06 21:00:00,9,6963.5,6717.377777777778,30.5,Summer
M5S,226,2025-07-07 16:00:00,2025-07-07 18:00:00,3,6618.8,6520.400000000001,25.666666666666668,Summer
M5S,227,2025-07-12 13:00:00,2025-07-12 20:00:00,8,6911.5,6649.75,30.0,Summer
M5S,228,2025-07-13 14:00:00,2025-07-13 20:00:00,7,6874.9,6693.0428571428565,28.900000000000002,Summer
M5S,229,2025-07-14 16:00:00,2025-07-14 19:00:00,4,6667.8,6530.925,27.425,Summer
M5S,230,2025-07-15 16:00:00,2025-07-15 21:00:00,6,6795.5,6603.533333333333,29.416666666666668,Summer
M5S,231,2025-07-16 15:00:00,2025-07-16 21:00:00,7,6751.8,6651.957142857143,29.314285714285713,Summer
M5S,232,2025-07-24 15:00:00,2025-07-24 20:00:00,6,7080.099999999999,6804.650000000001,30.53333333333333,Summer
M5S,233,2025-07-25 17:00:00,2025-07-25 17:00:00,1,6384.6,6384.6,29.6,Summer
M5S,234,2025-07-27 12:00:00,2025-07-27 20:00:00,9,7296.5,6845.944444444444,31.28888888888889,Summer
M5S,235,2025-07-28 14:00:00,2025-07-28 22:00:00,9,7065.1,6805.144444444445,29.577777777777776,Summer
M5S,236,2025-07-29 15:00:00,2025-07-29 21:00:00,7,7013.7,6744.214285714285,29.285714285714285,Summer
M5S,237,2025-07-30 17:00:00,2025-07-30 17:00:00,1,6439.0,6439.0,29.0,Summer
M5S,238,2025-08-09 15:00:00,2025-08-09 18:00:00,4,6638.0,6524.6,30.55,Summer
M5S,239,2025-08-10 13:00:00,2025-08-10 21:00:00,9,7167.400000000001,6810.866666666667,30.033333333333335,Summer
M5S,240,2025-08-11 13:00:00,2025-08-11 21:00:00,9,7310.0,6909.533333333333,30.15555555555555,Summer
M5S,241,2025-08-12 12:00:00,2025-08-12 13:00:00,2,6443.7,6443.549999999999,30.4,Summer
M5S,242,2025-08-12 17:00:00,2025-08-12 20:00:00,4,6610.5,6557.45,25.225,Summer
M5S,243,2025-08-13 16:00:00,2025-08-13 17:00:00,2,6433.6,6427.95,27.9,Summer
M5S,244,2025-11-09 16:00:00,2025-11-09 21:00:00,6,5963.900000000001,5755.816666666667,-1.4000000000000001,Fall
M5S,245,2025-11-10 17:00:00,2025-11-10 22:00:00,6,6028.8,5777.133333333334,-2.9333333333333336,Fall
M5S,246,2025-11-11 18:00:00,2025-11-11 21:00:00,4,5627.3,5525.35,2.175,Fall
M5S,247,2025-11-16 17:00:00,2025-11-16 21:00:00,5,5744.900000000001,5552.219999999999,1.8399999999999999,Fall
M5S,248,2025-11-17 18:00:00,2025-11-17 21:00:00,4,5602.8,5492.8,2.225,Fall
M5S,249,2025-11-23 18:00:00,2025-11-23 18:00:00,1,5306.1,5306.1,7.1,Fall
M5S,250,2025-11-27 18:00:00,2025-11-27 20:00:00,3,5402.2,5382.666666666667,1.2,Fall
M5S,251,2025-11-28 18:00:00,2025-11-28 21:00:00,4,5398.799999999999,5362.875,0.2,Fall
M5S,252,2025-11-29 17:00:00,2025-11-29 20:00:00,4,5658.5,5520.775,0.875,Fall
M5S,253,2025-11-30 15:00:00,2025-11-30 21:00:00,7,5983.900000000001,5714.728571428571,2.3000000000000003,Fall
M5S,254,2025-12-01 17:00:00,2025-12-01 21:00:00,5,6909.0,6783.660000000001,-2.02,Winter
M5S,255,2025-12-02 18:00:00,2025-12-02 20:00:00,3,6814.8,6732.833333333333,-1.3,Winter
M5S,256,2025-12-03 17:00:00,2025-12-03 20:00:00,4,6836.6,6730.675,-0.02500000000000001,Winter
M5S,257,2025-12-04 17:00:00,2025-12-04 22:00:00,6,7320.3,7081.916666666667,-8.533333333333333,Winter
M5S,258,2025-12-05 17:00:00,2025-12-05 19:00:00,3,6853.0,6765.433333333334,-0.39999999999999997,Winter
M5S,259,2025-12-06 17:00:00,2025-12-06 18:00:00,2,6782.3,6773.6,1.4,Winter
M5S,260,2025-12-07 17:00:00,2025-12-07 21:00:00,5,7091.6,6975.58,-2.78,Winter
M5S,261,2025-12-08 17:00:00,2025-12-08 22:00:00,6,7308.6,7034.583333333333,-4.883333333333333,Winter
M5S,262,2025-12-09 16:00:00,2025-12-09 21:00:00,6,7082.3,6885.75,-0.01666666666666668,Winter
M5S,263,2025-12-10 18:00:00,2025-12-10 21:00:00,4,6843.1,6753.475,-1.475,Winter
M5S,264,2025-12-11 17:00:00,2025-12-11 22:00:00,6,7234.4,6986.283333333333,-6.8,Winter
M5S,265,2025-12-12 17:00:00,2025-12-12 21:00:00,5,6953.799999999999,6800.26,-1.22,Winter
M5S,266,2025-12-13 16:00:00,2025-12-13 21:00:00,6,7180.2,6930.3,-5.0,Winter
M5S,267,2025-12-14 12:00:00,2025-12-14 13:00:00,2,6687.3,6661.4,-6.65,Winter
M5S,268,2025-12-14 15:00:00,2025-12-14 22:00:00,8,7622.4,7212.3875,-8.4875,Winter
M5S,269,2025-12-15 12:00:00,2025-12-15 22:00:00,11,7549.0,7044.481818181818,-4.581818181818182,Winter
M5S,270,2025-12-16 16:00:00,2025-12-16 21:00:00,6,7178.099999999999,6918.966666666666,0.05000000000000001,Winter
M5S,271,2025-12-19 17:00:00,2025-12-19 19:00:00,3,6781.299999999999,6695.399999999999,-2.966666666666667,Winter
M5S,272,2025-12-21 17:00:00,2025-12-21 18:00:00,2,6683.8,6654.55,-2.35,Winter
M5S,273,2025-12-29 18:00:00,2025-12-29 20:00:00,3,6774.5,6720.266666666666,-6.0,Winter
M5S,274,2025-12-30 17:00:00,2025-12-30 20:00:00,4,6807.9,6746.724999999999,-4.275,Winter
M5S,275,2025-12-31 16:00:00,2025-12-31 19:00:00,4,7105.8,6958.525,-4.525,Winter
M6G,1,2021-01-31 18:00:00,2021-01-31 18:00:00,1,18099.5,18099.5,-5.2,Winter
M6G,2,2021-02-06 18:00:00,2021-02-06 18:00:00,1,17848.7,17848.7,-6.0,Winter
M6G,3,2021-02-07 18:00:00,2021-02-07 19:00:00,2,18533.0,18199.25,-10.2,Winter
M6G,4,2021-02-13 18:00:00,2021-02-13 18:00:00,1,18234.2,18234.2,-9.3,Winter
M6G,5,2021-02-16 18:00:00,2021-02-16 19:00:00,2,17899.899999999998,17884.4,-8.399999999999999,Winter
M6G,6,2021-03-01 18:00:00,2021-03-01 21:00:00,4,16604.4,16128.1,-6.925,Spring
M6G,7,2021-03-02 18:00:00,2021-03-02 20:00:00,3,16476.0,16207.333333333334,-1.7,Spring
M6G,8,2021-03-04 18:00:00,2021-03-04 20:00:00,3,16305.1,15941.5,-6.3,Spring
M6G,9,2021-03-05 18:00:00,2021-03-05 19:00:00,2,15586.5,15450.05,-0.04999999999999999,Spring
M6G,10,2021-03-06 18:00:00,2021-03-06 20:00:00,3,16147.1,15805.800000000001,-2.3000000000000003,Spring
M6G,11,2021-03-07 18:00:00,2021-03-07 20:00:00,3,16227.2,15950.433333333334,-2.3000000000000003,Spring
M6G,12,2021-03-14 18:00:00,2021-03-14 19:00:00,2,15228.1,15193.650000000001,-2.7,Spring
M6G,13,2021-05-25 18:00:00,2021-05-25 18:00:00,1,15228.1,15228.1,26.1,Spring
M6G,14,2021-11-28 17:00:00,2021-11-28 19:00:00,3,15480.900000000001,15268.266666666668,-0.6666666666666666,Fall
M6G,15,2021-11-29 18:00:00,2021-11-29 18:00:00,1,15387.8,15387.8,0.5,Fall
M6G,16,2022-01-10 18:00:00,2022-01-10 18:00:00,1,17869.2,17869.2,-9.0,Winter
M6G,17,2022-01-11 17:00:00,2022-01-11 19:00:00,3,18756.3,18537.866666666665,-7.133333333333333,Winter
M6G,18,2022-01-15 17:00:00,2022-01-15 20:00:00,4,19052.3,18441.75,-13.625,Winter
M6G,19,2022-01-16 18:00:00,2022-01-16 18:00:00,1,18002.9,18002.9,-2.1,Winter
M6G,20,2022-01-20 18:00:00,2022-01-20 19:00:00,2,18176.2,18167.1,-13.05,Winter
M6G,21,2022-01-21 18:00:00,2022-01-21 18:00:00,1,17844.5,17844.5,-10.1,Winter
M6G,22,2022-01-23 18:00:00,2022-01-23 19:00:00,2,18497.6,18393.449999999997,-11.600000000000001,Winter
M6G,23,2022-01-24 18:00:00,2022-01-24 18:00:00,1,17926.3,17926.3,-5.0,Winter
M6G,24,2022-01-25 18:00:00,2022-01-25 18:00:00,1,17813.100000000002,17813.100000000002,-9.1,Winter
M6G,25,2022-01-26 18:00:00,2022-01-26 19:00:00,2,18160.8,18056.25,-9.600000000000001,Winter
M6G,26,2022-01-28 18:00:00,2022-01-28 19:00:00,2,17953.0,17881.55,-13.350000000000001,Winter
M6G,27,2022-01-29 18:00:00,2022-01-29 19:00:00,2,18419.5,18256.2,-11.5,Winter
M6G,28,2022-01-30 18:00:00,2022-01-30 18:00:00,1,18165.600000000002,18165.600000000002,-4.5,Winter
M6G,29,2022-02-13 18:00:00,2022-02-13 18:00:00,1,17872.2,17872.2,-9.7,Winter
M6G,30,2022-03-01 19:00:00,2022-03-01 19:00:00,1,15178.0,15178.0,3.6,Spring
M6G,31,2022-03-03 18:00:00,2022-03-03 21:00:00,4,16291.800000000001,15852.45,-6.5,Spring
M6G,32,2022-03-12 18:00:00,2022-03-12 20:00:00,3,15826.2,15647.699999999999,-7.1000000000000005,Spring
M6G,33,2022-03-13 16:00:00,2022-03-13 19:00:00,4,16091.1,15867.075,-1.725,Spring
M6G,34,2022-03-27 17:00:00,2022-03-27 19:00:00,3,15525.7,15363.400000000001,-5.766666666666667,Spring
M6G,35,2022-03-28 18:00:00,2022-03-28 19:00:00,2,15607.199999999999,15518.45,-5.85,Spring
M6G,36,2022-05-15 17:00:00,2022-05-15 18:00:00,2,15308.7,15259.2,27.799999999999997,Spring
M6G,37,2022-05-30 17:00:00,2022-05-30 20:00:00,4,15868.9,15686.85,28.1,Spring
M6G,38,2022-05-31 13:00:00,2022-05-31 22:00:00,10,18590.1,17181.019999999997,28.580000000000002,Spring
M6G,39,2022-07-19 17:00:00,2022-07-19 19:00:00,3,21317.300000000003,21185.566666666666,32.46666666666667,Summer
M6G,40,2022-08-07 17:00:00,2022-08-07 17:00:00,1,21075.899999999998,21075.899999999998,30.1,Summer
M6G,41,2022-09-03 12:00:00,2022-09-03 20:00:00,9,15916.2,15605.322222222221,27.055555555555557,Fall
M6G,42,2022-11-19 18:00:00,2022-11-19 18:00:00,1,15127.3,15127.3,-0.7,Fall
M6G,43,2022-11-20 17:00:00,2022-11-20 20:00:00,4,16354.4,15961.475,-3.9,Fall
M6G,44,2022-12-23 17:00:00,2022-12-23 18:00:00,2,18004.3,17985.8,-13.3,Winter
M6G,45,2022-12-24 17:00:00,2022-12-24 17:00:00,1,18143.7,18143.7,-9.4,Winter
M6G,46,2023-01-14 18:00:00,2023-01-14 18:00:00,1,17817.0,17817.0,-4.7,Winter
M6G,47,2023-01-15 18:00:00,2023-01-15 18:00:00,1,17831.0,17831.0,-2.4,Winter
M6G,48,2023-01-31 18:00:00,2023-01-31 19:00:00,2,18098.0,18023.6,-6.300000000000001,Winter
M6G,49,2023-02-01 18:00:00,2023-02-01 19:00:00,2,18130.1,18087.1,-4.55,Winter
M6G,50,2023-02-03 16:00:00,2023-02-03 22:00:00,7,20236.4,19294.72857142857,-16.857142857142858,Winter
M6G,51,2023-02-04 10:00:00,2023-02-04 20:00:00,11,19629.8,18890.518181818185,-5.9818181818181815,Winter
M6G,52,2023-02-27 19:00:00,2023-02-27 19:00:00,1,17836.1,17836.1,-1.8,Winter
M6G,53,2023-03-01 18:00:00,2023-03-01 21:00:00,4,16352.5,15912.025,1.575,Spring
M6G,54,2023-03-02 18:00:00,2023-03-02 20:00:00,3,15545.6,15366.533333333333,2.066666666666667,Spring
M6G,55,2023-03-03 17:00:00,2023-03-03 21:00:00,5,16778.0,16145.2,0.45999999999999996,Spring
M6G,56,2023-03-04 18:00:00,2023-03-04 19:00:00,2,15418.1,15388.05,4.65,Spring
M6G,57,2023-03-05 18:00:00,2023-03-05 20:00:00,3,15849.5,15626.966666666667,3.6666666666666665,Spring
M6G,58,2023-03-06 18:00:00,2023-03-06 20:00:00,3,15967.0,15782.266666666668,1.6666666666666667,Spring
M6G,59,2023-03-07 18:00:00,2023-03-07 20:00:00,3,16043.100000000002,15784.0,1.5333333333333332,Spring
M6G,60,2023-03-08 18:00:00,2023-03-08 20:00:00,3,15848.300000000001,15604.633333333333,0.6333333333333333,Spring
M6G,61,2023-03-09 19:00:00,2023-03-09 20:00:00,2,15439.500000000002,15298.95,1.1,Spring
M6G,62,2023-03-10 17:00:00,2023-03-10 21:00:00,5,16375.5,15895.179999999998,-1.92,Spring
M6G,63,2023-03-11 18:00:00,2023-03-11 20:00:00,3,15737.800000000001,15608.700000000003,-0.9666666666666668,Spring
M6G,64,2023-03-12 16:00:00,2023-03-12 20:00:00,5,16337.0,15888.34,-2.2204460492503132e-17,Spring
M6G,65,2023-03-13 17:00:00,2023-03-13 19:00:00,3,15760.3,15557.666666666666,0.16666666666666666,Spring
M6G,66,2023-03-14 17:00:00,2023-03-14 20:00:00,4,16221.7,15860.95,-1.675,Spring
M6G,67,2023-03-15 19:00:00,2023-03-15 19:00:00,1,15167.5,15167.5,3.5,Spring
M6G,68,2023-03-18 16:00:00,2023-03-18 19:00:00,4,15622.6,15481.275,-3.3,Spring
M6G,69,2023-03-19 11:00:00,2023-03-19 11:00:00,1,15248.400000000001,15248.400000000001,-1.5,Spring
M6G,70,2023-03-19 15:00:00,2023-03-19 20:00:00,6,16309.3,15820.466666666667,0.6333333333333333,Spring
M6G,71,2023-03-25 11:00:00,2023-03-25 12:00:00,2,15128.7,15120.100000000002,3.0,Spring
M6G,72,2023-03-29 18:00:00,2023-03-29 19:00:00,2,15551.0,15389.65,-0.9,Spring
M6G,73,2023-04-02 19:00:00,2023-04-02 19:00:00,1,15104.1,15104.1,1.5,Spring
M6G,74,2023-05-31 14:00:00,2023-05-31 21:00:00,8,17913.4,16953.575,27.3875,Spring
M6G,75,2023-06-02 16:00:00,2023-06-02 17:00:00,2,21495.0,21479.5,31.6,Summer
M6G,76,2023-07-04 16:00:00,2023-07-04 18:00:00,3,21620.5,21390.733333333334,30.400000000000002,Summer
M6G,77,2023-07-05 14:00:00,2023-07-05 21:00:00,8,23650.0,22540.9625,29.1125,Summer
M6G,78,2023-07-27 17:00:00,2023-07-27 18:00:00,2,21424.0,21267.0,29.1,Summer
M6G,79,2023-09-03 13:00:00,2023-09-03 21:00:00,9,16512.4,15783.78888888889,26.755555555555556,Fall
M6G,80,2023-09-04 10:00:00,2023-09-04 23:00:00,14,23032.7,20028.192857142858,28.75714285714286,Fall
M6G,81,2023-09-05 08:00:00,2023-09-06 00:00:00,17,23652.4,20106.83529411765,27.511764705882353,Fall
M6G,82,2023-09-06 08:00:00,2023-09-06 23:00:00,16,23616.3,20196.6125,26.74375,Fall
M6G,83,2023-09-07 10:00:00,2023-09-07 21:00:00,12,19991.8,18127.616666666665,24.133333333333336,Fall
M6G,84,2023-09-11 17:00:00,2023-09-11 17:00:00,1,14974.8,14974.8,21.8,Fall
M6G,85,2023-10-03 15:00:00,2023-10-03 20:00:00,6,16403.0,15847.716666666667,25.383333333333336,Fall
M6G,86,2023-10-04 15:00:00,2023-10-04 20:00:00,6,16666.199999999997,16122.766666666668,23.099999999999998,Fall
M6G,87,2023-10-05 18:00:00,2023-10-05 19:00:00,2,15320.4,15163.0,22.9,Fall
M6G,88,2023-11-08 18:00:00,2023-11-08 19:00:00,2,15312.7,15186.550000000001,2.1,Fall
M6G,89,2023-11-12 18:00:00,2023-11-12 18:00:00,1,15179.6,15179.6,3.1,Fall
M6G,90,2023-11-19 17:00:00,2023-11-19 18:00:00,2,15323.0,15181.4,3.5,Fall
M6G,91,2023-11-20 17:00:00,2023-11-20 20:00:00,4,15675.300000000001,15376.925000000001,0.30000000000000004,Fall
M6G,92,2023-11-21 17:00:00,2023-11-21 19:00:00,3,15470.6,15317.033333333335,4.666666666666667,Fall
M6G,93,2023-11-24 17:00:00,2023-11-24 20:00:00,4,15546.8,15383.75,-0.575,Fall
M6G,94,2023-11-25 17:00:00,2023-11-25 18:00:00,2,15508.199999999999,15444.15,2.8,Fall
M6G,95,2023-11-26 17:00:00,2023-11-26 19:00:00,3,15681.8,15526.666666666666,5.133333333333333,Fall
M6G,96,2023-11-27 17:00:00,2023-11-27 21:00:00,5,16357.699999999999,15857.86,-0.6599999999999999,Fall
M6G,97,2023-11-28 17:00:00,2023-11-28 21:00:00,5,16769.5,16297.74,-2.7,Fall
M6G,98,2023-11-29 16:00:00,2023-11-29 21:00:00,6,16643.9,16116.633333333333,0.6833333333333335,Fall
M6G,99,2023-11-30 18:00:00,2023-11-30 18:00:00,1,14975.9,14975.9,8.0,Fall
M6G,100,2024-01-14 17:00:00,2024-01-14 20:00:00,4,19134.3,18709.825,-8.0,Winter
M6G,101,2024-01-15 17:00:00,2024-01-15 20:00:00,4,19093.8,18614.4,-9.075,Winter
M6G,102,2024-01-16 17:00:00,2024-01-16 21:00:00,5,18883.7,18412.659999999996,-8.66,Winter
M6G,103,2024-01-17 17:00:00,2024-01-17 21:00:00,5,19458.8,18863.14,-8.919999999999998,Winter
M6G,104,2024-01-18 18:00:00,2024-01-18 20:00:00,3,18188.399999999998,18045.533333333333,-3.966666666666667,Winter
M6G,105,2024-01-19 17:00:00,2024-01-19 20:00:00,4,18919.3,18540.5,-10.075,Winter
M6G,106,2024-01-20 12:00:00,2024-01-20 20:00:00,9,19649.1,18652.977777777778,-8.355555555555556,Winter
M6G,107,2024-01-21 17:00:00,2024-01-21 20:00:00,4,19095.8,18630.225,-3.45,Winter
M6G,108,2024-01-22 18:00:00,2024-01-22 19:00:00,2,18175.699999999997,18085.3,-0.6,Winter
M6G,109,2024-03-03 18:00:00,2024-03-03 18:00:00,1,15124.1,15124.1,7.2,Spring
M6G,110,2024-03-10 16:00:00,2024-03-10 19:00:00,4,15893.4,15676.725,-0.9,Spring
M6G,111,2024-03-18 18:00:00,2024-03-18 19:00:00,2,15311.1,15281.0,0.8,Spring
M6G,112,2024-03-19 17:00:00,2024-03-19 19:00:00,3,15716.0,15551.5,0.9666666666666667,Spring
M6G,113,2024-03-20 18:00:00,2024-03-20 20:00:00,3,15922.5,15673.9,-2.3333333333333335,Spring
M6G,114,2024-03-21 16:00:00,2024-03-21 20:00:00,5,16350.800000000001,15833.439999999999,-2.7600000000000002,Spring
M6G,115,2024-03-22 11:00:00,2024-03-22 11:00:00,1,15161.3,15161.3,-3.5,Spring
M6G,116,2024-03-22 14:00:00,2024-03-22 20:00:00,7,16653.2,16044.814285714285,-3.542857142857143,Spring
M6G,117,2024-03-23 18:00:00,2024-03-23 19:00:00,2,15347.5,15319.900000000001,-0.8,Spring
M6G,118,2024-03-24 17:00:00,2024-03-24 20:00:00,4,15758.6,15487.75,-0.25,Spring
M6G,119,2024-05-21 15:00:00,2024-05-21 21:00:00,7,17314.399999999998,16597.585714285717,27.12857142857143,Spring
M6G,120,2024-05-22 13:00:00,2024-05-22 13:00:00,1,15106.7,15106.7,27.0,Spring
M6G,121,2024-05-22 16:00:00,2024-05-22 21:00:00,6,16769.3,16220.1,23.55,Spring
M6G,122,2024-05-24 17:00:00,2024-05-24 17:00:00,1,15108.1,15108.1,25.4,Spring
M6G,123,2024-06-18 16:00:00,2024-06-18 19:00:00,4,21568.1,21386.225,27.075,Summer
M6G,124,2024-06-19 15:00:00,2024-06-19 21:00:00,7,23770.8,22898.442857142858,30.24285714285714,Summer
M6G,125,2024-06-20 14:00:00,2024-06-20 18:00:00,5,22400.4,21833.44,28.54,Summer
M6G,126,2024-07-08 17:00:00,2024-07-08 18:00:00,2,21399.4,21374.800000000003,28.45,Summer
M6G,127,2024-07-09 17:00:00,2024-07-09 18:00:00,2,21583.3,21401.85,28.0,Summer
M6G,128,2024-07-29 16:00:00,2024-07-29 17:00:00,2,21257.3,21148.15,26.95,Summer
M6G,129,2024-07-30 14:00:00,2024-07-30 19:00:00,6,21866.399999999998,21575.583333333332,26.75,Summer
M6G,130,2024-07-31 14:00:00,2024-07-31 20:00:00,7,22885.600000000002,22264.0,28.357142857142858,Summer
M6G,131,2024-08-01 15:00:00,2024-08-01 19:00:00,5,21983.100000000002,21635.04,28.459999999999997,Summer
M6G,132,2024-08-27 16:00:00,2024-08-27 20:00:00,5,22491.9,22100.3,29.82,Summer
M6G,133,2024-09-01 13:00:00,2024-09-01 16:00:00,4,15398.3,15220.825,24.9,Fall
M6G,134,2024-09-05 17:00:00,2024-09-05 17:00:00,1,14984.3,14984.3,21.1,Fall
M6G,135,2024-09-14 15:00:00,2024-09-14 17:00:00,3,15467.7,15320.333333333334,23.766666666666666,Fall
M6G,136,2024-09-15 11:00:00,2024-09-15 21:00:00,11,18087.3,16803.936363636363,24.99090909090909,Fall
M6G,137,2024-09-16 12:00:00,2024-09-16 20:00:00,9,17920.5,16739.466666666667,25.555555555555557,Fall
M6G,138,2024-09-17 15:00:00,2024-09-17 19:00:00,5,15925.7,15578.420000000002,23.04,Fall
M6G,139,2024-09-18 17:00:00,2024-09-18 18:00:00,2,15367.599999999999,15233.349999999999,22.9,Fall
M6G,140,2024-09-19 15:00:00,2024-09-19 19:00:00,5,16183.5,15827.62,23.48,Fall
M6G,141,2024-09-21 14:00:00,2024-09-21 18:00:00,5,15266.199999999999,15116.26,22.52,Fall
M6G,142,2024-09-22 16:00:00,2024-09-22 19:00:00,4,15756.1,15546.3,21.3,Fall
M6G,143,2024-11-24 18:00:00,2024-11-24 18:00:00,1,15050.4,15050.4,5.6,Fall
M6G,144,2024-11-29 17:00:00,2024-11-29 19:00:00,3,15537.8,15364.766666666668,0.3333333333333333,Fall
M6G,145,2024-11-30 16:00:00,2024-11-30 20:00:00,5,16284.4,15820.720000000001,-1.0,Fall
M6G,146,2024-12-21 18:00:00,2024-12-21 18:00:00,1,18107.5,18107.5,-9.2,Winter
M6G,147,2024-12-22 17:00:00,2024-12-22 20:00:00,4,18626.2,18270.375,-9.275,Winter
M6G,148,2025-01-04 18:00:00,2025-01-04 18:00:00,1,17814.0,17814.0,-3.9,Winter
M6G,149,2025-01-05 17:00:00,2025-01-05 18:00:00,2,18280.6,18234.4,-1.95,Winter
M6G,150,2025-01-06 18:00:00,2025-01-06 20:00:00,3,18576.7,18350.86666666667,-8.433333333333334,Winter
M6G,151,2025-01-07 18:00:00,2025-01-07 20:00:00,3,18478.699999999997,18314.7,-5.6000000000000005,Winter
M6G,152,2025-01-08 17:00:00,2025-01-08 20:00:00,4,18823.7,18456.6,-7.199999999999999,Winter
M6G,153,2025-01-09 18:00:00,2025-01-09 20:00:00,3,18637.399999999998,18406.033333333333,-6.3999999999999995,Winter
M6G,154,2025-01-10 18:00:00,2025-01-10 18:00:00,1,17814.3,17814.3,-1.9,Winter
M6G,155,2025-01-14 18:00:00,2025-01-14 20:00:00,3,18356.3,18199.166666666668,-7.066666666666666,Winter
M6G,156,2025-01-15 18:00:00,2025-01-15 20:00:00,3,18179.6,18031.53333333333,-4.666666666666667,Winter
M6G,157,2025-01-16 18:00:00,2025-01-16 19:00:00,2,17908.1,17872.3,-4.15,Winter
M6G,158,2025-01-19 17:00:00,2025-01-19 20:00:00,4,18695.8,18353.425,-5.7,Winter
M6G,159,2025-01-20 17:00:00,2025-01-20 21:00:00,5,19804.2,19278.22,-11.76,Winter
M6G,160,2025-01-21 16:00:00,2025-01-21 22:00:00,7,20221.6,19226.071428571428,-12.471428571428572,Winter
M6G,161,2025-01-22 11:00:00,2025-01-22 22:00:00,12,20662.3,19061.45,-9.791666666666666,Winter
M6G,162,2025-01-23 17:00:00,2025-01-23 20:00:00,4,18770.5,18423.525,-4.025,Winter
M6G,163,2025-01-24 17:00:00,2025-01-24 19:00:00,3,18268.1,18158.13333333333,-5.5,Winter
M6G,164,2025-01-25 17:00:00,2025-01-25 19:00:00,3,18169.6,18099.3,-1.5333333333333332,Winter
M6G,165,2025-01-26 17:00:00,2025-01-26 19:00:00,3,18418.5,18096.233333333334,-1.4333333333333333,Winter
M6G,166,2025-01-28 18:00:00,2025-01-28 19:00:00,2,18088.600000000002,18009.15,-4.15,Winter
M6G,167,2025-01-29 18:00:00,2025-01-29 19:00:00,2,18114.3,18107.6,-6.25,Winter
M6G,168,2025-02-01 17:00:00,2025-02-01 20:00:00,4,19092.2,18560.5,-8.9,Winter
M6G,169,2025-02-02 16:00:00,2025-02-02 20:00:00,5,19631.3,18850.52,-3.22,Winter
M6G,170,2025-02-04 18:00:00,2025-02-04 20:00:00,3,18368.5,18208.7,-6.833333333333333,Winter
M6G,171,2025-02-05 18:00:00,2025-02-05 20:00:00,3,18568.8,18432.733333333334,-5.266666666666667,Winter
M6G,172,2025-02-07 18:00:00,2025-02-07 19:00:00,2,18075.2,18067.6,-5.05,Winter
M6G,173,2025-02-08 17:00:00,2025-02-08 19:00:00,3,18202.0,17962.433333333334,-1.6666666666666667,Winter
M6G,174,2025-02-09 17:00:00,2025-02-09 19:00:00,3,18790.2,18393.36666666667,-2.0,Winter
M6G,175,2025-02-10 18:00:00,2025-02-10 20:00:00,3,18457.8,18225.233333333334,-4.3999999999999995,Winter
M6G,176,2025-02-11 18:00:00,2025-02-11 20:00:00,3,18250.8,18087.533333333333,-5.666666666666667,Winter
M6G,177,2025-02-12 17:00:00,2025-02-12 21:00:00,5,19310.699999999997,18759.2,-4.720000000000001,Winter
M6G,178,2025-02-13 18:00:00,2025-02-13 20:00:00,3,18423.3,18194.933333333334,-3.8666666666666667,Winter
M6G,179,2025-02-14 18:00:00,2025-02-14 19:00:00,2,17983.2,17918.15,-5.6,Winter
M6G,180,2025-02-15 17:00:00,2025-02-15 18:00:00,2,18076.7,17980.25,-1.65,Winter
M6G,181,2025-02-16 18:00:00,2025-02-16 19:00:00,2,18337.7,18185.95,-6.199999999999999,Winter
M6G,182,2025-02-17 17:00:00,2025-02-17 21:00:00,5,19310.100000000002,18720.64,-9.32,Winter
M6G,183,2025-02-18 17:00:00,2025-02-18 21:00:00,5,19523.7,18911.8,-8.4,Winter
M6G,184,2025-02-19 17:00:00,2025-02-19 21:00:00,5,19049.2,18588.64,-7.340000000000001,Winter
M6G,185,2025-02-20 17:00:00,2025-02-20 21:00:00,5,19268.0,18701.9,-8.3,Winter
M6G,186,2025-02-21 19:00:00,2025-02-21 19:00:00,1,17854.9,17854.9,-6.7,Winter
M6G,187,2025-02-22 18:00:00,2025-02-22 19:00:00,2,18052.5,17955.5,-2.15,Winter
M6G,188,2025-02-23 18:00:00,2025-02-23 18:00:00,1,17867.7,17867.7,1.0,Winter
M6G,189,2025-03-01 11:00:00,2025-03-01 23:00:00,13,18123.8,16711.60769230769,-7.93076923076923,Spring
M6G,190,2025-03-02 09:00:00,2025-03-02 22:00:00,14,19194.4,17427.257142857143,-6.542857142857143,Spring
M6G,191,2025-03-03 17:00:00,2025-03-03 21:00:00,5,17011.7,16371.460000000001,2.02,Spring
M6G,192,2025-03-04 17:00:00,2025-03-04 20:00:00,4,16053.699999999999,15755.849999999999,6.2,Spring
M6G,193,2025-03-05 18:00:00,2025-03-05 20:00:00,3,15577.1,15405.300000000001,6.733333333333333,Spring
M6G,194,2025-03-06 16:00:00,2025-03-06 21:00:00,6,17376.7,16624.25,-0.7333333333333334,Spring
M6G,195,2025-03-07 18:00:00,2025-03-07 21:00:00,4,16116.1,15763.925,0.875,Spring
M6G,196,2025-03-08 17:00:00,2025-03-08 21:00:00,5,16383.699999999999,15847.36,-1.06,Spring
M6G,197,2025-03-09 18:00:00,2025-03-09 19:00:00,2,15603.1,15524.75,5.65,Spring
M6G,198,2025-03-12 17:00:00,2025-03-12 20:00:00,4,15787.3,15491.9,-0.1,Spring
M6G,199,2025-03-22 18:00:00,2025-03-22 19:00:00,2,15187.3,15173.599999999999,-1.5499999999999998,Spring
M6G,200,2025-03-23 16:00:00,2025-03-23 20:00:00,5,16299.000000000002,15805.939999999999,-1.16,Spring
M6G,201,2025-03-24 18:00:00,2025-03-24 19:00:00,2,15428.400000000001,15404.45,3.9,Spring
M6G,202,2025-03-25 18:00:00,2025-03-25 19:00:00,2,15439.5,15372.5,2.9000000000000004,Spring
M6G,203,2025-03-26 19:00:00,2025-03-26 19:00:00,1,15176.1,15176.1,1.7,Spring
M6G,204,2025-03-28 17:00:00,2025-03-28 18:00:00,2,15362.3,15309.2,2.25,Spring
M6G,205,2025-03-29 14:00:00,2025-03-29 19:00:00,6,16289.499999999998,15772.4,0.35000000000000003,Spring
M6G,206,2025-03-30 11:00:00,2025-03-30 19:00:00,9,16151.699999999999,15546.78888888889,2.8555555555555556,Spring
M6G,207,2025-04-02 15:00:00,2025-04-02 20:00:00,6,16885.6,16231.583333333334,1.0999999999999999,Spring
M6G,208,2025-04-08 17:00:00,2025-04-08 20:00:00,4,15821.800000000001,15562.775,-1.075,Spring
M6G,209,2025-04-10 17:00:00,2025-04-10 19:00:00,3,15462.4,15403.0,1.8,Spring
M6G,210,2025-06-22 11:00:00,2025-06-22 22:00:00,12,25196.899999999998,23758.083333333332,31.083333333333332,Summer
M6G,211,2025-06-23 11:00:00,2025-06-23 22:00:00,12,26384.0,24542.208333333332,31.833333333333332,Summer
M6G,212,2025-06-24 09:00:00,2025-06-24 22:00:00,14,27460.100000000002,25332.42142857143,32.642857142857146,Summer
M6G,213,2025-06-25 13:00:00,2025-06-25 21:00:00,9,24250.8,22790.633333333335,27.27777777777778,Summer
M6G,214,2025-07-06 11:00:00,2025-07-06 21:00:00,11,24128.0,23041.927272727273,30.41818181818182,Summer
M6G,215,2025-07-07 11:00:00,2025-07-07 18:00:00,8,22373.2,21858.1625,27.8125,Summer
M6G,216,2025-07-11 15:00:00,2025-07-11 19:00:00,5,22189.3,21640.3,29.160000000000004,Summer
M6G,217,2025-07-12 11:00:00,2025-07-12 21:00:00,11,24244.7,23036.918181818182,29.5,Summer
M6G,218,2025-07-13 12:00:00,2025-07-13 20:00:00,9,23743.0,22821.377777777776,28.811111111111114,Summer
M6G,219,2025-07-14 15:00:00,2025-07-14 20:00:00,6,22575.9,21894.266666666666,27.28333333333333,Summer
M6G,220,2025-07-15 14:00:00,2025-07-15 21:00:00,8,23638.4,22651.5625,29.9375,Summer
M6G,221,2025-07-16 12:00:00,2025-07-16 21:00:00,10,23999.2,23072.739999999998,29.860000000000003,Summer
M6G,222,2025-07-17 15:00:00,2025-07-17 15:00:00,1,21055.1,21055.1,27.1,Summer
M6G,223,2025-07-24 14:00:00,2025-07-24 20:00:00,7,24611.7,23372.242857142854,30.714285714285715,Summer
M6G,224,2025-07-25 15:00:00,2025-07-25 18:00:00,4,22436.1,21780.325,28.85,Summer
M6G,225,2025-07-27 11:00:00,2025-07-27 21:00:00,11,25153.3,23335.79090909091,30.69090909090909,Summer
M6G,226,2025-07-28 12:00:00,2025-07-28 21:00:00,10,24265.6,23341.62,29.93,Summer
M6G,227,2025-07-29 11:00:00,2025-07-29 21:00:00,11,24464.3,22880.436363636363,29.41818181818182,Summer
M6G,228,2025-07-30 16:00:00,2025-07-30 18:00:00,3,22708.7,22156.033333333336,28.900000000000002,Summer
M6G,229,2025-08-09 12:00:00,2025-08-09 20:00:00,9,23061.899999999998,22032.81111111111,29.82222222222222,Summer
M6G,230,2025-08-10 12:00:00,2025-08-10 21:00:00,10,24473.300000000003,23323.840000000004,29.99,Summer
M6G,231,2025-08-11 12:00:00,2025-08-11 21:00:00,10,24871.4,23611.22,30.1,Summer
M6G,232,2025-08-12 11:00:00,2025-08-12 20:00:00,10,22998.3,22154.65,27.2,Summer
M6G,233,2025-08-13 15:00:00,2025-08-13 19:00:00,5,22378.9,21792.56,27.060000000000002,Summer
M6G,234,2025-08-15 16:00:00,2025-08-15 16:00:00,1,21193.2,21193.2,27.4,Summer
M6G,235,2025-08-16 13:00:00,2025-08-16 17:00:00,5,21735.5,21509.2,29.8,Summer
M6G,236,2025-09-03 16:00:00,2025-09-03 19:00:00,4,15749.400000000001,15453.625,24.35,Fall
M6G,237,2025-09-14 16:00:00,2025-09-14 19:00:00,4,15450.4,15299.325,22.775,Fall
M6G,238,2025-09-18 17:00:00,2025-09-18 19:00:00,3,15423.199999999999,15227.733333333332,24.766666666666666,Fall
M6G,239,2025-09-23 17:00:00,2025-09-23 18:00:00,2,15422.300000000001,15283.1,22.9,Fall
M6G,240,2025-10-05 15:00:00,2025-10-05 19:00:00,5,15671.5,15337.939999999999,24.14,Fall
M6G,241,2025-10-06 16:00:00,2025-10-06 19:00:00,4,15590.599999999999,15291.675,23.95,Fall
M6G,242,2025-11-09 16:00:00,2025-11-09 20:00:00,5,16941.5,16266.240000000002,-1.42,Fall
M6G,243,2025-11-10 16:00:00,2025-11-10 21:00:00,6,16835.8,15972.266666666668,-2.8166666666666664,Fall
M6G,244,2025-11-11 17:00:00,2025-11-11 20:00:00,4,16001.7,15694.525,2.675,Fall
M6G,245,2025-11-12 18:00:00,2025-11-12 19:00:00,2,15229.000000000002,15135.150000000001,6.45,Fall
M6G,246,2025-11-15 17:00:00,2025-11-15 17:00:00,1,15028.8,15028.8,6.6,Fall
M6G,247,2025-11-16 17:00:00,2025-11-16 20:00:00,4,16335.5,15970.625,1.975,Fall
M6G,248,2025-11-17 17:00:00,2025-11-17 20:00:00,4,15869.1,15410.575,2.775,Fall
M6G,249,2025-11-18 18:00:00,2025-11-18 19:00:00,2,15230.2,15227.55,3.7,Fall
M6G,250,2025-11-19 19:00:00,2025-11-19 19:00:00,1,15018.3,15018.3,4.2,Fall
M6G,251,2025-11-23 17:00:00,2025-11-23 19:00:00,3,15576.8,15307.833333333334,7.1000000000000005,Fall
M6G,252,2025-11-27 17:00:00,2025-11-27 20:00:00,4,15666.8,15508.4,1.3,Fall
M6G,253,2025-11-28 17:00:00,2025-11-28 20:00:00,4,16032.0,15667.0,0.625,Fall
M6G,254,2025-11-29 16:00:00,2025-11-29 19:00:00,4,16231.9,15742.95,0.95,Fall
M6G,255,2025-11-30 12:00:00,2025-11-30 21:00:00,10,17164.4,15893.49,2.57,Fall
M6G,256,2025-12-04 18:00:00,2025-12-04 19:00:00,2,18263.4,18222.050000000003,-8.4,Winter
M6G,257,2025-12-07 18:00:00,2025-12-07 18:00:00,1,17923.1,17923.1,-2.5,Winter
M6G,258,2025-12-08 18:00:00,2025-12-08 19:00:00,2,18077.2,17995.6,-4.35,Winter
M6G,259,2025-12-09 18:00:00,2025-12-09 18:00:00,1,17868.8,17868.8,0.1,Winter
M6G,260,2025-12-11 18:00:00,2025-12-11 20:00:00,3,18408.1,18243.8,-6.633333333333333,Winter
M6G,261,2025-12-13 17:00:00,2025-12-13 19:00:00,3,18301.4,18092.3,-4.833333333333333,Winter
M6G,262,2025-12-14 16:00:00,2025-12-14 21:00:00,6,19502.4,18856.399999999998,-8.716666666666667,Winter
M6G,263,2025-12-15 17:00:00,2025-12-15 20:00:00,4,19002.7,18673.3,-4.325,Winter
M6G,264,2025-12-16 17:00:00,2025-12-16 19:00:00,3,18167.0,17976.533333333336,-0.3333333333333333,Winter
M6G,265,2025-12-30 17:00:00,2025-12-30 19:00:00,3,18014.1,17958.866666666665,-4.266666666666667,Winter
M6G,266,2025-12-31 17:00:00,2025-12-31 18:00:00,2,18205.1,18165.0,-4.7,Winter
M9R,1,2021-01-03 17:00:00,2021-01-03 17:00:00,1,7998.0,7998.0,0.1,Winter
M9R,2,2021-01-31 18:00:00,2021-01-31 18:00:00,1,8047.400000000001,8047.400000000001,-6.3,Winter
M9R,3,2021-02-06 18:00:00,2021-02-06 18:00:00,1,8031.900000000001,8031.900000000001,-7.3,Winter
M9R,4,2021-02-07 17:00:00,2021-02-07 18:00:00,2,8378.6,8233.3,-11.0,Winter
M9R,5,2021-02-13 18:00:00,2021-02-13 18:00:00,1,8136.1,8136.1,-10.2,Winter
M9R,6,2021-03-01 18:00:00,2021-03-01 18:00:00,1,7091.7,7091.7,-6.9,Spring
M9R,7,2021-03-06 18:00:00,2021-03-06 19:00:00,2,7301.2,7259.049999999999,-3.3,Spring
M9R,8,2021-03-07 17:00:00,2021-03-07 19:00:00,3,7396.8,7210.0,-2.733333333333333,Spring
M9R,9,2021-03-14 18:00:00,2021-03-14 19:00:00,2,7121.200000000001,7098.050000000001,-3.3,Spring
M9R,10,2021-05-20 16:00:00,2021-05-20 20:00:00,5,7766.400000000001,7640.88,25.2,Spring
M9R,11,2021-05-21 12:00:00,2021-05-21 22:00:00,11,9466.800000000001,8656.236363636364,29.08181818181818,Spring
M9R,12,2021-05-22 09:00:00,2021-05-22 21:00:00,13,8641.3,8155.653846153846,24.22307692307692,Spring
M9R,13,2021-05-23 10:00:00,2021-05-23 18:00:00,9,8086.6,7638.155555555555,21.72222222222222,Spring
M9R,14,2021-05-25 14:00:00,2021-05-25 21:00:00,8,9148.5,8511.4,29.375,Spring
M9R,15,2021-05-26 16:00:00,2021-05-26 18:00:00,3,7425.5,7249.3,23.066666666666663,Spring
M9R,16,2021-06-06 14:00:00,2021-06-06 18:00:00,5,13397.800000000001,13107.940000000002,32.0,Summer
M9R,17,2021-06-07 16:00:00,2021-06-07 17:00:00,2,13046.1,12988.349999999999,30.4,Summer
M9R,18,2021-06-27 15:00:00,2021-06-27 18:00:00,4,13341.9,13177.975,30.4,Summer
M9R,19,2021-06-28 15:00:00,2021-06-28 19:00:00,5,14127.4,13674.420000000002,30.48,Summer
M9R,20,2021-07-06 15:00:00,2021-07-06 18:00:00,4,13932.0,13615.15,31.025,Summer
M9R,21,2021-08-09 16:00:00,2021-08-09 17:00:00,2,13194.300000000001,13178.0,29.45,Summer
M9R,22,2021-08-11 16:00:00,2021-08-11 17:00:00,2,13445.1,13347.75,30.15,Summer
M9R,23,2021-08-19 16:00:00,2021-08-19 17:00:00,2,12956.2,12946.6,30.200000000000003,Summer
M9R,24,2021-08-23 16:00:00,2021-08-23 17:00:00,2,12952.6,12930.849999999999,31.4,Summer
M9R,25,2021-08-24 16:00:00,2021-08-24 19:00:00,4,13320.6,13213.425,31.3,Summer
M9R,26,2021-08-29 14:00:00,2021-08-29 19:00:00,6,13554.7,13132.050000000001,29.733333333333334,Summer
M9R,27,2021-09-05 15:00:00,2021-09-05 16:00:00,2,8116.0,8029.35,25.05,Fall
M9R,28,2021-09-14 17:00:00,2021-09-14 20:00:00,4,8204.4,8027.375,26.925,Fall
M9R,29,2022-01-02 17:00:00,2022-01-02 18:00:00,2,7995.8,7984.1,-7.15,Winter
M9R,30,2022-01-08 17:00:00,2022-01-08 17:00:00,1,7978.8,7978.8,-3.0,Winter
M9R,31,2022-01-09 17:00:00,2022-01-09 17:00:00,1,7990.200000000001,7990.200000000001,-2.3,Winter
M9R,32,2022-01-15 17:00:00,2022-01-15 19:00:00,3,8406.1,8272.9,-15.200000000000001,Winter
M9R,33,2022-01-16 17:00:00,2022-01-16 18:00:00,2,8291.8,8255.05,-4.05,Winter
M9R,34,2022-01-22 17:00:00,2022-01-22 18:00:00,2,8030.5,8010.9,-5.4,Winter
M9R,35,2022-01-23 17:00:00,2022-01-23 18:00:00,2,8256.1,8180.1,-11.9,Winter
M9R,36,2022-01-29 17:00:00,2022-01-29 19:00:00,3,8282.8,8106.5999999999985,-12.366666666666667,Winter
M9R,37,2022-01-30 17:00:00,2022-01-30 18:00:00,2,8191.0,8105.15,-5.35,Winter
M9R,38,2022-02-13 18:00:00,2022-02-13 18:00:00,1,8074.7,8074.7,-10.3,Winter
M9R,39,2022-03-12 18:00:00,2022-03-12 19:00:00,2,7146.1,7106.6,-7.7,Spring
M9R,40,2022-05-14 15:00:00,2022-05-14 20:00:00,6,7714.5,7370.650000000001,22.616666666666664,Spring
M9R,41,2022-05-15 11:00:00,2022-05-15 21:00:00,11,9342.599999999999,8483.6,26.536363636363635,Spring
M9R,42,2022-05-29 16:00:00,2022-05-29 18:00:00,3,7371.1,7211.533333333334,22.8,Spring
M9R,43,2022-05-30 14:00:00,2022-05-30 22:00:00,9,9706.6,8808.022222222222,28.866666666666667,Spring
M9R,44,2022-05-31 10:00:00,2022-05-31 23:00:00,14,11515.400000000001,9689.685714285715,29.714285714285715,Spring
M9R,45,2022-06-22 15:00:00,2022-06-22 18:00:00,4,13378.6,13135.525000000001,31.225,Summer
M9R,46,2022-07-19 16:00:00,2022-07-19 20:00:00,5,13802.699999999999,13408.34,32.739999999999995,Summer
M9R,47,2022-07-23 15:00:00,2022-07-23 18:00:00,4,13717.8,13519.875,31.7,Summer
M9R,48,2022-08-06 15:00:00,2022-08-06 18:00:00,4,13418.9,13253.275,30.925,Summer
M9R,49,2022-08-07 12:00:00,2022-08-07 20:00:00,9,14527.3,13838.400000000001,31.299999999999997,Summer
M9R,50,2022-09-02 15:00:00,2022-09-02 20:00:00,6,9096.399999999998,8602.85,24.900000000000002,Fall
M9R,51,2022-09-03 10:00:00,2022-09-03 21:00:00,12,10544.9,9694.958333333334,27.53333333333333,Fall
M9R,52,2022-09-08 16:00:00,2022-09-08 17:00:00,2,8168.0,8133.85,24.35,Fall
M9R,53,2022-09-09 15:00:00,2022-09-09 18:00:00,4,8608.800000000001,8231.675000000001,24.625,Fall
M9R,54,2022-09-10 11:00:00,2022-09-10 20:00:00,10,9391.6,8683.8,24.75,Fall
M9R,55,2022-09-11 12:00:00,2022-09-11 19:00:00,8,8434.6,8106.5625,22.4,Fall
M9R,56,2022-09-18 15:00:00,2022-09-18 19:00:00,5,8291.1,8132.32,24.44,Fall
M9R,57,2022-09-19 16:00:00,2022-09-19 16:00:00,1,8091.2,8091.2,24.5,Fall
M9R,58,2022-09-21 19:00:00,2022-09-21 19:00:00,1,7910.900000000001,7910.900000000001,24.7,Fall
M9R,59,2022-12-15 17:00:00,2022-12-15 18:00:00,2,8132.6,8066.75,0.75,Winter
M9R,60,2022-12-18 17:00:00,2022-12-18 19:00:00,3,8192.2,8080.2,-0.43333333333333335,Winter
M9R,61,2022-12-23 16:00:00,2022-12-23 21:00:00,6,9005.7,8560.15,-12.950000000000001,Winter
M9R,62,2022-12-24 11:00:00,2022-12-24 20:00:00,10,9583.7,8722.94,-10.4,Winter
M9R,63,2022-12-25 12:00:00,2022-12-25 13:00:00,2,8081.9,8076.1,-5.2,Winter
M9R,64,2022-12-25 16:00:00,2022-12-25 17:00:00,2,8317.4,8219.95,-6.85,Winter
M9R,65,2022-12-26 18:00:00,2022-12-26 18:00:00,1,8006.6,8006.6,-6.1,Winter
M9R,66,2023-01-08 17:00:00,2023-01-08 18:00:00,2,8271.5,8201.7,-2.55,Winter
M9R,67,2023-01-14 17:00:00,2023-01-14 18:00:00,2,8073.2,8030.3,-5.050000000000001,Winter
M9R,68,2023-01-15 17:00:00,2023-01-15 18:00:00,2,8320.9,8283.5,-3.3,Winter
M9R,69,2023-01-22 17:00:00,2023-01-22 17:00:00,1,7968.400000000001,7968.400000000001,-0.4,Winter
M9R,70,2023-01-29 17:00:00,2023-01-29 18:00:00,2,8233.9,8122.9,-3.5,Winter
M9R,71,2023-02-03 18:00:00,2023-02-03 20:00:00,3,8264.1,8184.666666666667,-16.7,Winter
M9R,72,2023-02-04 11:00:00,2023-02-04 12:00:00,2,8130.0,8052.950000000001,-10.899999999999999,Winter
M9R,73,2023-02-04 17:00:00,2023-02-04 19:00:00,3,8442.3,8269.533333333333,-4.8,Winter
M9R,74,2023-02-05 17:00:00,2023-02-05 18:00:00,2,8096.400000000001,8079.8,2.8,Winter
M9R,75,2023-03-03 18:00:00,2023-03-03 20:00:00,3,7331.8,7276.099999999999,-0.4666666666666666,Spring
M9R,76,2023-03-04 18:00:00,2023-03-04 19:00:00,2,7266.799999999999,7263.7,3.15,Spring
M9R,77,2023-03-05 18:00:00,2023-03-05 20:00:00,3,7445.3,7302.733333333333,2.466666666666667,Spring
M9R,78,2023-03-10 18:00:00,2023-03-10 19:00:00,2,7191.7,7127.15,-2.45,Spring
M9R,79,2023-03-11 18:00:00,2023-03-11 19:00:00,2,7127.6,7092.85,-1.9500000000000002,Spring
M9R,80,2023-03-12 16:00:00,2023-03-12 19:00:00,4,7509.4,7335.849999999999,-0.8500000000000001,Spring
M9R,81,2023-03-18 18:00:00,2023-03-18 19:00:00,2,7194.5,7129.35,-5.300000000000001,Spring
M9R,82,2023-03-19 17:00:00,2023-03-19 20:00:00,4,7491.599999999999,7248.3,-0.275,Spring
M9R,83,2023-03-25 11:00:00,2023-03-25 11:00:00,1,7066.599999999999,7066.599999999999,2.7,Spring
M9R,84,2023-03-25 16:00:00,2023-03-25 16:00:00,1,7073.2,7073.2,6.1,Spring
M9R,85,2023-04-02 19:00:00,2023-04-02 19:00:00,1,7213.699999999999,7213.699999999999,0.7,Spring
M9R,86,2023-05-28 16:00:00,2023-05-28 20:00:00,5,7321.6,7226.539999999999,25.259999999999998,Spring
M9R,87,2023-05-29 16:00:00,2023-05-29 20:00:00,5,7578.200000000001,7474.3,22.78,Spring
M9R,88,2023-05-30 15:00:00,2023-05-30 21:00:00,7,8549.3,8136.3,23.67142857142857,Spring
M9R,89,2023-05-31 12:00:00,2023-05-31 23:00:00,12,10732.2,9307.858333333334,27.825,Spring
M9R,90,2023-07-04 16:00:00,2023-07-04 18:00:00,3,13270.500000000002,13075.733333333335,30.3,Summer
M9R,91,2023-07-05 15:00:00,2023-07-05 20:00:00,6,14008.5,13571.783333333333,30.016666666666666,Summer
M9R,92,2023-07-28 16:00:00,2023-07-28 16:00:00,1,12843.699999999999,12843.699999999999,30.9,Summer
M9R,93,2023-09-03 11:00:00,2023-09-03 22:00:00,12,10745.0,9996.891666666666,27.849999999999998,Fall
M9R,94,2023-09-04 09:00:00,2023-09-05 00:00:00,16,14852.6,12285.475,28.84375,Fall
M9R,95,2023-09-05 08:00:00,2023-09-05 23:00:00,16,13803.9,11599.65625,29.0125,Fall
M9R,96,2023-09-06 08:00:00,2023-09-06 23:00:00,16,13883.400000000001,11484.76875,27.5875,Fall
M9R,97,2023-09-07 10:00:00,2023-09-07 21:00:00,12,11105.5,9659.283333333335,23.916666666666668,Fall
M9R,98,2023-09-10 19:00:00,2023-09-10 19:00:00,1,8001.099999999999,8001.099999999999,19.9,Fall
M9R,99,2023-10-02 16:00:00,2023-10-02 19:00:00,4,8120.4,7992.174999999999,23.6,Fall
M9R,100,2023-10-03 14:00:00,2023-10-03 20:00:00,7,9369.5,8876.028571428571,27.471428571428568,Fall
M9R,101,2023-10-04 14:00:00,2023-10-04 20:00:00,7,9177.9,8663.585714285715,23.97142857142857,Fall
M9R,102,2023-11-26 17:00:00,2023-11-26 18:00:00,2,7882.3,7861.75,3.9,Fall
M9R,103,2023-12-03 17:00:00,2023-12-03 18:00:00,2,8164.099999999999,8100.35,2.35,Winter
M9R,104,2023-12-23 17:00:00,2023-12-23 17:00:00,1,8071.700000000001,8071.700000000001,3.8,Winter
M9R,105,2023-12-24 17:00:00,2023-12-24 17:00:00,1,8200.2,8200.2,4.2,Winter
M9R,106,2023-12-31 17:00:00,2023-12-31 18:00:00,2,8208.3,8119.1,0.4,Winter
M9R,107,2024-01-07 17:00:00,2024-01-07 18:00:00,2,8271.6,8240.45,-1.45,Winter
M9R,108,2024-01-13 17:00:00,2024-01-13 18:00:00,2,8238.300000000001,8213.8,-3.0,Winter
M9R,109,2024-01-14 17:00:00,2024-01-14 20:00:00,4,8884.199999999999,8609.625,-9.575,Winter
M9R,110,2024-01-15 17:00:00,2024-01-15 18:00:00,2,8175.8,8153.25,-10.399999999999999,Winter
M9R,111,2024-01-16 17:00:00,2024-01-16 19:00:00,3,8065.2,8036.933333333333,-9.566666666666666,Winter
M9R,112,2024-01-17 17:00:00,2024-01-17 20:00:00,4,8123.1,8056.875,-10.3,Winter
M9R,113,2024-01-20 17:00:00,2024-01-20 19:00:00,3,8656.9,8514.800000000001,-8.333333333333334,Winter
M9R,114,2024-01-21 16:00:00,2024-01-21 20:00:00,5,8583.099999999999,8271.96,-4.8,Winter
M9R,115,2024-01-28 18:00:00,2024-01-28 18:00:00,1,8004.5,8004.5,1.6,Winter
M9R,116,2024-02-04 18:00:00,2024-02-04 18:00:00,1,7998.8,7998.8,1.3,Winter
M9R,117,2024-03-02 18:00:00,2024-03-02 18:00:00,1,7053.3,7053.3,6.0,Spring
M9R,118,2024-03-03 17:00:00,2024-03-03 19:00:00,3,7410.9,7253.233333333334,7.366666666666667,Spring
M9R,119,2024-03-10 16:00:00,2024-03-10 20:00:00,5,7588.5,7419.58,-1.08,Spring
M9R,120,2024-03-20 19:00:00,2024-03-20 19:00:00,1,7151.7,7151.7,-3.8,Spring
M9R,121,2024-03-21 19:00:00,2024-03-21 19:00:00,1,7153.299999999999,7153.299999999999,-4.5,Spring
M9R,122,2024-03-22 18:00:00,2024-03-22 19:00:00,2,7278.000000000001,7215.950000000001,-3.9,Spring
M9R,123,2024-03-23 19:00:00,2024-03-23 19:00:00,1,7054.9,7054.9,-1.9,Spring
M9R,124,2024-03-24 18:00:00,2024-03-24 19:00:00,2,7439.7,7382.1,-1.15,Spring
M9R,125,2024-05-20 14:00:00,2024-05-20 21:00:00,8,8142.5,7774.8125,23.6375,Spring
M9R,126,2024-05-21 14:00:00,2024-05-21 22:00:00,9,9533.800000000001,8784.944444444445,25.666666666666668,Spring
M9R,127,2024-05-22 10:00:00,2024-05-22 22:00:00,13,10346.7,9051.592307692308,26.99230769230769,Spring
M9R,128,2024-05-23 14:00:00,2024-05-23 21:00:00,8,8958.5,8294.5875,23.4375,Spring
M9R,129,2024-05-24 15:00:00,2024-05-24 20:00:00,6,8659.8,8203.916666666666,23.316666666666666,Spring
M9R,130,2024-05-26 17:00:00,2024-05-26 18:00:00,2,7084.9,7067.599999999999,20.549999999999997,Spring
M9R,131,2024-06-18 15:00:00,2024-06-18 17:00:00,3,13296.3,13105.199999999999,30.233333333333334,Summer
M9R,132,2024-06-19 15:00:00,2024-06-19 20:00:00,6,14320.6,13914.066666666666,31.3,Summer
M9R,133,2024-06-20 14:00:00,2024-06-20 16:00:00,3,13210.5,13090.133333333333,28.933333333333334,Summer
M9R,134,2024-07-08 16:00:00,2024-07-08 18:00:00,3,13098.9,12979.1,28.233333333333334,Summer
M9R,135,2024-07-09 17:00:00,2024-07-09 17:00:00,1,12994.6,12994.6,28.6,Summer
M9R,136,2024-07-28 16:00:00,2024-07-28 17:00:00,2,13266.3,13139.849999999999,27.450000000000003,Summer
M9R,137,2024-07-29 16:00:00,2024-07-29 17:00:00,2,13352.000000000002,13317.2,27.5,Summer
M9R,138,2024-07-31 16:00:00,2024-07-31 20:00:00,5,13438.4,13109.939999999999,29.46,Summer
M9R,139,2024-08-01 16:00:00,2024-08-01 18:00:00,3,13254.0,13109.366666666667,28.0,Summer
M9R,140,2024-08-02 17:00:00,2024-08-02 17:00:00,1,13029.5,13029.5,28.2,Summer
M9R,141,2024-08-03 17:00:00,2024-08-03 17:00:00,1,12881.399999999998,12881.399999999998,29.9,Summer
M9R,142,2024-08-27 16:00:00,2024-08-27 19:00:00,4,13338.1,13214.775,29.125,Summer
M9R,143,2024-09-01 10:00:00,2024-09-01 18:00:00,9,9440.6,8828.633333333333,23.533333333333335,Fall
M9R,144,2024-09-05 16:00:00,2024-09-05 19:00:00,4,8325.699999999999,8117.7,21.875,Fall
M9R,145,2024-09-13 15:00:00,2024-09-13 19:00:00,5,8277.3,8074.460000000001,23.14,Fall
M9R,146,2024-09-14 12:00:00,2024-09-14 19:00:00,8,9128.3,8532.5875,23.775,Fall
M9R,147,2024-09-15 11:00:00,2024-09-15 21:00:00,11,10912.099999999999,9654.727272727272,24.91818181818182,Fall
M9R,148,2024-09-16 13:00:00,2024-09-16 20:00:00,8,10486.800000000001,9570.5,25.7375,Fall
M9R,149,2024-09-17 15:00:00,2024-09-17 19:00:00,5,8605.9,8321.36,23.22,Fall
M9R,150,2024-09-18 16:00:00,2024-09-18 19:00:00,4,8396.699999999999,8248.4,23.025,Fall
M9R,151,2024-09-19 14:00:00,2024-09-19 20:00:00,7,9451.7,8695.528571428571,23.75714285714286,Fall
M9R,152,2024-09-20 16:00:00,2024-09-20 16:00:00,1,7842.200000000001,7842.200000000001,23.4,Fall
M9R,153,2024-09-20 19:00:00,2024-09-20 19:00:00,1,7884.3,7884.3,21.5,Fall
M9R,154,2024-09-21 13:00:00,2024-09-21 18:00:00,6,8820.8,8477.033333333333,23.333333333333332,Fall
M9R,155,2024-09-22 14:00:00,2024-09-22 19:00:00,6,8552.9,8282.983333333332,21.933333333333334,Fall
M9R,156,2024-09-29 13:00:00,2024-09-29 19:00:00,7,8269.4,8099.9857142857145,21.62857142857143,Fall
M9R,157,2024-12-01 17:00:00,2024-12-01 18:00:00,2,8147.0,8092.35,-2.8,Winter
M9R,158,2024-12-14 17:00:00,2024-12-14 18:00:00,2,8131.1,8097.8,-1.6,Winter
M9R,159,2024-12-15 17:00:00,2024-12-15 18:00:00,2,8209.8,8138.699999999999,1.25,Winter
M9R,160,2024-12-21 16:00:00,2024-12-21 20:00:00,5,8760.9,8411.22,-9.78,Winter
M9R,161,2024-12-22 16:00:00,2024-12-22 21:00:00,6,8992.1,8590.283333333333,-10.549999999999999,Winter
M9R,162,2024-12-23 17:00:00,2024-12-23 20:00:00,4,8450.900000000001,8218.2,-1.1,Winter
M9R,163,2024-12-24 16:00:00,2024-12-24 18:00:00,3,8459.5,8242.3,-0.8666666666666667,Winter
M9R,164,2024-12-25 15:00:00,2024-12-25 16:00:00,2,8128.5,8106.95,-1.35,Winter
M9R,165,2024-12-31 17:00:00,2024-12-31 18:00:00,2,8360.1,8228.85,3.8,Winter
M9R,166,2025-01-03 20:00:00,2025-01-03 20:00:00,1,7998.8,7998.8,-4.2,Winter
M9R,167,2025-01-04 17:00:00,2025-01-04 20:00:00,4,8833.9,8579.675,-4.825,Winter
M9R,168,2025-01-05 16:00:00,2025-01-05 19:00:00,4,8595.8,8357.15,-3.25,Winter
M9R,169,2025-01-06 17:00:00,2025-01-06 21:00:00,5,8535.1,8436.34,-9.26,Winter
M9R,170,2025-01-07 18:00:00,2025-01-07 19:00:00,2,8474.1,8251.65,-6.949999999999999,Winter
M9R,171,2025-01-08 17:00:00,2025-01-08 21:00:00,5,8654.4,8437.3,-8.42,Winter
M9R,172,2025-01-09 17:00:00,2025-01-09 18:00:00,2,8460.7,8329.8,-6.949999999999999,Winter
M9R,173,2025-01-09 20:00:00,2025-01-09 21:00:00,2,8600.7,8408.45,-9.4,Winter
M9R,174,2025-01-12 17:00:00,2025-01-12 19:00:00,3,8342.0,8211.966666666667,-0.19999999999999998,Winter
M9R,175,2025-01-15 17:00:00,2025-01-15 21:00:00,5,8461.0,8312.74,-5.96,Winter
M9R,176,2025-01-18 17:00:00,2025-01-18 20:00:00,4,8442.1,8206.025000000001,-3.9,Winter
M9R,177,2025-01-19 17:00:00,2025-01-19 19:00:00,3,8667.9,8501.0,-6.833333333333333,Winter
M9R,178,2025-01-20 17:00:00,2025-01-20 21:00:00,5,8771.1,8363.68,-13.38,Winter
M9R,179,2025-01-21 17:00:00,2025-01-21 20:00:00,4,8418.599999999999,8305.125,-14.025,Winter
M9R,180,2025-01-22 17:00:00,2025-01-22 21:00:00,5,8424.3,8332.48,-11.120000000000001,Winter
M9R,181,2025-01-23 18:00:00,2025-01-23 18:00:00,1,8417.9,8417.9,-5.7,Winter
M9R,182,2025-01-23 21:00:00,2025-01-23 21:00:00,1,7999.799999999999,7999.799999999999,-6.1,Winter
M9R,183,2025-01-25 14:00:00,2025-01-25 14:00:00,1,8012.9,8012.9,-2.9,Winter
M9R,184,2025-01-25 16:00:00,2025-01-25 21:00:00,6,8790.0,8386.699999999999,-2.9166666666666665,Winter
M9R,185,2025-01-26 17:00:00,2025-01-26 19:00:00,3,8455.4,8318.6,-2.6999999999999997,Winter
M9R,186,2025-01-27 17:00:00,2025-01-27 20:00:00,4,8323.1,8251.275,-0.775,Winter
M9R,187,2025-02-01 17:00:00,2025-02-01 19:00:00,3,8257.3,8089.766666666666,-10.433333333333334,Winter
M9R,188,2025-02-02 17:00:00,2025-02-02 20:00:00,4,8528.800000000001,8298.5,-4.425,Winter
M9R,189,2025-02-08 18:00:00,2025-02-08 18:00:00,1,8104.9,8104.9,-2.4,Winter
M9R,190,2025-02-09 17:00:00,2025-02-09 18:00:00,2,8355.9,8270.8,-3.05,Winter
M9R,191,2025-02-12 18:00:00,2025-02-12 19:00:00,2,8112.200000000001,8109.700000000001,-6.949999999999999,Winter
M9R,192,2025-02-15 17:00:00,2025-02-15 18:00:00,2,8158.7,8091.549999999999,-2.2,Winter
M9R,193,2025-02-16 17:00:00,2025-02-16 19:00:00,3,8385.6,8215.199999999999,-6.8999999999999995,Winter
M9R,194,2025-02-17 17:00:00,2025-02-17 20:00:00,4,8378.6,8178.1,-10.6,Winter
M9R,195,2025-02-18 19:00:00,2025-02-18 19:00:00,1,8048.9,8048.9,-10.5,Winter
M9R,196,2025-02-23 18:00:00,2025-02-23 19:00:00,2,8082.1,8080.4,-0.05000000000000002,Winter
M9R,197,2025-03-01 17:00:00,2025-03-01 20:00:00,4,7625.8,7507.425,-9.45,Spring
M9R,198,2025-03-02 00:00:00,2025-03-02 00:00:00,1,11042.3,11042.3,-11.1,Spring
M9R,199,2025-03-02 11:00:00,2025-03-02 21:00:00,11,8553.4,7862.3545454545465,-6.5181818181818185,Spring
M9R,200,2025-03-03 17:00:00,2025-03-03 21:00:00,5,7497.7,7282.24,1.1800000000000002,Spring
M9R,201,2025-03-04 19:00:00,2025-03-04 19:00:00,1,7063.4,7063.4,5.0,Spring
M9R,202,2025-03-06 17:00:00,2025-03-06 21:00:00,5,7517.3,7298.9800000000005,-1.7399999999999998,Spring
M9R,203,2025-03-07 19:00:00,2025-03-07 19:00:00,1,7094.5,7094.5,-1.0,Spring
M9R,204,2025-03-08 17:00:00,2025-03-08 20:00:00,4,7424.1,7247.675,-2.225,Spring
M9R,205,2025-03-09 17:00:00,2025-03-09 20:00:00,4,7390.8,7228.175,6.05,Spring
M9R,206,2025-03-23 17:00:00,2025-03-23 20:00:00,4,7591.0,7379.275,-1.65,Spring
M9R,207,2025-03-29 15:00:00,2025-03-29 19:00:00,5,7377.0,7278.58,-0.1,Spring
M9R,208,2025-03-30 16:00:00,2025-03-30 19:00:00,4,7319.1,7289.1,3.425,Spring
M9R,209,2025-04-02 16:00:00,2025-04-02 19:00:00,4,7339.7,7225.15,0.525,Spring
M9R,210,2025-04-06 19:00:00,2025-04-06 19:00:00,1,7098.900000000001,7098.900000000001,3.3,Spring
M9R,211,2025-04-08 19:00:00,2025-04-08 19:00:00,1,7215.3,7215.3,-2.3,Spring
M9R,212,2025-05-16 18:00:00,2025-05-16 20:00:00,3,7301.3,7176.833333333333,24.166666666666668,Spring
M9R,213,2025-06-22 10:00:00,2025-06-22 22:00:00,13,15662.499999999998,14584.576923076924,32.392307692307696,Summer
M9R,214,2025-06-23 11:00:00,2025-06-23 22:00:00,12,16243.6,14966.300000000001,33.300000000000004,Summer
M9R,215,2025-06-24 10:00:00,2025-06-24 21:00:00,12,15898.8,14932.541666666666,32.775,Summer
M9R,216,2025-06-25 14:00:00,2025-06-25 20:00:00,7,14730.6,13936.942857142858,28.24285714285714,Summer
M9R,217,2025-07-05 15:00:00,2025-07-05 16:00:00,2,13105.0,13007.150000000001,28.5,Summer
M9R,218,2025-07-06 11:00:00,2025-07-06 21:00:00,11,15369.0,14578.472727272729,32.518181818181816,Summer
M9R,219,2025-07-07 15:00:00,2025-07-07 17:00:00,3,13452.3,13221.733333333332,26.599999999999998,Summer
M9R,220,2025-07-11 16:00:00,2025-07-11 17:00:00,2,13172.600000000002,13089.25,30.75,Summer
M9R,221,2025-07-12 11:00:00,2025-07-12 21:00:00,11,14941.2,14119.581818181818,31.20909090909091,Summer
M9R,222,2025-07-13 13:00:00,2025-07-13 19:00:00,7,14519.6,13779.085714285715,30.02857142857143,Summer
M9R,223,2025-07-14 15:00:00,2025-07-14 18:00:00,4,13517.4,13233.6,27.675,Summer
M9R,224,2025-07-15 15:00:00,2025-07-15 20:00:00,6,14210.4,13799.016666666668,30.416666666666668,Summer
M9R,225,2025-07-16 13:00:00,2025-07-16 20:00:00,8,14404.0,13838.925,29.95,Summer
M9R,226,2025-07-24 15:00:00,2025-07-24 19:00:00,5,14387.500000000002,13928.36,32.06,Summer
M9R,227,2025-07-25 16:00:00,2025-07-25 17:00:00,2,13270.5,13252.25,29.299999999999997,Summer
M9R,228,2025-07-27 12:00:00,2025-07-27 20:00:00,9,15280.0,14323.144444444444,30.32222222222222,Summer
M9R,229,2025-07-28 13:00:00,2025-07-28 21:00:00,9,15292.699999999999,14563.544444444444,31.377777777777776,Summer
M9R,230,2025-07-29 14:00:00,2025-07-29 20:00:00,7,14666.7,13971.457142857142,29.900000000000002,Summer
M9R,231,2025-07-30 16:00:00,2025-07-30 16:00:00,1,12911.9,12911.9,29.6,Summer
M9R,232,2025-08-09 12:00:00,2025-08-09 19:00:00,8,14168.5,13670.875,30.725,Summer
M9R,233,2025-08-10 11:00:00,2025-08-10 20:00:00,10,14760.6,14106.95,30.630000000000003,Summer
M9R,234,2025-08-11 12:00:00,2025-08-11 20:00:00,9,14795.8,14066.066666666668,31.144444444444446,Summer
M9R,235,2025-08-12 13:00:00,2025-08-12 14:00:00,2,13101.6,13088.400000000001,33.0,Summer
M9R,236,2025-08-12 18:00:00,2025-08-12 18:00:00,1,12944.1,12944.1,27.5,Summer
M9R,237,2025-08-13 16:00:00,2025-08-13 16:00:00,1,12953.0,12953.0,29.4,Summer
M9R,238,2025-08-15 16:00:00,2025-08-15 16:00:00,1,12868.8,12868.8,28.8,Summer
M9R,239,2025-08-16 13:00:00,2025-08-16 17:00:00,5,13621.300000000001,13344.0,29.7,Summer
M9R,240,2025-09-01 16:00:00,2025-09-01 17:00:00,2,7938.0,7909.15,23.35,Fall
M9R,241,2025-09-02 16:00:00,2025-09-02 17:00:00,2,7969.5,7904.7,23.3,Fall
M9R,242,2025-09-03 16:00:00,2025-09-03 17:00:00,2,8040.099999999999,8006.049999999999,26.1,Fall
M9R,243,2025-09-03 19:00:00,2025-09-03 19:00:00,1,7964.699999999999,7964.699999999999,23.9,Fall
M9R,244,2025-09-14 15:00:00,2025-09-14 20:00:00,6,8649.9,8342.199999999999,23.083333333333332,Fall
M9R,245,2025-09-15 16:00:00,2025-09-15 17:00:00,2,7949.599999999999,7940.75,23.1,Fall
M9R,246,2025-09-18 15:00:00,2025-09-18 19:00:00,5,8357.300000000001,8178.76,26.3,Fall
M9R,247,2025-09-23 18:00:00,2025-09-23 18:00:00,1,7836.7,7836.7,22.4,Fall
M9R,248,2025-09-28 16:00:00,2025-09-28 17:00:00,2,7977.9,7915.65,23.05,Fall
M9R,249,2025-10-05 13:00:00,2025-10-05 19:00:00,7,8761.5,8488.699999999999,25.900000000000002,Fall
M9R,250,2025-10-06 16:00:00,2025-10-06 19:00:00,4,8277.0,8229.35,25.775,Fall
M9R,251,2025-11-09 17:00:00,2025-11-09 19:00:00,3,8380.6,8148.200000000001,-1.7666666666666666,Fall
M9R,252,2025-11-16 17:00:00,2025-11-16 18:00:00,2,8018.9,7949.3,0.9,Fall
M9R,253,2025-11-30 16:00:00,2025-11-30 19:00:00,4,8429.8,8132.575,1.5,Fall
M9R,254,2025-12-06 17:00:00,2025-12-06 18:00:00,2,8164.2,8091.0,0.25,Winter
M9R,255,2025-12-07 17:00:00,2025-12-07 20:00:00,4,8561.6,8342.275,-3.35,Winter
M9R,256,2025-12-08 17:00:00,2025-12-08 18:00:00,2,8040.900000000001,8026.6,-4.7,Winter
M9R,257,2025-12-11 18:00:00,2025-12-11 19:00:00,2,8003.900000000001,8002.05,-7.85,Winter
M9R,258,2025-12-13 17:00:00,2025-12-13 19:00:00,3,8288.099999999999,8171.866666666666,-6.266666666666667,Winter
M9R,259,2025-12-14 16:00:00,2025-12-14 21:00:00,6,8904.2,8513.733333333334,-9.799999999999999,Winter
M9R,260,2025-12-15 17:00:00,2025-12-15 20:00:00,4,8231.4,8181.9,-5.65,Winter
M9R,261,2025-12-16 19:00:00,2025-12-16 19:00:00,1,7972.400000000001,7972.400000000001,-1.2,Winter
M9R,262,2025-12-20 17:00:00,2025-12-20 18:00:00,2,8262.6,8141.5,3.25,Winter
M9R,263,2025-12-21 17:00:00,2025-12-21 20:00:00,4,8520.099999999999,8317.7,-3.725,Winter
M9R,264,2025-12-24 17:00:00,2025-12-24 17:00:00,1,8156.6,8156.6,0.2,Winter
M9R,265,2025-12-26 17:00:00,2025-12-26 18:00:00,2,8175.400000000001,8160.900000000001,-3.3,Winter
M9R,266,2025-12-27 17:00:00,2025-12-27 18:00:00,2,8142.800000000001,8109.050000000001,-5.85,Winter
M9R,267,2025-12-28 17:00:00,2025-12-28 18:00:00,2,8359.7,8257.55,0.55,Winter
M9R,268,2025-12-29 17:00:00,2025-12-29 18:00:00,2,8115.6,8055.65,-6.199999999999999,Winter
M9R,269,2025-12-30 17:00:00,2025-12-30 19:00:00,3,8125.700000000001,8070.533333333334,-5.333333333333333,Winter
M9R,270,2025-12-31 16:00:00,2025-12-31 19:00:00,4,8507.9,8195.5,-5.275,Winter
M9W,1,2022-05-31 15:00:00,2022-05-31 20:00:00,6,18303.9,17921.733333333334,30.316666666666666,Spring
M9W,2,2022-12-24 17:00:00,2022-12-24 18:00:00,2,19462.4,19172.5,-10.25,Winter
M9W,3,2023-01-13 17:00:00,2023-01-13 17:00:00,1,18725.2,18725.2,-4.7,Winter
M9W,4,2023-01-14 18:00:00,2023-01-14 18:00:00,1,18721.2,18721.2,-5.4,Winter
M9W,5,2023-01-15 17:00:00,2023-01-15 18:00:00,2,18990.5,18868.1,-3.3,Winter
M9W,6,2023-01-29 18:00:00,2023-01-29 18:00:00,1,18857.2,18857.2,-3.8,Winter
M9W,7,2023-01-31 18:00:00,2023-01-31 18:00:00,1,18841.2,18841.2,-8.1,Winter
M9W,8,2023-02-01 18:00:00,2023-02-01 18:00:00,1,18994.100000000002,18994.100000000002,-5.9,Winter
M9W,9,2023-02-03 11:00:00,2023-02-03 21:00:00,11,20316.300000000003,19422.363636363636,-16.79090909090909,Winter
M9W,10,2023-02-04 10:00:00,2023-02-04 19:00:00,10,20175.0,19512.23,-7.69,Winter
M9W,11,2023-03-01 11:00:00,2023-03-01 13:00:00,3,17453.0,17311.266666666666,1.5666666666666667,Spring
M9W,12,2023-03-01 18:00:00,2023-03-01 19:00:00,2,17289.9,17288.35,0.9500000000000001,Spring
M9W,13,2023-03-03 11:00:00,2023-03-03 13:00:00,3,17357.5,17273.399999999998,-0.4000000000000001,Spring
M9W,14,2023-03-03 17:00:00,2023-03-03 20:00:00,4,17648.8,17416.25,-0.24999999999999997,Spring
M9W,15,2023-03-04 18:00:00,2023-03-04 18:00:00,1,16998.199999999997,16998.199999999997,3.5,Spring
M9W,16,2023-03-05 18:00:00,2023-03-05 19:00:00,2,17325.2,17151.25,3.0,Spring
M9W,17,2023-03-06 18:00:00,2023-03-06 19:00:00,2,17108.0,17054.6,1.35,Spring
M9W,18,2023-03-07 18:00:00,2023-03-07 19:00:00,2,17392.8,17238.949999999997,0.95,Spring
M9W,19,2023-03-08 18:00:00,2023-03-08 19:00:00,2,17304.100000000002,17136.4,-0.25,Spring
M9W,20,2023-03-10 11:00:00,2023-03-10 14:00:00,4,17445.9,17319.725,-1.75,Spring
M9W,21,2023-03-10 18:00:00,2023-03-10 20:00:00,3,17498.0,17272.966666666664,-2.3666666666666667,Spring
M9W,22,2023-03-11 19:00:00,2023-03-11 19:00:00,1,17128.8,17128.8,-2.2,Spring
M9W,23,2023-03-12 12:00:00,2023-03-12 12:00:00,1,17023.5,17023.5,-1.2,Spring
M9W,24,2023-03-12 17:00:00,2023-03-12 19:00:00,3,17580.3,17435.166666666668,-1.0666666666666667,Spring
M9W,25,2023-03-13 11:00:00,2023-03-13 11:00:00,1,17039.1,17039.1,-0.4,Spring
M9W,26,2023-03-13 18:00:00,2023-03-13 19:00:00,2,16971.1,16969.5,-1.3,Spring
M9W,27,2023-03-14 09:00:00,2023-03-14 15:00:00,7,17706.4,17308.157142857144,-2.8714285714285714,Spring
M9W,28,2023-03-14 18:00:00,2023-03-14 19:00:00,2,17454.2,17271.35,-2.35,Spring
M9W,29,2023-03-15 11:00:00,2023-03-15 11:00:00,1,17072.7,17072.7,0.3,Spring
M9W,30,2023-03-18 19:00:00,2023-03-18 19:00:00,1,17240.0,17240.0,-5.7,Spring
M9W,31,2023-03-19 11:00:00,2023-03-19 12:00:00,2,17225.3,17192.15,-1.55,Spring
M9W,32,2023-03-19 18:00:00,2023-03-19 19:00:00,2,17574.6,17326.85,-0.25,Spring
M9W,33,2023-03-25 10:00:00,2023-03-25 14:00:00,5,17588.300000000003,17247.9,2.96,Spring
M9W,34,2023-03-31 11:00:00,2023-03-31 11:00:00,1,17022.7,17022.7,2.2,Spring
M9W,35,2023-05-29 12:00:00,2023-05-29 18:00:00,7,18190.8,17640.0,23.728571428571428,Spring
M9W,36,2023-05-30 11:00:00,2023-05-30 20:00:00,10,20335.600000000002,19167.489999999998,24.86,Spring
M9W,37,2023-05-31 09:00:00,2023-05-31 22:00:00,14,23875.9,21438.971428571425,27.842857142857145,Spring
M9W,38,2023-07-04 16:00:00,2023-07-04 16:00:00,1,27381.5,27381.5,30.6,Summer
M9W,39,2023-07-05 11:00:00,2023-07-05 18:00:00,8,29045.300000000003,28299.3125,30.3375,Summer
M9W,40,2023-07-06 11:00:00,2023-07-06 12:00:00,2,28225.5,27763.4,28.4,Summer
M9W,41,2023-07-27 16:00:00,2023-07-27 16:00:00,1,26862.9,26862.9,28.9,Summer
M9W,42,2023-07-28 14:00:00,2023-07-28 16:00:00,3,28123.699999999997,27800.03333333333,30.03333333333333,Summer
M9W,43,2023-09-03 10:00:00,2023-09-03 22:00:00,13,22900.1,21075.046153846153,27.715384615384615,Fall
M9W,44,2023-09-04 09:00:00,2023-09-04 23:00:00,15,28494.6,25000.766666666666,29.28666666666667,Fall
M9W,45,2023-09-05 08:00:00,2023-09-05 23:00:00,16,29812.199999999997,26052.2375,29.0125,Fall
M9W,46,2023-09-06 07:00:00,2023-09-06 22:00:00,16,29740.499999999996,25623.631250000002,27.64375,Fall
M9W,47,2023-09-07 08:00:00,2023-09-07 20:00:00,13,24922.6,22365.715384615385,24.207692307692305,Fall
M9W,48,2023-09-11 13:00:00,2023-09-11 15:00:00,3,18444.8,18391.36666666667,22.433333333333334,Fall
M9W,49,2023-10-02 12:00:00,2023-10-02 18:00:00,7,19690.8,18907.028571428575,25.099999999999998,Fall
M9W,50,2023-10-03 11:00:00,2023-10-03 20:00:00,10,22253.4,20774.86,27.8,Fall
M9W,51,2023-10-04 10:00:00,2023-10-04 19:00:00,10,22256.3,20442.05,24.93,Fall
M9W,52,2023-11-20 17:00:00,2023-11-20 17:00:00,1,18145.899999999998,18145.899999999998,-1.2,Fall
M9W,53,2023-11-27 16:00:00,2023-11-27 17:00:00,2,18327.2,18253.199999999997,-0.75,Fall
M9W,54,2023-11-28 17:00:00,2023-11-28 19:00:00,3,18867.899999999998,18494.766666666666,-3.6666666666666665,Fall
M9W,55,2023-11-29 15:00:00,2023-11-29 19:00:00,5,18999.5,18521.98,-0.76,Fall
M9W,56,2023-12-21 17:00:00,2023-12-21 17:00:00,1,18762.6,18762.6,-3.9,Winter
M9W,57,2024-01-04 17:00:00,2024-01-04 18:00:00,2,18913.9,18840.55,-4.8,Winter
M9W,58,2024-01-06 17:00:00,2024-01-06 18:00:00,2,18925.300000000003,18834.9,-0.7,Winter
M9W,59,2024-01-07 17:00:00,2024-01-07 18:00:00,2,18882.7,18872.050000000003,-1.45,Winter
M9W,60,2024-01-13 17:00:00,2024-01-13 18:00:00,2,19094.0,19061.3,-3.0,Winter
M9W,61,2024-01-14 17:00:00,2024-01-14 20:00:00,4,20290.2,19887.95,-9.575,Winter
M9W,62,2024-01-15 12:00:00,2024-01-15 13:00:00,2,18744.5,18737.85,-9.45,Winter
M9W,63,2024-01-15 16:00:00,2024-01-15 20:00:00,5,20040.1,19511.82,-10.559999999999999,Winter
M9W,64,2024-01-16 12:00:00,2024-01-16 13:00:00,2,18880.6,18852.0,-8.05,Winter
M9W,65,2024-01-16 16:00:00,2024-01-16 20:00:00,5,19975.7,19484.420000000002,-9.52,Winter
M9W,66,2024-01-17 10:00:00,2024-01-17 20:00:00,11,20378.5,19490.581818181818,-10.263636363636364,Winter
M9W,67,2024-01-18 11:00:00,2024-01-18 13:00:00,3,19040.300000000003,18908.633333333335,-5.2,Winter
M9W,68,2024-01-18 17:00:00,2024-01-18 19:00:00,3,19326.6,19160.366666666665,-4.966666666666667,Winter
M9W,69,2024-01-19 11:00:00,2024-01-19 20:00:00,10,19724.3,19220.14,-10.39,Winter
M9W,70,2024-01-20 11:00:00,2024-01-20 20:00:00,10,20450.199999999997,19779.52,-9.809999999999999,Winter
M9W,71,2024-01-21 16:00:00,2024-01-21 20:00:00,5,20156.1,19512.7,-4.8,Winter
M9W,72,2024-01-22 12:00:00,2024-01-22 13:00:00,2,18931.699999999997,18877.949999999997,-2.6500000000000004,Winter
M9W,73,2024-01-22 17:00:00,2024-01-22 18:00:00,2,19434.4,19324.85,-1.5,Winter
M9W,74,2024-01-23 17:00:00,2024-01-23 17:00:00,1,18769.0,18769.0,0.3,Winter
M9W,75,2024-03-02 18:00:00,2024-03-02 18:00:00,1,17061.7,17061.7,6.0,Spring
M9W,76,2024-03-03 18:00:00,2024-03-03 19:00:00,2,17176.0,17142.3,7.300000000000001,Spring
M9W,77,2024-03-06 18:00:00,2024-03-06 18:00:00,1,16964.5,16964.5,5.0,Spring
M9W,78,2024-03-10 16:00:00,2024-03-10 20:00:00,5,17902.7,17515.36,-1.08,Spring
M9W,79,2024-03-18 12:00:00,2024-03-18 12:00:00,1,17037.6,17037.6,1.9,Spring
M9W,80,2024-03-18 18:00:00,2024-03-18 19:00:00,2,17166.2,17134.800000000003,0.0,Spring
M9W,81,2024-03-19 11:00:00,2024-03-19 16:00:00,6,17318.8,17171.1,0.2833333333333334,Spring
M9W,82,2024-03-19 18:00:00,2024-03-19 19:00:00,2,17323.5,17185.6,0.45,Spring
M9W,83,2024-03-20 11:00:00,2024-03-20 11:00:00,1,17007.8,17007.8,-0.3,Spring
M9W,84,2024-03-20 18:00:00,2024-03-20 19:00:00,2,17453.9,17276.2,-3.4,Spring
M9W,85,2024-03-21 09:00:00,2024-03-21 16:00:00,8,17603.4,17270.85,-2.75,Spring
M9W,86,2024-03-21 18:00:00,2024-03-21 19:00:00,2,17602.5,17393.5,-4.0,Spring
M9W,87,2024-03-22 09:00:00,2024-03-22 19:00:00,11,17998.7,17530.47272727273,-3.909090909090909,Spring
M9W,88,2024-03-23 11:00:00,2024-03-23 11:00:00,1,17127.300000000003,17127.300000000003,-2.5,Spring
M9W,89,2024-03-23 19:00:00,2024-03-23 19:00:00,1,17290.9,17290.9,-1.9,Spring
M9W,90,2024-03-24 18:00:00,2024-03-24 19:00:00,2,17232.2,17119.15,-1.15,Spring
M9W,91,2024-04-04 11:00:00,2024-04-04 11:00:00,1,16965.8,16965.8,2.8,Spring
M9W,92,2024-05-20 15:00:00,2024-05-20 20:00:00,6,17675.8,17342.683333333334,23.683333333333334,Spring
M9W,93,2024-05-21 10:00:00,2024-05-21 21:00:00,12,21202.6,19672.066666666666,25.833333333333332,Spring
M9W,94,2024-05-22 08:00:00,2024-05-22 22:00:00,15,22823.800000000003,21014.52,26.733333333333334,Spring
M9W,95,2024-05-23 09:00:00,2024-05-23 20:00:00,12,19625.2,18497.066666666666,23.708333333333332,Spring
M9W,96,2024-05-24 11:00:00,2024-05-24 19:00:00,9,19268.0,18440.21111111111,24.58888888888889,Spring
M9W,97,2024-06-18 13:00:00,2024-06-18 17:00:00,5,28859.7,27991.2,30.6,Summer
M9W,98,2024-06-19 12:00:00,2024-06-19 19:00:00,8,30178.2,28840.9,32.6875,Summer
M9W,99,2024-06-20 11:00:00,2024-06-20 15:00:00,5,28608.6,27944.78,29.26,Summer
M9W,100,2024-07-09 14:00:00,2024-07-09 17:00:00,4,27840.5,27158.775,28.475,Summer
M9W,101,2024-07-29 12:00:00,2024-07-29 17:00:00,6,28161.199999999997,27685.516666666666,27.566666666666666,Summer
M9W,102,2024-07-30 11:00:00,2024-07-30 15:00:00,5,29150.1,28143.559999999998,27.68,Summer
M9W,103,2024-07-31 12:00:00,2024-07-31 18:00:00,7,29282.5,28436.242857142857,30.099999999999998,Summer
M9W,104,2024-08-01 13:00:00,2024-08-01 17:00:00,5,28826.6,28162.48,28.68,Summer
M9W,105,2024-08-02 13:00:00,2024-08-02 17:00:00,5,28010.700000000004,27466.68,27.560000000000002,Summer
M9W,106,2024-08-27 14:00:00,2024-08-27 17:00:00,4,27961.7,27651.125,30.225,Summer
M9W,107,2024-09-01 10:00:00,2024-09-01 15:00:00,6,19339.0,18985.45,24.25,Fall
M9W,108,2024-09-04 15:00:00,2024-09-04 16:00:00,2,18403.4,18373.75,23.5,Fall
M9W,109,2024-09-05 13:00:00,2024-09-05 17:00:00,5,19623.7,19034.379999999997,23.36,Fall
M9W,110,2024-09-12 15:00:00,2024-09-12 16:00:00,2,18553.1,18486.4,23.55,Fall
M9W,111,2024-09-13 12:00:00,2024-09-13 17:00:00,6,20094.9,19430.45,24.616666666666664,Fall
M9W,112,2024-09-14 11:00:00,2024-09-14 19:00:00,9,20390.5,19451.833333333332,23.533333333333335,Fall
M9W,113,2024-09-15 11:00:00,2024-09-15 20:00:00,10,22148.3,20950.95,25.31,Fall
M9W,114,2024-09-16 10:00:00,2024-09-16 20:00:00,11,22797.8,20944.78181818182,25.872727272727275,Fall
M9W,115,2024-09-17 11:00:00,2024-09-17 17:00:00,7,20150.8,19468.242857142857,24.342857142857145,Fall
M9W,116,2024-09-18 12:00:00,2024-09-18 19:00:00,8,20594.7,19220.125,23.5375,Fall
M9W,117,2024-09-19 11:00:00,2024-09-19 19:00:00,9,21729.2,20221.933333333334,24.4,Fall
M9W,118,2024-09-20 11:00:00,2024-09-20 16:00:00,6,19719.9,18957.25,24.25,Fall
M9W,119,2024-09-21 11:00:00,2024-09-21 17:00:00,7,20079.8,19174.600000000002,23.857142857142858,Fall
M9W,120,2024-09-29 13:00:00,2024-09-29 13:00:00,1,18327.9,18327.9,23.6,Fall
M9W,121,2024-11-30 17:00:00,2024-11-30 17:00:00,1,18182.2,18182.2,-1.9,Fall
M9W,122,2024-12-04 17:00:00,2024-12-04 17:00:00,1,18714.9,18714.9,-0.4,Winter
M9W,123,2024-12-07 17:00:00,2024-12-07 17:00:00,1,18725.0,18725.0,-0.3,Winter
M9W,124,2024-12-12 17:00:00,2024-12-12 18:00:00,2,19127.6,18988.8,-6.2,Winter
M9W,125,2024-12-14 17:00:00,2024-12-14 17:00:00,1,18815.0,18815.0,-1.6,Winter
M9W,126,2024-12-21 17:00:00,2024-12-21 19:00:00,3,19687.8,19407.100000000002,-10.033333333333333,Winter
M9W,127,2024-12-22 17:00:00,2024-12-22 20:00:00,4,19916.6,19535.35,-10.85,Winter
M9W,128,2024-12-23 17:00:00,2024-12-23 18:00:00,2,19147.8,19002.85,-1.55,Winter
M9W,129,2025-01-04 17:00:00,2025-01-04 18:00:00,2,19066.8,18994.9,-4.9,Winter
M9W,130,2025-01-05 17:00:00,2025-01-05 18:00:00,2,19178.0,19130.2,-3.35,Winter
M9W,131,2025-01-06 12:00:00,2025-01-06 13:00:00,2,18849.4,18843.550000000003,-8.75,Winter
M9W,132,2025-01-06 16:00:00,2025-01-06 19:00:00,4,19603.3,19144.675,-9.425,Winter
M9W,133,2025-01-07 17:00:00,2025-01-07 19:00:00,3,19341.5,19179.066666666666,-6.7,Winter
M9W,134,2025-01-08 16:00:00,2025-01-08 20:00:00,5,19683.1,19180.3,-8.22,Winter
M9W,135,2025-01-09 17:00:00,2025-01-09 19:00:00,3,19292.7,19183.033333333336,-7.233333333333333,Winter
M9W,136,2025-01-10 17:00:00,2025-01-10 17:00:00,1,18820.0,18820.0,-2.9,Winter
M9W,137,2025-01-12 18:00:00,2025-01-12 18:00:00,1,18731.5,18731.5,-0.3,Winter
M9W,138,2025-01-14 17:00:00,2025-01-14 19:00:00,3,19328.2,19120.86666666667,-8.700000000000001,Winter
M9W,139,2025-01-15 17:00:00,2025-01-15 19:00:00,3,19190.1,19036.7,-5.566666666666666,Winter
M9W,140,2025-01-16 17:00:00,2025-01-16 17:00:00,1,18803.699999999997,18803.699999999997,-5.2,Winter
M9W,141,2025-01-19 17:00:00,2025-01-19 19:00:00,3,19306.399999999998,19114.63333333333,-6.833333333333333,Winter
M9W,142,2025-01-20 11:00:00,2025-01-20 13:00:00,3,18914.9,18816.333333333332,-10.333333333333334,Winter
M9W,143,2025-01-20 15:00:00,2025-01-20 20:00:00,6,20180.0,19564.25,-12.716666666666667,Winter
M9W,144,2025-01-21 10:00:00,2025-01-21 20:00:00,11,20454.1,19454.11818181818,-12.572727272727274,Winter
M9W,145,2025-01-22 10:00:00,2025-01-22 20:00:00,11,20741.6,19999.927272727273,-12.181818181818182,Winter
M9W,146,2025-01-23 11:00:00,2025-01-23 12:00:00,2,18769.6,18758.699999999997,-5.35,Winter
M9W,147,2025-01-23 17:00:00,2025-01-23 19:00:00,3,19216.1,19059.899999999998,-5.466666666666666,Winter
M9W,148,2025-01-24 17:00:00,2025-01-24 18:00:00,2,18986.100000000002,18960.75,-6.85,Winter
M9W,149,2025-01-25 11:00:00,2025-01-25 14:00:00,4,19131.199999999997,18946.625,-4.05,Winter
M9W,150,2025-01-25 16:00:00,2025-01-25 19:00:00,4,19444.7,19101.95,-2.5,Winter
M9W,151,2025-01-26 17:00:00,2025-01-26 19:00:00,3,19383.1,19119.433333333334,-2.6999999999999997,Winter
M9W,152,2025-01-27 17:00:00,2025-01-27 18:00:00,2,18720.6,18719.15,-1.15,Winter
M9W,153,2025-01-28 17:00:00,2025-01-28 18:00:00,2,19028.4,18985.050000000003,-5.65,Winter
M9W,154,2025-01-29 17:00:00,2025-01-29 18:00:00,2,19126.7,18978.300000000003,-6.550000000000001,Winter
M9W,155,2025-02-01 17:00:00,2025-02-01 19:00:00,3,19410.9,19148.600000000002,-10.433333333333334,Winter
M9W,156,2025-02-02 17:00:00,2025-02-02 19:00:00,3,19479.2,19161.433333333334,-4.6000000000000005,Winter
M9W,157,2025-02-04 18:00:00,2025-02-04 18:00:00,1,18820.4,18820.4,-7.7,Winter
M9W,158,2025-02-05 18:00:00,2025-02-05 18:00:00,1,18866.1,18866.1,-6.0,Winter
M9W,159,2025-02-08 18:00:00,2025-02-08 18:00:00,1,18812.3,18812.3,-2.4,Winter
M9W,160,2025-02-09 17:00:00,2025-02-09 19:00:00,3,19289.1,18956.066666666666,-3.266666666666667,Winter
M9W,161,2025-02-10 18:00:00,2025-02-10 18:00:00,1,18818.0,18818.0,-5.7,Winter
M9W,162,2025-02-11 18:00:00,2025-02-11 18:00:00,1,18786.0,18786.0,-6.2,Winter
M9W,163,2025-02-12 17:00:00,2025-02-12 19:00:00,3,19218.300000000003,19010.433333333334,-6.966666666666666,Winter
M9W,164,2025-02-15 18:00:00,2025-02-15 18:00:00,1,18750.0,18750.0,-2.2,Winter
M9W,165,2025-02-16 18:00:00,2025-02-16 18:00:00,1,18784.9,18784.9,-6.8,Winter
M9W,166,2025-02-17 18:00:00,2025-02-17 19:00:00,2,19014.2,18996.35,-10.8,Winter
M9W,167,2025-02-18 17:00:00,2025-02-18 20:00:00,4,19494.2,19217.375,-9.925,Winter
M9W,168,2025-02-19 18:00:00,2025-02-19 19:00:00,2,19311.199999999997,19175.4,-7.95,Winter
M9W,169,2025-02-20 18:00:00,2025-02-20 19:00:00,2,19149.2,19144.85,-9.15,Winter
M9W,170,2025-03-01 11:00:00,2025-03-01 21:00:00,11,18717.8,17915.827272727274,-8.545454545454545,Spring
M9W,171,2025-03-02 11:00:00,2025-03-02 21:00:00,11,19047.0,18068.00909090909,-6.5181818181818185,Spring
M9W,172,2025-03-03 11:00:00,2025-03-03 13:00:00,3,17098.0,17073.9,-0.16666666666666666,Spring
M9W,173,2025-03-03 17:00:00,2025-03-03 20:00:00,4,17646.8,17360.0,1.175,Spring
M9W,174,2025-03-04 12:00:00,2025-03-04 13:00:00,2,17085.0,17068.9,3.85,Spring
M9W,175,2025-03-04 17:00:00,2025-03-04 18:00:00,2,17071.4,17064.45,6.4,Spring
M9W,176,2025-03-06 11:00:00,2025-03-06 20:00:00,10,17856.1,17459.91,-2.18,Spring
M9W,177,2025-03-07 11:00:00,2025-03-07 11:00:00,1,16968.5,16968.5,0.4,Spring
M9W,178,2025-03-08 11:00:00,2025-03-08 12:00:00,2,17114.6,17070.4,-1.1,Spring
M9W,179,2025-03-08 18:00:00,2025-03-08 20:00:00,3,17674.5,17470.0,-2.8000000000000003,Spring
M9W,180,2025-03-09 19:00:00,2025-03-09 19:00:00,1,16975.0,16975.0,5.5,Spring
M9W,181,2025-03-12 19:00:00,2025-03-12 19:00:00,1,17029.4,17029.4,-0.9,Spring
M9W,182,2025-03-23 18:00:00,2025-03-23 19:00:00,2,17435.2,17292.95,-1.7000000000000002,Spring
M9W,183,2025-03-29 11:00:00,2025-03-29 19:00:00,9,17437.2,17239.511111111107,0.5222222222222223,Spring
M9W,184,2025-03-30 18:00:00,2025-03-30 18:00:00,1,17046.6,17046.6,3.3,Spring
M9W,185,2025-04-02 11:00:00,2025-04-02 19:00:00,9,17496.3,17373.98888888889,-0.16666666666666666,Spring
M9W,186,2025-04-08 10:00:00,2025-04-08 11:00:00,2,17078.1,17037.35,-2.15,Spring
M9W,187,2025-05-16 13:00:00,2025-05-16 17:00:00,5,17386.7,17189.620000000003,26.68,Spring
M9W,188,2025-06-22 10:00:00,2025-06-22 21:00:00,12,31248.5,29626.066666666666,32.666666666666664,Summer
M9W,189,2025-06-23 09:00:00,2025-06-23 21:00:00,13,33203.0,31416.553846153845,33.38461538461539,Summer
M9W,190,2025-06-24 08:00:00,2025-06-24 21:00:00,14,33712.2,31181.942857142858,32.55714285714286,Summer
M9W,191,2025-06-25 11:00:00,2025-06-25 19:00:00,9,30101.1,28607.74444444444,28.322222222222223,Summer
M9W,192,2025-07-05 14:00:00,2025-07-05 16:00:00,3,27526.1,27338.166666666668,28.866666666666664,Summer
M9W,193,2025-07-06 10:00:00,2025-07-06 21:00:00,12,30855.1,29245.683333333334,32.458333333333336,Summer
M9W,194,2025-07-07 10:00:00,2025-07-07 16:00:00,7,29024.0,28224.657142857144,28.099999999999998,Summer
M9W,195,2025-07-11 13:00:00,2025-07-11 16:00:00,4,27849.3,27563.475,29.85,Summer
M9W,196,2025-07-12 11:00:00,2025-07-12 20:00:00,10,30235.6,29100.309999999998,31.310000000000002,Summer
M9W,197,2025-07-13 12:00:00,2025-07-13 18:00:00,7,28699.0,27978.485714285714,29.957142857142856,Summer
M9W,198,2025-07-14 13:00:00,2025-07-14 17:00:00,5,28439.5,27905.120000000003,27.96,Summer
M9W,199,2025-07-15 12:00:00,2025-07-15 19:00:00,8,30080.9,28716.8,30.5125,Summer
M9W,200,2025-07-16 11:00:00,2025-07-16 19:00:00,9,30583.0,28880.655555555553,30.188888888888886,Summer
M9W,201,2025-07-24 11:00:00,2025-07-24 19:00:00,9,31498.5,29735.288888888885,31.833333333333332,Summer
M9W,202,2025-07-25 13:00:00,2025-07-25 17:00:00,5,27853.600000000002,27509.76,28.96,Summer
M9W,203,2025-07-26 13:00:00,2025-07-26 14:00:00,2,27257.899999999998,27114.5,28.35,Summer
M9W,204,2025-07-27 12:00:00,2025-07-27 19:00:00,8,29745.3,28633.2,30.8,Summer
M9W,205,2025-07-28 11:00:00,2025-07-28 20:00:00,10,31479.300000000003,29821.129999999997,31.57,Summer
M9W,206,2025-07-29 10:00:00,2025-07-29 19:00:00,10,31112.8,29310.340000000004,30.18,Summer
M9W,207,2025-07-30 14:00:00,2025-07-30 16:00:00,3,27884.7,27625.633333333335,29.333333333333332,Summer
M9W,208,2025-08-08 13:00:00,2025-08-08 13:00:00,1,26901.2,26901.2,29.1,Summer
M9W,209,2025-08-09 11:00:00,2025-08-09 18:00:00,8,29230.4,28340.775,30.724999999999998,Summer
M9W,210,2025-08-10 11:00:00,2025-08-10 20:00:00,10,30035.100000000002,28895.579999999998,30.630000000000003,Summer
M9W,211,2025-08-11 10:00:00,2025-08-11 20:00:00,11,32007.9,29801.47272727273,30.936363636363637,Summer
M9W,212,2025-08-12 10:00:00,2025-08-12 16:00:00,7,31481.4,29470.5,29.52857142857143,Summer
M9W,213,2025-08-13 13:00:00,2025-08-13 16:00:00,4,27794.1,27400.625,29.35,Summer
M9W,214,2025-08-15 15:00:00,2025-08-15 15:00:00,1,26977.3,26977.3,28.9,Summer
M9W,215,2025-08-16 12:00:00,2025-08-16 16:00:00,5,28166.899999999998,27506.52,29.74,Summer
M9W,216,2025-09-02 13:00:00,2025-09-02 16:00:00,4,19207.8,18721.825,24.475,Fall
M9W,217,2025-09-03 12:00:00,2025-09-03 17:00:00,6,19318.5,18793.833333333332,24.900000000000002,Fall
M9W,218,2025-09-11 15:00:00,2025-09-11 15:00:00,1,18164.2,18164.2,24.4,Fall
M9W,219,2025-09-14 12:00:00,2025-09-14 19:00:00,8,18941.6,18460.15,23.8875,Fall
M9W,220,2025-09-15 13:00:00,2025-09-15 17:00:00,5,19178.3,18764.16,23.46,Fall
M9W,221,2025-09-16 13:00:00,2025-09-16 17:00:00,5,19068.6,18561.239999999998,24.16,Fall
M9W,222,2025-09-17 14:00:00,2025-09-17 17:00:00,4,19181.899999999998,18774.449999999997,24.575,Fall
M9W,223,2025-09-18 12:00:00,2025-09-18 19:00:00,8,20434.0,19165.6875,26.975,Fall
M9W,224,2025-09-23 12:00:00,2025-09-23 16:00:00,5,19186.8,18862.28,24.34,Fall
M9W,225,2025-09-27 13:00:00,2025-09-27 13:00:00,1,18140.600000000002,18140.600000000002,25.4,Fall
M9W,226,2025-09-27 15:00:00,2025-09-27 15:00:00,1,18104.2,18104.2,24.8,Fall
M9W,227,2025-10-04 15:00:00,2025-10-04 15:00:00,1,18212.0,18212.0,26.4,Fall
M9W,228,2025-10-05 12:00:00,2025-10-05 19:00:00,8,19410.4,18828.45,25.8375,Fall
M9W,229,2025-10-06 12:00:00,2025-10-06 19:00:00,8,19711.8,19017.725,26.4375,Fall
M9W,230,2025-11-09 17:00:00,2025-11-09 18:00:00,2,18215.4,18170.6,-1.7000000000000002,Fall
M9W,231,2025-11-30 17:00:00,2025-11-30 18:00:00,2,18343.0,18320.0,1.4,Fall
M9W,232,2025-12-04 17:00:00,2025-12-04 19:00:00,3,19219.199999999997,19023.966666666664,-9.5,Winter
M9W,233,2025-12-07 17:00:00,2025-12-07 18:00:00,2,19036.6,19022.0,-2.8499999999999996,Winter
M9W,234,2025-12-08 17:00:00,2025-12-08 19:00:00,3,19510.1,19204.600000000002,-5.133333333333334,Winter
M9W,235,2025-12-09 16:00:00,2025-12-09 18:00:00,3,19309.600000000002,19068.800000000003,-2.1,Winter
M9W,236,2025-12-10 17:00:00,2025-12-10 17:00:00,1,18780.6,18780.6,-0.3,Winter
M9W,237,2025-12-11 17:00:00,2025-12-11 19:00:00,3,19410.0,19171.166666666668,-7.5,Winter
M9W,238,2025-12-13 17:00:00,2025-12-13 18:00:00,2,19310.8,19128.4,-6.05,Winter
M9W,239,2025-12-14 16:00:00,2025-12-14 20:00:00,5,20174.8,19614.78,-9.72,Winter
M9W,240,2025-12-15 12:00:00,2025-12-15 12:00:00,1,18781.7,18781.7,-4.9,Winter
M9W,241,2025-12-15 14:00:00,2025-12-15 14:00:00,1,18707.5,18707.5,-5.7,Winter
M9W,242,2025-12-15 16:00:00,2025-12-15 19:00:00,4,19616.8,19305.85,-5.4,Winter
M9W,243,2025-12-16 17:00:00,2025-12-16 18:00:00,2,19116.8,18949.35,-2.35,Winter
M9W,244,2025-12-21 17:00:00,2025-12-21 18:00:00,2,18977.2,18945.300000000003,-3.75,Winter
M9W,245,2025-12-29 17:00:00,2025-12-29 18:00:00,2,18844.4,18796.55,-6.199999999999999,Winter
M9W,246,2025-12-30 17:00:00,2025-12-30 18:00:00,2,19221.8,19003.85,-5.45,Winter
