index,total_consumption_kwh,reported_premise_count,source_segment_count,customer_type_count,price_plan_count,year,quarter,month,week_of_year,day_of_year,day_of_month,hour,weekday,is_weekend,is_workday,is_monday,is_friday,is_business_hour,is_peak_hour_window,is_month_start,is_month_end,is_year_start,is_year_end,is_public_holiday,is_day_before_holiday,is_day_after_holiday,days_to_holiday,days_after_holiday,is_long_weekend,is_daylight_saving_time,is_dst_transition_day,is_spring_forward_day,is_fall_back_day,utc_offset_hours,date_index,hour_sin,hour_cos,weekday_sin,weekday_cos,month_sin,month_cos,assigned_climate_id,Longitude (x),Latitude (y),Temp (°C),Dew Point Temp (°C),Rel Hum (%),Precip. Amount (mm),Wind Dir (10s deg),Wind Spd (km/h),Visibility (km),Stn Press (kPa),Hmdx,Wind Chill,day_of_year_sin,day_of_year_cos,total_consumption_kwh_lag_1h,total_consumption_kwh_lag_2h,total_consumption_kwh_lag_3h,total_consumption_kwh_lag_24h,total_consumption_kwh_lag_48h,total_consumption_kwh_lag_168h,total_consumption_kwh_rolling_mean_3h,total_consumption_kwh_rolling_std_3h,total_consumption_kwh_rolling_min_3h,total_consumption_kwh_rolling_max_3h,total_consumption_kwh_rolling_mean_6h,total_consumption_kwh_rolling_std_6h,total_consumption_kwh_rolling_min_6h,total_consumption_kwh_rolling_max_6h,total_consumption_kwh_rolling_mean_24h,total_consumption_kwh_rolling_std_24h,total_consumption_kwh_rolling_min_24h,total_consumption_kwh_rolling_max_24h,total_consumption_kwh_rolling_mean_168h,total_consumption_kwh_rolling_std_168h,total_consumption_kwh_rolling_min_168h,total_consumption_kwh_rolling_max_168h,temperature_change_1h,temperature_change_24h,humidity_change_1h,pressure_change_1h,temperature_rolling_mean_6h,temperature_rolling_mean_24h,humidity_rolling_mean_6h,humidity_rolling_mean_24h,heating_degree_c,cooling_degree_c,temperature_x_hour,temperature_x_weekend
total_consumption_kwh,1.0,0.6644773484095802,0.4910557025069659,0.4777998691923064,0.32311630263454616,0.14433385563670087,-0.039324757588092354,-0.03981269858373032,-0.04052935701371377,-0.03859080826688044,0.007981063765257016,0.29896162133727666,0.011617383278027709,0.023679443800922725,-0.020476529480413574,0.002823725756743075,-0.01475069828293851,0.12569466012251354,0.17166615654026124,-0.005736538996006841,-0.0039013965281733736,-0.001997762064727023,0.004942977043300073,-0.0064836869591395185,-0.004384179159178931,-0.002610409625588452,-0.00377934594495435,0.04487508280454533,-0.013561430972139927,-0.07260660703333292,-0.0043660098470494095,0.006249494482311966,-0.012415482236967987,-0.07260660703330535,0.13367949036020796,-0.30919356736393494,-0.19829611053994384,-0.014644437419250776,0.01986388988273674,-0.011356282742110476,-0.009520767016579439,0.24108334952102162,-0.24108334954173688,0.2410833495395747,0.08093054978015833,0.038859984034224075,-0.10544122697990314,0.0029630335962950224,-0.01978633755430343,0.11168593999976256,0.0027846100651827883,-0.1096960914504263,0.3780955663261187,-0.07327438564725394,-0.008264743611608333,-0.013702927963371084,0.9902029928619558,0.9636432125024876,0.9247224349210392,0.9704159106553524,0.9397173560824088,0.9070244623479703,0.9655447082085895,0.37131917649845725,0.9649347675951704,0.9610970216877913,0.9151198509310163,0.3832756493879786,0.9155840260780949,0.9030612844693562,0.883093925667637,0.7699751892820247,0.8610013595928887,0.8808495816242796,0.8508625981862072,0.7209754168228827,0.8101062564083636,0.8255544638774784,-0.003023754061450459,0.0038336588046389303,-0.0016491476538546144,-0.01712877949107997,0.06134453696394063,0.016165717322028594,-0.059479499684187066,0.055154000965022335,0.012479945755808188,0.3536313485314321,0.2035993352138836,0.04280825395483425
reported_premise_count,0.6644773484095802,1.0,0.31078092052892836,0.3372688491089223,0.1674897729764197,0.07193197245694673,0.001633059978062835,0.0023591646790009258,0.0016450128592428565,0.0025210745926399864,0.000968408006552058,0.0001874409858650045,-0.00022776489642053417,-0.00024741157777905865,2.934452610591596e-05,-5.867609270980137e-06,-0.00016365641518672442,0.0003104798007494432,-9.027242259726429e-05,-0.00031706967804940813,0.00017913461614743544,-0.0005144941973168167,0.0020964161042723085,2.1951468511236056e-06,0.0008329174022018443,2.4381314997190323e-06,-0.003238685910732386,0.002096457242059705,0.0001666338634877895,-0.004122533753322465,-1.5225466045642701e-05,0.00011666282955346851,-0.00013816530904522693,-0.004122533753306589,0.07096214847211971,-0.00021114173813605315,-0.00015469396492515144,0.00035870728516388393,6.54048229417909e-05,0.002478381433451225,0.0035654603639731666,-0.15910728154727208,0.15910728144712916,-0.1591072814619532,0.001295214080198557,-0.0022902517133870596,-0.012780694519756358,0.00035880265512663737,-0.0025871848413008113,0.0010665367138716767,-0.004337695805062345,0.06277483711566388,-0.013448580157035218,0.014305313027780268,0.0016949753406151505,0.004123238968303687,0.6644644228076941,0.6644669538505411,0.664463007217737,0.6643241953779204,0.6642463431471154,0.6638123878831768,0.6686326948336571,0.34130626039577544,0.6617368575040189,0.6738930346781292,0.6804444409343607,0.3861301608968281,0.667095156189617,0.6936535705499878,0.7471044338085487,0.5608283206822563,0.7583084210584409,0.723267632404218,0.7663913462046663,0.5508075585036067,0.7781755131418671,0.7042281623903944,1.2396637037378589e-05,0.00013316545974929062,-3.616971051649019e-05,-0.00014041061110180668,0.0012303655058930332,0.0011098348726224234,-0.01349642953720051,-0.016721565951233103,-0.0031204308081428556,-0.005150194804549196,0.00015897527458836534,0.0003781262600895264
source_segment_count,0.4910557025069659,0.31078092052892836,1.0,0.8547924829671245,0.8662850824404398,0.3746582733945038,0.0493768593242884,0.053109047888383686,0.048533654879377774,0.053638033175332646,0.0042624612906699616,0.0036484849785052074,-0.0020390678933696147,-0.0015668605612112585,0.00011691290456095216,0.0008238705561451492,-0.0014403496611387384,0.0055135122720798005,-0.00221062213691341,-0.0005514968068211645,0.001866256310193009,-0.003642180167289429,0.011204024956178307,-2.3643369132640897e-05,0.004209320696534353,-0.0004366154731001111,-0.006173237621325482,0.0205750544005178,-0.0037711512282146884,-0.01726194621848747,0.0004938645120640715,-0.0020990262297247114,0.002796496606687207,-0.017261946218486975,0.3777991261088976,-0.004367852490081746,-0.004257372404235533,0.002169403653236211,0.0008306064798050397,-0.02669976552980507,0.02862345853561379,0.6378176555437556,-0.6378176556139581,0.6378176556069887,-0.025595433137861306,0.0022906861135060914,0.0798443444712692,0.00041120550938385345,-0.010597095073348871,0.01707271587714778,-0.013981472820210337,-0.2771320389297884,0.05033209995942276,0.016331746048016807,-0.03260337723879005,0.021132380308894534,0.4907778146881786,0.49085165380408835,0.49078717788122045,0.49057672679422676,0.49143617483151353,0.49307027907137724,0.4938844423879949,0.2831956436811334,0.4858589026018865,0.5003575363491678,0.5021193006776048,0.32131023408054615,0.48328611172763836,0.5179645071815083,0.5505493508366938,0.5020336762443123,0.5213584822355156,0.5494256583257748,0.5668665141754012,0.4935216929360354,0.5536368714892076,0.5491193094002021,0.0020205103385633324,-0.00019021242669703577,-0.001753831775590168,-0.0019270928382384442,-0.026879205057427708,-0.028679210394298656,0.08723661620840671,0.11089136859117164,0.030508050980831022,0.00033708112357476645,-0.016246344274774446,-0.010419124517459693
customer_type_count,0.4777998691923064,0.3372688491089223,0.8547924829671245,1.0,0.6262949607513414,0.017856620452581726,0.015619016860199455,0.018700231969340435,0.014959749076160784,0.018650412479057278,0.00045295559574260954,-0.0007477240315246139,-0.001226810617149321,-0.0007696094598756107,-0.00032627284503271357,0.0006950810966162579,-0.0005777471896757415,0.000619583645213463,-0.00024678579487347977,-0.00023987767961007942,-1.2690624130041134e-05,-0.0005848749578611345,0.006855345696223885,0.002858146776700485,0.005264082589346831,0.0029082704394639398,-0.010981646916596205,0.014027833017423864,0.003142273863080968,-0.01643701627041147,-0.00082827599629495,-0.0005848749578612993,-0.0005848749578618663,-0.016437016270418117,0.021232584149458122,0.000716791661949251,-0.00047606335014091863,0.001037267178279958,0.0008151237375820348,0.0004622429336346893,0.016785826966527622,0.6970030117775528,-0.6970030118208185,0.697003011817654,-0.033700212008083055,-0.008541013824303154,0.07778055984777495,0.0013883315805620444,0.0024198231308343258,0.001638836697943683,-0.0012030683219267444,-0.2959940560776314,0.05017073822435685,0.0059776860033330485,-0.003909013931404887,0.01613433191696368,0.47774833283659895,0.4777200931745705,0.47771003789349414,0.4776866479190546,0.47757988411447616,0.47682641108499363,0.4807249790461366,0.3121881429157245,0.4696831476398931,0.4901470422497915,0.4892480661145441,0.3545064389676956,0.46330051820169615,0.5122918184840113,0.5374481812780895,0.5421724109828604,0.48597133344521837,0.5565271804076939,0.5512772983607636,0.534849910727278,0.5111097218588819,0.5636363356765473,0.0005858551421946427,-0.001040970134864088,-0.0005266922474497641,-0.00045256416107860095,-0.033991233799325796,-0.034383910618614004,0.08308502189142489,0.10336766614724037,0.040096383277575025,0.00020932279828286224,-0.022906823607232705,-0.014417993924582631
price_plan_count,0.32311630263454616,0.1674897729764197,0.8662850824404398,0.6262949607513414,1.0,0.4696635743464559,0.09057662176229135,0.09510698714082652,0.08872042470224559,0.09554117293499725,0.003152832371965803,0.005457671557363957,-0.003718923521064256,-0.0031458803973699483,0.0014330028734720831,0.0012159369555413085,-0.002152152768356372,0.007990042465276886,-0.006231314360332004,-4.1526613595051506e-05,0.002162763980113695,-0.0058395638220690195,0.011330391454155356,-0.0023434099467397372,0.0026819653791171263,-0.002708154930067941,0.0022815930602166257,0.033856365284186944,-0.01185281354909995,-0.021492139181776226,0.0009594470770478113,-0.005588907540664314,0.0069439065295722425,-0.021492139181783852,0.4793171481272812,-0.0062326137481713215,-0.0049366263035962345,0.004187167919279956,0.0010447097972586812,-0.061466253443786124,0.0426469107061788,0.5389134562809178,-0.538913456395473,0.5389134563776942,-0.019892974182637004,0.004021294495134649,0.06492798000749413,-0.0011053923706398692,-0.0031083097686712574,0.02629454053908261,-0.0005126458879136931,-0.22763506785627222,0.06350376676634634,-0.04791162663132436,-0.07001879362327816,0.026036725145726164,0.32292183457700074,0.3234864414675692,0.32392129723210134,0.32208578124358006,0.3236173911847105,0.32617699686694485,0.3254714489130843,0.1826818318033964,0.3205076421228347,0.32937627424097,0.3311329812950539,0.20773882747101122,0.31881702631889225,0.34051344372045256,0.3622355972360079,0.32723942272925394,0.3452783894642558,0.3595856136063243,0.3747441699488259,0.32469529799635954,0.37101643540128004,0.3609922219201876,0.0019450171751956421,0.00011658000618260754,-0.0022319372099881994,-0.0023095905627958163,-0.02164767868351863,-0.024440095528652797,0.0724633807495836,0.09382027413961365,0.026509003977522372,0.009371348264720691,-0.010874773167058828,-0.0076853950919064315
year,0.14433385563670087,0.07193197245694673,0.3746582733945038,0.017856620452581726,0.4696635743464559,1.0,-0.0005231229716168836,-0.0005080291118811764,-0.004745561758364663,0.0006719188613120957,0.0005841665086367359,-6.299549955584144e-16,-0.002129548482501297,-0.0011022186999460216,0.00025924501260722615,0.0009483762003830511,-0.0023712434965513043,0.0004538794304289316,-2.4013587210067013e-16,-7.138780111615181e-05,-7.138780112657853e-05,-2.029428515628901e-05,-2.0294285193233147e-05,-0.012047511386451049,-0.01204751138646276,-0.012047511386450332,-0.004240825939414738,-0.004240825939367023,-0.018894113298693078,-0.0005296384600957088,-2.873993672301897e-05,-2.0294285163935585e-05,-2.0294285204023805e-05,-0.0005296384600955995,0.979795906288663,3.474259191240024e-16,8.94478154019396e-16,0.002505184253539957,0.0017543262312347202,0.0004779540452019281,0.00027448453936419786,-7.684237059665667e-11,3.332647881706951e-12,-1.6630939647899985e-11,-0.0071610336741467495,0.0041046236787287815,0.017969102966951544,0.0028634254690100003,-0.018627078551543004,0.018888275952830994,-0.004733233915396055,-0.0314041196393342,0.03175546434975515,-0.023703117344608664,7.0644546238267864e-06,0.0005477871401733762,0.14431696898888155,0.14430560239158635,0.14429977432590327,0.14401357548896632,0.1436520423089435,0.1429235510818217,0.14520796643225867,0.018071738067699728,0.14868317657025923,0.1415729437002037,0.147759687042833,0.02270905807553378,0.15605562627426314,0.1395194861934293,0.1621450454181387,0.04678750951814714,0.19770359794415468,0.12838631307693596,0.16559520946295586,0.04389646654107067,0.20588514051471685,0.11181592431915664,-0.0006198361493599474,-0.002418711809311611,-0.00028296994470547687,0.0007442931919576979,-0.00759500867244648,-0.009226702643027114,0.019661930842362674,0.026619690590293173,0.007329135280668568,-0.0038332715133188055,-0.006100266502978499,-0.0008625616650657028
quarter,-0.039324757588092354,0.001633059978062835,0.0493768593242884,0.015619016860199455,0.09057662176229135,-0.0005231229716168836,1.0,0.9713852997594618,0.9402944577046589,0.9682307814413255,0.012528279639261465,-2.1329315330300544e-16,0.001225348377659794,0.00046232141248011167,-0.004825039819545765,-0.0025030994667517574,0.0016991619119996531,-0.00019037798885282402,-1.3023466582630975e-18,-0.0014459015282391,-0.0014459015282390995,-0.070776664376597,0.06995457607893658,0.018417573091319906,0.048756308738365395,0.01841757309131991,0.16280307677123565,0.2454777212235441,0.01855028167490357,0.10239535515994308,-0.0005821039135236127,-0.07077666437659685,0.06995457607893638,0.10239535515994104,0.19313423476918753,-2.4055462311898524e-19,-8.007796120716421e-19,-0.000716260068380515,-0.0017048122593281848,-0.7851898562019304,0.21472865921115028,-1.3287033672847971e-11,2.1546826401865467e-14,-2.7700462107999824e-12,0.2937524425356677,0.3427222748136833,0.1232963965422382,0.005263050646144995,-0.028630576682116306,-0.09084780082795446,0.042812117946769236,0.033196726374913,-0.0330292499974567,0.22600166797073526,-0.8047062307868811,0.0017446028508930087,-0.03942382906537143,-0.039495258129765856,-0.03953786477376542,-0.04043899015460847,-0.041173874265956506,-0.044213243230690834,-0.039743091930569685,0.027021043438375626,-0.04370924731371379,-0.03605184457721843,-0.04053576945520822,0.03700189726099909,-0.05294235975491343,-0.03123661002961286,-0.04497148219477989,0.07793001058127061,-0.10293026244441518,-0.020428452759331688,-0.049025283684081454,0.08072142971617884,-0.11912630516841442,-0.006253964968640242,-0.004055521909398048,-0.02128946858893962,0.0009787470743953593,-0.003058954944965501,0.2971399280819867,0.30919861011038213,0.13038302031758547,0.15952765538544886,-0.3152239234470638,0.1097888559276045,0.2179828658385369,0.12897482149806289
month,-0.03981269858373032,0.0023591646790009258,0.053109047888383686,0.018700231969340435,0.09510698714082652,-0.0005080291118811764,0.9713852997594618,1.0,0.963311575553919,0.9965008919775141,0.010796043083750626,-1.956980293807193e-16,0.0007144279706492823,-0.0008057308631822393,-0.002471794223450939,-0.0025618049666710266,0.0019753976222147873,0.0003317895670601875,-8.45005217541461e-18,-0.0012586748479016532,-0.001258674847901672,-0.0839293415036116,0.08321370365220362,0.015080724196868213,0.06323334416655478,0.01508072419686825,0.05390991364573044,0.30470172055332845,0.01665441358408268,0.0811168931632092,0.010252414428626067,-0.05353969692982657,0.06801888136530944,0.08111689316320912,0.19880302758081925,-2.1592056683029184e-18,-3.324518751516914e-19,0.00037423793655516765,-0.0027456839893390066,-0.7609021034016028,0.20921728453655936,-1.3635303671653214e-11,-7.831409060106762e-16,-2.821690015754617e-12,0.28830315154201025,0.3353619821958725,0.11871722544012851,0.0047159362136475775,-0.033062222665551574,-0.08481336446270986,0.036385667752111536,0.03413060746153719,-0.08267892981208112,0.23420721478561882,-0.7807388862134402,0.003107406382618391,-0.03989011333085649,-0.03993187387692252,-0.03993911341592132,-0.04047919425350956,-0.04081727744378121,-0.04350401996205877,-0.04018249436720729,0.023805164698547893,-0.04387228582380857,-0.036750515971204135,-0.040935758219281526,0.03387283968427277,-0.05279926214036242,-0.03224110888682956,-0.04522677089386185,0.07388552948434565,-0.10072943717906405,-0.02151387892499396,-0.04820890881895392,0.08332847168220166,-0.11747769498204157,3.569110117334903e-05,-0.0035894880737984804,-0.017512906894173313,0.0013010006106400232,-0.0031078157872906228,0.2915298304507109,0.3029223537172799,0.12497496511410357,0.15142332104351497,-0.31123630919520756,0.10169649478091815,0.21379315947198296,0.12496376841796404
week_of_year,-0.04052935701371377,0.0016450128592428565,0.048533654879377774,0.014959749076160784,0.08872042470224559,-0.004745561758364663,0.9402944577046589,0.963311575553919,1.0,0.9641906058245973,0.060161023734131285,-2.030423689474111e-16,0.005672161665484381,0.004197208366424191,-0.011453519847975043,-0.0026943174154746047,0.0027091132277506417,-0.001728356217182418,-1.301134147359027e-17,0.004876367874071083,0.0028361681357212906,0.01843804685819919,0.01774205575630451,0.048932836736793404,0.06626260014424487,0.03790480547750409,0.05292890490687316,0.30236490987729714,0.059771112368747034,0.07851284655663435,0.0024559886722305643,-0.05742498324836376,0.06089350407379706,0.07851284655663145,0.18818982149092323,7.743965172159372e-19,9.327020731728182e-19,-0.0052891095634169955,-0.002519515969653082,-0.7510978939808638,0.21272868998861186,-1.2859363283035848e-11,9.094607625088782e-15,-2.7172530426891513e-12,0.28368718841201584,0.3346110668017972,0.12971680003695027,0.008325626979022087,-0.035921644946259976,-0.09551256986503472,0.026413518069414894,0.04718052247943999,-0.072311083513209,0.2477425896263967,-0.779369885230015,0.009207546742614538,-0.04057246161991804,-0.04060841729249199,-0.04062678432879447,-0.04050359674743282,-0.04038907082015101,-0.043392368588252746,-0.040847719874471944,0.024073807701372907,-0.04458207589691085,-0.037368278494808935,-0.04157066673623317,0.034221831567342036,-0.053518945251592,-0.03272069892143108,-0.04551351722673426,0.07546470146988918,-0.10147500097993205,-0.020909155372025104,-0.04754992585960627,0.08490393791232093,-0.11805631984760474,0.00047408389924896694,-0.003126271368083095,-0.02005678358792926,0.00194793066145569,-0.005554734659385246,0.28735369974664254,0.3005164737942099,0.13599966768078436,0.16317846110371637,-0.30640129522139375,0.09958598274255495,0.2102261014428568,0.1137542223374375
day_of_year,-0.03859080826688044,0.0025210745926399864,0.053638033175332646,0.018650412479057278,0.09554117293499725,0.0006719188613120957,0.9682307814413255,0.9965008919775141,0.9641906058245973,1.0,0.09404328684638533,-1.9529106089167815e-16,0.0009399804739503117,-0.0006014599168493857,-0.0017685498016681025,-0.002703514936380581,0.0019270831396019598,0.00024767342860291516,-6.791882512784539e-18,-0.026983985431137465,0.024477182919183233,-0.09051080240863646,0.09051058464810874,0.011993085177637764,0.06911537277456137,0.01356820734547669,0.04716674879890403,0.3081204010360955,0.015059424003008321,0.08123121268786013,0.004715878404438096,-0.05581752174811874,0.06247761861296142,0.08123121268785835,0.20065753306183534,1.4717291351261242e-19,1.3934302451785237e-18,0.0002809651143937194,-0.002538194954427888,-0.7590912344897496,0.2120283004667789,-1.3768269602375434e-11,1.7475503631508528e-14,-2.870439900946292e-12,0.2845193224902981,0.33343769065159495,0.12359009630566546,0.006211980357496049,-0.03527123550664435,-0.08325483174625124,0.034210013172409015,0.032690336933819224,-0.07799008345980965,0.23002689416198763,-0.7798312173147266,0.00637604579120411,-0.03865909509760923,-0.0386868331089769,-0.03867608206151327,-0.03901716316121765,-0.0392716870104258,-0.0422551844586861,-0.03892925718388763,0.023565032432494838,-0.04255201079999491,-0.03556040586743591,-0.03963315135215922,0.03359254189200816,-0.051315691383762456,-0.031081099513167745,-0.043689339268810676,0.07367731778669766,-0.09847303912472796,-0.02040325095928958,-0.04653389340842696,0.08298748949976152,-0.1152871167822437,0.00031947938422965407,-0.0036275006437722595,-0.01742647476836658,0.0012338919721144915,-0.004012729348674763,0.28770012087330504,0.2989350907417059,0.1302215137583998,0.15759459043952137,-0.3071445393826885,0.10038442504246732,0.2108418745678897,0.12338783883683607
day_of_month,0.007981063765257016,0.000968408006552058,0.0042624612906699616,0.00045295559574260954,0.003152832371965803,0.0005841665086367359,0.012528279639261465,0.010796043083750626,0.060161023734131285,0.09404328684638533,1.0,2.4327645631010455e-17,0.0027065762760016664,0.0023523810676266787,0.009050191960177877,-0.0019490728445572276,-0.000526536940820463,-0.0009686801532035467,1.3421044600464373e-17,-0.30851012968982244,0.30804284653251907,-0.0877039557583917,0.09094560719273335,-0.03838342634576586,0.07214928336995224,-0.019511988101619335,-0.0768484436973218,0.05451222458100667,-0.020843298610798432,0.05124231434273842,-0.06432698688906253,-0.02458111018232625,-0.06626600820425294,0.05124231434273795,0.01938031624738058,9.201790174629583e-20,-2.768680229534558e-19,-0.0009488662741187791,0.0022201155938583426,-0.01106725151457372,-0.004567645869563996,-1.2156191395706846e-12,-1.4371820690598763e-14,-2.7273597458848674e-13,0.00012764531369074915,0.01775816439994113,0.04864890765342068,0.01826916818406463,-0.029246729303709407,0.01158425551369155,-0.01802315940752927,-0.02128343754496048,0.03283337774247461,-0.024819602104498975,-0.010542060121626,-0.005637836349152062,0.00809094323006698,0.008262428079979253,0.00848305429751596,0.010914180604737074,0.011926225049769135,0.008371835823466308,0.008320347788354268,-0.0002659306155870816,0.00863921498071657,0.00802327701968315,0.008800393846493473,0.00018129382756319642,0.00946730922955484,0.008196918321077148,0.010974334758868234,0.005429914092755304,0.011938463902027765,0.008361641435111313,0.01248835876630046,0.005291865459245062,0.008767997313251742,0.0022717633683781895,-0.0004295159403736009,0.0021081367637401016,-0.0007371067586740042,-0.010773392153765991,-0.0002120967350609284,-0.0013312740899679,0.05244049476556112,0.06071355386084843,0.0017914309098939346,0.0063261776200738045,-0.0008127474571718361,0.0007380670472687939
hour,0.29896162133727666,0.0001874409858650045,0.0036484849785052074,-0.0007477240315246139,0.005457671557363957,-6.299549955584144e-16,-2.1329315330300544e-16,-1.956980293807193e-16,-2.030423689474111e-16,-1.9529106089167815e-16,2.4327645631010455e-17,1.0,1.4557057045844736e-18,1.4741885358932979e-19,2.2036323653213486e-18,-8.647364662523188e-19,-5.782336950877012e-19,0.09402275472190685,0.3170516348017127,9.409491567905676e-20,3.3395140982821745e-18,-9.97029806632387e-18,6.648664890372069e-18,-3.877384183485653e-18,7.247094312282718e-19,2.346435510015924e-18,-6.89806017294798e-17,7.631439891490062e-17,-2.7786550810055246e-17,0.0003632198914427133,2.4355817104208387e-17,4.121835188142531e-17,-8.244589586889103e-18,0.0003632198914427134,-8.855520422422889e-17,-0.7759122353393889,-0.10215078369105127,1.3523546957906193e-19,6.660552056878641e-19,3.3737335737457697e-16,5.3702697585271886e-17,-3.265305528441166e-14,-2.7893353927840614e-15,-6.729061131702714e-15,0.09688961767098236,0.005260195851689375,-0.22653117697464364,0.0041545157673020935,-0.028655668027120513,0.14790401190253605,0.01559879343596725,-0.010737052679426234,0.07049162427130945,0.01011410794238177,3.206209451439663e-16,1.4512166815270038e-16,0.3254856880761673,0.31985868866853695,0.28171475890262376,0.2989887910783295,0.2990128601463904,0.29900502499123927,0.3109590719778077,-0.1829795864951319,0.33469791109425945,0.2795062219427952,0.2340336456428752,-0.37651303341806897,0.31436265630919064,0.13713286791365792,0.00011899445098172708,0.003949948797650822,0.009021333716922863,0.00943188907284454,9.661978766544214e-05,0.0001888651573720017,0.0015976568574400316,0.0022391235282509356,-0.14972176295898346,-0.0002681275709405274,0.10390185272607012,0.02045742264352743,0.11040086105138024,-0.0001727754075566662,-0.268935009749638,3.1105162597075216e-05,-0.07100348777745126,0.1435492688854689,0.4785546057293595,0.04093416325910743
weekday,0.011617383278027709,-0.00022776489642053417,-0.0020390678933696147,-0.001226810617149321,-0.003718923521064256,-0.002129548482501297,0.001225348377659794,0.0007144279706492823,0.005672161665484381,0.0009399804739503117,0.0027065762760016664,1.4557057045844736e-18,1.0,0.7906560195682978,-0.7248543805937054,-0.6124003845073676,0.20413346150245623,-0.32558194108381544,-1.518651956925601e-18,-0.01074925046732361,0.003071214419235479,0.0104771011760277,0.015715651764041744,-0.11180295927151238,0.1236608488912154,-0.0643714007926891,-0.010024528954701668,0.05405262855973013,0.0425462091313768,-0.0003590839521874925,0.11127931660713475,0.07857825882021026,0.07857825882020888,-0.00035908395218750766,-0.0018976180471517222,-3.999612140455222e-20,-1.5476111155418111e-18,-0.7342368819107262,-0.35371066697807857,-0.0003878911431587773,0.00038639936096148753,1.7269721389162348e-13,-2.73700848294518e-15,1.686722274603732e-14,-0.013351863819297587,-0.01384114502690421,-0.0006281588074918105,-0.00906835575623878,0.012214563521573298,0.005743991983980115,0.0056793772602785125,-0.0025104439582573686,-0.05310771804292464,-0.054712610926554175,-2.164532491450618e-05,5.408001498542108e-07,0.01107447765714261,0.010084936324779522,0.008607711288453453,-0.015383434939525906,-0.025994416467188065,0.011718112823275494,0.009987930000237847,-0.001998134267870816,0.010384993014448432,0.009520780090351852,0.007463468317495204,-0.007457502861829624,0.008972116009745032,0.005824523919874135,-0.00864795716864681,-0.018344998815695204,-0.009286064052689868,-0.026938736970426393,-0.00033032331349526153,-0.0007982822337587367,-0.0010569964998304387,-0.003740753627578316,-0.0022833205485355596,-0.02288291306956797,-0.002201761146545539,-0.002362581927348203,-0.01229738593431225,-0.008183326774698959,0.0011760247345595485,0.0015729220473183452,0.01326766906925119,-0.008441770726427027,-0.010896051159520475,0.49094150378730955
is_weekend,0.023679443800922725,-0.00024741157777905865,-0.0015668605612112585,-0.0007696094598756107,-0.0031458803973699483,-0.0011022186999460216,0.00046232141248011167,-0.0008057308631822393,0.004197208366424191,-0.0006014599168493857,0.0023523810676266787,1.4741885358932979e-19,0.7906560195682978,1.0,-0.9452131939277534,-0.2583803835194604,-0.25838038351945253,-0.4117870894875244,-1.7312108544187738e-18,-0.007834309298054055,-0.0010351416277847036,0.013235906686139843,0.013235906686139744,-0.06006078144351927,0.11994904525466218,-0.02255873421473123,-0.018153359656892028,0.03969032663932788,0.10504856515078496,-0.0008521295551521505,0.11728585066602165,0.08281968483074324,0.08281968483073807,-0.0008521295551521712,-0.0012002905054586002,3.156889556540054e-19,-3.019777137286867e-19,-0.7856011958714715,0.17897658558483046,-0.00023413673640347213,0.0003916066203035682,1.4714775437301556e-13,3.4822778071999537e-16,1.3181481741364916e-14,-0.016696535137586045,-0.020121050673348264,-0.008085461100778655,-0.010343056951242309,0.002751133473382425,-0.011543691319023337,0.017835869683587705,-0.0015700918276711896,-0.0017692072121587243,-0.035316649789877676,1.975663843647274e-09,0.0004903563679847414,0.023493666235555523,0.022723978187446096,0.021220355931167084,-0.004635943209729919,-0.021720023893800428,0.023741997509489916,0.022616573633073907,0.017171778859660383,0.021676628405592875,0.023291844824311996,0.020004139598867897,0.011694785253948589,0.018645980259182866,0.02062463330161587,0.004752201962867054,0.019402793139994642,-0.0056863469235066445,-0.01072988944146372,-0.00014967057470538137,-0.001860252155993113,0.0003721569488088559,-0.0021901654656829718,0.0031073952501757015,0.00033638505059151055,-0.0017111541659137934,-0.005056830855517909,-0.017577184858386254,-0.01799676580751757,-0.006722064291584327,-0.008803796725004653,0.02034117799173085,0.0016524973199084534,-0.011504283640844746,0.6198952886355515
is_workday,-0.020476529480413574,2.934452610591596e-05,0.00011691290456095216,-0.00032627284503271357,0.0014330028734720831,0.00025924501260722615,-0.004825039819545765,-0.002471794223450939,-0.011453519847975043,-0.0017685498016681025,0.009050191960177877,2.2036323653213486e-18,-0.7248543805937054,-0.9452131939277534,1.0,0.1819653221969689,0.24627779113435544,0.389226590072728,-3.907894668208471e-19,-0.03611885826471365,0.010401823551043379,-0.07828225881895551,-0.010267950522327311,-0.24807765356555367,-0.13810910040624724,-0.020809310369649822,0.0927557259519092,0.03621671042749944,-0.3218682310371311,0.010823797440673723,-0.11086013351056292,-0.07828225881895517,-0.0782822588189539,0.01082379744067378,-0.00010001569536094727,1.2523588287488862e-18,3.184182065875189e-19,0.764303458955432,-0.20593019704393528,-0.004261661902256062,-0.014807860417153604,1.5994149499327727e-14,2.7708519116976556e-15,-7.277026788795279e-16,0.029356009763446305,0.0349960716302794,0.013740099721314921,0.014494168460312644,0.0003598846107987146,0.010042256441014722,-0.015903784539273443,-0.012203809476981886,0.0017882102317836768,0.02926689230136665,-0.0032125715029188576,-0.013093083763491751,-0.020313669998106822,-0.019515084039948314,-0.017924226060625235,0.0070508885857362156,0.02152432565552759,-0.026578690513732513,-0.01938197719661627,-0.011942124364494178,-0.018788274363655162,-0.01972822468883314,-0.01656738656659724,-0.005529928115450847,-0.016125432459323373,-0.01641665127573814,-0.0012267885047510117,-0.012976673764060555,0.0064553669756648065,0.015905782178975546,0.0009823360145843707,0.005537148520384662,-0.0019315898972400657,0.002774955259075077,-0.0012318673895531027,0.00684493045630065,0.0006346987621021473,0.0024397105852420518,0.0295136288435637,0.02858335905694834,0.012933639626616915,0.009056814424383377,-0.03273662943658792,0.006951204738153172,0.021390642897088277,-0.5859227778285674
is_monday,0.002823725756743075,-5.867609270980137e-06,0.0008238705561451492,0.0006950810966162579,0.0012159369555413085,0.0009483762003830511,-0.0025030994667517574,-0.0025618049666710266,-0.0026943174154746047,-0.002703514936380581,-0.0019490728445572276,-8.647364662523188e-19,-0.6124003845073676,-0.2583803835194604,0.1819653221969689,1.0,-0.16677316293929845,0.10639770611015173,-2.0837748946673885e-19,0.012497551887786451,-0.005056701763827532,0.008543195084509111,-0.021398981929527272,0.19361024682243988,-0.03876659037928566,-0.038766590379285544,-0.042822843289963386,-0.040102744241793595,0.11720075864290214,-0.00020794054746631278,-0.030304363076492834,-0.021398981929527407,-0.021398981929527442,-0.00020794054746630533,0.00038736734057397143,8.442689662166702e-19,-1.5038607602323672e-18,0.00013720709630359282,0.5773484517394396,0.00040314597617500275,0.00040071010624549193,-2.540706258478351e-14,2.0581309215706966e-15,9.458210764583654e-15,-0.005852402736090351,-0.012474773148147916,-0.016769694641662447,-2.1818004535078517e-05,-0.005865392780252188,-0.00600550509010175,0.009906224444660204,-0.0002719866431427874,0.04455832405836377,0.02791626353001861,2.0396622806688836e-05,0.00031613789003064144,0.0034700825195015943,0.004289639448242147,0.005198358566885731,0.022171682940418106,0.008777353246263211,0.0028975062341935415,0.004343871003141731,0.017444684203696256,0.002946172807213022,0.0056339020796416055,0.005912475733273831,0.021533686490986186,0.002341348817192358,0.009151099914368667,0.01919985475629491,0.06273874413186814,0.0033010622063249,0.03164502935861297,8.634736995967222e-05,-0.0013994418997391367,0.0023366478310788133,0.001787345106920734,0.002005744781633417,0.003910782196827947,0.001803061748107038,0.004546765051005415,-0.006046441887133043,-0.007588986774744911,-0.018150330152884347,-0.013359625290956663,0.007362376647713153,0.001336092783037126,-0.0028080387722964383,-0.16023878975243308
is_friday,-0.01475069828293851,-0.00016365641518672442,-0.0014403496611387384,-0.0005777471896757415,-0.002152152768356372,-0.0023712434965513043,0.0016991619119996531,0.0019753976222147873,0.0027091132277506417,0.0019270831396019598,-0.000526536940820463,-5.782336950877012e-19,0.20413346150245623,-0.25838038351945253,0.24627779113435544,-0.16677316293929845,1.0,0.10639770611015058,-4.488370139335853e-19,0.0037204250619795407,0.003720425061979479,0.00854319508450891,0.00854319508450876,0.009645250704406772,-0.03876659037928501,-0.038766590379285905,-0.00974292905899633,0.0053492334018160744,-0.027189111047692737,-0.00020794054746637434,-0.03030436307649251,-0.021398981929528004,-0.02139898192952739,-0.00020794054746637558,-0.0019368367028734308,1.2355883784438877e-18,-1.1029449591494253e-18,-0.2504029507540764,-0.5207147776546307,0.0001061130788471117,0.0015049886533008729,1.3123149495529173e-13,2.2902277719181604e-15,1.0608381635489236e-14,-0.007456085562989904,-0.008211939259066454,-0.003120997011233923,-0.009909431866617672,0.018078144973202384,0.03156191786575004,0.00299077692320684,0.007319428119594122,-0.0937380818912452,-0.07533042905581387,-2.0397090542736155e-05,0.00031640108628953255,-0.015572838164600757,-0.016011861860108702,-0.015879182841919037,-0.013640901848125475,-0.003981127522145184,-0.014791321320250383,-0.015906060065619565,-0.02845527910586506,-0.013805323830822553,-0.017647088485928955,-0.01548936561825537,-0.026312932067305624,-0.011280548385231225,-0.018549999482797477,-0.016290983379915715,-0.04100746790912751,-0.0074135160073159284,-0.02196376348032415,-0.0003115670965856996,0.0008898753502652989,-0.0013654225008985534,-0.002168334834381662,-0.005826053813688012,-0.03793402323128582,0.0023582853130485032,0.008975810570769158,-0.004786780942235878,0.0024739188712200396,-0.0061569856601352444,-0.005627971094686015,0.003967208446651648,-0.015920087494378243,-0.007395186444119526,-0.1602611808886139
is_business_hour,0.12569466012251354,0.0003104798007494432,0.0055135122720798005,0.000619583645213463,0.007990042465276886,0.0004538794304289316,-0.00019037798885282402,0.0003317895670601875,-0.001728356217182418,0.00024767342860291516,-0.0009686801532035467,0.09402275472190685,-0.32558194108381544,-0.4117870894875244,0.389226590072728,0.10639770611015173,0.10639770611015058,1.0,0.03360939049716794,0.003226067423990771,0.00042625795811284994,-0.005450375491014095,-0.005450375491013853,0.024732254382972396,-0.04939346823222354,0.009289395504806723,0.007475319137531847,-0.01634396408761782,-0.04325764289828317,0.00035089594938218956,-0.048296799083829084,-0.034104076968724646,-0.03410407696872412,0.00035089594938222235,0.0004942641337824858,-0.08890681379342999,-0.6753142965207334,0.3235004299458295,-0.07370024726439289,9.641448522558202e-05,-0.00016125855039857086,-6.179687897714609e-14,6.92722354011121e-16,-8.166869473258217e-15,0.10356667445161263,0.015525087233712822,-0.21552117632838627,0.004902215244838706,-0.033926877059463095,0.17275455013540242,-0.011887858766944773,0.004973322881116527,0.0956590093445875,-0.008092904214847532,-8.135530451809137e-10,-0.00020192242158386626,0.08177430824371276,0.03355744571732723,-0.017765725254413278,0.14503716034174585,0.16268699357198244,0.1257510159630289,0.03272290038429423,-0.11769811377028404,0.04392158760282199,0.02099823277555176,-0.04635265241973338,-0.10969112279332349,-0.03205792660569863,-0.06353696227277922,-0.00028897569454019745,-0.0029423242880890527,0.007593850139033521,0.008113489534035448,7.035668117163775e-05,0.0006507242700584708,0.0006116275589898494,0.0012028172590077826,0.27731928970205366,-0.0013283718342112813,-0.18832380370669605,-0.1132379958500581,0.0023728669024022622,0.007451718008963667,0.015639120738429227,0.0026741350999282456,-0.07319037654453697,0.16225279099501222,0.10907230679238,-0.2551717584980453
is_peak_hour_window,0.17166615654026124,-9.027242259726429e-05,-0.00221062213691341,-0.00024678579487347977,-0.006231314360332004,-2.4013587210067013e-16,-1.3023466582630975e-18,-8.45005217541461e-18,-1.301134147359027e-17,-6.791882512784539e-18,1.3421044600464373e-17,0.3170516348017127,-1.518651956925601e-18,-1.7312108544187738e-18,-3.907894668208471e-19,-2.0837748946673885e-19,-4.488370139335853e-19,0.03360939049716794,1.0,2.227566581197617e-19,1.8199692918721035e-18,-6.612239981111419e-18,4.080665380611105e-18,1.1501457968433122e-18,4.546950756345123e-18,1.8137206392335197e-18,1.779282534304554e-17,-1.25763511495836e-17,3.689388953276628e-18,0.00018548092357228106,1.0376800494446224e-17,9.39266267334527e-18,5.264861539440009e-18,0.00018548092357227624,5.8096327354144296e-18,-0.1784268094862058,-0.1369117062977461,2.3868514319214916e-18,-1.9537419936320458e-19,2.995116433444235e-17,4.567090113934604e-17,-1.0483134076777229e-14,3.2446616154238773e-15,-5.75835822170294e-15,0.017003654685226986,0.0010954518916500694,-0.04449019926491024,-0.002607133992750643,-0.029737954322019436,0.021381655659391655,-0.0141839366410917,0.01241015988564501,-0.013613977086349911,-0.01946883063252519,1.7247315168539577e-17,5.240056105935965e-17,0.13638856109349262,0.07883426017903812,0.017109257617747134,0.17170280194622545,0.17172701721069308,0.17187015716967632,0.07792682330811077,-0.012382123859615584,0.08232777040770109,0.07382153169981723,0.007887775836991323,-0.24123750256830864,0.07812306673513839,-0.02271396958525197,3.7171013777264716e-05,0.0009518404701125446,0.006065253974231418,0.0061478594713360556,3.079058572570457e-05,3.2118378146373847e-06,0.0010813732154632248,0.001553410179176399,0.05249237195489024,-8.984784658528775e-05,-0.034720485257751565,0.18524022852130542,0.019634899884501258,-6.112515508020751e-05,-0.04838493187543689,7.23550202357306e-05,-0.012204205395842696,0.026027498781140097,0.13972168840456686,0.00747363357643146
is_month_start,-0.005736538996006841,-0.00031706967804940813,-0.0005514968068211645,-0.00023987767961007942,-4.1526613595051506e-05,-7.138780111615181e-05,-0.0014459015282391,-0.0012586748479016532,0.004876367874071083,-0.026983985431137465,-0.30851012968982244,9.409491567905676e-20,-0.01074925046732361,-0.007834309298054055,-0.03611885826471365,0.012497551887786451,0.0037204250619795407,0.003226067423990771,2.227566581197617e-19,1.0,-0.03397508493771351,0.2842822562959823,-0.00965851380394047,0.1785048788600003,0.026422803134648433,-0.030607975262359165,-0.057783844250722624,-0.023500549634319724,0.09457411329253992,0.005834926035910553,-0.013677992254858464,-0.009658513803940437,-0.009658513803940345,0.00583492603591057,-0.005466656410280693,6.237042825933049e-19,-9.663569584461485e-19,0.0015733446919047743,3.888116779212283e-06,0.0012807947007051732,0.0005457311384599011,4.33366051461842e-13,3.592887139493305e-15,7.8651948520061e-14,-0.010163526152552171,-0.01735160731527515,-0.02055759364908766,-0.011832643871422705,0.019800970220309997,0.020352748955674318,0.013056700178718971,0.006627727704855696,-0.0049587086149972485,0.004965250652233565,0.0011120959726739989,0.0008602568000135826,-0.005729045582414913,-0.005780751640185431,-0.005859792629696968,-0.005560090900532487,-0.0025233652287502554,0.0018386895419574135,-0.0057934148187213175,-0.004878484448607793,-0.00556524363791025,-0.006006507896507865,-0.005973685892805324,-0.005519145711976686,-0.005463331708894573,-0.006498768434073728,-0.006362237735516621,-0.007092777891427686,-0.004833618597925547,-0.007260851236292675,-0.0014666517346444232,0.0005783432817355119,-0.0030843668754112637,-0.00044036908366096403,-0.006757436503235319,-0.028442561369649594,-0.0012560411509416583,0.02950019473423494,-0.007136873591437239,-0.00032020103898528694,-0.01975043881155361,-0.005489402182040059,0.009732979599122248,-0.00761903513964807,-0.009500163389192445,-0.01055561685860044
is_month_end,-0.0039013965281733736,0.00017913461614743544,0.001866256310193009,-1.2690624130041134e-05,0.002162763980113695,-7.138780112657853e-05,-0.0014459015282390995,-0.001258674847901672,0.0028361681357212906,0.024477182919183233,0.30804284653251907,3.3395140982821745e-18,0.003071214419235479,-0.0010351416277847036,0.010401823551043379,-0.005056701763827532,0.003720425061979479,0.00042625795811284994,1.8199692918721035e-18,-0.03397508493771351,1.0,-0.009658513803940689,0.284282256295988,-0.030607975262358925,0.1785048788600001,-0.030607975262359026,-0.047447172507084016,0.016467914441084305,0.01997054889294677,0.005834926035910538,-0.013677992254858728,-0.009658513803940671,-0.009658513803940484,0.005834926035910573,0.0048255773003323356,8.57495256021545e-19,-1.2460477939063043e-18,0.003250889597907373,0.004084115594751678,0.0012807947007051604,0.0005457311384598629,-2.8399883922793803e-13,-5.118342517362031e-16,-5.442697998671444e-14,-0.0006172158035100772,0.005411071712072087,0.017864626857265992,-0.0018216841041224466,-0.005277909953542699,0.003873683444195896,-0.02784465935308876,-0.03792798587222689,-0.015211251556697525,0.032473199212515375,0.0010790654158805977,0.0008787567799217877,-0.003846120756179438,-0.0037098488938839803,-0.0035193887266204643,-0.0008657888235405893,0.0007328571834698414,0.005392922999576606,-0.003716153347063423,-0.004233316896580371,-0.0034741884498614753,-0.003932297836439203,-0.003466532685074503,-0.003967600748653686,-0.003054307832177442,-0.003838591784427467,-0.0024477583791378084,-0.0026995010128603877,-0.002008744435429064,-0.0030011046957091315,0.001385576162883546,-4.7194231703994745e-05,0.002975860081273888,0.001454580053841839,-0.0010869584883993289,0.008454681860531782,-0.003908256882478809,-0.001974015708026893,-0.00038734288986591445,-0.0012826878566710388,0.02314161759740462,0.03483890472582861,-0.0014656651794769822,-0.007158972069496793,-0.0008470088753055755,-0.0009182828955939448
is_year_start,-0.001997762064727023,-0.0005144941973168167,-0.003642180167289429,-0.0005848749578611345,-0.0058395638220690195,-2.029428515628901e-05,-0.070776664376597,-0.0839293415036116,0.01843804685819919,-0.09051080240863646,-0.0877039557583917,-9.97029806632387e-18,0.0104771011760277,0.013235906686139843,-0.07828225881895551,0.008543195084509111,0.00854319508450891,-0.005450375491014095,-6.612239981111419e-18,0.2842822562959823,-0.009658513803940689,1.0,-0.0027457440966500747,0.3155554629521136,0.056150049175834826,-0.00870130426823499,-0.0771565905157521,-0.07715659051575165,0.19231180531285735,-0.07165818666064601,-0.003888410499810192,-0.002745744096650131,-0.0027457440966500895,-0.07165818666064562,-0.018122020313265878,-1.4667306054788183e-19,1.4600352436157037e-19,-0.017997332586664798,0.004076626719068179,0.037488516568322444,0.06420920966499197,1.3691283703050062e-12,1.834693438102198e-15,1.6047793101840372e-13,-0.04470208307840707,-0.02928448763243115,0.04342713303123512,-0.00022185202180724303,-4.2449965012713374e-05,0.007936348752347624,-0.042091117811587996,-0.010110229768426428,,0.057479740656445684,0.0012744317829520592,0.07410884090392707,-0.0019901135067285753,-0.002150370274992508,-0.002405323405893445,-0.0008127578475157816,-0.0019248529768381359,0.004451983713722269,-0.002080690805370829,-0.011330898147508622,-0.0011294560373032035,-0.00295735505987847,-0.0021644479505875417,-0.011858311991773608,0.000192296921288072,-0.003770892455631642,-0.001007334789770352,-0.008548734993459348,0.006354640811355789,-0.0015328994718993639,-0.00011103125303768818,-0.014376056274522623,0.009458017285507192,-0.007888123104311114,-0.0030224641260720828,-0.02598177127465326,-0.0003864728089604012,0.0005906643804246906,-0.041928316611683204,-0.03379374600860972,0.047861464367798194,0.07043512966478384,0.04515978735190131,-0.025855136386901924,-0.035999869279754015,-0.011120514204421079
is_year_end,0.004942977043300073,0.0020964161042723085,0.011204024956178307,0.006855345696223885,0.011330391454155356,-2.0294285193233147e-05,0.06995457607893658,0.08321370365220362,0.01774205575630451,0.09051058464810874,0.09094560719273335,6.648664890372069e-18,0.015715651764041744,0.013235906686139744,-0.010267950522327311,-0.021398981929527272,0.00854319508450876,-0.005450375491013853,4.080665380611105e-18,-0.00965851380394047,0.284282256295988,-0.0027457440966500747,1.0,-0.00870130426823477,0.31555546295210796,-0.008701304268234749,-0.07421805814987853,-0.06363934163273684,0.09051115115970901,-0.07165818666064587,-0.0038884104998100954,-0.0027457440966500396,-0.0027457440966500747,-0.07165818666064591,0.018082257240718838,1.051261083999898e-18,1.4854776186955043e-19,-0.006411851589737212,-0.0015045532946911062,0.00036410720736837075,0.07411840846774849,-1.446165744794906e-12,-1.4773938032306206e-14,-3.192795773960005e-13,-0.041014559909512215,-0.02331558237347793,0.05038419067640566,0.012316334943885666,-0.019505123502135853,-0.009691307237411685,-0.06490855368784541,-0.044244489485455375,,0.012425748376801089,-6.393538556044958e-05,0.07411802416582154,0.0049678363134394886,0.005114467075425695,0.005308284350879854,0.004034362928344364,0.0021189748999172787,0.011463471352618246,0.005162076820163456,-0.003914537807088609,0.005696232119543481,0.004684093798668512,0.005380752099651246,-0.005319300802600875,0.00697407661838973,0.00411902626588868,0.005157597782261078,-0.009912526479724983,0.013897170380401691,0.001058344991918493,0.006166087575121969,-0.01446347489811514,0.0173861787184748,-0.002993462147838421,-0.004275497986719952,-0.004693334342665739,0.0029550221225268423,-0.013799771466031665,-0.04034228206755047,-0.04124258945786166,0.049324477957598645,0.04799884208974268,0.04077942138507141,-0.02585513638690163,-0.03284839659769371,-0.008337958583091564
is_public_holiday,-0.0064836869591395185,2.1951468511236056e-06,-2.3643369132640897e-05,0.002858146776700485,-0.0023434099467397372,-0.012047511386451049,0.018417573091319906,0.015080724196868213,0.048932836736793404,0.011993085177637764,-0.03838342634576586,-3.877384183485653e-18,-0.11180295927151238,-0.06006078144351927,-0.24807765356555367,0.19361024682243988,0.009645250704406772,0.024732254382972396,1.1501457968433122e-18,0.1785048788600003,-0.030607975262358925,0.3155554629521136,-0.00870130426823477,1.0,0.1401927118624562,0.14019271186245746,-0.24451039381137976,-0.24451039381137626,0.7213641541215322,-0.04927271361909729,-0.012322431256403876,-0.008701304268234792,-0.008701304268234619,-0.04927271361909725,-0.009402515018529775,4.2781816008960113e-20,-1.6720126742503125e-19,-0.015011304309749575,0.09439965403723025,0.015387333273212319,0.05981604702642292,1.321219062135936e-13,3.5346870894763573e-15,4.3806516071939307e-14,-0.0478213153066306,-0.048762848902938555,-0.0013501001724542717,-0.013571711942294276,-0.004263987604167084,0.008990412145403156,-0.022376893301418465,0.023858457678856745,0.009194713638166374,-0.0020147378918240776,0.007945110167564376,0.055181296148289864,-0.006461678393951474,-0.006630843878090875,-0.007001410385151162,-0.006237676151823328,-0.0013630819722702022,0.012077179830177007,-0.006704172378986533,-0.014631565047598792,-0.00566850530681585,-0.0076969280342373,-0.007444817306513273,-0.01722045933946807,-0.004739588573497514,-0.009681931534936936,-0.008681894779361423,-0.016291328990632743,-0.0007618864761699129,-0.014402667423016205,-0.0014609454911505549,-0.012386957240582513,0.0068211558934268765,-0.0017229491389588265,-0.006616623876933999,-0.020199016196234553,0.002447917992672484,0.015517353402019842,-0.045608605676342784,-0.042306213175233705,-0.0014058266594495607,0.021932216251532063,0.048368891384327865,-0.027470641525026537,-0.03783755339339394,-0.05155426667802017
is_day_before_holiday,-0.004384179159178931,0.0008329174022018443,0.004209320696534353,0.005264082589346831,0.0026819653791171263,-0.01204751138646276,0.048756308738365395,0.06323334416655478,0.06626260014424487,0.06911537277456137,0.07214928336995224,7.247094312282718e-19,0.1236608488912154,0.11994904525466218,-0.13810910040624724,-0.03876659037928566,-0.03876659037928501,-0.04939346823222354,4.546950756345123e-18,0.026422803134648433,0.1785048788600001,0.056150049175834826,0.31555546295210796,0.1401927118624562,1.0,0.035338164528613714,-0.23671850849077888,0.09320131874188106,0.5238491736135648,-0.04927271361909689,-0.012322431256403655,-0.008701304268235007,-0.008701304268234953,-0.049272713619097006,0.0020219425458650768,2.6604400562656867e-19,-4.692720654801963e-19,-0.0806157990903353,0.050281733215268326,0.016030672780559852,0.05742430515934883,-7.646789253626788e-13,-2.7715179083528084e-15,-1.0873629233342897e-13,-0.041719278988671914,-0.025459977170731653,0.0437647190422368,-0.0047796025228582445,-0.00022055535827554426,0.03127743581363128,-0.0599974669551351,-0.025915571562067752,-0.04102960889960464,-0.026663029467692972,0.006974801375716539,0.05530925804475977,-0.004120202562260703,-0.003742891339139448,-0.0032749780231484645,0.00046728256177036446,-0.004731336100139488,0.013819903538288644,-0.003737074616863079,-0.01607702565243157,-0.0024193367910491847,-0.004903641224346567,-0.0030250206801223788,-0.01716236451190144,0.00013696302631816405,-0.005473429971875758,-0.0005178709499194111,-0.01168803917699738,0.006133856378188928,-0.007114864168534085,0.003566594290101196,-0.00589826205105425,0.007892348697250766,0.003373895691773387,-0.0035477158701786304,-0.019948289580454377,-0.009652267434581589,0.012508895517315925,-0.041288438753469055,-0.039502879571552185,0.05671024846361754,0.08597453484835675,0.039737093963279346,-0.03197423239472525,-0.033685421586008346,0.05172751768111632
is_day_after_holiday,-0.002610409625588452,2.4381314997190323e-06,-0.0004366154731001111,0.0029082704394639398,-0.002708154930067941,-0.012047511386450332,0.01841757309131991,0.01508072419686825,0.03790480547750409,0.01356820734547669,-0.019511988101619335,2.346435510015924e-18,-0.0643714007926891,-0.02255873421473123,-0.020809310369649822,-0.038766590379285544,-0.038766590379285905,0.009289395504806723,1.8137206392335197e-18,-0.030607975262359165,-0.030607975262359026,-0.00870130426823499,-0.008701304268234749,0.14019271186245746,0.035338164528613714,1.0,0.09320131874188503,-0.23671850849078843,0.26049586626961285,-0.04927271361909744,-0.012322431256403919,-0.008701304268234794,-0.008701304268234632,-0.04927271361909743,-0.009087490583720914,6.069128878356127e-19,-7.587565802830671e-19,0.06453159907798468,0.07059754215110746,0.01538733327321226,0.05981604702642257,1.9348560999124787e-13,1.0461502114945343e-15,3.301930727986235e-14,-0.04569498247230109,-0.03651970244411174,0.02578366288182435,-0.0008573080951399376,-0.03572642396578795,-0.009885809158504835,-0.0381186516627216,0.019828647498112684,-0.0059583286537143966,-0.005555109019079732,0.008892456458717718,0.055036438538783844,-0.0027914078938847155,-0.0030362040295171455,-0.0033803807566781382,-0.006436532887018049,-0.006190278146457049,0.00868761929712712,-0.0030896670088838667,-0.01288405671799328,-0.0020608528487821693,-0.004085558757560671,-0.003684380502613133,-0.01455383039465449,-0.0011056624413038718,-0.00587748665105597,-0.005298489338411856,-0.013512476914956049,0.0034569471169779192,-0.009001217094784412,-0.003971683533152671,-0.015727426328231167,0.007168555969593057,-0.005135915501952066,0.007728149153722717,0.005472071073236563,0.00325350458819118,-0.009511460780178832,-0.04778247372689798,-0.05063390225522163,0.022687636835217777,0.013475087584465533,0.04823599476612971,-0.019679719534269648,-0.0327733510170826,-0.03648874498765135
days_to_holiday,-0.00377934594495435,-0.003238685910732386,-0.006173237621325482,-0.010981646916596205,0.0022815930602166257,-0.004240825939414738,0.16280307677123565,0.05390991364573044,0.05292890490687316,0.04716674879890403,-0.0768484436973218,-6.89806017294798e-17,-0.010024528954701668,-0.018153359656892028,0.0927557259519092,-0.042822843289963386,-0.00974292905899633,0.007475319137531847,1.779282534304554e-17,-0.057783844250722624,-0.047447172507084016,-0.0771565905157521,-0.07421805814987853,-0.24451039381137976,-0.23671850849077888,0.09320131874188503,1.0,-0.54277968375328,-0.2550390473892626,0.04550016557154623,0.05261359410327015,0.0033591963091580954,0.07094544072422822,0.04550016557154655,0.0052828123100289864,2.8047817975205406e-19,6.214989274353044e-20,0.041761946664505986,-0.016553755655175795,-0.1972719989762918,0.05303854667739669,-3.920587905867152e-14,1.980309632263332e-14,1.1903273345481022e-14,0.05628994651157632,0.07136951023520607,0.0316990024288089,0.004260149379572866,0.031034802048168605,-0.02646543103887402,0.03888237617705504,-0.042773111773042584,0.003166522211819784,0.012122377292513743,-0.1950251648547413,0.0014820592557454534,-0.003921845233717255,-0.004073520877887588,-0.004232819972472679,-0.007127191180345131,-0.011456446911395851,-0.0262439870130916,-0.004111180812574713,0.020034116759951707,-0.006072921573045161,-0.0022861684810405888,-0.0044287036809659555,0.021079553785890326,-0.008900530833834326,-0.0002486013801326499,-0.0060662891518081935,0.022205128629920082,-0.021514597559311,0.005195457848095771,-0.020526750350279493,-0.0015190391858349833,-0.03457825035480261,-0.02118361850003782,0.0014124159480841622,0.002224270275384617,0.0008213550657347129,-0.003880443235934439,0.05606273531357861,0.05659358741139367,0.032481246239339484,0.03335354496019421,-0.055443587936778,0.03718945102891095,0.04325155822064353,0.007316624519399093
days_after_holiday,0.04487508280454533,0.002096457242059705,0.0205750544005178,0.014027833017423864,0.033856365284186944,-0.004240825939367023,0.2454777212235441,0.30470172055332845,0.30236490987729714,0.3081204010360955,0.05451222458100667,7.631439891490062e-17,0.05405262855973013,0.03969032663932788,0.03621671042749944,-0.040102744241793595,0.0053492334018160744,-0.01634396408761782,-1.25763511495836e-17,-0.023500549634319724,0.016467914441084305,-0.07715659051575165,-0.06363934163273684,-0.24451039381137626,0.09320131874188106,-0.23671850849078843,-0.54277968375328,1.0,-0.14406200159788415,-0.15328035011273886,-0.01438541863169024,-0.014271997886078169,-0.006044107261634289,-0.15328035011273866,0.05747354296308829,-9.142999307485691e-19,-6.643609224308367e-19,-0.031220445528530046,-0.02420363380250645,-0.08543695248931613,0.13896418365455318,-4.5382838468771486e-12,3.3784228689379866e-15,-1.178586534616057e-12,-0.061977360467438465,-0.045967306432957225,0.03229789357346584,-0.007410772456439172,0.005945607551111244,0.03181779831941954,-0.01062890259562498,0.04583224961183479,0.08505372913881168,0.1098733468531973,-0.13981190556358436,0.12108961606931547,0.04492142243678405,0.04505483530006675,0.04529676095316067,0.04664512316184715,0.04641767585486535,0.045912832485021024,0.045365873149613135,0.013062961573818184,0.045827448437015694,0.04486775928906784,0.04658717558643283,0.016811217824450518,0.047550750459622315,0.0456645427022319,0.052131296591634506,0.024511168258456457,0.062348339550020664,0.04869959126353864,0.05700623749056091,0.033322032866767416,0.05557430617623069,0.0472794051114136,-0.00048564739299687107,-0.007318117916224696,-0.0017418023806657894,0.0016663688193636747,-0.062406666714919276,-0.0630576751498239,0.03589657423991478,0.04164528856143105,0.07699406518061476,0.010978100351455099,-0.04966351243753748,0.008571725252457538
is_long_weekend,-0.013561430972139927,0.0001666338634877895,-0.0037711512282146884,0.003142273863080968,-0.01185281354909995,-0.018894113298693078,0.01855028167490357,0.01665441358408268,0.059771112368747034,0.015059424003008321,-0.020843298610798432,-2.7786550810055246e-17,0.0425462091313768,0.10504856515078496,-0.3218682310371311,0.11720075864290214,-0.027189111047692737,-0.04325764289828317,3.689388953276628e-18,0.09457411329253992,0.01997054889294677,0.19231180531285735,0.09051115115970901,0.7213641541215322,0.5238491736135648,0.26049586626961285,-0.2550390473892626,-0.14406200159788415,1.0,-0.03783941502527417,-0.015987732444136638,-0.011289502993435304,-0.01128950299343484,-0.03783941502527406,-0.015503922237032019,-5.358052412025598e-19,2.04461539944684e-19,-0.1301704533880868,0.12618531191819968,0.022460594561195382,0.058598351714793245,1.0677395437094203e-12,1.8576642405488223e-15,6.792548132357636e-14,-0.053486728539367645,-0.049965130022458636,0.009775371881800802,-0.00940413606698969,-0.0031099811770125474,0.017114294605373847,-0.03467908033713329,0.012369716601314893,-0.022166254530301955,-0.03889654418734239,0.014700868145750775,0.05240914964672274,-0.013273905517224297,-0.013108491841270576,-0.013100678368817453,-0.010536826113651143,-0.014760900240964783,0.011199351581257714,-0.01321722689595085,-0.02254027317589297,-0.011700727584105182,-0.014626546684684804,-0.013497287407700998,-0.025982652122251305,-0.009650231593689242,-0.016756475817247336,-0.013558710188351473,-0.021212743874450664,-0.005477391300287075,-0.022468767272841087,-0.010742345099694612,-0.022971290342511053,0.00011474758778600137,-0.010093348206456671,-0.005548337448267269,-0.031164596103988033,-0.0032702145302463664,0.022762786490651717,-0.05158129327968591,-0.047037199536812416,0.014864968149695016,0.037259242758705166,0.05081651586414939,-0.04141272775900339,-0.042067085055962114,0.04103761116795196
is_daylight_saving_time,-0.07260660703333292,-0.004122533753322465,-0.01726194621848747,-0.01643701627041147,-0.021492139181776226,-0.0005296384600957088,0.10239535515994308,0.0811168931632092,0.07851284655663435,0.08123121268786013,0.05124231434273842,0.0003632198914427133,-0.0003590839521874925,-0.0008521295551521505,0.010823797440673723,-0.00020794054746631278,-0.00020794054746637434,0.00035089594938218956,0.00018548092357228106,0.005834926035910553,0.005834926035910538,-0.07165818666064601,-0.07165818666064587,-0.04927271361909729,-0.04927271361909689,-0.04927271361909744,0.04550016557154623,-0.15328035011273886,-0.03783941502527417,1.0,-0.026852680674663627,0.029152623163603796,-0.06707587712317922,1.0000000000000004,0.015727944335305954,-8.764655547943729e-05,-0.000327101398157663,0.0007241761202276772,-0.0011655828427759517,-0.309848744093855,-0.7709574492269096,-2.4530880546540858e-12,-1.4867359876656075e-14,4.742300184993797e-13,0.7251267828755523,0.6543556576566855,-0.15658527424298183,0.005198316075892663,-0.04130074129749048,-0.14448652074682464,0.17012094682205978,-0.04684475871939528,0.028175086718040816,0.16434482599745365,-0.09708626579044718,-0.8336921381474107,-0.07252080482056918,-0.07243068445517924,-0.07233233926350792,-0.0703221530598871,-0.06834276224253018,-0.059712443807972956,-0.07289310223324232,0.05988175065487763,-0.0810382083576292,-0.0651999409516636,-0.07404522217969269,0.07492023563923479,-0.09840377167274646,-0.055625062240884704,-0.0803702634257485,0.15753204826779543,-0.20198457408366355,-0.04243184986691285,-0.07677801598079884,0.20406753228447275,-0.2401374946569676,0.031613968518851086,0.0026094190152446046,0.014831122573538549,0.0004139443389281566,0.004516653489080798,0.7292354468212038,0.7463282805758613,-0.16711864037349936,-0.20983855318283742,-0.7508819017239098,0.35972415351742903,0.5550477016626301,0.3092794604096101
is_dst_transition_day,-0.0043660098470494095,-1.5225466045642701e-05,0.0004938645120640715,-0.00082827599629495,0.0009594470770478113,-2.873993672301897e-05,-0.0005821039135236127,0.010252414428626067,0.0024559886722305643,0.004715878404438096,-0.06432698688906253,2.4355817104208387e-17,0.11127931660713475,0.11728585066602165,-0.11086013351056292,-0.030304363076492834,-0.03030436307649251,-0.048296799083829084,1.0376800494446224e-17,-0.013677992254858464,-0.013677992254858728,-0.003888410499810192,-0.0038884104998100954,-0.012322431256403876,-0.012322431256403655,-0.012322431256403919,0.05261359410327015,-0.01438541863169024,-0.015987732444136638,-0.026852680674663627,1.0,0.7061353467655224,0.7061353467655025,-0.026852680674663818,0.0009150511043633004,-2.05879261797223e-19,-2.5126498791647504e-19,-0.08200949003083093,0.06539083301905751,0.026802668885700175,0.0455750810656812,-8.00063545935675e-14,6.948507511534198e-15,5.1090937175081937e-14,-0.04362226541214711,-0.04405661301859056,-0.005362975480881163,-0.008034217545976443,0.008008089870588785,0.010420656950350696,0.004905021648307487,0.01464262485050417,,0.038611288736100945,0.005920496510922606,0.04774610156499998,-0.004164483235563511,-0.004130409894868314,-0.004314863290043483,-0.0070758273656245825,-0.01233572763855571,-0.004813522478416121,-0.004230123050358795,-0.005582070744374396,-0.003909511625412828,-0.004576076886945988,-0.004756660448779771,-0.00936892555105666,-0.0032008664864531236,-0.005946458916412743,-0.006984407830504304,-0.01814546007508042,5.455636715214383e-05,-0.011144201301547573,-0.012514402449553368,-0.03207203347032645,0.00046562939144494217,-0.020082872581652485,0.004311833909082397,-0.004124110498765357,-0.0009342468596761751,0.009581592143436802,-0.04487366766094149,-0.04520701797397032,-0.006592803248440802,-0.006985552131687664,0.04057223259689166,-0.03661501389865372,-0.0317130774185201,0.01316526202996673
is_spring_forward_day,0.006249494482311966,0.00011666282955346851,-0.0020990262297247114,-0.0005848749578612993,-0.005588907540664314,-2.0294285163935585e-05,-0.07077666437659685,-0.05353969692982657,-0.05742498324836376,-0.05581752174811874,-0.02458111018232625,4.121835188142531e-17,0.07857825882021026,0.08281968483074324,-0.07828225881895517,-0.021398981929527407,-0.021398981929528004,-0.034104076968724646,9.39266267334527e-18,-0.009658513803940437,-0.009658513803940671,-0.002745744096650131,-0.0027457440966500396,-0.008701304268234792,-0.008701304268235007,-0.008701304268234794,0.0033591963091580954,-0.014271997886078169,-0.011289502993435304,0.029152623163603796,0.7061353467655224,1.0,-0.002745744096650053,0.029152623163603862,-0.011183364153825755,3.2017220429395927e-19,3.504798756609732e-19,-0.05790979968098598,0.046174778549200136,0.07461292592927436,0.00015514167937238015,8.18373618461473e-13,6.971318898684324e-15,1.875871717022305e-13,-0.05523515126049414,-0.05630950893751847,-0.005658059263798796,-0.005536953018133499,0.021875374798282506,0.03591904856122807,-0.01238917985675481,-0.014286517412876695,,0.037161117098550474,0.06950337081410422,0.025610181338960772,0.006618558973462598,0.006892185496826634,0.006962858251765172,0.0037463037637441403,-0.0014694832578984476,0.006333393670564665,0.0068670557174883694,-0.0019345915821965113,0.007245338102974953,0.0064350401625298355,0.006885951911042714,-0.005112830885389743,0.008484967034363668,0.00539209828831104,0.005777527104489947,-0.011490159494319457,0.014492033259219234,0.0007534435260936599,-0.000533084731565723,-0.020731772439325846,0.011886615755329344,-0.0055582979641777604,0.0038925922444094166,-0.0032296615269676084,0.00012242974506069913,0.009798958988482447,-0.056566886371652,-0.05735213153813246,-0.008193061485088412,-0.012942895365091198,0.0576718967754599,-0.025855136386901716,-0.041463450928925304,-0.025618141488248536
is_fall_back_day,-0.012415482236967987,-0.00013816530904522693,0.002796496606687207,-0.0005848749578618663,0.0069439065295722425,-2.0294285204023805e-05,0.06995457607893638,0.06801888136530944,0.06089350407379706,0.06247761861296142,-0.06626600820425294,-8.244589586889103e-18,0.07857825882020888,0.08281968483073807,-0.0782822588189539,-0.021398981929527442,-0.02139898192952739,-0.03410407696872412,5.264861539440009e-18,-0.009658513803940345,-0.009658513803940484,-0.0027457440966500895,-0.0027457440966500747,-0.008701304268234619,-0.008701304268234953,-0.008701304268234632,0.07094544072422822,-0.006044107261634289,-0.01128950299343484,-0.06707587712317922,0.7061353467655025,-0.002745744096650053,1.0,-0.0670758771231796,0.012475664011601016,6.967639912210572e-20,-9.841735581315216e-19,-0.057909799680985065,0.04617477854919902,-0.03676030215358376,0.06420920966499102,-9.319361488487271e-13,3.4552145140792336e-15,-1.1598620841349652e-13,-0.006371250138587163,-0.005910307421616733,-0.0019159081090033888,-0.005809522299996442,-0.010841900023161781,-0.021202262924713503,0.019316396654125104,0.03496585204974976,,0.01536318955049081,-0.06114202710057343,0.041820238631646585,-0.012499936415485873,-0.012725441976114516,-0.013056612646997541,-0.013739279825983178,-0.015951876999755865,-0.013131354286197258,-0.012841133966961018,-0.005948802594281536,-0.012766626275776566,-0.012897698830555865,-0.013603642792136363,-0.008118625599196325,-0.013005456112612042,-0.013790106358832979,-0.015641394134120874,-0.014136122606556905,-0.01441498495902412,-0.0164920605223422,-0.017140545206115777,-0.02456237989342959,-0.011229024505114,-0.02280400375374388,0.0021968776057831457,-0.0025946858201571963,-0.0014418376872713085,0.0037328276490774586,-0.006806710367971401,-0.006491810653443868,-0.0011177356168755304,0.0030775019924987024,-0.00037296414540599713,-0.025855136386901692,-0.003323965739752624,0.044211041455254056
utc_offset_hours,-0.07260660703330535,-0.004122533753306589,-0.017261946218486975,-0.016437016270418117,-0.021492139181783852,-0.0005296384600955995,0.10239535515994104,0.08111689316320912,0.07851284655663145,0.08123121268785835,0.05124231434273795,0.0003632198914427134,-0.00035908395218750766,-0.0008521295551521712,0.01082379744067378,-0.00020794054746630533,-0.00020794054746637558,0.00035089594938222235,0.00018548092357227624,0.00583492603591057,0.005834926035910573,-0.07165818666064562,-0.07165818666064591,-0.04927271361909725,-0.049272713619097006,-0.04927271361909743,0.04550016557154655,-0.15328035011273866,-0.03783941502527406,1.0000000000000004,-0.026852680674663818,0.029152623163603862,-0.0670758771231796,1.0,0.01572794433530586,-8.764655547943988e-05,-0.00032710139815765365,0.0007241761202277388,-0.0011655828427759897,-0.30984874409385454,-0.77095744922691,-2.4477265092059525e-12,-2.0607578085943916e-14,4.796955136658806e-13,0.7251267828755514,0.6543556576566867,-0.1565852742429847,0.005198316075892726,-0.04130074129748991,-0.14448652074682375,0.17012094682206028,-0.04684475871940081,0.028175086718034755,0.16434482599745512,-0.09708626579044646,-0.8336921381474098,-0.0725208048205361,-0.07243068445518375,-0.07233233926352366,-0.07032215305987352,-0.06834276224250677,-0.059712443807996854,-0.07289310223325872,0.05988175065486758,-0.08103820835764519,-0.0651999409516794,-0.07404522217969854,0.074920235639232,-0.09840377167275256,-0.05562506224089138,-0.08037026342573377,0.15753204826780934,-0.20198457408364964,-0.042431849866898866,-0.07677801598082624,0.20406753228444524,-0.24013749465699097,0.031613968518822325,0.002609419015244582,0.014831122573538623,0.0004139443389281567,0.004516653489080724,0.7292354468212024,0.7463282805758555,-0.16711864037350838,-0.2098385531828336,-0.7508819017239109,0.3597241535174272,0.5550477016626287,0.3092794604096108
date_index,0.13367949036020796,0.07096214847211971,0.3777991261088976,0.021232584149458122,0.4793171481272812,0.979795906288663,0.19313423476918753,0.19880302758081925,0.18818982149092323,0.20065753306183534,0.01938031624738058,-8.855520422422889e-17,-0.0018976180471517222,-0.0012002905054586002,-0.00010001569536094727,0.00038736734057397143,-0.0019368367028734308,0.0004942641337824858,5.8096327354144296e-18,-0.005466656410280693,0.0048255773003323356,-0.018122020313265878,0.018082257240718838,-0.009402515018529775,0.0020219425458650768,-0.009087490583720914,0.0052828123100289864,0.05747354296308829,-0.015503922237032019,0.015727944335305954,0.0009150511043633004,-0.011183364153825755,0.012475664011601016,0.01572794433530586,1.0,1.2278425975711947e-18,2.0415710644546975e-18,0.00251064193393788,0.0012094745645102485,-0.1513505270196115,0.0426742677571037,-7.436873268619306e-11,-4.039852722667095e-13,-1.3190670070509131e-11,0.049875595321474245,0.0706817140316557,0.04228355363044927,0.004040775786522901,-0.025308550143218436,0.0018782590079221867,0.002205009816622551,-0.02421776802566872,0.026670371543483225,0.03319937549120512,-0.1559593308813883,0.001811267524670938,0.13365088762937058,0.1336358015472691,0.1336338377615705,0.13331881849655255,0.13295174164700144,0.1318284934793381,0.13447296022779193,0.022416797702126214,0.13715313029479653,0.1315854613707992,0.13683699859295162,0.028965751708124907,0.1426285931801713,0.13047415928470435,0.15015190424689537,0.06058128660440375,0.17404265184563333,0.12172940088243404,0.15322540916270008,0.05968771569928778,0.17901644314148493,0.10981449954095557,-0.0013331388284587575,-0.005856697942620022,-3.0413905175199218e-05,-7.350956997009019e-05,0.050108258973908554,0.05083665621566298,0.04527430906885177,0.057591617611973914,-0.05422837431659315,0.016338381773383565,0.03618289055121319,0.023832299679239922
hour_sin,-0.30919356736393494,-0.00021114173813605315,-0.004367852490081746,0.000716791661949251,-0.0062326137481713215,3.474259191240024e-16,-2.4055462311898524e-19,-2.1592056683029184e-18,7.743965172159372e-19,1.4717291351261242e-19,9.201790174629583e-20,-0.7759122353393889,-3.999612140455222e-20,3.156889556540054e-19,1.2523588287488862e-18,8.442689662166702e-19,1.2355883784438877e-18,-0.08890681379342999,-0.1784268094862058,6.237042825933049e-19,8.57495256021545e-19,-1.4667306054788183e-19,1.051261083999898e-18,4.2781816008960113e-20,2.6604400562656867e-19,6.069128878356127e-19,2.8047817975205406e-19,-9.142999307485691e-19,-5.358052412025598e-19,-8.764655547943729e-05,-2.05879261797223e-19,3.2017220429395927e-19,6.967639912210572e-20,-8.764655547943988e-05,1.2278425975711947e-18,1.0,-2.3993102475935812e-17,-1.4522162732913079e-19,2.671048402217012e-19,-6.240149687185225e-20,-1.1428986173388922e-18,2.6473013513770918e-14,4.740299295383635e-16,7.100149162776189e-15,-0.12213001970095116,-0.004425510908174625,0.2864654066525519,0.0010567054703317837,0.022514926767827844,-0.19623298797412203,-0.032334782570499834,0.029037535211429738,-0.09566767959097583,-0.024736604519994897,4.770287991535866e-19,3.4329484681046547e-19,-0.34998478874999706,-0.366931415940268,-0.35888011103648537,-0.30920852478729804,-0.30922994528492864,-0.3091684365813467,-0.36084836594536923,0.12768167485536536,-0.3824340224599387,-0.3337986017331853,-0.31954667543267784,0.25462335520737694,-0.37324408675216614,-0.2270734023483203,-9.457930088668777e-05,-0.006253702839413976,-0.008924478396822052,-0.0130241513961957,-7.53087346077538e-05,-0.0003496273630653257,-0.0015840146260602673,-0.0031413048997885385,0.29246195284846227,0.00028513225976259767,-0.1886130869987144,0.04480729481241309,-0.15089695481951723,0.0001415708734697441,0.36505639705178833,-7.373746894765782e-05,0.08887031936771597,-0.18299615836769473,-0.41900749338306176,-0.0508846449815731
hour_cos,-0.19829611053994384,-0.00015469396492515144,-0.004257372404235533,-0.00047606335014091863,-0.0049366263035962345,8.94478154019396e-16,-8.007796120716421e-19,-3.324518751516914e-19,9.327020731728182e-19,1.3934302451785237e-18,-2.768680229534558e-19,-0.10215078369105127,-1.5476111155418111e-18,-3.019777137286867e-19,3.184182065875189e-19,-1.5038607602323672e-18,-1.1029449591494253e-18,-0.6753142965207334,-0.1369117062977461,-9.663569584461485e-19,-1.2460477939063043e-18,1.4600352436157037e-19,1.4854776186955043e-19,-1.6720126742503125e-19,-4.692720654801963e-19,-7.587565802830671e-19,6.214989274353044e-20,-6.643609224308367e-19,2.04461539944684e-19,-0.000327101398157663,-2.5126498791647504e-19,3.504798756609732e-19,-9.841735581315216e-19,-0.00032710139815765365,2.0415710644546975e-18,-2.3993102475935812e-17,1.0,-1.874372166689939e-19,-6.541429209540144e-19,-5.67468414867695e-19,2.107113970020076e-20,-1.4646024627198194e-14,6.817954022282404e-16,-1.1528297098203526e-15,-0.11582485346213268,-0.008713480162592654,0.259302723757016,-0.0005209117645769107,0.04644304986107439,-0.20719206429621706,0.026145580249163445,-0.008061246199202994,-0.14082213799812865,0.017766039912991062,1.7217143371537617e-19,-8.022880798768544e-20,-0.11153441323520688,-0.017169808698779505,0.07836657852045634,-0.1983340671178182,-0.19838701066848013,-0.19853802149439714,-0.016878986277320245,0.21608621634569364,-0.03693632584146613,0.0024702910680252394,0.11515910701449819,0.15326977466717526,0.08887818887329384,0.12641616281366858,-1.3707617475471676e-05,-0.0020240984662782593,-0.005941252163273476,-0.002547413539622062,-1.1350607656435318e-05,0.00025257295719859947,-0.0010640619490774657,-0.0005782100462115679,-0.4025518609213088,-0.0004450862401217267,0.27260467827222623,0.10264614955986544,0.0242035542206905,0.00020869755777898585,-0.06710779221693733,0.00022406568338450807,0.07559350091853267,-0.20183731928836224,-0.12039983946966969,-0.047130527658073386
weekday_sin,-0.014644437419250776,0.00035870728516388393,0.002169403653236211,0.001037267178279958,0.004187167919279956,0.002505184253539957,-0.000716260068380515,0.00037423793655516765,-0.0052891095634169955,0.0002809651143937194,-0.0009488662741187791,1.3523546957906193e-19,-0.7342368819107262,-0.7856011958714715,0.764303458955432,0.00013720709630359282,-0.2504029507540764,0.3235004299458295,2.3868514319214916e-18,0.0015733446919047743,0.003250889597907373,-0.017997332586664798,-0.006411851589737212,-0.015011304309749575,-0.0806157990903353,0.06453159907798468,0.041761946664505986,-0.031220445528530046,-0.1301704533880868,0.0007241761202276772,-0.08200949003083093,-0.05790979968098598,-0.057909799680985065,0.0007241761202277388,0.00251064193393788,-1.4522162732913079e-19,-1.874372166689939e-19,1.0,0.0004284008373120803,0.00032287717508006536,-0.0009231775509641084,-2.490804164862046e-13,-1.7370359701868335e-15,-2.7914900820529268e-14,0.024773634549667037,0.03213064916280299,0.018405881663708244,0.016183275591824673,-0.012851186519538697,-0.005130772222346214,-0.022588092076077055,-0.0022173530425299423,0.047089224662337094,0.08084684700509398,9.241183183267908e-06,-0.0004759098189542801,-0.01419310776037046,-0.013485936325207457,-0.01247669996123032,0.006214779836567618,0.022645235637744687,-0.014769816092634027,-0.013473300612313183,-0.0049966855506386335,-0.013379764246445902,-0.013503515506696503,-0.011780355860530027,-0.0021895887394084435,-0.011861176500557773,-0.011557999068389595,-0.0004915455759762965,-0.014753121958659875,0.010176533562479355,0.014806223363503204,0.0004003675444282081,0.0019048173725411527,-0.0003045900796194808,0.0035097224025599635,-0.0003131714840338927,0.02799393666465488,0.0009662147030881331,-0.0022258695292496303,0.02406937438273378,0.019499449898770983,0.01798572942925654,0.014957771629370656,-0.02624906906910075,0.010350925078446866,0.017994413665339187,-0.4865170557453521
weekday_cos,0.01986388988273674,6.54048229417909e-05,0.0008306064798050397,0.0008151237375820348,0.0010447097972586812,0.0017543262312347202,-0.0017048122593281848,-0.0027456839893390066,-0.002519515969653082,-0.002538194954427888,0.0022201155938583426,6.660552056878641e-19,-0.35371066697807857,0.17897658558483046,-0.20593019704393528,0.5773484517394396,-0.5207147776546307,-0.07370024726439289,-1.9537419936320458e-19,3.888116779212283e-06,0.004084115594751678,0.004076626719068179,-0.0015045532946911062,0.09439965403723025,0.050281733215268326,0.07059754215110746,-0.016553755655175795,-0.02420363380250645,0.12618531191819968,-0.0011655828427759517,0.06539083301905751,0.046174778549200136,0.04617477854919902,-0.0011655828427759897,0.0012094745645102485,2.671048402217012e-19,-6.541429209540144e-19,0.0004284008373120803,1.0,8.222221350099398e-05,0.001167635909365062,-6.922619165515302e-14,-2.370529007629171e-16,-4.304932061053718e-16,-0.0029862789691289643,-0.007378410791256516,-0.010764029386119244,-0.002471021055457386,-0.020354108253818014,-0.027544167546263914,0.010020047565466155,0.0004328403305046291,0.09383288501965399,0.058310304708721096,4.051196553187641e-05,0.0009870707649114038,0.020621389927378175,0.021004394536061507,0.020749453976334972,0.024235979442348926,0.010637414756061458,0.019804635844849292,0.020914545517299283,0.035077329465343865,0.01838952277035923,0.02304672532090788,0.020533603919169138,0.03499312988399822,0.015111546826847523,0.024928141548046644,0.026198802465451258,0.07634961839205645,0.006991014016962707,0.034754255134375224,0.0003274582551499286,-0.001875218780501683,0.0028916394224456263,0.003519116818706488,0.008993605631228304,0.04798048079588185,0.004683390334546701,-0.0015354841247055043,-0.00628199203617715,-0.014634618161739934,-0.01595756646329422,-0.024246817511072074,0.009031989345426891,0.017856737957529734,0.0009853203300583114,0.11300855877006019
month_sin,-0.011356282742110476,0.002478381433451225,-0.02669976552980507,0.0004622429336346893,-0.061466253443786124,0.0004779540452019281,-0.7851898562019304,-0.7609021034016028,-0.7510978939808638,-0.7590912344897496,-0.01106725151457372,3.3737335737457697e-16,-0.0003878911431587773,-0.00023413673640347213,-0.004261661902256062,0.00040314597617500275,0.0001061130788471117,9.641448522558202e-05,2.995116433444235e-17,0.0012807947007051732,0.0012807947007051604,0.037488516568322444,0.00036410720736837075,0.015387333273212319,0.016030672780559852,0.01538733327321226,-0.1972719989762918,-0.08543695248931613,0.022460594561195382,-0.309848744093855,0.026802668885700175,0.07461292592927436,-0.03676030215358376,-0.30984874409385454,-0.1513505270196115,-6.240149687185225e-20,-5.67468414867695e-19,0.00032287717508006536,8.222221350099398e-05,1.0,-0.001917739423169037,1.0217258760304787e-11,-5.568239712846023e-14,2.201467397769104e-12,-0.5518807121027451,-0.600777617160653,-0.11879942023286143,5.957416598819948e-05,0.01752044320067661,0.15884143860466388,-0.10404431138354081,-0.03754826332340565,0.008433677666741605,-0.16822567479131478,0.9539933011184998,0.25887315635772595,-0.011339729870940346,-0.011340589715342096,-0.01136195439904492,-0.01150395322360513,-0.011562494158909128,-0.015106891608890725,-0.011414174908087793,-0.10536758445732262,-0.0021204640148632116,-0.019957726819219763,-0.01163284026931941,-0.13045124798130697,0.01570599155600822,-0.0330652221297816,-0.012980685905276927,-0.24361807495313376,0.09923134194707299,-0.06442655539633918,-0.0144563297882024,-0.2816659702099123,0.13997596838555534,-0.12262596818940386,0.004872313109438365,0.026373805586561695,-0.0006988749705192882,9.36020189039995e-05,-0.5572834782963473,-0.5768642809881782,-0.12558791746019038,-0.15310699729270938,0.5510664119766207,-0.34024967141100787,-0.41503426592587955,-0.23622338859447065
month_cos,-0.009520767016579439,0.0035654603639731666,0.02862345853561379,0.016785826966527622,0.0426469107061788,0.00027448453936419786,0.21472865921115028,0.20921728453655936,0.21272868998861186,0.2120283004667789,-0.004567645869563996,5.3702697585271886e-17,0.00038639936096148753,0.0003916066203035682,-0.014807860417153604,0.00040071010624549193,0.0015049886533008729,-0.00016125855039857086,4.567090113934604e-17,0.0005457311384599011,0.0005457311384598629,0.06420920966499197,0.07411840846774849,0.05981604702642292,0.05742430515934883,0.05981604702642257,0.05303854667739669,0.13896418365455318,0.058598351714793245,-0.7709574492269096,0.0455750810656812,0.00015514167937238015,0.06420920966499102,-0.77095744922691,0.0426742677571037,-1.1428986173388922e-18,2.107113970020076e-20,-0.0009231775509641084,0.001167635909365062,-0.001917739423169037,1.0,-1.2951515449743835e-12,6.633167714209035e-14,-1.1747158933932385e-12,-0.6874974707793788,-0.586756530709865,0.22861374473022664,-0.00925330175684504,0.015651857212786235,0.0988070900674039,-0.14418436228823564,0.08266999394777218,-0.16437983836331677,-0.06557058918550962,-0.2607723959020431,0.9536275610860966,-0.009582802318739994,-0.009643094574948304,-0.00969894402698772,-0.010337266330699414,-0.010781588345476033,-0.010153763216049926,-0.009694486152098088,-0.09793798587481627,-0.0010424412696099156,-0.017647440287924646,-0.009924906171842112,-0.11950853058578714,0.01573499715768354,-0.029221470654672364,-0.011046072771301567,-0.22574512220060056,0.1053677915904618,-0.04775637155000853,-0.011643990512872753,-0.2784114879095326,0.16202575844059225,-0.12581663604366058,-0.004366354949632581,-0.024581669983909652,-0.00016489284010652835,-0.003747651318543633,-0.6907230418116689,-0.7049304065384723,0.24355875039053065,0.3044125846334996,0.6777943712651591,-0.452149644716371,-0.5279692862935177,-0.28911366496462326
assigned_climate_id,0.24108334952102162,-0.15910728154727208,0.6378176555437556,0.6970030117775528,0.5389134562809178,-7.684237059665667e-11,-1.3287033672847971e-11,-1.3635303671653214e-11,-1.2859363283035848e-11,-1.3768269602375434e-11,-1.2156191395706846e-12,-3.265305528441166e-14,1.7269721389162348e-13,1.4714775437301556e-13,1.5994149499327727e-14,-2.540706258478351e-14,1.3123149495529173e-13,-6.179687897714609e-14,-1.0483134076777229e-14,4.33366051461842e-13,-2.8399883922793803e-13,1.3691283703050062e-12,-1.446165744794906e-12,1.321219062135936e-13,-7.646789253626788e-13,1.9348560999124787e-13,-3.920587905867152e-14,-4.5382838468771486e-12,1.0677395437094203e-12,-2.4530880546540858e-12,-8.00063545935675e-14,8.18373618461473e-13,-9.319361488487271e-13,-2.4477265092059525e-12,-7.436873268619306e-11,2.6473013513770918e-14,-1.4646024627198194e-14,-2.490804164862046e-13,-6.922619165515302e-14,1.0217258760304787e-11,-1.2951515449743835e-12,1.0,-1.0000000000000058,0.9999999999999907,-0.027252446593855454,0.007452552490009141,0.10901653634617134,,,,,-0.4211424207154169,0.0706669070512561,,1.002964650390295e-11,1.3399952439460669e-12,0.24108699900140057,0.2410906112596042,0.24109414221818665,0.2411792190765354,0.24127679496354942,0.24152256970781172,0.24260662534203098,0.18658595145419948,0.23433876177094595,0.2498135606303609,0.24691413894602432,0.21076365237822192,0.22646261062658404,0.2642869545496595,0.2712146080293534,0.3471624578770343,0.21360073329092857,0.29221331730445727,0.2789032125840035,0.3426164479133759,0.2448470868476037,0.3087920866668192,0.0003560697141924106,-0.00038250911789930935,-0.0001768561774741945,0.0001901953228260822,-0.027351313331129317,-0.02759721375040795,0.11598511724480824,0.14473901996521568,0.03500291054338958,0.008562855266376712,-0.016324901509289023,-0.011968685669453378
Longitude (x),-0.24108334954173688,0.15910728144712916,-0.6378176556139581,-0.6970030118208185,-0.538913456395473,3.332647881706951e-12,2.1546826401865467e-14,-7.831409060106762e-16,9.094607625088782e-15,1.7475503631508528e-14,-1.4371820690598763e-14,-2.7893353927840614e-15,-2.73700848294518e-15,3.4822778071999537e-16,2.7708519116976556e-15,2.0581309215706966e-15,2.2902277719181604e-15,6.92722354011121e-16,3.2446616154238773e-15,3.592887139493305e-15,-5.118342517362031e-16,1.834693438102198e-15,-1.4773938032306206e-14,3.5346870894763573e-15,-2.7715179083528084e-15,1.0461502114945343e-15,1.980309632263332e-14,3.3784228689379866e-15,1.8576642405488223e-15,-1.4867359876656075e-14,6.948507511534198e-15,6.971318898684324e-15,3.4552145140792336e-15,-2.0607578085943916e-14,-4.039852722667095e-13,4.740299295383635e-16,6.817954022282404e-16,-1.7370359701868335e-15,-2.370529007629171e-16,-5.568239712846023e-14,6.633167714209035e-14,-1.0000000000000058,1.0,-1.0000000000000178,0.02725244658673089,-0.00745255249173611,-0.10901653634665512,,,,,0.4211424207166239,-0.07066690705072946,,-7.457223861193809e-14,4.969751164498799e-14,-0.2410869990455723,-0.24109061129006373,-0.24109414227993134,-0.24117921917618496,-0.24127679494182164,-0.24152256970311842,-0.2426066254041656,-0.186585951483513,-0.23433876183266433,-0.24981356069278865,-0.2469141389613719,-0.2107636523921029,-0.22646261064061005,-0.2642869545661371,-0.2712146081414068,-0.34716245795253603,-0.21360073340820399,-0.29221331740704065,-0.27890321257869805,-0.34261644790456475,-0.24484708684523138,-0.30879208665769875,-0.00035606971408514386,0.000382509117852852,0.00017685617747024326,-0.00019019532274035052,0.02735131333141556,0.02759721374707697,-0.11598511724493697,-0.14473901996236346,-0.03500291053605568,-0.008562855270053524,0.01632490150398913,0.011968685666336267
Latitude (y),0.2410833495395747,-0.1591072814619532,0.6378176556069887,0.697003011817654,0.5389134563776942,-1.6630939647899985e-11,-2.7700462107999824e-12,-2.821690015754617e-12,-2.7172530426891513e-12,-2.870439900946292e-12,-2.7273597458848674e-13,-6.729061131702714e-15,1.686722274603732e-14,1.3181481741364916e-14,-7.277026788795279e-16,9.458210764583654e-15,1.0608381635489236e-14,-8.166869473258217e-15,-5.75835822170294e-15,7.8651948520061e-14,-5.442697998671444e-14,1.6047793101840372e-13,-3.192795773960005e-13,4.3806516071939307e-14,-1.0873629233342897e-13,3.301930727986235e-14,1.1903273345481022e-14,-1.178586534616057e-12,6.792548132357636e-14,4.742300184993797e-13,5.1090937175081937e-14,1.875871717022305e-13,-1.1598620841349652e-13,4.796955136658806e-13,-1.3190670070509131e-11,7.100149162776189e-15,-1.1528297098203526e-15,-2.7914900820529268e-14,-4.304932061053718e-16,2.201467397769104e-12,-1.1747158933932385e-12,0.9999999999999907,-1.0000000000000178,1.0,-0.02725244658723303,0.007452552491725196,0.10901653634661448,,,,,-0.42114242071703145,0.07066690705128602,,2.4219054819856598e-12,-5.286199401983954e-13,0.2410869990717898,0.24109061130587156,0.24109414227998455,0.24117921918119023,0.24127679495845247,0.24152256971172184,0.2426066254042217,0.1865859514854807,0.2343387618325393,0.24981356069299226,0.24691413898829753,0.21076365240612932,0.22646261066724102,0.264286954593365,0.27121460814703946,0.347162457956332,0.21360073341407038,0.29221331741213696,0.27890321258864986,0.34261644791188306,0.24484708685537615,0.30879208666741476,0.00035606971407692447,-0.0003825091178251588,-0.00017685617747157406,0.00019019532274650692,-0.027351313331295132,-0.02759721374689207,0.11598511724480336,0.14473901996244173,0.03500291053643815,0.008562855269353561,-0.016324901504375117,-0.011968685666578407
Temp (°C),0.08093054978015833,0.001295214080198557,-0.025595433137861306,-0.033700212008083055,-0.019892974182637004,-0.0071610336741467495,0.2937524425356677,0.28830315154201025,0.28368718841201584,0.2845193224902981,0.00012764531369074915,0.09688961767098236,-0.013351863819297587,-0.016696535137586045,0.029356009763446305,-0.005852402736090351,-0.007456085562989904,0.10356667445161263,0.017003654685226986,-0.010163526152552171,-0.0006172158035100772,-0.04470208307840707,-0.041014559909512215,-0.0478213153066306,-0.041719278988671914,-0.04569498247230109,0.05628994651157632,-0.061977360467438465,-0.053486728539367645,0.7251267828755523,-0.04362226541214711,-0.05523515126049414,-0.006371250138587163,0.7251267828755514,0.049875595321474245,-0.12213001970095116,-0.11582485346213268,0.024773634549667037,-0.0029862789691289643,-0.5518807121027451,-0.6874974707793788,-0.027252446593855454,0.02725244658673089,-0.02725244658723303,1.0,0.9197862838697668,-0.16683379014980843,0.0025257567622053306,-0.0877677171351842,-0.14089413898749276,0.14630231978738859,-0.11332922912864914,0.7992552207657199,0.9316101725399448,-0.35611516607671734,-0.8164855723148365,0.07667406783548851,0.06850050343313578,0.05673141412166247,0.07572645585193045,0.07037081422476918,0.06696348621965122,0.06771861786057921,0.11881339585043642,0.05869479757273524,0.07491363504357573,0.04692866683976819,0.14933541422397653,0.014148026545239967,0.06557680269105506,0.016071687191021786,0.3284093175040878,-0.14315014801004425,0.07965070854643867,0.007544893988540532,0.35980374732218906,-0.21077474032136195,0.15582690121367418,0.04425752283515046,0.19706100964452192,-0.03311759003658751,-0.08877775948978973,0.9775370338254499,0.9526167397265269,-0.11553413877737431,-0.10167277798955605,-0.9751506391819245,0.6926277608382085,0.8105899195570221,0.4205150494343283
Dew Point Temp (°C),0.038859984034224075,-0.0022902517133870596,0.0022906861135060914,-0.008541013824303154,0.004021294495134649,0.0041046236787287815,0.3427222748136833,0.3353619821958725,0.3346110668017972,0.33343769065159495,0.01775816439994113,0.005260195851689375,-0.01384114502690421,-0.020121050673348264,0.0349960716302794,-0.012474773148147916,-0.008211939259066454,0.015525087233712822,0.0010954518916500694,-0.01735160731527515,0.005411071712072087,-0.02928448763243115,-0.02331558237347793,-0.048762848902938555,-0.025459977170731653,-0.03651970244411174,0.07136951023520607,-0.045967306432957225,-0.049965130022458636,0.6543556576566855,-0.04405661301859056,-0.05630950893751847,-0.005910307421616733,0.6543556576566867,0.0706817140316557,-0.004425510908174625,-0.008713480162592654,0.03213064916280299,-0.007378410791256516,-0.600777617160653,-0.586756530709865,0.007452552490009141,-0.00745255249173611,0.007452552491725196,0.9197862838697668,1.0,0.22607099591492028,0.0726768218477509,-0.11840169547330011,-0.22330394737723905,-0.010202878343995215,-0.2201172219252142,0.6275116008012568,0.8485955610962226,-0.42926964815435237,-0.7303713252937014,0.03843282042318356,0.037723611156400653,0.036724731626903456,0.03579997601458177,0.029283237604765564,0.02348621059470997,0.03785734965165229,0.15635591665902723,0.024795252476352163,0.04974491379763959,0.036682798505092915,0.18791752344010362,-0.001322690762633195,0.06551551575347925,0.039017399724129986,0.340586012830717,-0.11773088089374396,0.09892954714780318,0.028502305778797705,0.367017338786553,-0.18073380214194096,0.1700985141937293,0.013163146942756816,0.15689827427739242,0.025659018333212897,-0.0799980531421182,0.9199198327045979,0.9204674128965117,0.2057799719604864,0.14507251974112023,-0.9127892279394672,0.5854352131198054,0.6915079021063334,0.3871023288376585
Rel Hum (%),-0.10544122697990314,-0.012780694519756358,0.0798443444712692,0.07778055984777495,0.06492798000749413,0.017969102966951544,0.1232963965422382,0.11871722544012851,0.12971680003695027,0.12359009630566546,0.04864890765342068,-0.22653117697464364,-0.0006281588074918105,-0.008085461100778655,0.013740099721314921,-0.016769694641662447,-0.003120997011233923,-0.21552117632838627,-0.04449019926491024,-0.02055759364908766,0.017864626857265992,0.04342713303123512,0.05038419067640566,-0.0013501001724542717,0.0437647190422368,0.02578366288182435,0.0316990024288089,0.03229789357346584,0.009775371881800802,-0.15658527424298183,-0.005362975480881163,-0.005658059263798796,-0.0019159081090033888,-0.1565852742429847,0.04228355363044927,0.2864654066525519,0.259302723757016,0.018405881663708244,-0.010764029386119244,-0.11879942023286143,0.22861374473022664,0.10901653634617134,-0.10901653634665512,0.10901653634661448,-0.16683379014980843,0.22607099591492028,1.0,0.21510746214789536,-0.09095857545743417,-0.20777008936784955,-0.46204582011031886,-0.29920156720346713,-0.022536413486285666,0.2886100210769071,-0.17221914124926274,0.1941895015957806,-0.0964978108595839,-0.0784164930488465,-0.05197502333382536,-0.10017523045530827,-0.10177641124431078,-0.10587371725555135,-0.07610364605263904,0.08644199360738368,-0.08558014840023084,-0.06493465367532336,-0.027804227567262595,0.09538477449385283,-0.041104986332602685,-0.00234332864664421,0.05315372464278386,0.035672729237998,0.054418108667516875,0.04514490778533085,0.050349648162662,0.022632616165703785,0.070702128479956,0.036071599714343906,-0.07732810333208373,-0.08017132792423784,0.15208048955677636,-0.007924019003462783,-0.11364510808158858,-0.05696086731881921,0.8209072363898872,0.6266994092649549,0.12365338012488201,-0.2426408170267343,-0.2647802640771954,-0.06730567198493426
Precip. Amount (mm),0.0029630335962950224,0.00035880265512663737,0.00041120550938385345,0.0013883315805620444,-0.0011053923706398692,0.0028634254690100003,0.005263050646144995,0.0047159362136475775,0.008325626979022087,0.006211980357496049,0.01826916818406463,0.0041545157673020935,-0.00906835575623878,-0.010343056951242309,0.014494168460312644,-2.1818004535078517e-05,-0.009909431866617672,0.004902215244838706,-0.002607133992750643,-0.011832643871422705,-0.0018216841041224466,-0.00022185202180724303,0.012316334943885666,-0.013571711942294276,-0.0047796025228582445,-0.0008573080951399376,0.004260149379572866,-0.007410772456439172,-0.00940413606698969,0.005198316075892663,-0.008034217545976443,-0.005536953018133499,-0.005809522299996442,0.005198316075892726,0.004040775786522901,0.0010567054703317837,-0.0005209117645769107,0.016183275591824673,-0.002471021055457386,5.957416598819948e-05,-0.00925330175684504,,,,0.0025257567622053306,0.0726768218477509,0.21510746214789536,1.0,,,,-0.14244403376268883,-0.00044778664384553964,,0.0031688366653011162,-0.007072131647980361,0.003838071162901977,0.005240733516224814,0.005740397176659177,0.0020656922023469843,0.00637549775639113,0.008714841182447001,0.004968277339634122,0.003211902646808156,0.004740326185217936,0.0049045205331691,0.00505213903452585,0.003567632827392259,0.00433528766907993,0.004936716647150043,0.004602961312593882,0.008620514792539028,0.00251004893154616,0.004877461961703942,0.005809369386854835,0.004761664215375616,0.006165366419702584,0.005343627098305592,-0.06640139319686787,-0.029274083709827595,0.10104847560575783,-0.10517597989947926,0.015064333956121993,0.019130337399666027,0.14459102113663785,0.08520823649006466,-0.012050083509483951,-0.029539278693066977,-0.00477814852715494,-0.00625857046314827
Wind Dir (10s deg),-0.01978633755430343,-0.0025871848413008113,-0.010597095073348871,0.0024198231308343258,-0.0031083097686712574,-0.018627078551543004,-0.028630576682116306,-0.033062222665551574,-0.035921644946259976,-0.03527123550664435,-0.029246729303709407,-0.028655668027120513,0.012214563521573298,0.002751133473382425,0.0003598846107987146,-0.005865392780252188,0.018078144973202384,-0.033926877059463095,-0.029737954322019436,0.019800970220309997,-0.005277909953542699,-4.2449965012713374e-05,-0.019505123502135853,-0.004263987604167084,-0.00022055535827554426,-0.03572642396578795,0.031034802048168605,0.005945607551111244,-0.0031099811770125474,-0.04130074129749048,0.008008089870588785,0.021875374798282506,-0.010841900023161781,-0.04130074129748991,-0.025308550143218436,0.022514926767827844,0.04644304986107439,-0.012851186519538697,-0.020354108253818014,0.01752044320067661,0.015651857212786235,,,,-0.0877677171351842,-0.11840169547330011,-0.09095857545743417,,1.0,0.31367029399326296,0.16605734666963434,-0.0710025204694268,0.0739496172617729,-0.16243184130023025,0.005964867804183122,0.017486455104837303,-0.01475436944301631,-0.008160721261489184,-0.0006465674915502583,-0.012014124067664984,-0.01994338502612035,-0.02032338625767552,-0.007914876787896397,0.00654858256972764,-0.008652784345422727,-0.0069779339696710765,0.0038886156580310127,0.01220026370726166,0.0022280992117401227,0.006179180242647687,0.012029985900586715,-0.003795514736471303,0.018620288610072463,0.009213290580471177,0.007193406928609956,0.0053549490988318614,0.006600783573235604,0.010026911145204606,-0.07039849649285278,-0.12940518388882835,-0.05265191981677897,0.34508993701414997,-0.0637786804239068,-0.04020053839690117,-0.05183762857292889,0.04148156905715637,0.0948821934211085,-0.030679074534861885,-0.08240216730815596,-0.04629362299561882
Wind Spd (km/h),0.11168593999976256,0.0010665367138716767,0.01707271587714778,0.001638836697943683,0.02629454053908261,0.018888275952830994,-0.09084780082795446,-0.08481336446270986,-0.09551256986503472,-0.08325483174625124,0.01158425551369155,0.14790401190253605,0.005743991983980115,-0.011543691319023337,0.010042256441014722,-0.00600550509010175,0.03156191786575004,0.17275455013540242,0.021381655659391655,0.020352748955674318,0.003873683444195896,0.007936348752347624,-0.009691307237411685,0.008990412145403156,0.03127743581363128,-0.009885809158504835,-0.02646543103887402,0.03181779831941954,0.017114294605373847,-0.14448652074682464,0.010420656950350696,0.03591904856122807,-0.021202262924713503,-0.14448652074682375,0.0018782590079221867,-0.19623298797412203,-0.20719206429621706,-0.005130772222346214,-0.027544167546263914,0.15884143860466388,0.0988070900674039,,,,-0.14089413898749276,-0.22330394737723905,-0.20777008936784955,,0.31367029399326296,1.0,0.04371609290021806,-0.27196443133124515,0.18778647496393264,-0.3361584888737419,0.12326970806205907,0.13982746929361678,0.10386015430503316,0.08941162491494514,0.06895293130557717,0.11061197848415695,0.10131697989800105,0.09913604376612424,0.08802984022440369,-0.11154744648447393,0.10049382673032314,0.0744332204737262,0.05164961613723773,-0.10504476813269738,0.07200804423228768,0.023374984678198388,-0.004019168722917301,-0.07840039166397528,0.036508254348434806,-0.01795930029824867,-0.009856267697395164,-0.08782378039469033,0.03714189723120895,-0.041342799703258534,-0.09675434419912904,-0.13822453659474518,-0.09253558952027592,0.23362228506231827,-0.14550215109411305,-0.16464153171455234,-0.0792075793426386,0.07834980455453207,0.16964467385009876,0.007325509247189904,-0.042359543398074746,-0.06476981711801735
Visibility (km),0.0027846100651827883,-0.004337695805062345,-0.013981472820210337,-0.0012030683219267444,-0.0005126458879136931,-0.004733233915396055,0.042812117946769236,0.036385667752111536,0.026413518069414894,0.034210013172409015,-0.01802315940752927,0.01559879343596725,0.0056793772602785125,0.017835869683587705,-0.015903784539273443,0.009906224444660204,0.00299077692320684,-0.011887858766944773,-0.0141839366410917,0.013056700178718971,-0.02784465935308876,-0.042091117811587996,-0.06490855368784541,-0.022376893301418465,-0.0599974669551351,-0.0381186516627216,0.03888237617705504,-0.01062890259562498,-0.03467908033713329,0.17012094682205978,0.004905021648307487,-0.01238917985675481,0.019316396654125104,0.17012094682206028,0.002205009816622551,-0.032334782570499834,0.026145580249163445,-0.022588092076077055,0.010020047565466155,-0.10404431138354081,-0.14418436228823564,,,,0.14630231978738859,-0.010202878343995215,-0.46204582011031886,,0.16605734666963434,0.04371609290021806,1.0,0.23320859974961708,-0.028718996326710485,-0.08406855271846128,-0.06977219452031637,-0.16878022015200364,0.006955271161273668,0.011036472306874566,0.014562777211622835,0.002687564503871268,0.0015497622569458464,-0.004094671234981868,0.010934202081325825,0.03306528355259681,0.008082508318999575,0.013460902431965061,0.014672985150000492,0.03488260584559658,0.006993460324993137,0.01907997140731621,-0.001968156566785219,0.05047861183159024,-0.02849289254717507,0.013942771898227357,-0.004846848069524388,0.07071985209268558,-0.052944572566363875,0.030526120210338938,0.02374809829610793,0.014032244040661536,-0.09467794176984895,0.140715583132571,0.14382715545305508,0.14136338270292365,-0.4018588602041713,-0.300588476583361,-0.1409721413620928,0.10654798856975478,0.13416641363348372,0.07108013504115264
Stn Press (kPa),-0.1096960914504263,0.06277483711566388,-0.2771320389297884,-0.2959940560776314,-0.22763506785627222,-0.0314041196393342,0.033196726374913,0.03413060746153719,0.04718052247943999,0.032690336933819224,-0.02128343754496048,-0.010737052679426234,-0.0025104439582573686,-0.0015700918276711896,-0.012203809476981886,-0.0002719866431427874,0.007319428119594122,0.004973322881116527,0.01241015988564501,0.006627727704855696,-0.03792798587222689,-0.010110229768426428,-0.044244489485455375,0.023858457678856745,-0.025915571562067752,0.019828647498112684,-0.042773111773042584,0.04583224961183479,0.012369716601314893,-0.04684475871939528,0.01464262485050417,-0.014286517412876695,0.03496585204974976,-0.04684475871940081,-0.02421776802566872,0.029037535211429738,-0.008061246199202994,-0.0022173530425299423,0.0004328403305046291,-0.03754826332340565,0.08266999394777218,-0.4211424207154169,0.4211424207166239,-0.42114242071703145,-0.11332922912864914,-0.2201172219252142,-0.29920156720346713,-0.14244403376268883,-0.0710025204694268,-0.27196443133124515,0.23320859974961708,1.0,-0.118079763951082,-0.1419364736883577,-0.06861350317106973,0.06345169370316148,-0.11126742191203295,-0.11327783973200029,-0.11544276637054618,-0.11204865911964376,-0.1088230894090027,-0.11453827668465445,-0.11403377900224952,-0.07606386974016685,-0.11120629590248399,-0.11644727626906057,-0.11851674247050474,-0.09679266859678738,-0.10838806831315623,-0.12545975794068895,-0.1206706895837563,-0.184435096180277,-0.07764230885709458,-0.13322651821215573,-0.12445493867868991,-0.15881479900249515,-0.10553245642325003,-0.14175877080088894,0.05688872781700588,-0.05236818739996517,0.0016246572608891246,0.03481428391581711,-0.12443636384001097,-0.11286369512533159,-0.3185457210746035,-0.349876827191035,0.11897965511768357,-0.050929614904190075,-0.08760331924052062,-0.051659046003397796
Hmdx,0.3780955663261187,-0.013448580157035218,0.05033209995942276,0.05017073822435685,0.06350376676634634,0.03175546434975515,-0.0330292499974567,-0.08267892981208112,-0.072311083513209,-0.07799008345980965,0.03283337774247461,0.07049162427130945,-0.05310771804292464,-0.0017692072121587243,0.0017882102317836768,0.04455832405836377,-0.0937380818912452,0.0956590093445875,-0.013613977086349911,-0.0049587086149972485,-0.015211251556697525,,,0.009194713638166374,-0.04102960889960464,-0.0059583286537143966,0.003166522211819784,0.08505372913881168,-0.022166254530301955,0.028175086718040816,,,,0.028175086718034755,0.026670371543483225,-0.09566767959097583,-0.14082213799812865,0.047089224662337094,0.09383288501965399,0.008433677666741605,-0.16437983836331677,0.0706669070512561,-0.07066690705072946,0.07066690705128602,0.7992552207657199,0.6275116008012568,-0.022536413486285666,-0.00044778664384553964,0.0739496172617729,0.18778647496393264,-0.028718996326710485,-0.118079763951082,1.0,,0.033751132284939624,-0.20836000894204973,0.35959258238010455,0.3331985346029735,0.3025577958228122,0.30289515829513236,0.2279207203152431,0.11353799003282151,0.33386320957442617,0.15656492403077107,0.33013128266704067,0.3353512341674888,0.2914442170174609,0.2250069485898073,0.2692544855348365,0.30617663340657003,0.27339839040484715,0.23295259109825983,0.2829832998421832,0.2710271446482363,0.14836297467900367,0.18097078094161367,0.09869231945456064,0.17461165335611273,0.06541376990132958,0.1411954188477221,-0.034968043026986556,-0.07894390028755312,0.6012846432067084,0.606344132772771,0.051496589995642494,0.09985354216207028,,0.7992552207657209,0.2666118776777983,0.05661616877333264
Wind Chill,-0.07327438564725394,0.014305313027780268,0.016331746048016807,0.0059776860033330485,-0.04791162663132436,-0.023703117344608664,0.22600166797073526,0.23420721478561882,0.2477425896263967,0.23002689416198763,-0.024819602104498975,0.01011410794238177,-0.054712610926554175,-0.035316649789877676,0.02926689230136665,0.02791626353001861,-0.07533042905581387,-0.008092904214847532,-0.01946883063252519,0.004965250652233565,0.032473199212515375,0.057479740656445684,0.012425748376801089,-0.0020147378918240776,-0.026663029467692972,-0.005555109019079732,0.012122377292513743,0.1098733468531973,-0.03889654418734239,0.16434482599745365,0.038611288736100945,0.037161117098550474,0.01536318955049081,0.16434482599745512,0.03319937549120512,-0.024736604519994897,0.017766039912991062,0.08084684700509398,0.058310304708721096,-0.16822567479131478,-0.06557058918550962,,,,0.9316101725399448,0.8485955610962226,0.2886100210769071,,-0.16243184130023025,-0.3361584888737419,-0.08406855271846128,-0.1419364736883577,,1.0,-0.14366334748296702,-0.14571455887336288,-0.06966396815885753,-0.0665681823405968,-0.06420477182971289,-0.03654459617967815,-0.025408318099066098,-0.031229808362364234,-0.06718048718303987,-0.009333834004875368,-0.06823821408517348,-0.06637135636935725,-0.06570816323193703,-0.007604542603926266,-0.06944262037362822,-0.06495819294069477,-0.06551302905034169,-0.020748253544925033,-0.07943970047529816,-0.0693293995962195,-0.044383956781046036,-0.03342047491766199,-0.047690077428157014,-0.05595846569727254,0.0886409168483685,0.36271657855117106,0.04578540172240995,-0.20232948231111134,0.8283890964115402,0.6283278408120634,0.24481688025783288,0.16819810602040985,-0.9316101725399435,,0.6403671065769593,0.4031503405364383
day_of_year_sin,-0.008264743611608333,0.0016949753406151505,-0.03260337723879005,-0.003909013931404887,-0.07001879362327816,7.0644546238267864e-06,-0.8047062307868811,-0.7807388862134402,-0.779369885230015,-0.7798312173147266,-0.010542060121626,3.206209451439663e-16,-2.164532491450618e-05,1.975663843647274e-09,-0.0032125715029188576,2.0396622806688836e-05,-2.0397090542736155e-05,-8.135530451809137e-10,1.7247315168539577e-17,0.0011120959726739989,0.0010790654158805977,0.0012744317829520592,-6.393538556044958e-05,0.007945110167564376,0.006974801375716539,0.008892456458717718,-0.1950251648547413,-0.13981190556358436,0.014700868145750775,-0.09708626579044718,0.005920496510922606,0.06950337081410422,-0.06114202710057343,-0.09708626579044646,-0.1559593308813883,4.770287991535866e-19,1.7217143371537617e-19,9.241183183267908e-06,4.051196553187641e-05,0.9539933011184998,-0.2607723959020431,1.002964650390295e-11,-7.457223861193809e-14,2.4219054819856598e-12,-0.35611516607671734,-0.42926964815435237,-0.17221914124926274,0.0031688366653011162,0.005964867804183122,0.12326970806205907,-0.06977219452031637,-0.06861350317106973,0.033751132284939624,-0.14366334748296702,1.0,5.298207614729091e-06,-0.008235243131533069,-0.008220517739733453,-0.008230013468031382,-0.008508758574796528,-0.008757836270754342,-0.010047065159531937,-0.008280111684974426,-0.07752843837377016,-0.0014386198729468775,-0.014575065441946911,-0.008448055884875022,-0.09630457193319925,0.011555034510429567,-0.02440352568950022,-0.009640985745022111,-0.17853807955349793,0.06922668322079585,-0.05080353412325926,-0.010740536679897286,-0.20231144394889633,0.09503942710192427,-0.08587114585270404,0.006384286883728966,0.03543009884577158,-0.0003796004478679161,-0.0006081564738549221,-0.3607564601544875,-0.37674524788765446,-0.18286460966250956,-0.22618627529807245,0.3579489649792218,-0.21187362226166925,-0.2648098582816043,-0.1549618358465294
day_of_year_cos,-0.013702927963371084,0.004123238968303687,0.021132380308894534,0.01613433191696368,0.026036725145726164,0.0005477871401733762,0.0017446028508930087,0.003107406382618391,0.009207546742614538,0.00637604579120411,-0.005637836349152062,1.4512166815270038e-16,5.408001498542108e-07,0.0004903563679847414,-0.013093083763491751,0.00031613789003064144,0.00031640108628953255,-0.00020192242158386626,5.240056105935965e-17,0.0008602568000135826,0.0008787567799217877,0.07410884090392707,0.07411802416582154,0.055181296148289864,0.05530925804475977,0.055036438538783844,0.0014820592557454534,0.12108961606931547,0.05240914964672274,-0.8336921381474107,0.04774610156499998,0.025610181338960772,0.041820238631646585,-0.8336921381474098,0.001811267524670938,3.4329484681046547e-19,-8.022880798768544e-20,-0.0004759098189542801,0.0009870707649114038,0.25887315635772595,0.9536275610860966,1.3399952439460669e-12,4.969751164498799e-14,-5.286199401983954e-13,-0.8164855723148365,-0.7303713252937014,0.1941895015957806,-0.007072131647980361,0.017486455104837303,0.13982746929361678,-0.16878022015200364,0.06345169370316148,-0.20836000894204973,-0.14571455887336288,5.298207614729091e-06,1.0,-0.013724819132500649,-0.013745403644039061,-0.013765220102030185,-0.013991206426745563,-0.014282478592206412,-0.015051741667294255,-0.013822731435197891,-0.12437579161703505,-0.0028847905817194607,-0.023876869516480378,-0.014067467929287784,-0.15225487835821375,0.018326943412203624,-0.0386652451297058,-0.015389792240136873,-0.2868487283292997,0.1283466471827686,-0.0649716967947911,-0.016335872369616186,-0.35065735374681867,0.19635637326538888,-0.15858821310369317,-0.0029796848315885817,-0.01695806657529298,-0.0005740818010459006,-0.0023089232071992496,-0.8210728839295924,-0.8401503831053996,0.20739864297501348,0.2610607412797038,0.8057713012232455,-0.5343468722420285,-0.624725856809769,-0.34459961593716815
total_consumption_kwh_lag_1h,0.9902029928619558,0.6644644228076941,0.4907778146881786,0.47774833283659895,0.32292183457700074,0.14431696898888155,-0.03942382906537143,-0.03989011333085649,-0.04057246161991804,-0.03865909509760923,0.00809094323006698,0.3254856880761673,0.01107447765714261,0.023493666235555523,-0.020313669998106822,0.0034700825195015943,-0.015572838164600757,0.08177430824371276,0.13638856109349262,-0.005729045582414913,-0.003846120756179438,-0.0019901135067285753,0.0049678363134394886,-0.006461678393951474,-0.004120202562260703,-0.0027914078938847155,-0.003921845233717255,0.04492142243678405,-0.013273905517224297,-0.07252080482056918,-0.004164483235563511,0.006618558973462598,-0.012499936415485873,-0.0725208048205361,0.13365088762937058,-0.34998478874999706,-0.11153441323520688,-0.01419310776037046,0.020621389927378175,-0.011339729870940346,-0.009582802318739994,0.24108699900140057,-0.2410869990455723,0.2410869990717898,0.07667406783548851,0.03843282042318356,-0.0964978108595839,0.003838071162901977,-0.01475436944301631,0.10386015430503316,0.006955271161273668,-0.11126742191203295,0.35959258238010455,-0.06966396815885753,-0.008235243131533069,-0.013724819132500649,1.0,0.9902029192682035,0.9636429677394217,0.9623846847321645,0.931872889393746,0.8980984444987278,0.990794304236792,0.3915074932927498,0.9886368040539465,0.9866222323461072,0.9530902079695799,0.3997988693773872,0.9486766968188999,0.9365196193463414,0.8844783680091151,0.7722851521494978,0.8617060158207579,0.8824256281862419,0.851498979985035,0.7220775217043317,0.8103653259619288,0.8262810227954241,-0.04861778889548838,0.0028319717280860857,0.02937566328892308,-0.022724115006596185,0.06965319927213284,0.016254151079559433,-0.08081381406777097,0.05526762278518838,0.012906141343827053,0.3385527540092174,0.2144019904469285,0.04049568362157283
total_consumption_kwh_lag_2h,0.9636432125024876,0.6644669538505411,0.49085165380408835,0.4777200931745705,0.3234864414675692,0.14430560239158635,-0.039495258129765856,-0.03993187387692252,-0.04060841729249199,-0.0386868331089769,0.008262428079979253,0.31985868866853695,0.010084936324779522,0.022723978187446096,-0.019515084039948314,0.004289639448242147,-0.016011861860108702,0.03355744571732723,0.07883426017903812,-0.005780751640185431,-0.0037098488938839803,-0.002150370274992508,0.005114467075425695,-0.006630843878090875,-0.003742891339139448,-0.0030362040295171455,-0.004073520877887588,0.04505483530006675,-0.013108491841270576,-0.07243068445517924,-0.004130409894868314,0.006892185496826634,-0.012725441976114516,-0.07243068445518375,0.1336358015472691,-0.366931415940268,-0.017169808698779505,-0.013485936325207457,0.021004394536061507,-0.011340589715342096,-0.009643094574948304,0.2410906112596042,-0.24109061129006373,0.24109061130587156,0.06850050343313578,0.037723611156400653,-0.0784164930488465,0.005240733516224814,-0.008160721261489184,0.08941162491494514,0.011036472306874566,-0.11327783973200029,0.3331985346029735,-0.0665681823405968,-0.008220517739733453,-0.013745403644039061,0.9902029192682035,1.0,0.9902028430972086,0.9383787982522184,0.9085643549102177,0.8733161076125766,0.9997030304366831,0.4058691776990412,0.9961579604362668,0.9961071806038021,0.9808573554962577,0.41903298176391884,0.970095319221578,0.9611238273968158,0.8857796093164704,0.7743570325062396,0.8619411024651248,0.8833785702906809,0.8521291263984322,0.7231363661770561,0.8105626446456619,0.8268544324881878,-0.09304954186108627,0.0016122516893589337,0.059411344205040933,-0.02917455872940093,0.07469003688944156,0.016336215226194332,-0.09424361172687121,0.055421791430244664,0.015193986653138166,0.3143867669813242,0.20826505782267105,0.035823981472183436
total_consumption_kwh_lag_3h,0.9247224349210392,0.664463007217737,0.49078717788122045,0.47771003789349414,0.32392129723210134,0.14429977432590327,-0.03953786477376542,-0.03993911341592132,-0.04062678432879447,-0.03867608206151327,0.00848305429751596,0.28171475890262376,0.008607711288453453,0.021220355931167084,-0.017924226060625235,0.005198358566885731,-0.015879182841919037,-0.017765725254413278,0.017109257617747134,-0.005859792629696968,-0.0035193887266204643,-0.002405323405893445,0.005308284350879854,-0.007001410385151162,-0.0032749780231484645,-0.0033803807566781382,-0.004232819972472679,0.04529676095316067,-0.013100678368817453,-0.07233233926350792,-0.004314863290043483,0.006962858251765172,-0.013056612646997541,-0.07233233926352366,0.1336338377615705,-0.35888011103648537,0.07836657852045634,-0.01247669996123032,0.020749453976334972,-0.01136195439904492,-0.00969894402698772,0.24109414221818665,-0.24109414227993134,0.24109414227998455,0.05673141412166247,0.036724731626903456,-0.05197502333382536,0.005740397176659177,-0.0006465674915502583,0.06895293130557717,0.014562777211622835,-0.11544276637054618,0.3025577958228122,-0.06420477182971289,-0.008230013468031382,-0.013765220102030185,0.9636429677394217,0.9902028430972086,1.0,0.9023854672556761,0.8735289708300445,0.8367217290322075,0.99079396847011,0.4195414547461442,0.9860000191391186,0.98907238953522,0.9954858848526535,0.4383879130122908,0.9787409782321771,0.9753540753934234,0.886960178266487,0.7760922526207461,0.8617547179022803,0.8838811007309612,0.8527462446740945,0.7241173120602448,0.8107093261672906,0.8273134760214204,-0.1337991374603822,0.0006316699241503,0.08689752279375036,-0.03151461766016606,0.07615714787701017,0.016408689420152573,-0.09894159263684756,0.05562886872707942,0.019679059305332442,0.2834693032307222,0.18486775952005868,0.02895767556768128
total_consumption_kwh_lag_24h,0.9704159106553524,0.6643241953779204,0.49057672679422676,0.4776866479190546,0.32208578124358006,0.14401357548896632,-0.04043899015460847,-0.04047919425350956,-0.04050359674743282,-0.03901716316121765,0.010914180604737074,0.2989887910783295,-0.015383434939525906,-0.004635943209729919,0.0070508885857362156,0.022171682940418106,-0.013640901848125475,0.14503716034174585,0.17170280194622545,-0.005560090900532487,-0.0008657888235405893,-0.0008127578475157816,0.004034362928344364,-0.006237676151823328,0.00046728256177036446,-0.006436532887018049,-0.007127191180345131,0.04664512316184715,-0.010536826113651143,-0.0703221530598871,-0.0070758273656245825,0.0037463037637441403,-0.013739279825983178,-0.07032215305987352,0.13331881849655255,-0.30920852478729804,-0.1983340671178182,0.006214779836567618,0.024235979442348926,-0.01150395322360513,-0.010337266330699414,0.2411792190765354,-0.24117921917618496,0.24117921918119023,0.07572645585193045,0.03579997601458177,-0.10017523045530827,0.0020656922023469843,-0.012014124067664984,0.11061197848415695,0.002687564503871268,-0.11204865911964376,0.30289515829513236,-0.03654459617967815,-0.008508758574796528,-0.013991206426745563,0.9623846847321645,0.9383787982522184,0.9023854672556761,1.0,0.9703972769405118,0.9078863575009476,0.9402467285046113,0.34642738189556993,0.9410708641649829,0.9346238855152145,0.893855476257805,0.3524118217811186,0.8988761406887709,0.8782902890308204,0.8844358573052655,0.7583133323731711,0.8703782898775003,0.8817512283604272,0.8629356539789423,0.7324370949556606,0.8176394129991374,0.8343815657505961,-0.003186638232644034,-0.014609011448614082,-0.003758858142187193,-0.01150694334091022,0.05683244712115863,0.014540656798868309,-0.05269826040075353,0.06251115799035538,0.00010792344343528888,0.29316732800532974,0.19773555937849466,0.01583603505174762
total_consumption_kwh_lag_48h,0.9397173560824088,0.6642463431471154,0.49143617483151353,0.47757988411447616,0.3236173911847105,0.1436520423089435,-0.041173874265956506,-0.04081727744378121,-0.04038907082015101,-0.0392716870104258,0.011926225049769135,0.2990128601463904,-0.025994416467188065,-0.021720023893800428,0.02152432565552759,0.008777353246263211,-0.003981127522145184,0.16268699357198244,0.17172701721069308,-0.0025233652287502554,0.0007328571834698414,-0.0019248529768381359,0.0021189748999172787,-0.0013630819722702022,-0.004731336100139488,-0.006190278146457049,-0.011456446911395851,0.04641767585486535,-0.014760900240964783,-0.06834276224253018,-0.01233572763855571,-0.0014694832578984476,-0.015951876999755865,-0.06834276224250677,0.13295174164700144,-0.30922994528492864,-0.19838701066848013,0.022645235637744687,0.010637414756061458,-0.011562494158909128,-0.010781588345476033,0.24127679496354942,-0.24127679494182164,0.24127679495845247,0.07037081422476918,0.029283237604765564,-0.10177641124431078,0.00637549775639113,-0.01994338502612035,0.10131697989800105,0.0015497622569458464,-0.1088230894090027,0.2279207203152431,-0.025408318099066098,-0.008757836270754342,-0.014282478592206412,0.931872889393746,0.9085643549102177,0.8735289708300445,0.9703972769405118,1.0,0.9101119860013821,0.9103318762735342,0.3256801545642729,0.9120117720519014,0.9040445254286813,0.864848076655332,0.32845185579473507,0.8721314137972965,0.8475460268845563,0.8543894195120842,0.7259627325006216,0.8442089676068856,0.8511819350038466,0.869936618352648,0.7375332854897615,0.8206789593726382,0.8372846430735806,-0.002130310505842381,-0.015136653329916627,-0.0028448068128829607,-0.01250889968822924,0.05136953975544862,0.009713455619363645,-0.05557040387557214,0.0601124651588371,-0.006670250008756762,0.25035251242819967,0.1923393308254174,0.008709080166176743
total_consumption_kwh_lag_168h,0.9070244623479703,0.6638123878831768,0.49307027907137724,0.47682641108499363,0.32617699686694485,0.1429235510818217,-0.044213243230690834,-0.04350401996205877,-0.043392368588252746,-0.0422551844586861,0.008371835823466308,0.29900502499123927,0.011718112823275494,0.023741997509489916,-0.026578690513732513,0.0028975062341935415,-0.014791321320250383,0.1257510159630289,0.17187015716967632,0.0018386895419574135,0.005392922999576606,0.004451983713722269,0.011463471352618246,0.012077179830177007,0.013819903538288644,0.00868761929712712,-0.0262439870130916,0.045912832485021024,0.011199351581257714,-0.059712443807972956,-0.004813522478416121,0.006333393670564665,-0.013131354286197258,-0.059712443807996854,0.1318284934793381,-0.3091684365813467,-0.19853802149439714,-0.014769816092634027,0.019804635844849292,-0.015106891608890725,-0.010153763216049926,0.24152256970781172,-0.24152256970311842,0.24152256971172184,0.06696348621965122,0.02348621059470997,-0.10587371725555135,0.008714841182447001,-0.02032338625767552,0.09913604376612424,-0.004094671234981868,-0.11453827668465445,0.11353799003282151,-0.031229808362364234,-0.010047065159531937,-0.015051741667294255,0.8980984444987278,0.8733161076125766,0.8367217290322075,0.9078863575009476,0.9101119860013821,1.0,0.8748286812122724,0.31722828404033143,0.8759846224493605,0.8690783323182799,0.8266492454258908,0.31873720729754157,0.8325128503018193,0.810747879343685,0.8016743802152808,0.6858539084387647,0.7882533575887669,0.7969247458621255,0.8512081191696652,0.7163230886762006,0.8118196115544776,0.8250565179787097,-0.00014579498555086347,0.0004688822160746554,-0.00349231024389346,-0.009847151412904515,0.04688883105498142,0.002114306459823582,-0.05862939940874319,0.056915007709192174,-0.01484507451340158,0.21037391501485803,0.18862573881373623,0.039959775437712584
total_consumption_kwh_rolling_mean_3h,0.9655447082085895,0.6686326948336571,0.4938844423879949,0.4807249790461366,0.3254714489130843,0.14520796643225867,-0.039743091930569685,-0.04018249436720729,-0.040847719874471944,-0.03892925718388763,0.008320347788354268,0.3109590719778077,0.009987930000237847,0.022616573633073907,-0.01938197719661627,0.004343871003141731,-0.015906060065619565,0.03272290038429423,0.07792682330811077,-0.0057934148187213175,-0.003716153347063423,-0.002080690805370829,0.005162076820163456,-0.006704172378986533,-0.003737074616863079,-0.0030896670088838667,-0.004111180812574713,0.045365873149613135,-0.01321722689595085,-0.07289310223324232,-0.004230123050358795,0.0068670557174883694,-0.012841133966961018,-0.07289310223325872,0.13447296022779193,-0.36084836594536923,-0.016878986277320245,-0.013473300612313183,0.020914545517299283,-0.011414174908087793,-0.009694486152098088,0.24260662534203098,-0.2426066254041656,0.2426066254042217,0.06771861786057921,0.03785734965165229,-0.07610364605263904,0.004968277339634122,-0.007914876787896397,0.08802984022440369,0.010934202081325825,-0.11403377900224952,0.33386320957442617,-0.06718048718303987,-0.008280111684974426,-0.013822731435197891,0.990794304236792,0.9997030304366831,0.99079396847011,0.9402467285046113,0.9103318762735342,0.8748286812122724,1.0,0.408184814505072,0.996479212617255,0.9968169745057763,0.9826054059372865,0.4217029643115816,0.9718985182175537,0.9636753887985242,0.8912976744938527,0.7791034334705871,0.8672086857585432,0.8887709686661175,0.8574663559351015,0.7276432383367989,0.8156267009643703,0.8319992362344611,-0.09239947247964772,0.0017025854890267813,0.058929640267217774,-0.02797724391383214,0.07396171016965904,0.016435561565308156,-0.09190661815825212,0.055787463124809276,0.016034227412003787,0.3140945581226917,0.20378001244574348,0.03531043353094069
total_consumption_kwh_rolling_std_3h,0.37131917649845725,0.34130626039577544,0.2831956436811334,0.3121881429157245,0.1826818318033964,0.018071738067699728,0.027021043438375626,0.023805164698547893,0.024073807701372907,0.023565032432494838,-0.0002659306155870816,-0.1829795864951319,-0.001998134267870816,0.017171778859660383,-0.011942124364494178,0.017444684203696256,-0.02845527910586506,-0.11769811377028404,-0.012382123859615584,-0.004878484448607793,-0.004233316896580371,-0.011330898147508622,-0.003914537807088609,-0.014631565047598792,-0.01607702565243157,-0.01288405671799328,0.020034116759951707,0.013062961573818184,-0.02254027317589297,0.05988175065487763,-0.005582070744374396,-0.0019345915821965113,-0.005948802594281536,0.05988175065486758,0.022416797702126214,0.12768167485536536,0.21608621634569364,-0.0049966855506386335,0.035077329465343865,-0.10536758445732262,-0.09793798587481627,0.18658595145419948,-0.186585951483513,0.1865859514854807,0.11881339585043642,0.15635591665902723,0.08644199360738368,0.003211902646808156,0.00654858256972764,-0.11154744648447393,0.03306528355259681,-0.07606386974016685,0.15656492403077107,-0.009333834004875368,-0.07752843837377016,-0.12437579161703505,0.3915074932927498,0.4058691776990412,0.4195414547461442,0.34642738189556993,0.3256801545642729,0.31722828404033143,0.408184814505072,1.0,0.33087657503697465,0.4789846900154803,0.4358087050748309,0.736546641730834,0.3245576618846478,0.5249724196517814,0.48410351295388165,0.5107813316607802,0.42633395121567963,0.49960176309759335,0.46509068845434376,0.4899237588224122,0.38800191308644494,0.4916954962987646,0.0414274115050121,0.015911077666030195,-0.02473672957891714,-0.015067408582676535,0.12568720682492218,0.15225315532254238,0.06960996014975057,0.016733592990914432,-0.08611955793430115,0.17911994367672684,-0.016024593181232772,0.06262787237899854
total_consumption_kwh_rolling_min_3h,0.9649347675951704,0.6617368575040189,0.4858589026018865,0.4696831476398931,0.3205076421228347,0.14868317657025923,-0.04370924731371379,-0.04387228582380857,-0.04458207589691085,-0.04255201079999491,0.00863921498071657,0.33469791109425945,0.010384993014448432,0.021676628405592875,-0.018788274363655162,0.002946172807213022,-0.013805323830822553,0.04392158760282199,0.08232777040770109,-0.00556524363791025,-0.0034741884498614753,-0.0011294560373032035,0.005696232119543481,-0.00566850530681585,-0.0024193367910491847,-0.0020608528487821693,-0.006072921573045161,0.045827448437015694,-0.011700727584105182,-0.0810382083576292,-0.003909511625412828,0.007245338102974953,-0.012766626275776566,-0.08103820835764519,0.13715313029479653,-0.3824340224599387,-0.03693632584146613,-0.013379764246445902,0.01838952277035923,-0.0021204640148632116,-0.0010424412696099156,0.23433876177094595,-0.23433876183266433,0.2343387618325393,0.05869479757273524,0.024795252476352163,-0.08558014840023084,0.004740326185217936,-0.008652784345422727,0.10049382673032314,0.008082508318999575,-0.11120629590248399,0.33013128266704067,-0.06823821408517348,-0.0014386198729468775,-0.0028847905817194607,0.9886368040539465,0.9961579604362668,0.9860000191391186,0.9410708641649829,0.9120117720519014,0.8759846224493605,0.996479212617255,0.33087657503697465,1.0,0.9868529068623344,0.9765563585332626,0.36921744097707054,0.9758136038854375,0.9491164771178076,0.8792973797676745,0.760568568201768,0.8595856885794272,0.8752402333902912,0.8460058811249845,0.7091832832961815,0.809706580352727,0.8171701196063732,-0.0992344899926906,0.00031274308001702803,0.06312017831422151,-0.026842123673874625,0.06462009062011895,0.003026802428364636,-0.10055870562226434,0.056238106869393165,0.02487127832427753,0.3079664700234719,0.21018766449519058,0.030442546856613063
total_consumption_kwh_rolling_max_3h,0.9610970216877913,0.6738930346781292,0.5003575363491678,0.4901470422497915,0.32937627424097,0.1415729437002037,-0.03605184457721843,-0.036750515971204135,-0.037368278494808935,-0.03556040586743591,0.00802327701968315,0.2795062219427952,0.009520780090351852,0.023291844824311996,-0.01972822468883314,0.0056339020796416055,-0.017647088485928955,0.02099823277555176,0.07382153169981723,-0.006006507896507865,-0.003932297836439203,-0.00295735505987847,0.004684093798668512,-0.0076969280342373,-0.004903641224346567,-0.004085558757560671,-0.0022861684810405888,0.04486775928906784,-0.014626546684684804,-0.0651999409516636,-0.004576076886945988,0.0064350401625298355,-0.012897698830555865,-0.0651999409516794,0.1315854613707992,-0.3337986017331853,0.0024702910680252394,-0.013503515506696503,0.02304672532090788,-0.019957726819219763,-0.017647440287924646,0.2498135606303609,-0.24981356069278865,0.24981356069299226,0.07491363504357573,0.04974491379763959,-0.06493465367532336,0.0049045205331691,-0.0069779339696710765,0.0744332204737262,0.013460902431965061,-0.11644727626906057,0.3353512341674888,-0.06637135636935725,-0.014575065441946911,-0.023876869516480378,0.9866222323461072,0.9961071806038021,0.98907238953522,0.9346238855152145,0.9040445254286813,0.8690783323182799,0.9968169745057763,0.4789846900154803,0.9868529068623344,1.0,0.9830532733079621,0.46987462289075305,0.9632140602477115,0.9728307525122869,0.9007799242524088,0.7947788785370324,0.8726062547080027,0.8996043305001206,0.8665470309678572,0.7434051551747858,0.8196520708400249,0.8442140669703939,-0.08512007421271107,0.0030541236327030173,0.05441373509322306,-0.02785419390085206,0.08151559713611507,0.028772243337765565,-0.08154939016521034,0.05522345130449354,0.008462077014218004,0.3172680656931899,0.19257700768866853,0.03908276734934456
total_consumption_kwh_rolling_mean_6h,0.9151198509310163,0.6804444409343607,0.5021193006776048,0.4892480661145441,0.3311329812950539,0.147759687042833,-0.04053576945520822,-0.040935758219281526,-0.04157066673623317,-0.03963315135215922,0.008800393846493473,0.2340336456428752,0.007463468317495204,0.020004139598867897,-0.01656738656659724,0.005912475733273831,-0.01548936561825537,-0.04635265241973338,0.007887775836991323,-0.005973685892805324,-0.003466532685074503,-0.0021644479505875417,0.005380752099651246,-0.007444817306513273,-0.0030250206801223788,-0.003684380502613133,-0.0044287036809659555,0.04658717558643283,-0.013497287407700998,-0.07404522217969269,-0.004756660448779771,0.006885951911042714,-0.013603642792136363,-0.07404522217969854,0.13683699859295162,-0.31954667543267784,0.11515910701449819,-0.011780355860530027,0.020533603919169138,-0.01163284026931941,-0.009924906171842112,0.24691413894602432,-0.2469141389613719,0.24691413898829753,0.04692866683976819,0.036682798505092915,-0.027804227567262595,0.00505213903452585,0.0038886156580310127,0.05164961613723773,0.014672985150000492,-0.11851674247050474,0.2914442170174609,-0.06570816323193703,-0.008448055884875022,-0.014067467929287784,0.9530902079695799,0.9808573554962577,0.9954858848526535,0.893855476257805,0.864848076655332,0.8266492454258908,0.9826054059372865,0.4358087050748309,0.9765563585332626,0.9830532733079621,1.0,0.45820461733603096,0.9831192606592346,0.9860082685824666,0.908672922105371,0.7948185291630699,0.881729353732713,0.9048262471688031,0.8735530233168282,0.7418387219633948,0.8302080719534461,0.8472869117314012,-0.14442921225775,0.0006018716537314373,0.09394583313823905,-0.022371968132402636,0.07184203636005922,0.01681734292930237,-0.08669193448838367,0.057145185903720294,0.026200061239746764,0.26677818003309567,0.1581742293674549,0.023396160586105275
total_consumption_kwh_rolling_std_6h,0.3832756493879786,0.3861301608968281,0.32131023408054615,0.3545064389676956,0.20773882747101122,0.02270905807553378,0.03700189726099909,0.03387283968427277,0.034221831567342036,0.03359254189200816,0.00018129382756319642,-0.37651303341806897,-0.007457502861829624,0.011694785253948589,-0.005529928115450847,0.021533686490986186,-0.026312932067305624,-0.10969112279332349,-0.24123750256830864,-0.005519145711976686,-0.003967600748653686,-0.011858311991773608,-0.005319300802600875,-0.01722045933946807,-0.01716236451190144,-0.01455383039465449,0.021079553785890326,0.016811217824450518,-0.025982652122251305,0.07492023563923479,-0.00936892555105666,-0.005112830885389743,-0.008118625599196325,0.074920235639232,0.028965751708124907,0.25462335520737694,0.15326977466717526,-0.0021895887394084435,0.03499312988399822,-0.13045124798130697,-0.11950853058578714,0.21076365237822192,-0.2107636523921029,0.21076365240612932,0.14933541422397653,0.18791752344010362,0.09538477449385283,0.003567632827392259,0.01220026370726166,-0.10504476813269738,0.03488260584559658,-0.09679266859678738,0.2250069485898073,-0.007604542603926266,-0.09630457193319925,-0.15225487835821375,0.3997988693773872,0.41903298176391884,0.4383879130122908,0.3524118217811186,0.32845185579473507,0.31873720729754157,0.4217029643115816,0.736546641730834,0.36921744097707054,0.46987462289075305,0.45820461733603096,1.0,0.298344000300976,0.5918487572367325,0.5537021950872582,0.595514986670228,0.4750259473027233,0.5744766743139927,0.5303326806686074,0.5662657218308516,0.4365657706203392,0.5645433141813405,0.034866528635079684,0.01414092560444728,-0.024630386158064965,-0.08105606795820601,0.14490227898063554,0.18680049918318514,0.10978613693922581,0.0188972504390527,-0.10674515583999915,0.23000339671028677,-0.06649955498995815,0.07715318922166532
total_consumption_kwh_rolling_min_6h,0.9155840260780949,0.667095156189617,0.48328611172763836,0.46330051820169615,0.31881702631889225,0.15605562627426314,-0.05294235975491343,-0.05279926214036242,-0.053518945251592,-0.051315691383762456,0.00946730922955484,0.31436265630919064,0.008972116009745032,0.018645980259182866,-0.016125432459323373,0.002341348817192358,-0.011280548385231225,-0.03205792660569863,0.07812306673513839,-0.005463331708894573,-0.003054307832177442,0.000192296921288072,0.00697407661838973,-0.004739588573497514,0.00013696302631816405,-0.0011056624413038718,-0.008900530833834326,0.047550750459622315,-0.009650231593689242,-0.09840377167274646,-0.0032008664864531236,0.008484967034363668,-0.013005456112612042,-0.09840377167275256,0.1426285931801713,-0.37324408675216614,0.08887818887329384,-0.011861176500557773,0.015111546826847523,0.01570599155600822,0.01573499715768354,0.22646261062658404,-0.22646261064061005,0.22646261066724102,0.014148026545239967,-0.001322690762633195,-0.041104986332602685,0.00433528766907993,0.0022280992117401227,0.07200804423228768,0.006993460324993137,-0.10838806831315623,0.2692544855348365,-0.06944262037362822,0.011555034510429567,0.018326943412203624,0.9486766968188999,0.970095319221578,0.9787409782321771,0.8988761406887709,0.8721314137972965,0.8325128503018193,0.9718985182175537,0.3245576618846478,0.9758136038854375,0.9632140602477115,0.9831192606592346,0.298344000300976,1.0,0.9456249680039318,0.8813783646397638,0.746604772252125,0.8682057010097851,0.8725581433541608,0.8479952801024866,0.6950510977549198,0.8204200365011411,0.8116432759864811,-0.15650399205387955,-0.002348589984101259,0.10206382055122089,0.0006742816035791212,0.041520875215782904,-0.02264050951903548,-0.10602216745038681,0.05854860673962064,0.055895252329374985,0.23668113283403605,0.17150713293220404,0.006264639050814892
total_consumption_kwh_rolling_max_6h,0.9030612844693562,0.6936535705499878,0.5179645071815083,0.5122918184840113,0.34051344372045256,0.1395194861934293,-0.03123661002961286,-0.03224110888682956,-0.03272069892143108,-0.031081099513167745,0.008196918321077148,0.13713286791365792,0.005824523919874135,0.02062463330161587,-0.01641665127573814,0.009151099914368667,-0.018549999482797477,-0.06353696227277922,-0.02271396958525197,-0.006498768434073728,-0.003838591784427467,-0.003770892455631642,0.00411902626588868,-0.009681931534936936,-0.005473429971875758,-0.00587748665105597,-0.0002486013801326499,0.0456645427022319,-0.016756475817247336,-0.055625062240884704,-0.005946458916412743,0.00539209828831104,-0.013790106358832979,-0.05562506224089138,0.13047415928470435,-0.2270734023483203,0.12641616281366858,-0.011557999068389595,0.024928141548046644,-0.0330652221297816,-0.029221470654672364,0.2642869545496595,-0.2642869545661371,0.264286954593365,0.06557680269105506,0.06551551575347925,-0.00234332864664421,0.004936716647150043,0.006179180242647687,0.023374984678198388,0.01907997140731621,-0.12545975794068895,0.30617663340657003,-0.06495819294069477,-0.02440352568950022,-0.0386652451297058,0.9365196193463414,0.9611238273968158,0.9753540753934234,0.8782902890308204,0.8475460268845563,0.810747879343685,0.9636753887985242,0.5249724196517814,0.9491164771178076,0.9728307525122869,0.9860082685824666,0.5918487572367325,0.9456249680039318,1.0,0.9330116020288973,0.8347706679903021,0.8943551364853028,0.9328701544882927,0.8967594952779397,0.7812949413278012,0.8406741572210685,0.8782968992753983,-0.1204267206323231,0.003189211134061258,0.07792461805324029,-0.028192210529658,0.08701797110370602,0.047212733043291974,-0.051857075089319034,0.05597085484178309,0.008426574015618315,0.2810329102042817,0.12503364925134391,0.03281529751797717
total_consumption_kwh_rolling_mean_24h,0.883093925667637,0.7471044338085487,0.5505493508366938,0.5374481812780895,0.3622355972360079,0.1621450454181387,-0.04497148219477989,-0.04522677089386185,-0.04551351722673426,-0.043689339268810676,0.010974334758868234,0.00011899445098172708,-0.00864795716864681,0.004752201962867054,-0.0012267885047510117,0.01919985475629491,-0.016290983379915715,-0.00028897569454019745,3.7171013777264716e-05,-0.006362237735516621,-0.0024477583791378084,-0.001007334789770352,0.005157597782261078,-0.008681894779361423,-0.0005178709499194111,-0.005298489338411856,-0.0060662891518081935,0.052131296591634506,-0.013558710188351473,-0.0803702634257485,-0.006984407830504304,0.005777527104489947,-0.015641394134120874,-0.08037026342573377,0.15015190424689537,-9.457930088668777e-05,-1.3707617475471676e-05,-0.0004915455759762965,0.026198802465451258,-0.012980685905276927,-0.011046072771301567,0.2712146080293534,-0.2712146081414068,0.27121460814703946,0.016071687191021786,0.039017399724129986,0.05315372464278386,0.004602961312593882,0.012029985900586715,-0.004019168722917301,-0.001968156566785219,-0.1206706895837563,0.27339839040484715,-0.06551302905034169,-0.009640985745022111,-0.015389792240136873,0.8844783680091151,0.8857796093164704,0.886960178266487,0.8844358573052655,0.8543894195120842,0.8016743802152808,0.8912976744938527,0.48410351295388165,0.8792973797676745,0.9007799242524088,0.908672922105371,0.5537021950872582,0.8813783646397638,0.9330116020288973,1.0,0.8656287957200279,0.9707330349527996,0.989689998684763,0.9642913355930307,0.8181792186432669,0.9146661763853244,0.932464985403674,-0.0029761006065730095,-0.00653082850893731,0.0007554657610641247,-0.0018356449515719102,0.01688138813607265,0.01803402248281763,0.05557805075619198,0.06587735242030099,0.04506115289590422,0.20882369745065202,0.012664041586491117,-0.004075430796585272
total_consumption_kwh_rolling_std_24h,0.7699751892820247,0.5608283206822563,0.5020336762443123,0.5421724109828604,0.32723942272925394,0.04678750951814714,0.07793001058127061,0.07388552948434565,0.07546470146988918,0.07367731778669766,0.005429914092755304,0.003949948797650822,-0.018344998815695204,0.019402793139994642,-0.012976673764060555,0.06273874413186814,-0.04100746790912751,-0.0029423242880890527,0.0009518404701125446,-0.007092777891427686,-0.0026995010128603877,-0.008548734993459348,-0.009912526479724983,-0.016291328990632743,-0.01168803917699738,-0.013512476914956049,0.022205128629920082,0.024511168258456457,-0.021212743874450664,0.15753204826779543,-0.01814546007508042,-0.011490159494319457,-0.014136122606556905,0.15753204826780934,0.06058128660440375,-0.006253702839413976,-0.0020240984662782593,-0.014753121958659875,0.07634961839205645,-0.24361807495313376,-0.22574512220060056,0.3471624578770343,-0.34716245795253603,0.347162457956332,0.3284093175040878,0.340586012830717,0.035672729237998,0.008620514792539028,-0.003795514736471303,-0.07840039166397528,0.05047861183159024,-0.184435096180277,0.23295259109825983,-0.020748253544925033,-0.17853807955349793,-0.2868487283292997,0.7722851521494978,0.7743570325062396,0.7760922526207461,0.7583133323731711,0.7259627325006216,0.6858539084387647,0.7791034334705871,0.5107813316607802,0.760568568201768,0.7947788785370324,0.7948185291630699,0.595514986670228,0.746604772252125,0.8347706679903021,0.8656287957200279,1.0,0.7255788658818552,0.9166610824954924,0.8194739613280773,0.9084477858353583,0.6570359117569968,0.8859837067242969,-0.01602833107447045,-0.019737853825968904,0.003016492704113128,0.006880862369802372,0.33488066745769024,0.3466311714542005,0.035475652350623436,0.04437981145555887,-0.26351412308814565,0.41211644873548847,0.2538938660734192,0.14213092343220585
total_consumption_kwh_rolling_min_24h,0.8610013595928887,0.7583084210584409,0.5213584822355156,0.48597133344521837,0.3452783894642558,0.19770359794415468,-0.10293026244441518,-0.10072943717906405,-0.10147500097993205,-0.09847303912472796,0.011938463902027765,0.009021333716922863,-0.009286064052689868,-0.0056863469235066445,0.0064553669756648065,0.0033010622063249,-0.0074135160073159284,0.007593850139033521,0.006065253974231418,-0.004833618597925547,-0.002008744435429064,0.006354640811355789,0.013897170380401691,-0.0007618864761699129,0.006133856378188928,0.0034569471169779192,-0.021514597559311,0.062348339550020664,-0.005477391300287075,-0.20198457408366355,5.455636715214383e-05,0.014492033259219234,-0.01441498495902412,-0.20198457408364964,0.17404265184563333,-0.008924478396822052,-0.005941252163273476,0.010176533562479355,0.006991014016962707,0.09923134194707299,0.1053677915904618,0.21360073329092857,-0.21360073340820399,0.21360073341407038,-0.14315014801004425,-0.11773088089374396,0.054418108667516875,0.00251004893154616,0.018620288610072463,0.036508254348434806,-0.02849289254717507,-0.07764230885709458,0.2829832998421832,-0.07943970047529816,0.06922668322079585,0.1283466471827686,0.8617060158207579,0.8619411024651248,0.8617547179022803,0.8703782898775003,0.8442089676068856,0.7882533575887669,0.8672086857585432,0.42633395121567963,0.8595856885794272,0.8726062547080027,0.881729353732713,0.4750259473027233,0.8682057010097851,0.8943551364853028,0.9707330349527996,0.7255788658818552,1.0,0.9359721811327252,0.9426000403758148,0.6994775117439604,0.951642217453729,0.8683532812038341,0.00438612031224499,-0.0005608789294595467,-0.0014642907597115851,-0.006130028317067107,-0.14593855430894584,-0.15176303147842982,0.059938528189242134,0.07438408983859883,0.19950254620184035,0.09587251434137405,-0.10355272699539035,-0.08326899196934186
total_consumption_kwh_rolling_max_24h,0.8808495816242796,0.723267632404218,0.5494256583257748,0.5565271804076939,0.3595856136063243,0.12838631307693596,-0.020428452759331688,-0.02151387892499396,-0.020909155372025104,-0.02040325095928958,0.008361641435111313,0.00943188907284454,-0.026938736970426393,-0.01072988944146372,0.015905782178975546,0.03164502935861297,-0.02196376348032415,0.008113489534035448,0.0061478594713360556,-0.007260851236292675,-0.0030011046957091315,-0.0015328994718993639,0.001058344991918493,-0.014402667423016205,-0.007114864168534085,-0.009001217094784412,0.005195457848095771,0.04869959126353864,-0.022468767272841087,-0.04243184986691285,-0.011144201301547573,0.0007534435260936599,-0.0164920605223422,-0.042431849866898866,0.12172940088243404,-0.0130241513961957,-0.002547413539622062,0.014806223363503204,0.034754255134375224,-0.06442655539633918,-0.04775637155000853,0.29221331730445727,-0.29221331740704065,0.29221331741213696,0.07965070854643867,0.09892954714780318,0.04514490778533085,0.004877461961703942,0.009213290580471177,-0.01795930029824867,0.013942771898227357,-0.13322651821215573,0.2710271446482363,-0.0693293995962195,-0.05080353412325926,-0.0649716967947911,0.8824256281862419,0.8833785702906809,0.8838811007309612,0.8817512283604272,0.8511819350038466,0.7969247458621255,0.8887709686661175,0.49960176309759335,0.8752402333902912,0.8996043305001206,0.9048262471688031,0.5744766743139927,0.8725581433541608,0.9328701544882927,0.989689998684763,0.9166610824954924,0.9359721811327252,1.0,0.9515368818224512,0.8591211758182875,0.8734871541001055,0.9450641079666645,-0.009699188933658877,-0.01157872316999876,0.003391063974218526,0.0005348774522198496,0.08188059603359807,0.083293929816994,0.04673997225260312,0.06239246276438373,-0.014225410083493631,0.26168510647570425,0.06796377062460619,0.013624488787812458
total_consumption_kwh_rolling_mean_168h,0.8508625981862072,0.7663913462046663,0.5668665141754012,0.5512772983607636,0.3747441699488259,0.16559520946295586,-0.049025283684081454,-0.04820890881895392,-0.04754992585960627,-0.04653389340842696,0.01248835876630046,9.661978766544214e-05,-0.00033032331349526153,-0.00014967057470538137,0.0009823360145843707,8.634736995967222e-05,-0.0003115670965856996,7.035668117163775e-05,3.079058572570457e-05,-0.0014666517346444232,0.001385576162883546,-0.00011103125303768818,0.006166087575121969,-0.0014609454911505549,0.003566594290101196,-0.003971683533152671,-0.020526750350279493,0.05700623749056091,-0.010742345099694612,-0.07677801598079884,-0.012514402449553368,-0.000533084731565723,-0.017140545206115777,-0.07677801598082624,0.15322540916270008,-7.53087346077538e-05,-1.1350607656435318e-05,0.0004003675444282081,0.0003274582551499286,-0.0144563297882024,-0.011643990512872753,0.2789032125840035,-0.27890321257869805,0.27890321258864986,0.007544893988540532,0.028502305778797705,0.050349648162662,0.005809369386854835,0.007193406928609956,-0.009856267697395164,-0.004846848069524388,-0.12445493867868991,0.14836297467900367,-0.044383956781046036,-0.010740536679897286,-0.016335872369616186,0.851498979985035,0.8521291263984322,0.8527462446740945,0.8629356539789423,0.869936618352648,0.8512081191696652,0.8574663559351015,0.46509068845434376,0.8460058811249845,0.8665470309678572,0.8735530233168282,0.5303326806686074,0.8479952801024866,0.8967594952779397,0.9642913355930307,0.8194739613280773,0.9426000403758148,0.9515368818224512,1.0,0.8472432553942647,0.9437813399846625,0.9623049352401291,-0.0012224752242903057,-0.006717646792448478,-0.00011143061585488153,-0.0005534418232138678,0.00780277887361127,0.00852279317273389,0.05359277854933778,0.06655880669037484,0.032643719326909314,0.13526711110312656,0.006055056983136253,0.0025333292463082147
total_consumption_kwh_rolling_std_168h,0.7209754168228827,0.5508075585036067,0.4935216929360354,0.534849910727278,0.32469529799635954,0.04389646654107067,0.08072142971617884,0.08332847168220166,0.08490393791232093,0.08298748949976152,0.005291865459245062,0.0001888651573720017,-0.0007982822337587367,-0.001860252155993113,0.005537148520384662,-0.0013994418997391367,0.0008898753502652989,0.0006507242700584708,3.2118378146373847e-06,0.0005783432817355119,-4.7194231703994745e-05,-0.014376056274522623,-0.01446347489811514,-0.012386957240582513,-0.00589826205105425,-0.015727426328231167,-0.0015190391858349833,0.033322032866767416,-0.022971290342511053,0.20406753228447275,-0.03207203347032645,-0.020731772439325846,-0.02456237989342959,0.20406753228444524,0.05968771569928778,-0.0003496273630653257,0.00025257295719859947,0.0019048173725411527,-0.001875218780501683,-0.2816659702099123,-0.2784114879095326,0.3426164479133759,-0.34261644790456475,0.34261644791188306,0.35980374732218906,0.367017338786553,0.022632616165703785,0.004761664215375616,0.0053549490988318614,-0.08782378039469033,0.07071985209268558,-0.15881479900249515,0.18097078094161367,-0.03342047491766199,-0.20231144394889633,-0.35065735374681867,0.7220775217043317,0.7231363661770561,0.7241173120602448,0.7324370949556606,0.7375332854897615,0.7163230886762006,0.7276432383367989,0.4899237588224122,0.7091832832961815,0.7434051551747858,0.7418387219633948,0.5662657218308516,0.6950510977549198,0.7812949413278012,0.8181792186432669,0.9084477858353583,0.6994775117439604,0.8591211758182875,0.8472432553942647,1.0,0.6367298621005535,0.9459216457635741,-0.0055004518963850035,-0.023092016689596918,0.0007440503915274432,0.0012955725700974083,0.3638861537397242,0.3770814199384787,0.023128481034546174,0.02617050356209777,-0.30993484539618027,0.38207354766271334,0.27430988919735344,0.1492663385191263
total_consumption_kwh_rolling_min_168h,0.8101062564083636,0.7781755131418671,0.5536368714892076,0.5111097218588819,0.37101643540128004,0.20588514051471685,-0.11912630516841442,-0.11747769498204157,-0.11805631984760474,-0.1152871167822437,0.008767997313251742,0.0015976568574400316,-0.0010569964998304387,0.0003721569488088559,-0.0019315898972400657,0.0023366478310788133,-0.0013654225008985534,0.0006116275589898494,0.0010813732154632248,-0.0030843668754112637,0.002975860081273888,0.009458017285507192,0.0173861787184748,0.0068211558934268765,0.007892348697250766,0.007168555969593057,-0.03457825035480261,0.05557430617623069,0.00011474758778600137,-0.2401374946569676,0.00046562939144494217,0.011886615755329344,-0.011229024505114,-0.24013749465699097,0.17901644314148493,-0.0015840146260602673,-0.0010640619490774657,-0.0003045900796194808,0.0028916394224456263,0.13997596838555534,0.16202575844059225,0.2448470868476037,-0.24484708684523138,0.24484708685537615,-0.21077474032136195,-0.18073380214194096,0.070702128479956,0.006165366419702584,0.006600783573235604,0.03714189723120895,-0.052944572566363875,-0.10553245642325003,0.09869231945456064,-0.047690077428157014,0.09503942710192427,0.19635637326538888,0.8103653259619288,0.8105626446456619,0.8107093261672906,0.8176394129991374,0.8206789593726382,0.8118196115544776,0.8156267009643703,0.38800191308644494,0.809706580352727,0.8196520708400249,0.8302080719534461,0.4365657706203392,0.8204200365011411,0.8406741572210685,0.9146661763853244,0.6570359117569968,0.951642217453729,0.8734871541001055,0.9437813399846625,0.6367298621005535,1.0,0.836774193296724,0.0017493487833287339,0.005759847085363308,-0.0004919528986558238,-0.0023970014925133246,-0.21293852851747322,-0.2202378454285513,0.07582354030207625,0.09579097044997627,0.23803610429237876,-0.04021845813372297,-0.15903436977979465,-0.09130943128984838
total_consumption_kwh_rolling_max_168h,0.8255544638774784,0.7042281623903944,0.5491193094002021,0.5636363356765473,0.3609922219201876,0.11181592431915664,-0.006253964968640242,3.569110117334903e-05,0.00047408389924896694,0.00031947938422965407,0.0022717633683781895,0.0022391235282509356,-0.003740753627578316,-0.0021901654656829718,0.002774955259075077,0.001787345106920734,-0.002168334834381662,0.0012028172590077826,0.001553410179176399,-0.00044036908366096403,0.001454580053841839,-0.007888123104311114,-0.002993462147838421,-0.0017229491389588265,0.003373895691773387,-0.005135915501952066,-0.02118361850003782,0.0472794051114136,-0.010093348206456671,0.031613968518851086,-0.020082872581652485,-0.0055582979641777604,-0.02280400375374388,0.031613968518822325,0.10981449954095557,-0.0031413048997885385,-0.0005782100462115679,0.0035097224025599635,0.003519116818706488,-0.12262596818940386,-0.12581663604366058,0.3087920866668192,-0.30879208665769875,0.30879208666741476,0.15582690121367418,0.1700985141937293,0.036071599714343906,0.005343627098305592,0.010026911145204606,-0.041342799703258534,0.030526120210338938,-0.14175877080088894,0.17461165335611273,-0.05595846569727254,-0.08587114585270404,-0.15858821310369317,0.8262810227954241,0.8268544324881878,0.8273134760214204,0.8343815657505961,0.8372846430735806,0.8250565179787097,0.8319992362344611,0.4916954962987646,0.8171701196063732,0.8442140669703939,0.8472869117314012,0.5645433141813405,0.8116432759864811,0.8782968992753983,0.932464985403674,0.8859837067242969,0.8683532812038341,0.9450641079666645,0.9623049352401291,0.9459216457635741,0.836774193296724,1.0,-0.0038393606395523004,-0.010199486915805656,0.0007389049269075972,-0.00014509337560903758,0.15759695238955962,0.1623697265602578,0.038132144838039526,0.047701688596964754,-0.10743242206916258,0.25258934339536765,0.12078272120436508,0.06183737770916197
temperature_change_1h,-0.003023754061450459,1.2396637037378589e-05,0.0020205103385633324,0.0005858551421946427,0.0019450171751956421,-0.0006198361493599474,-0.004055521909398048,-0.0035894880737984804,-0.003126271368083095,-0.0036275006437722595,-0.0004295159403736009,-0.14972176295898346,-0.0022833205485355596,0.0031073952501757015,-0.0012318673895531027,0.002005744781633417,-0.005826053813688012,0.27731928970205366,0.05249237195489024,-0.006757436503235319,-0.0010869584883993289,-0.0030224641260720828,-0.004275497986719952,-0.006616623876933999,-0.0035477158701786304,0.007728149153722717,0.0014124159480841622,-0.00048564739299687107,-0.005548337448267269,0.0026094190152446046,0.004311833909082397,0.0038925922444094166,0.0021968776057831457,0.002609419015244582,-0.0013331388284587575,0.29246195284846227,-0.4025518609213088,-0.0003131714840338927,0.008993605631228304,0.004872313109438365,-0.004366354949632581,0.0003560697141924106,-0.00035606971408514386,0.00035606971407692447,0.04425752283515046,0.013163146942756816,-0.07732810333208373,-0.06640139319686787,-0.07039849649285278,-0.09675434419912904,0.02374809829610793,0.05688872781700588,0.06541376990132958,0.0886409168483685,0.006384286883728966,-0.0029796848315885817,-0.04861778889548838,-0.09304954186108627,-0.1337991374603822,-0.003186638232644034,-0.002130310505842381,-0.00014579498555086347,-0.09239947247964772,0.0414274115050121,-0.0992344899926906,-0.08512007421271107,-0.14442921225775,0.034866528635079684,-0.15650399205387955,-0.1204267206323231,-0.0029761006065730095,-0.01602833107447045,0.00438612031224499,-0.009699188933658877,-0.0012224752242903057,-0.0055004518963850035,0.0017493487833287339,-0.0038393606395523004,1.0,0.15145733865489758,-0.6308343032197453,-0.2043187071876452,-0.1112047830598954,-0.03716696955063121,0.2239427781962476,-0.009685914786571246,-0.031527522360635815,0.06852417541458419,-0.07557336742861168,0.01723204120965161
temperature_change_24h,0.0038336588046389303,0.00013316545974929062,-0.00019021242669703577,-0.001040970134864088,0.00011658000618260754,-0.002418711809311611,-0.02128946858893962,-0.017512906894173313,-0.02005678358792926,-0.01742647476836658,0.0021081367637401016,-0.0002681275709405274,-0.02288291306956797,0.00033638505059151055,0.00684493045630065,0.003910782196827947,-0.03793402323128582,-0.0013283718342112813,-8.984784658528775e-05,-0.028442561369649594,0.008454681860531782,-0.02598177127465326,-0.004693334342665739,-0.020199016196234553,-0.019948289580454377,0.005472071073236563,0.002224270275384617,-0.007318117916224696,-0.031164596103988033,0.014831122573538549,-0.004124110498765357,-0.0032296615269676084,-0.0025946858201571963,0.014831122573538623,-0.005856697942620022,0.00028513225976259767,-0.0004450862401217267,0.02799393666465488,0.04798048079588185,0.026373805586561695,-0.024581669983909652,-0.00038250911789930935,0.000382509117852852,-0.0003825091178251588,0.19706100964452192,0.15689827427739242,-0.08017132792423784,-0.029274083709827595,-0.12940518388882835,-0.13822453659474518,0.014032244040661536,-0.05236818739996517,0.1411954188477221,0.36271657855117106,0.03543009884577158,-0.01695806657529298,0.0028319717280860857,0.0016122516893589337,0.0006316699241503,-0.014609011448614082,-0.015136653329916627,0.0004688822160746554,0.0017025854890267813,0.015911077666030195,0.00031274308001702803,0.0030541236327030173,0.0006018716537314373,0.01414092560444728,-0.002348589984101259,0.003189211134061258,-0.00653082850893731,-0.019737853825968904,-0.0005608789294595467,-0.01157872316999876,-0.006717646792448478,-0.023092016689596918,0.005759847085363308,-0.010199486915805656,0.15145733865489758,1.0,-0.03985472691924678,-0.22349253036739708,0.14349520360928303,-0.006904265321723409,-0.04844061314334548,-0.06816679363663486,-0.19271556066834106,0.13466257815649912,0.14504338186488996,0.09156604869483621
humidity_change_1h,-0.0016491476538546144,-3.616971051649019e-05,-0.001753831775590168,-0.0005266922474497641,-0.0022319372099881994,-0.00028296994470547687,0.0009787470743953593,0.0013010006106400232,0.00194793066145569,0.0012338919721144915,-0.0007371067586740042,0.10390185272607012,-0.002201761146545539,-0.0017111541659137934,0.0006346987621021473,0.001803061748107038,0.0023582853130485032,-0.18832380370669605,-0.034720485257751565,-0.0012560411509416583,-0.003908256882478809,-0.0003864728089604012,0.0029550221225268423,0.002447917992672484,-0.009652267434581589,0.00325350458819118,0.0008213550657347129,-0.0017418023806657894,-0.0032702145302463664,0.0004139443389281566,-0.0009342468596761751,0.00012242974506069913,-0.0014418376872713085,0.0004139443389281567,-3.0413905175199218e-05,-0.1886130869987144,0.27260467827222623,0.0009662147030881331,0.004683390334546701,-0.0006988749705192882,-0.00016489284010652835,-0.0001768561774741945,0.00017685617747024326,-0.00017685617747157406,-0.03311759003658751,0.025659018333212897,0.15208048955677636,0.10104847560575783,-0.05265191981677897,-0.09253558952027592,-0.09467794176984895,0.0016246572608891246,-0.034968043026986556,0.04578540172240995,-0.0003796004478679161,-0.0005740818010459006,0.02937566328892308,0.059411344205040933,0.08689752279375036,-0.003758858142187193,-0.0028448068128829607,-0.00349231024389346,0.058929640267217774,-0.02473672957891714,0.06312017831422151,0.05441373509322306,0.09394583313823905,-0.024630386158064965,0.10206382055122089,0.07792461805324029,0.0007554657610641247,0.003016492704113128,-0.0014642907597115851,0.003391063974218526,-0.00011143061585488153,0.0007440503915274432,-0.0004919528986558238,0.0007389049269075972,-0.6308343032197453,-0.03985472691924678,1.0,-0.004570360958159649,0.06015543493909621,0.004766563943607831,-0.24582991929168252,-0.09494766651094944,0.02108675679059599,-0.05943247325488235,0.04023211432589983,-0.01668250040937245
pressure_change_1h,-0.01712877949107997,-0.00014041061110180668,-0.0019270928382384442,-0.00045256416107860095,-0.0023095905627958163,0.0007442931919576979,-0.003058954944965501,-0.0031078157872906228,-0.005554734659385246,-0.004012729348674763,-0.010773392153765991,0.02045742264352743,-0.002362581927348203,-0.005056830855517909,0.0024397105852420518,0.004546765051005415,0.008975810570769158,-0.1132379958500581,0.18524022852130542,0.02950019473423494,-0.001974015708026893,0.0005906643804246906,-0.013799771466031665,0.015517353402019842,0.012508895517315925,-0.009511460780178832,-0.003880443235934439,0.0016663688193636747,0.022762786490651717,0.004516653489080798,0.009581592143436802,0.009798958988482447,0.0037328276490774586,0.004516653489080724,-7.350956997009019e-05,0.04480729481241309,0.10264614955986544,-0.0022258695292496303,-0.0015354841247055043,9.36020189039995e-05,-0.003747651318543633,0.0001901953228260822,-0.00019019532274035052,0.00019019532274650692,-0.08877775948978973,-0.0799980531421182,-0.007924019003462783,-0.10517597989947926,0.34508993701414997,0.23362228506231827,0.140715583132571,0.03481428391581711,-0.07894390028755312,-0.20232948231111134,-0.0006081564738549221,-0.0023089232071992496,-0.022724115006596185,-0.02917455872940093,-0.03151461766016606,-0.01150694334091022,-0.01250889968822924,-0.009847151412904515,-0.02797724391383214,-0.015067408582676535,-0.026842123673874625,-0.02785419390085206,-0.022371968132402636,-0.08105606795820601,0.0006742816035791212,-0.028192210529658,-0.0018356449515719102,0.006880862369802372,-0.006130028317067107,0.0005348774522198496,-0.0005534418232138678,0.0012955725700974083,-0.0023970014925133246,-0.00014509337560903758,-0.2043187071876452,-0.22349253036739708,-0.004570360958159649,1.0,-0.02614052070478351,0.012903922957962988,-5.767738449813162e-05,0.10290730446735474,0.07695685401446156,-0.09279699133588563,-0.05624414346002066,-0.0435842038751616
temperature_rolling_mean_6h,0.06134453696394063,0.0012303655058930332,-0.026879205057427708,-0.033991233799325796,-0.02164767868351863,-0.00759500867244648,0.2971399280819867,0.2915298304507109,0.28735369974664254,0.28770012087330504,-0.0002120967350609284,0.11040086105138024,-0.01229738593431225,-0.017577184858386254,0.0295136288435637,-0.006046441887133043,-0.004786780942235878,0.0023728669024022622,0.019634899884501258,-0.007136873591437239,-0.00038734288986591445,-0.041928316611683204,-0.04034228206755047,-0.045608605676342784,-0.041288438753469055,-0.04778247372689798,0.05606273531357861,-0.062406666714919276,-0.05158129327968591,0.7292354468212038,-0.04487366766094149,-0.056566886371652,-0.006806710367971401,0.7292354468212024,0.050108258973908554,-0.15089695481951723,0.0242035542206905,0.02406937438273378,-0.00628199203617715,-0.5572834782963473,-0.6907230418116689,-0.027351313331129317,0.02735131333141556,-0.027351313331295132,0.9775370338254499,0.9199198327045979,-0.11364510808158858,0.015064333956121993,-0.0637786804239068,-0.14550215109411305,0.14382715545305508,-0.12443636384001097,0.6012846432067084,0.8283890964115402,-0.3607564601544875,-0.8210728839295924,0.06965319927213284,0.07469003688944156,0.07615714787701017,0.05683244712115863,0.05136953975544862,0.04688883105498142,0.07396171016965904,0.12568720682492218,0.06462009062011895,0.08151559713611507,0.07184203636005922,0.14490227898063554,0.041520875215782904,0.08701797110370602,0.01688138813607265,0.33488066745769024,-0.14593855430894584,0.08188059603359807,0.00780277887361127,0.3638861537397242,-0.21293852851747322,0.15759695238955962,-0.1112047830598954,0.14349520360928303,0.06015543493909621,-0.02614052070478351,1.0,0.9692298090849988,-0.15020451051816888,-0.09846417729894942,-0.9613180135072694,0.6506915920674933,0.8061246447199976,0.4119746489675711
temperature_rolling_mean_24h,0.016165717322028594,0.0011098348726224234,-0.028679210394298656,-0.034383910618614004,-0.024440095528652797,-0.009226702643027114,0.30919861011038213,0.3029223537172799,0.3005164737942099,0.2989350907417059,-0.0013312740899679,-0.0001727754075566662,-0.008183326774698959,-0.01799676580751757,0.02858335905694834,-0.007588986774744911,0.0024739188712200396,0.007451718008963667,-6.112515508020751e-05,-0.00032020103898528694,-0.0012826878566710388,-0.03379374600860972,-0.04124258945786166,-0.042306213175233705,-0.039502879571552185,-0.05063390225522163,0.05659358741139367,-0.0630576751498239,-0.047037199536812416,0.7463282805758613,-0.04520701797397032,-0.05735213153813246,-0.006491810653443868,0.7463282805758555,0.05083665621566298,0.0001415708734697441,0.00020869755777898585,0.019499449898770983,-0.014634618161739934,-0.5768642809881782,-0.7049304065384723,-0.02759721375040795,0.02759721374707697,-0.02759721374689207,0.9526167397265269,0.9204674128965117,-0.05696086731881921,0.019130337399666027,-0.04020053839690117,-0.16464153171455234,0.14136338270292365,-0.11286369512533159,0.606344132772771,0.6283278408120634,-0.37674524788765446,-0.8401503831053996,0.016254151079559433,0.016336215226194332,0.016408689420152573,0.014540656798868309,0.009713455619363645,0.002114306459823582,0.016435561565308156,0.15225315532254238,0.003026802428364636,0.028772243337765565,0.01681734292930237,0.18680049918318514,-0.02264050951903548,0.047212733043291974,0.01803402248281763,0.3466311714542005,-0.15176303147842982,0.083293929816994,0.00852279317273389,0.3770814199384787,-0.2202378454285513,0.1623697265602578,-0.03716696955063121,-0.006904265321723409,0.004766563943607831,0.012903922957962988,0.9692298090849988,1.0,-0.06476568614074239,-0.08990701525476423,-0.9440755743490088,0.6099824683212762,0.7228645598434436,0.4024407483086664
humidity_rolling_mean_6h,-0.059479499684187066,-0.01349642953720051,0.08723661620840671,0.08308502189142489,0.0724633807495836,0.019661930842362674,0.13038302031758547,0.12497496511410357,0.13599966768078436,0.1302215137583998,0.05244049476556112,-0.268935009749638,0.0011760247345595485,-0.006722064291584327,0.012933639626616915,-0.018150330152884347,-0.0061569856601352444,0.015639120738429227,-0.04838493187543689,-0.01975043881155361,0.02314161759740462,0.047861464367798194,0.049324477957598645,-0.0014058266594495607,0.05671024846361754,0.022687636835217777,0.032481246239339484,0.03589657423991478,0.014864968149695016,-0.16711864037349936,-0.006592803248440802,-0.008193061485088412,-0.0011177356168755304,-0.16711864037350838,0.04527430906885177,0.36505639705178833,-0.06710779221693733,0.01798572942925654,-0.01595756646329422,-0.12558791746019038,0.24355875039053065,0.11598511724480824,-0.11598511724493697,0.11598511724480336,-0.11553413877737431,0.2057799719604864,0.8209072363898872,0.14459102113663785,-0.05183762857292889,-0.0792075793426386,-0.4018588602041713,-0.3185457210746035,0.051496589995642494,0.24481688025783288,-0.18286460966250956,0.20739864297501348,-0.08081381406777097,-0.09424361172687121,-0.09894159263684756,-0.05269826040075353,-0.05557040387557214,-0.05862939940874319,-0.09190661815825212,0.06960996014975057,-0.10055870562226434,-0.08154939016521034,-0.08669193448838367,0.10978613693922581,-0.10602216745038681,-0.051857075089319034,0.05557805075619198,0.035475652350623436,0.059938528189242134,0.04673997225260312,0.05359277854933778,0.023128481034546174,0.07582354030207625,0.038132144838039526,0.2239427781962476,-0.04844061314334548,-0.24582991929168252,-5.767738449813162e-05,-0.15020451051816888,-0.06476568614074239,1.0,0.756992000877501,0.09377970111068085,-0.14152522134411843,-0.2512379199351594,-0.04369559507836049
humidity_rolling_mean_24h,0.055154000965022335,-0.016721565951233103,0.11089136859117164,0.10336766614724037,0.09382027413961365,0.026619690590293173,0.15952765538544886,0.15142332104351497,0.16317846110371637,0.15759459043952137,0.06071355386084843,3.1105162597075216e-05,0.0015729220473183452,-0.008803796725004653,0.009056814424383377,-0.013359625290956663,-0.005627971094686015,0.0026741350999282456,7.23550202357306e-05,-0.005489402182040059,0.03483890472582861,0.07043512966478384,0.04799884208974268,0.021932216251532063,0.08597453484835675,0.013475087584465533,0.03335354496019421,0.04164528856143105,0.037259242758705166,-0.20983855318283742,-0.006985552131687664,-0.012942895365091198,0.0030775019924987024,-0.2098385531828336,0.057591617611973914,-7.373746894765782e-05,0.00022406568338450807,0.014957771629370656,-0.024246817511072074,-0.15310699729270938,0.3044125846334996,0.14473901996521568,-0.14473901996236346,0.14473901996244173,-0.10167277798955605,0.14507251974112023,0.6266994092649549,0.08520823649006466,0.04148156905715637,0.07834980455453207,-0.300588476583361,-0.349876827191035,0.09985354216207028,0.16819810602040985,-0.22618627529807245,0.2610607412797038,0.05526762278518838,0.055421791430244664,0.05562886872707942,0.06251115799035538,0.0601124651588371,0.056915007709192174,0.055787463124809276,0.016733592990914432,0.056238106869393165,0.05522345130449354,0.057145185903720294,0.0188972504390527,0.05854860673962064,0.05597085484178309,0.06587735242030099,0.04437981145555887,0.07438408983859883,0.06239246276438373,0.06655880669037484,0.02617050356209777,0.09579097044997627,0.047701688596964754,-0.009685914786571246,-0.06816679363663486,-0.09494766651094944,0.10290730446735474,-0.09846417729894942,-0.08990701525476423,0.756992000877501,1.0,0.10030142895752064,-0.06659846605302079,-0.08773158918331751,-0.03871534918703528
heating_degree_c,0.012479945755808188,-0.0031204308081428556,0.030508050980831022,0.040096383277575025,0.026509003977522372,0.007329135280668568,-0.3152239234470638,-0.31123630919520756,-0.30640129522139375,-0.3071445393826885,0.0017914309098939346,-0.07100348777745126,0.01326766906925119,0.02034117799173085,-0.03273662943658792,0.007362376647713153,0.003967208446651648,-0.07319037654453697,-0.012204205395842696,0.009732979599122248,-0.0014656651794769822,0.04515978735190131,0.04077942138507141,0.048368891384327865,0.039737093963279346,0.04823599476612971,-0.055443587936778,0.07699406518061476,0.05081651586414939,-0.7508819017239098,0.04057223259689166,0.0576718967754599,-0.00037296414540599713,-0.7508819017239109,-0.05422837431659315,0.08887031936771597,0.07559350091853267,-0.02624906906910075,0.009031989345426891,0.5510664119766207,0.6777943712651591,0.03500291054338958,-0.03500291053605568,0.03500291053643815,-0.9751506391819245,-0.9127892279394672,0.12365338012488201,-0.012050083509483951,0.0948821934211085,0.16964467385009876,-0.1409721413620928,0.11897965511768357,,-0.9316101725399435,0.3579489649792218,0.8057713012232455,0.012906141343827053,0.015193986653138166,0.019679059305332442,0.00010792344343528888,-0.006670250008756762,-0.01484507451340158,0.016034227412003787,-0.08611955793430115,0.02487127832427753,0.008462077014218004,0.026200061239746764,-0.10674515583999915,0.055895252329374985,0.008426574015618315,0.04506115289590422,-0.26351412308814565,0.19950254620184035,-0.014225410083493631,0.032643719326909314,-0.30993484539618027,0.23803610429237876,-0.10743242206916258,-0.031527522360635815,-0.19271556066834106,0.02108675679059599,0.07695685401446156,-0.9613180135072694,-0.9440755743490088,0.09377970111068085,0.10030142895752064,1.0,-0.5156186120921057,-0.7607408824086512,-0.41060384408228257
cooling_degree_c,0.3536313485314321,-0.005150194804549196,0.00033708112357476645,0.00020932279828286224,0.009371348264720691,-0.0038332715133188055,0.1097888559276045,0.10169649478091815,0.09958598274255495,0.10038442504246732,0.0063261776200738045,0.1435492688854689,-0.008441770726427027,0.0016524973199084534,0.006951204738153172,0.001336092783037126,-0.015920087494378243,0.16225279099501222,0.026027498781140097,-0.00761903513964807,-0.007158972069496793,-0.025855136386901924,-0.02585513638690163,-0.027470641525026537,-0.03197423239472525,-0.019679719534269648,0.03718945102891095,0.010978100351455099,-0.04141272775900339,0.35972415351742903,-0.03661501389865372,-0.025855136386901716,-0.025855136386901692,0.3597241535174272,0.016338381773383565,-0.18299615836769473,-0.20183731928836224,0.010350925078446866,0.017856737957529734,-0.34024967141100787,-0.452149644716371,0.008562855266376712,-0.008562855270053524,0.008562855269353561,0.6926277608382085,0.5854352131198054,-0.2426408170267343,-0.029539278693066977,-0.030679074534861885,0.007325509247189904,0.10654798856975478,-0.050929614904190075,0.7992552207657209,,-0.21187362226166925,-0.5343468722420285,0.3385527540092174,0.3143867669813242,0.2834693032307222,0.29316732800532974,0.25035251242819967,0.21037391501485803,0.3140945581226917,0.17911994367672684,0.3079664700234719,0.3172680656931899,0.26677818003309567,0.23000339671028677,0.23668113283403605,0.2810329102042817,0.20882369745065202,0.41211644873548847,0.09587251434137405,0.26168510647570425,0.13526711110312656,0.38207354766271334,-0.04021845813372297,0.25258934339536765,0.06852417541458419,0.13466257815649912,-0.05943247325488235,-0.09279699133588563,0.6506915920674933,0.6099824683212762,-0.14152522134411843,-0.06659846605302079,-0.5156186120921057,1.0,0.6581546316608259,0.2895077287234037
temperature_x_hour,0.2035993352138836,0.00015897527458836534,-0.016246344274774446,-0.022906823607232705,-0.010874773167058828,-0.006100266502978499,0.2179828658385369,0.21379315947198296,0.2102261014428568,0.2108418745678897,-0.0008127474571718361,0.4785546057293595,-0.010896051159520475,-0.011504283640844746,0.021390642897088277,-0.0028080387722964383,-0.007395186444119526,0.10907230679238,0.13972168840456686,-0.009500163389192445,-0.0008470088753055755,-0.035999869279754015,-0.03284839659769371,-0.03783755339339394,-0.033685421586008346,-0.0327733510170826,0.04325155822064353,-0.04966351243753748,-0.042067085055962114,0.5550477016626301,-0.0317130774185201,-0.041463450928925304,-0.003323965739752624,0.5550477016626287,0.03618289055121319,-0.41900749338306176,-0.12039983946966969,0.017994413665339187,0.0009853203300583114,-0.41503426592587955,-0.5279692862935177,-0.016324901509289023,0.01632490150398913,-0.016324901504375117,0.8105899195570221,0.6915079021063334,-0.2647802640771954,-0.00477814852715494,-0.08240216730815596,-0.042359543398074746,0.13416641363348372,-0.08760331924052062,0.2666118776777983,0.6403671065769593,-0.2648098582816043,-0.624725856809769,0.2144019904469285,0.20826505782267105,0.18486775952005868,0.19773555937849466,0.1923393308254174,0.18862573881373623,0.20378001244574348,-0.016024593181232772,0.21018766449519058,0.19257700768866853,0.1581742293674549,-0.06649955498995815,0.17150713293220404,0.12503364925134391,0.012664041586491117,0.2538938660734192,-0.10355272699539035,0.06796377062460619,0.006055056983136253,0.27430988919735344,-0.15903436977979465,0.12078272120436508,-0.07557336742861168,0.14504338186488996,0.04023211432589983,-0.05624414346002066,0.8061246447199976,0.7228645598434436,-0.2512379199351594,-0.08773158918331751,-0.7607408824086512,0.6581546316608259,1.0,0.33826483817108843
temperature_x_weekend,0.04280825395483425,0.0003781262600895264,-0.010419124517459693,-0.014417993924582631,-0.0076853950919064315,-0.0008625616650657028,0.12897482149806289,0.12496376841796404,0.1137542223374375,0.12338783883683607,0.0007380670472687939,0.04093416325910743,0.49094150378730955,0.6198952886355515,-0.5859227778285674,-0.16023878975243308,-0.1602611808886139,-0.2551717584980453,0.00747363357643146,-0.01055561685860044,-0.0009182828955939448,-0.011120514204421079,-0.008337958583091564,-0.05155426667802017,0.05172751768111632,-0.03648874498765135,0.007316624519399093,0.008571725252457538,0.04103761116795196,0.3092794604096101,0.01316526202996673,-0.025618141488248536,0.044211041455254056,0.3092794604096108,0.023832299679239922,-0.0508846449815731,-0.047130527658073386,-0.4865170557453521,0.11300855877006019,-0.23622338859447065,-0.28911366496462326,-0.011968685669453378,0.011968685666336267,-0.011968685666578407,0.4205150494343283,0.3871023288376585,-0.06730567198493426,-0.00625857046314827,-0.04629362299561882,-0.06476981711801735,0.07108013504115264,-0.051659046003397796,0.05661616877333264,0.4031503405364383,-0.1549618358465294,-0.34459961593716815,0.04049568362157283,0.035823981472183436,0.02895767556768128,0.01583603505174762,0.008709080166176743,0.039959775437712584,0.03531043353094069,0.06262787237899854,0.030442546856613063,0.03908276734934456,0.023396160586105275,0.07715318922166532,0.006264639050814892,0.03281529751797717,-0.004075430796585272,0.14213092343220585,-0.08326899196934186,0.013624488787812458,0.0025333292463082147,0.1492663385191263,-0.09130943128984838,0.06183737770916197,0.01723204120965161,0.09156604869483621,-0.01668250040937245,-0.0435842038751616,0.4119746489675711,0.4024407483086664,-0.04369559507836049,-0.03871534918703528,-0.41060384408228257,0.2895077287234037,0.33826483817108843,1.0
