index,total_consumption_kwh,reported_premise_count,source_segment_count,customer_type_count,price_plan_count,year,quarter,month,week_of_year,day_of_year,day_of_month,hour,weekday,is_weekend,is_workday,is_monday,is_friday,is_business_hour,is_peak_hour_window,is_month_start,is_month_end,is_year_start,is_year_end,is_public_holiday,is_day_before_holiday,is_day_after_holiday,days_to_holiday,days_after_holiday,is_long_weekend,is_daylight_saving_time,is_dst_transition_day,is_spring_forward_day,is_fall_back_day,utc_offset_hours,date_index,hour_sin,hour_cos,weekday_sin,weekday_cos,month_sin,month_cos,assigned_climate_id,Longitude (x),Latitude (y),Temp (°C),Dew Point Temp (°C),Rel Hum (%),Precip. Amount (mm),Wind Dir (10s deg),Wind Spd (km/h),Visibility (km),Stn Press (kPa),Hmdx,Wind Chill,day_of_year_sin,day_of_year_cos,total_consumption_kwh_lag_1h,total_consumption_kwh_lag_2h,total_consumption_kwh_lag_3h,total_consumption_kwh_lag_24h,total_consumption_kwh_lag_48h,total_consumption_kwh_lag_168h,total_consumption_kwh_rolling_mean_3h,total_consumption_kwh_rolling_std_3h,total_consumption_kwh_rolling_min_3h,total_consumption_kwh_rolling_max_3h,total_consumption_kwh_rolling_mean_6h,total_consumption_kwh_rolling_std_6h,total_consumption_kwh_rolling_min_6h,total_consumption_kwh_rolling_max_6h,total_consumption_kwh_rolling_mean_24h,total_consumption_kwh_rolling_std_24h,total_consumption_kwh_rolling_min_24h,total_consumption_kwh_rolling_max_24h,total_consumption_kwh_rolling_mean_168h,total_consumption_kwh_rolling_std_168h,total_consumption_kwh_rolling_min_168h,total_consumption_kwh_rolling_max_168h,temperature_change_1h,temperature_change_24h,humidity_change_1h,pressure_change_1h,temperature_rolling_mean_6h,temperature_rolling_mean_24h,humidity_rolling_mean_6h,humidity_rolling_mean_24h,heating_degree_c,cooling_degree_c,temperature_x_hour,temperature_x_weekend
total_consumption_kwh,1.0,0.6800691143158147,0.5075082572377162,0.5069532699892373,0.3291969304493824,0.12249293900660826,-0.04996440476851526,-0.047952553325418985,-0.048878093857819584,-0.04697485695193916,0.007751827897399735,0.30077480169203663,0.012941916568746402,0.02329661029693612,-0.02145174032144651,0.002397562255954955,-0.01146357414681672,0.11919992991846956,0.17950817717849138,-0.003779593698202907,-0.002322066428703441,0.001276759066424676,0.007206798382804604,-0.0021684371836054625,0.0006107460655739051,0.00011676514675419701,-0.0009898039934698795,0.04250764484990238,-0.007397039465139949,-0.1036714202765618,-0.00125552088579946,0.008947227864809598,-0.01072036321694033,-0.1036714202765618,0.11060905028929496,-0.2923626524732342,-0.20452408562227384,-0.01624082387821642,0.01246962127211587,0.026970940348510063,0.023562967154254648,0.23467965485643238,-0.23467965485643238,0.23467965485643238,0.032229068990984266,-0.00356791616498941,-0.09946570318790758,0.012150760639700935,-0.03003593254586486,0.12157502479246458,-0.014347881975875056,-0.11267642125539463,0.3140408377366171,-0.08026284381755165,0.01597397000660708,0.026404416035030562,0.9909249497900904,0.9664929526113277,0.9312393532972939,0.9802105862046209,0.9599242374561875,0.9417188418660614,0.9682154056743668,0.37016285338912547,0.969595720877303,0.9628410476110203,0.9232747466887239,0.3745801117874062,0.9338678761408742,0.9069630465720449,0.9017182299415085,0.8104255194219753,0.8903240044726406,0.8983095175683516,0.8812792520022515,0.7821774641066576,0.8615453504093288,0.8584689820308092,0.009701657335528167,-0.00022553792669803576,-0.010396552010822135,-0.01661389313840145,0.01628907455453699,-0.01855278015767191,-0.055259899983809084,0.05118002871830239,0.0012192570036695044,0.2064826726439107,0.10069376963213071,-0.03136775191998565
reported_premise_count,0.6800691143158147,1.0,0.34711653917819174,0.3679687383511695,0.24192855915699105,0.10036657196600117,-0.007482103128108955,-0.00456623393998432,-0.00608775521820947,-0.004280900442818973,0.0020612920248989667,0.001235255060589151,-0.0006051897898868549,-0.0006753803808423623,0.00016665447808180583,5.2656919837873674e-05,-0.00024041039261436136,0.0013414537726769839,-0.0003440907173335861,-0.0007717838924796252,0.0009273568450662832,1.2683058658861252e-05,0.005034687694562975,0.0007885343010424085,0.002483671107660348,0.0009808895426781355,-0.009095129599461975,0.0033843742176693278,0.0008161330450467678,-0.01599178351375926,0.0008714162892943291,0.0019472339845194025,-0.0007165582972834383,-0.01599178351375926,0.09747334261735821,-0.001178701601884455,-0.0009910974227385586,0.0008883531767567128,0.0003783617136527045,0.018089465511314663,0.012719520131838156,-0.13810360957212403,0.13810360957212403,-0.13810360957212403,-0.015248897336234983,-0.018891461909823593,-0.012308030535929545,0.0050360941346725505,0.000842600663884316,0.00795095105841428,-0.012500009810279931,0.05537793083554082,-0.015384342558567072,0.012948797615647618,0.016615299758419976,0.015508667256671613,0.6800279288447039,0.6800167626398328,0.6799295590564677,0.6798661495568876,0.6799223461770434,0.679858410231517,0.6834858716151457,0.3385117979426623,0.6807596466857188,0.6852330767580941,0.6926927919086399,0.4077822604949933,0.6880581503592761,0.6986155432807418,0.7315878356810324,0.6387386075130622,0.7358905389470609,0.7190571439840089,0.7394160317498553,0.6358314900632438,0.7452383328893712,0.7031665518663983,0.002016595928851799,0.0012249154646204233,-0.00025926956186443563,-7.682356204836616e-05,-0.015753964181564974,-0.016936921047719013,-0.012839902528956625,-0.015296166994921742,0.01457985953976718,-0.01287842886893013,-0.011335482220368613,-0.005257308922540412
source_segment_count,0.5075082572377162,0.34711653917819174,1.0,0.827252078979253,0.8518118703528075,0.39829819008648853,0.04962803452754558,0.0527910939154352,0.04850666385165264,0.053426586864972134,0.005494380770966664,0.004428107393842442,-0.001772893693130147,-0.001290095491364033,-0.00011457463758369923,0.0007718078253596194,-0.0013672142507164023,0.005230774272116196,-0.001681606012938541,-0.000633256233518801,0.0020190078497845,-0.0031036091472271517,0.011468629744609844,-5.0651158263279686e-05,0.004215564395284429,-0.00018618714146585854,-0.006203087555236217,0.015256193806882184,-0.003610769349985713,-0.018003561646014337,0.00019023162316590886,-0.0024073841866303946,0.002676042733010452,-0.018003561646014337,0.4008938563901627,-0.004665065902713919,-0.004456026904849927,0.0016865592457208022,0.0011911126850181143,-0.030380197272417305,0.029001293665070618,0.6299295857542317,-0.6299295857542317,0.6299295857542317,-0.025028944274427666,0.002717740197102924,0.07539903045518512,-0.0018206990439412498,-0.013408573541282708,0.01172663278010207,-0.021797964316716125,-0.2784482321760697,0.03889014683257324,0.007426574495628495,-0.032375835916117576,0.022630054268466898,0.5073053851292683,0.5072511923516366,0.5068788196550295,0.5068815259925492,0.5073151666580955,0.5079819444645173,0.5105339441320836,0.2750550201345658,0.5027772698376013,0.5168327925600057,0.5192127390503379,0.32197291539659534,0.5008280839811561,0.535613482114358,0.5670867206117323,0.5610451579476333,0.5265876364204385,0.5731489499546727,0.5800883729684359,0.5528598894115612,0.5579428330765394,0.5743344281030401,0.0004179512005824345,0.00041892546596388825,-0.003335499122828646,-0.0010716792489756288,-0.02612202419949244,-0.02899890117589615,0.08249719954329873,0.10190646815690908,0.02669605308664497,-0.008985492967474496,-0.02272183423827197,-0.016275769220595253
customer_type_count,0.5069532699892373,0.3679687383511695,0.827252078979253,1.0,0.6437066636315882,0.01786124869780557,0.015656879775555944,0.018729833202404764,0.014957447103085704,0.01865050283150229,0.0004470081478631672,-0.000747724031523717,-0.001226623130798417,-0.0007696094598730433,-0.0003262728450265371,0.0006950810966193004,-0.0005777471896741198,0.000619583645214511,-0.0002467857948713018,-0.0002398776796097421,-1.2690624128731169e-05,-0.0005848749578615705,0.006855345696224196,0.0028581467767008007,0.005264082589346272,0.002908270439464248,-0.011630090251366137,0.01012441005626205,0.0031422738630802545,-0.01643701627040735,-0.0008282759962953344,-0.0005848749578615705,-0.0005848749578615705,-0.01643701627040735,0.021232584149458198,0.0007300630340600433,-0.00042377756100018063,0.0010437459587143403,0.001038824313111942,-0.0012193409075821656,0.018974613455027683,0.6970030118199362,-0.6970030118199362,0.6970030118199362,-0.03346823567024165,-0.008485614525552078,0.07425020744479505,0.004659723986013147,0.003128137412282739,0.001180527677728357,-0.0031980576004096463,-0.30481295211611253,0.04497120424196844,0.007686662816587919,-0.0029660745906910585,0.017262107874356895,0.5068821551433124,0.506847354502467,0.5068362317672933,0.5068476580723342,0.5067507645938438,0.5059480300896703,0.5101479287355621,0.31709553565179877,0.4991042611075005,0.5195453967805121,0.5194610892422294,0.37541259306815405,0.4930373752678634,0.543110163846697,0.5639878187266435,0.6289791472336815,0.4997935562054741,0.5923377557331493,0.5753859336250546,0.6212864053301503,0.5244551915070303,0.6042298129615516,-0.001940263475131667,-0.0006150083197753017,-0.0018113234002890375,-0.000585609509174865,-0.033365132181875076,-0.0335601527287005,0.07974311239956368,0.09783945792029565,0.03601278571623862,-0.011184088038619934,-0.032753528662241876,-0.020099732432301932
price_plan_count,0.3291969304493824,0.24192855915699105,0.8518118703528075,0.6437066636315882,1.0,0.4583518890212015,0.08957902931863383,0.09409126324387175,0.08799353269763055,0.09445207950082816,0.0029658445832266857,0.005523643393425379,-0.003950518295233987,-0.003419009998000217,0.0018765324310963212,0.0013221999000463806,-0.0020959970265914934,0.008507953155202664,-0.005581463759668738,0.00023509015679414432,0.0019850682778637116,-0.005816735678706247,0.010515766179765731,-0.0026183925250108714,0.0021758726911762036,-0.0028748948821406147,0.00184674914778658,0.029991491396761934,-0.01183535397093698,-0.015986025249414598,0.0004412081667965832,-0.005907474010265126,0.0065305793739785034,-0.015986025249414598,0.46793782571803266,-0.005215856605782233,-0.005718568347819746,0.004298046657799886,0.001997321512500564,-0.06536378857179392,0.03153327625552043,0.5563648192154821,-0.5563648192154821,0.5563648192154821,-0.014636388392826799,0.009725207672586701,0.06116326536755114,-0.002481971862575314,-0.005960980041776542,0.02153578411890555,-0.0054119721060755,-0.23920249060450055,0.053742808496297687,-0.0662868615642704,-0.06706479717451296,0.019099500772300423,0.3289258751649823,0.32913035566900106,0.3289700263724867,0.3281996240600862,0.3291820448870346,0.3302631237265072,0.3312432834600605,0.1806810359984643,0.32568249393151805,0.3357275642750637,0.33672813528226364,0.21123682908600935,0.322926004917336,0.3481308564192597,0.36827657642857536,0.3736464262617717,0.3367335112757367,0.3754872864211448,0.3783029511498541,0.3742588207452772,0.35917606953839165,0.3822884410546502,2.025824721129014e-05,0.000979693387582139,-0.0027938457103618836,-0.0023672961005685696,-0.016368409307877207,-0.02020338117401584,0.0685690085300129,0.08512551011885001,0.017158515438760857,0.002375119510210109,-0.01566642604665515,-0.017818987053633648
year,0.12249293900660826,0.10036657196600117,0.39829819008648853,0.01786124869780557,0.4583518890212015,1.0,-0.000521631899705071,-0.0005068311151687533,-0.004679743436488525,0.0006703608018926102,0.0005843469675858328,0.0,-0.0021290974972205242,-0.0011030065124062417,0.000259209516615061,0.0009482463481123432,-0.002370615870280858,0.00045420384142955204,0.0,-7.137802665696359e-05,-7.137802665696359e-05,-2.0291506467996725e-05,-2.0291506467996725e-05,-0.012047174161898374,-0.012047174161898374,-0.012047174161898374,0.0010892596465916975,0.0010892596465916975,-0.018900796450113104,-0.000529565941663446,-2.8736001619154837e-05,-2.0291506467996725e-05,-2.0291506467996725e-05,-0.000529565941663446,0.979795970536975,0.0,0.0,0.002517507642902192,0.0023226135680551934,0.0003969839933764824,0.0002252104573449898,0.0,0.0,0.0,-0.00910843968637782,0.0018555077751311638,0.009328369223546044,-0.0009431432150961937,-0.020028238620487564,0.014006546457658552,-0.008311829423699325,-0.021657857982853832,0.024248957847336158,-0.04141884763880156,5.5098148100762485e-06,0.0006666875920192261,0.1224778390829581,0.1224695414040312,0.1224675378888043,0.12219137819269803,0.12185143831710352,0.12124383399385662,0.12332788896159086,0.0026001580690055213,0.12697507328705954,0.11983045872391818,0.1260189475060251,0.002032566928311353,0.13470522933215714,0.11886146143645722,0.14370687185454795,0.024782178275210374,0.175620306162767,0.11379274339340813,0.14604955279559273,0.02682488733188424,0.1852288718992347,0.09967222252073839,0.00030581430091871406,-0.0004458798191389574,-0.0011850011428995533,0.0018194387505873746,-0.009772390830682398,-0.013373717535660197,0.009736737761079013,0.009705856241398846,0.009840664521757194,-0.010396563772273914,-0.008934595575449887,-0.0075880847826590575
quarter,-0.04996440476851526,-0.007482103128108955,0.04962803452754558,0.015656879775555944,0.08957902931863383,-0.000521631899705071,1.0,0.971625998055936,0.9404253435858563,0.96823727105785,0.012448635970536411,0.0,0.0012281358523345337,0.000466654744519847,-0.0048572547052760096,-0.0025046774750090636,0.001696865339556324,-0.00019216239904137244,0.0,-0.001444599449692696,-0.001444599449692696,-0.07058459220356862,0.07012258396369071,0.018545406620562123,0.048856821308305085,0.018545406620562123,0.10556142122636937,0.19783501653053476,0.01865995667932843,0.09986634321754943,-0.0003271385875201856,-0.07058459220356862,0.07012258396369071,0.09986634321754943,0.19313678075048765,0.0,0.0,-0.0008556651216955637,-0.0019615432669121795,-0.7890491941366191,0.16729709867634215,0.0,0.0,0.0,0.28315577267712466,0.3299887128950151,0.12053121856584091,-0.0016729031433115997,-0.03376629213543693,-0.0830840918024717,0.03858791848845518,0.024705124322515322,-0.012793472459384427,0.24392830772017512,-0.773321870100357,0.0029967745752938666,-0.0500787079045346,-0.050158605601341534,-0.05020599177417907,-0.05133009801038616,-0.052359192310663154,-0.05787303818220477,-0.05041157783992032,0.020477124013501935,-0.05447864832941917,-0.04674630402575352,-0.05116216459753521,0.030053233404732184,-0.0629560088501676,-0.04251118013504458,-0.053426069982275594,0.06199453230784229,-0.10112059371734865,-0.03458103388424184,-0.057129490850383643,0.06194681414016252,-0.10816085879967512,-0.02664804145645018,-0.007410084380045977,-0.029650243452256458,0.0045714077348392645,-0.003116888738198219,0.2860223196010945,0.29691264781665616,0.12699286680807273,0.15373143395673772,-0.2869219952495109,0.1396027051046055,0.2582340908141551,0.14903429604935597
month,-0.047952553325418985,-0.00456623393998432,0.0527910939154352,0.018729833202404764,0.09409126324387175,-0.0005068311151687533,0.971625998055936,1.0,0.9635621401727722,0.996512031382739,0.010746621467319237,0.0,0.0007136378553933377,-0.0007995313489844847,-0.002531692106237439,-0.002546800902694782,0.001976377074781272,0.00032923668715235564,0.0,-0.0012574009672967714,-0.0012574009672967714,-0.08334562132335298,0.08334562132335298,0.015322448313823837,0.06332203376849725,0.015322448313823837,0.005289107150345339,0.25228780878891643,0.01684938850153759,0.07820797300188793,0.010136086038305334,-0.053818028370974186,0.06813292562998215,0.07820797300188793,0.19880630320969497,0.0,0.0,0.0002701617247963488,-0.0026865696283727095,-0.769763764611068,0.16065245138011985,0.0,0.0,0.0,0.27613824228853945,0.3216390975191769,0.11611358508760374,-0.0004000835608649932,-0.038549218920690596,-0.0799480125452807,0.03420842409398815,0.026278576749459194,-0.07636542413305715,0.2497896521581536,-0.7521112516754394,0.005469723978456514,-0.04804450811245405,-0.048097888931530976,-0.048117664669312825,-0.04892920492968431,-0.049580090215038085,-0.05481376147002465,-0.04833726937535304,0.018718075836783345,-0.052281647249414046,-0.04478980730085051,-0.04901342525109311,0.029267627699174042,-0.060702135667892704,-0.040565711947042254,-0.050804106918256035,0.06301347696749665,-0.09795483647474035,-0.03180953772128188,-0.05326013496788508,0.07048575337556207,-0.10660767970411567,-0.01610585557249607,-0.006304448350134169,-0.02545787898471032,0.005499170320810918,-0.0033494769470013975,0.2786386917587372,0.2872483276501207,0.12171008672005819,0.14575825314404584,-0.2822580594738423,0.13882746396526086,0.2500186564623764,0.14163704135374575
week_of_year,-0.048878093857819584,-0.00608775521820947,0.04850666385165264,0.014957447103085704,0.08799353269763055,-0.004679743436488525,0.9404253435858563,0.9635621401727722,1.0,0.9643438105627781,0.06038761986390534,0.0,0.0056261252059889655,0.004158092910895259,-0.011371291623939305,-0.0026764437275937163,0.002683865923177726,-0.0017122489775962702,0.0,0.004785661674229754,0.0028387542452495617,0.018065698870094075,0.017687880181561564,0.04880883491200109,0.06626054138076744,0.03777130574706467,0.0046557319938809755,0.24900551875165683,0.05960960647019785,0.0786610053247402,0.0024640523868870038,-0.05741849805987523,0.060898407033201,0.0786610053247402,0.18828394236773832,0.0,0.0,-0.005163176167884707,-0.003743455825580428,-0.7591820880894043,0.1597789061027824,0.0,0.0,0.0,0.27331420578077836,0.3218980999306949,0.12615134764976318,0.005140245828509943,-0.04043118802032816,-0.0874342092150848,0.027004555404394753,0.03588917157887886,-0.064830486905167,0.2590765295381908,-0.7492444228852297,0.008879101497930766,-0.0489488878882268,-0.04901202727993662,-0.04905860411006287,-0.04941978936703246,-0.04978389431164254,-0.05542937176144455,-0.04924751208615539,0.019104961332503702,-0.05320730284810832,-0.045675646470831686,-0.049929343672786994,0.02973765377905031,-0.06163273251988828,-0.041379046853011026,-0.051660587660130486,0.06459576238437814,-0.09901770707031994,-0.03178504390756906,-0.053518084219982325,0.07141665785654133,-0.10747766829938236,-0.016430504091102558,-0.0050663439000533045,-0.027992385633890345,0.005242415947077728,-0.0047099659332172795,0.2763199034364101,0.2870464270105889,0.13163371464019752,0.1559243111008612,-0.2793953886029828,0.13700203431040484,0.24842257178429014,0.13699787607326505
day_of_year,-0.04697485695193916,-0.004280900442818973,0.053426586864972134,0.01865050283150229,0.09445207950082816,0.0006703608018926102,0.96823727105785,0.996512031382739,0.9643438105627781,1.0,0.09400122201727797,0.0,0.000941802663211146,-0.0006001474114703841,-0.0017699470428568045,-0.002702676109264403,0.0019279386413698296,0.00024713295583286165,0.0,-0.026983699597759522,0.024465998037018245,-0.09051101945480154,0.09047125623922557,0.011993473408829537,0.06910310851503848,0.013568601248638295,-0.00174798114485899,0.2556855914210159,0.015059925909298026,0.08123434675687669,0.004716049578514096,-0.05581761386476778,0.06247795247374274,0.08123434675687669,0.20065609740874216,0.0,0.0,0.0002053021493679825,-0.002563437631840273,-0.7670810807199482,0.1600909666425718,0.0,0.0,0.0,0.27459851698722576,0.3214106906036303,0.11996196584897001,0.002704431706218383,-0.04091038285898392,-0.07874577953264164,0.032873213225879945,0.024744888695025655,-0.0695361098509946,0.23091938489070465,-0.7495642767197545,0.0057448592719166,-0.047058605766698444,-0.04709993873243062,-0.04710557202519057,-0.04779590244588453,-0.04841613194273102,-0.053838638739515006,-0.04733419823835864,0.018543014992740452,-0.05122807710338064,-0.04383268129191356,-0.04797377291938845,0.028890740091893782,-0.05953528463013321,-0.03962693261105993,-0.04955794231961584,0.06287647141050479,-0.09639203544821812,-0.030940063242785486,-0.05205268142813232,0.07038843316500577,-0.10538077702989256,-0.015761381988052107,-0.00588612672563745,-0.02531274887468471,0.00559393644457896,-0.004392326934933798,0.2771237406385079,0.2858262332572555,0.12589027426210064,0.15039238313340636,-0.28073807579877885,0.13827150068263966,0.24884094891889838,0.1407695516308935
day_of_month,0.007751827897399735,0.0020612920248989667,0.005494380770966664,0.0004470081478631672,0.0029658445832266857,0.0005843469675858328,0.012448635970536411,0.010746621467319237,0.06038761986390534,0.09400122201727797,1.0,0.0,0.0027061342203251832,0.002343183985958513,0.00902303584515269,-0.0019423152863828107,-0.0005167627826156102,-0.0009648929137116342,0.0,-0.30893021281573724,0.3037726293269581,-0.08782337793725727,0.08906663073931356,-0.03826675355514386,0.07147437084013801,-0.019397107975380117,-0.08046221550236282,0.05188230558862785,-0.021015195081920093,0.05117368663867696,-0.06436913638635781,-0.024566675368632555,-0.06633996951772435,0.05117368663867696,0.019372796857557856,0.0,0.0,-0.0007175514829845555,0.0014385369416447893,-0.008520661851741098,-0.0017825022671872123,0.0,0.0,0.0,0.001548501166334224,0.01804413185988343,0.04931272622567217,0.03661095222533749,-0.030046827197064044,0.009499428195408022,-0.01488499357929158,-0.017809758221834695,0.03390132334275627,-0.025118473035388236,-0.008860806500898785,-0.0019766556562897143,0.007854270451185382,0.008004556031456419,0.00818106226442005,0.009751345662446469,0.010211985662654657,0.00834633288471934,0.008053262010646827,-0.0007734713623395228,0.00835792583050684,0.0077738269301418665,0.00845318910529544,-0.002522772899446901,0.009113678389975377,0.007875070236400621,0.010804948120611557,0.0028092958133422853,0.0111399485662704,0.0076703266478467405,0.011259905911793997,0.0033499847932691724,0.008493858956204851,0.003026719565699116,0.004632661369247288,0.0005103817775738446,0.001471700411782633,-0.012389744718708455,0.0015764241389148793,0.001956113562483759,0.05357567965323343,0.060128829901430425,-0.0016728562042865698,0.005572857364592242,0.0031048279976160003,-0.0006479607055774775
hour,0.30077480169203663,0.001235255060589151,0.004428107393842442,-0.000747724031523717,0.005523643393425379,0.0,0.0,0.0,0.0,0.0,0.0,1.0,0.0,0.0,0.0,0.0,0.0,0.09402275472190653,0.3170516348017067,0.0,0.0,0.0,0.0,0.0,0.0,0.0,0.0,0.0,0.0,0.00036321989144285196,0.0,0.0,0.0,0.00036321989144285196,0.0,-0.748314277251335,-0.16615921537071865,0.0,0.0,0.0,0.0,0.0,0.0,0.0,0.09649694978148506,0.003371797017404829,-0.23110273184309887,0.010021353101662894,-0.038489926013970055,0.15535904686894916,0.014406596451694101,-0.014205777517748612,0.04553371550358326,-0.008843625828704661,0.0,0.0,0.3217740373267783,0.30950141215763133,0.2669076851192038,0.3008240232758477,0.30087282421434275,0.30095916647185444,0.30026727987864243,-0.17136902903046095,0.3229413816754076,0.2706337480862892,0.21670383191526563,-0.3798512658344958,0.28908319822821793,0.12818680263013665,0.00030708572924674824,0.004370581423583308,0.00760858099857484,0.008804337938514603,0.00010142559498894807,0.00021741655637558266,0.001376876407487968,0.002091766583834047,-0.1492970933906527,-0.001335433320952374,0.1100385948346188,0.014949845473875631,0.11092387822532374,1.4939544858363651e-05,-0.2693340074748706,7.22316528963951e-05,-0.0829462122480226,0.12822484730595204,0.45908555913331006,0.020357305480741245
weekday,0.012941916568746402,-0.0006051897898868549,-0.001772893693130147,-0.001226623130798417,-0.003950518295233987,-0.0021290974972205242,0.0012281358523345337,0.0007136378553933377,0.0056261252059889655,0.000941802663211146,0.0027061342203251832,0.0,1.0,0.7906992868309521,-0.7248845094713114,-0.6125121733594141,0.20390980339952383,-0.3255997579839796,0.0,-0.01075219405585222,0.003073737840720076,0.010475665760379492,0.015718520532113044,-0.11183635940596316,0.12368450481785122,-0.06436258158645443,-0.009558628586008982,0.057239540542899085,0.04253273260672119,-0.0003591495001259904,0.1112996297672402,0.07859260266056523,0.07859260266056523,-0.0003591495001259904,-0.0018968383109906146,0.0,0.0,-0.71429546686832,-0.5359099281478477,-0.00020194514992195916,0.00018832029818856681,0.0,0.0,0.0,-0.00962463643954539,-0.009755517778113728,0.0007141328422129667,0.0036083493179225215,0.014675740534736798,0.0027458713921448283,0.00967285826730845,-0.008711866484967171,-0.04687214326835866,-0.05390072684549282,-1.0385138964290324e-05,3.115541689287097e-06,0.012410014455191104,0.011504898451624333,0.010295196049272525,-0.012385373293242668,-0.024067130353406484,0.013001316375116551,0.011498896930806553,-0.001669578510450888,0.011317577793117418,0.011570034726416755,0.009624571674704197,-0.01199541417363944,0.00930439548880361,0.009565976409985532,-0.004344900535784999,-0.0196670121254001,-0.006614058863997976,-0.02517218284754836,-0.00031647522203262285,-0.0007479749949265409,-0.001201230892481744,-0.002943776232160088,-0.0012635029441559747,-0.014753490251609633,-0.0026428041808980868,-0.004363521211415042,-0.008294035431584999,-0.003397201982369165,0.0026132331855279294,0.005012715463773683,0.008913357298379977,-0.00299143455492118,-0.012653499518804729,0.46010137460006695
is_weekend,0.02329661029693612,-0.0006753803808423623,-0.001290095491364033,-0.0007696094598730433,-0.003419009998000217,-0.0011030065124062417,0.000466654744519847,-0.0007995313489844847,0.004158092910895259,-0.0006001474114703841,0.002343183985958513,0.0,0.7906992868309521,1.0,-0.9452131939277691,-0.25838038351946035,-0.25838038351946035,-0.4117870894875252,0.0,-0.00783430929805416,-0.0010351416277847227,0.013235906686139937,0.013235906686139937,-0.06006078144351883,0.1199490452546599,-0.022558734214731598,-0.017931290782620506,0.04190292211167589,0.10504856515078703,-0.0008521295551520051,0.11728585066602157,0.08281968483074126,0.08281968483074126,-0.0008521295551520051,-0.0012002905054577357,0.0,0.0,-0.7906992868309521,-0.0006063644837660676,8.322210940851207e-05,0.00025653899155956173,0.0,0.0,0.0,-0.013393231845848171,-0.01681655448642105,-0.006264342296277321,-0.00799306553643748,0.001775019366108582,-0.01544586751009642,0.021698536662334074,-0.005344978169722216,-0.0019149219181865626,-0.03270796031657337,-6.898246108854989e-06,0.0006001474114703841,0.023180805550328146,0.022515092023518785,0.02127627693659251,-0.0014008783243450512,-0.018194610910838627,0.023338913213827032,0.022559770509070817,0.01347682259029715,0.02093417247874084,0.023849393166513393,0.020813323245065005,0.005177642038059263,0.017356410127313374,0.02340699143796055,0.010173354222742735,0.02429206197625483,-0.003056856538383354,-0.007544011909543494,-0.0002719311349691369,-0.0015068847107205592,5.763744447817863e-05,-0.0012535457613823944,0.0028239966694367465,0.004222590228626198,-0.00010435087763624386,-0.00709683666995461,-0.01350410113867909,-0.012151182452774793,-0.0047281295067354906,-0.004712924286890422,0.013991367264351356,0.002611976865937018,-0.017211331153700302,0.5817491555769241
is_workday,-0.02145174032144651,0.00016665447808180583,-0.00011457463758369923,-0.0003262728450265371,0.0018765324310963212,0.000259209516615061,-0.0048572547052760096,-0.002531692106237439,-0.011371291623939305,-0.0017699470428568045,0.00902303584515269,0.0,-0.7248845094713114,-0.9452131939277691,1.0,0.18196532219696793,0.24627779113436393,0.38922659007272375,0.0,-0.036118858264713775,0.010401823551043125,-0.07828225881895616,-0.010267950522327795,-0.24807765356556125,-0.13810910040624935,-0.020809310369650003,0.10340885588594564,0.04492421031206181,-0.32186823103713574,0.010823797440674063,-0.11086013351056559,-0.07828225881895616,-0.07828225881895616,0.010823797440674063,-0.00010001569536053263,0.0,0.0,0.7686820989773597,-0.03316327044881673,-0.0005807130985900771,-0.01696760113271006,0.0,0.0,0.0,0.026517623297644635,0.03181207169512449,0.01174750858656223,0.012638207919492325,-0.0005380358844983123,0.01485386661978925,-0.022475273243124292,-0.008214709314566634,0.0027098177628882016,0.026499571286577962,-0.002462192997396355,-0.01639476660840503,-0.02136781232489592,-0.02068192406495781,-0.019363512320886393,0.002383452684815086,0.01727703641837128,-0.025849920264719415,-0.02068976420867416,-0.009343061249856318,-0.019423038116097278,-0.021634310088664586,-0.01872857089160325,-0.0003719964124420506,-0.016172033333341086,-0.02052738369255794,-0.007883294761729526,-0.019629896357140388,0.0034204765146700223,0.011511618938252711,0.0004089517989382266,0.0036960815751632607,-0.0010572062150530739,0.001255891410290151,-0.001066938493950151,0.004877113174470364,-0.0013489917038928233,0.0008316472978535947,0.025906433184948285,0.023421066438887552,0.011027615086246206,0.006197443534989384,-0.02717553498529181,0.00812646679509912,0.02825889091746285,-0.5498671912563138
is_monday,0.002397562255954955,5.2656919837873674e-05,0.0007718078253596194,0.0006950810966193004,0.0013221999000463806,0.0009482463481123432,-0.0025046774750090636,-0.002546800902694782,-0.0026764437275937163,-0.002702676109264403,-0.0019423152863828107,0.0,-0.6125121733594141,-0.25838038351946035,0.18196532219696793,1.0,-0.16677316293929711,0.10639770611014909,0.0,0.012497551887786172,-0.005056701763827328,0.008543195084508785,-0.02139898192952776,0.19361024682243647,-0.038766590379284996,-0.038766590379284996,-0.04484220866233707,-0.04264678257701162,0.11720075864290389,-0.00020794054746624933,-0.030304363076492803,-0.02139898192952776,-0.02139898192952776,-0.00020794054746624933,0.0003873673405746718,0.0,0.0,0.0003913815804213509,0.6125121733594141,-0.00026858103977333214,0.0007428931846414609,0.0,0.0,0.0,-0.007274306937058257,-0.014434087277526224,-0.016097126776646622,-0.013081524843790323,-0.00680570002714081,-0.002644024229715099,0.008937500105201121,0.006754778943636063,0.04165425525714169,0.02818000507093334,-1.4841713944340488e-06,0.00038736873394728676,0.003085513527112759,0.0038635887582284473,0.004579398179930357,0.020805948948190055,0.009659444841984539,0.002498872988667443,0.003940585219733221,0.013942888891701187,0.002683195348848251,0.005048980356461593,0.005310677194301182,0.020308005605425186,0.0023081544816794604,0.008054004473229343,0.020149585926599285,0.07122249383372298,0.003590558254426562,0.033630642851782785,-0.00010092348821535243,-0.0012396620201636532,0.0019989586451314195,0.0018714686158340836,-0.00281788845476028,-0.002934558967054752,0.0030786768100800345,0.007869184292194636,-0.007363355874643839,-0.00866654706199065,-0.0172372107427987,-0.01126365581819409,0.008079685583728546,-0.004280087825116415,-0.005669124768623439,-0.15037826926275033
is_friday,-0.01146357414681672,-0.00024041039261436136,-0.0013672142507164023,-0.0005777471896741198,-0.0020959970265914934,-0.002370615870280858,0.001696865339556324,0.001976377074781272,0.002683865923177726,0.0019279386413698296,-0.0005167627826156102,0.0,0.20390980339952383,-0.25838038351946035,0.24627779113436393,-0.16677316293929711,1.0,0.10639770611014909,0.0,0.003720425061979422,0.003720425061979422,0.008543195084508785,0.008543195084508785,0.009645250704406977,-0.038766590379284996,-0.038766590379284996,-0.010509544749225278,0.004834687464438804,-0.027189111047693303,-0.00020794054746624933,-0.030304363076492803,-0.02139898192952776,-0.02139898192952776,-0.00020794054746624933,-0.001936836702873359,0.0,0.0,-0.20390980339952383,-0.6125121733594141,-0.0003028997281888135,0.002122765063744576,0.0,0.0,0.0,-0.00419863603741108,-0.004215357085625377,-0.0017602439831063412,0.008052586962408582,0.023217293544937526,0.03193013434889624,0.0010871047866895568,0.005698366884429631,-0.08391807811151915,-0.06741706216270142,-4.4525141833021464e-06,0.00038736873394728676,-0.012312911687044936,-0.012685365452896417,-0.012476687242694356,-0.01240050630984536,-0.005864372380185441,-0.011500881058651826,-0.012662980006683163,-0.022353172005089794,-0.010590105148861105,-0.01435563050223732,-0.012415302644313668,-0.026897776435386607,-0.008280175915036679,-0.01578662669191063,-0.015110124666643226,-0.04673822583377308,-0.005532304873005886,-0.021256892040621027,-0.00019745910530358988,0.000723425620976518,-0.0011227800963022495,-0.0021097190292037418,-0.008072830966055248,-0.03060140095665899,7.227262414815914e-05,0.010434037067224157,-0.002409921653117351,0.0025769505537953136,-0.004113230159564827,-0.0007608525881535125,0.002273952884447473,-0.008690760087924111,-0.004249240005807925,-0.15039928252870188
is_business_hour,0.11919992991846956,0.0013414537726769839,0.005230774272116196,0.000619583645214511,0.008507953155202664,0.00045420384142955204,-0.00019216239904137244,0.00032923668715235564,-0.0017122489775962702,0.00024713295583286165,-0.0009648929137116342,0.09402275472190653,-0.3255997579839796,-0.4117870894875252,0.38922659007272375,0.10639770611014909,0.10639770611014909,1.0,0.033609390497168046,0.0032260674239907782,0.00042625795811285,-0.00545037549101404,-0.00545037549101404,0.02473225438297298,-0.04939346823222383,0.009289395504806976,0.007383874042129787,-0.01725508233738948,-0.04325764289828326,0.00035089594938234373,-0.048296799083829535,-0.03410407696872508,-0.03410407696872508,0.00035089594938234373,0.0004942641337819513,-0.056450480376724524,-0.6537424429793051,0.3255997579839796,0.00024969306593863465,-3.426979021434357e-05,-0.0001056394446743767,0.0,0.0,0.0,0.1029149068170237,0.014542888199633291,-0.2194456693728621,-0.00477371147891759,-0.04218064986237132,0.17848318092760615,-0.029459496196106476,0.006770554693514614,0.07164327652922092,-0.021126880654894133,2.840608687734042e-06,-0.00024713295583286165,0.0793318366943635,0.0345116494077938,-0.01482749025294027,0.1373644439449895,0.15546571241836496,0.11927820960406961,0.03273661491335785,-0.13727255612088313,0.04542688416333781,0.019386124496008243,-0.04509668450390139,-0.1343717300492135,-0.02462997929840528,-0.06834145864317877,-0.0027365182161057672,-0.0015633500783287543,0.0056407053777811425,0.006103207196859386,0.00011390091668076358,0.0005896092535620464,0.0006645141643986583,0.0005974481983783686,0.29748282864273806,0.0008572726593756119,-0.21890726162861765,-0.13457504115739477,0.0023355723225750497,0.004902273327071898,0.013028822809200898,0.0005357321667614428,-0.08495743399094079,0.12904072956628043,0.15348166492605894,-0.23946940355049598
is_peak_hour_window,0.17950817717849138,-0.0003440907173335861,-0.001681606012938541,-0.0002467857948713018,-0.005581463759668738,0.0,0.0,0.0,0.0,0.0,0.0,0.3170516348017067,0.0,0.0,0.0,0.0,0.0,0.033609390497168046,1.0,0.0,0.0,0.0,0.0,0.0,0.0,0.0,0.0,0.0,0.0,0.0001854809235723009,0.0,0.0,0.0,0.0001854809235723009,0.0,-0.22394725419167633,-0.124388067962742,0.0,0.0,0.0,0.0,0.0,0.0,0.0,0.02003032816420827,0.0010920436408271873,-0.047661289346753496,0.0021948989438289055,-0.030821279613808865,0.029259482824068164,-0.016075148998405845,0.011159465795880279,-0.008160163163570322,-0.020217250660583556,0.0,0.0,0.13930731295825077,0.07540079879750897,0.006801614572587689,0.179560331037349,0.1796049410779804,0.1798165337277941,0.073840774858239,0.04599674481121341,0.0734014941869693,0.07357786939713058,-0.005642929952650418,-0.21514425868236897,0.05140224917042019,-0.026172824351352632,2.2252152652162385e-05,0.00226217773841189,0.005123553949304145,0.006343062923250992,2.808662119765637e-05,6.69835225487778e-05,0.0009324995314903645,0.0016549254145084187,0.02485284959891917,0.0003861864850579422,-0.030780136009185426,0.20404379234924813,0.017838180504561575,-1.5884854826216074e-05,-0.040665127195843156,0.00026803665221543116,-0.020360067559596542,0.0406352243670221,0.15159427244426568,0.0002343987922091857
is_month_start,-0.003779593698202907,-0.0007717838924796252,-0.000633256233518801,-0.0002398776796097421,0.00023509015679414432,-7.137802665696359e-05,-0.001444599449692696,-0.0012574009672967714,0.004785661674229754,-0.026983699597759522,-0.30893021281573724,0.0,-0.01075219405585222,-0.00783430929805416,-0.036118858264713775,0.012497551887786172,0.003720425061979422,0.0032260674239907782,0.0,1.0,-0.03397508493771234,0.28428225629598713,-0.009658513803940673,0.17850487886000183,0.026422803134648586,-0.030607975262358884,-0.059871613464974896,-0.02648655129093569,0.0945741132925383,0.0058349260359105495,-0.01367799225485841,-0.009658513803940673,-0.009658513803940673,0.0058349260359105495,-0.0054666564102803785,0.0,0.0,0.001589864400372453,0.001436766347003254,0.0009960662213702055,0.00023431142655419576,0.0,0.0,0.0,-0.010730609382201757,-0.01781794228857381,-0.02256287221492677,-0.01750535171176383,0.023431095169243226,0.01678564100542,0.013046679684951767,0.01121963885222941,0.0002133194430812598,0.008816130453700315,0.0009324820595338064,0.000582801287208629,-0.0037805393649834526,-0.003857655050401993,-0.003979134102595557,-0.004052390778871763,-0.0016119730845343251,-6.395413277401112e-05,-0.00388537838342602,-0.0028148139147772637,-0.0036706582671963833,-0.004077651150504203,-0.004139704007530859,-0.0033871792159931606,-0.003605375771980493,-0.0046249042634294996,-0.004716937080668954,-0.004857770608196997,-0.0037207647827056283,-0.0054790872752232414,-0.0011769041024472984,-0.000837927034743161,-0.002369273662138436,-0.001519275341915527,-0.006109554840515591,-0.021979687412185388,-0.0015363571272275429,0.028856542540791313,-0.0077983398682296284,-0.0020170809769251567,-0.022316328689726068,-0.010737435161165057,0.010673453058867407,-0.006575924548003763,-0.00953546591738261,-0.001059948688442264
is_month_end,-0.002322066428703441,0.0009273568450662832,0.0020190078497845,-1.2690624128731169e-05,0.0019850682778637116,-7.137802665696359e-05,-0.001444599449692696,-0.0012574009672967714,0.0028387542452495617,0.024465998037018245,0.3037726293269581,0.0,0.003073737840720076,-0.0010351416277847227,0.010401823551043125,-0.005056701763827328,0.003720425061979422,0.00042625795811285,0.0,-0.03397508493771234,1.0,-0.009658513803940673,0.28428225629598713,-0.030607975262358884,0.17850487886000183,-0.030607975262358884,-0.04801561757462208,0.020660559210105976,0.019970548892946572,0.0058349260359105495,-0.01367799225485841,-0.009658513803940673,-0.009658513803940673,0.0058349260359105495,0.004825577300332787,0.0,0.0,0.0046577138544244825,0.0029736352673632917,0.0009960662213702055,0.00023431142655419576,0.0,0.0,0.0,-0.0018828883343713848,0.004598245989187616,0.0172360025388091,0.010518114669383663,-0.006127860167150957,-0.0039285379792882765,-0.030778349832411567,-0.03066072594037629,-0.010116310875218118,0.022086101166134187,0.0008275778278362532,0.0010024182139988418,-0.0022546570069534987,-0.0021207148685711075,-0.0019518563870437832,9.258853783233138e-05,0.0006246426006412032,0.003612307498157427,-0.0021271595160383297,-0.0019982601481526906,-0.001967022093361223,-0.0022641128370885512,-0.001901150862868766,-0.002598576358681695,-0.0016761139084283006,-0.0021120995966808064,-0.0009336557421353547,0.000786280147671281,-0.0011956782449183377,-0.0016471959066302838,0.0010310718158857213,-0.0011469715124791014,0.0029507417017541554,0.0008534108247968511,-0.0003388696673531231,0.015466531203722225,-0.004530096740794626,-0.0029285971780148197,-0.0017718231459405557,-0.0030453383288332634,0.022436897130346148,0.03344185826108854,0.001051854310848218,-0.005555263082471198,0.002236139839647952,0.008267298839799155
is_year_start,0.001276759066424676,1.2683058658861252e-05,-0.0031036091472271517,-0.0005848749578615705,-0.005816735678706247,-2.0291506467996725e-05,-0.07058459220356862,-0.08334562132335298,0.018065698870094075,-0.09051101945480154,-0.08782337793725727,0.0,0.010475665760379492,0.013235906686139937,-0.07828225881895616,0.008543195084508785,0.008543195084508785,-0.00545037549101404,0.0,0.28428225629598713,-0.009658513803940673,1.0,-0.0027457440966501922,0.31555546295211934,0.056150049175835756,-0.008701304268235142,-0.0883375861237148,-0.0883375861237148,0.19231180531285866,-0.0716581866606456,-0.0038884104998101856,-0.0027457440966501922,-0.0027457440966501922,-0.0716581866606456,-0.018122020313266225,0.0,0.0,-0.01569843296593782,-3.013134926283651e-05,0.03118134821766287,0.06799275057285599,0.0,0.0,0.0,-0.04796123887960411,-0.03323730211863659,0.04376331255200702,0.02330778713955192,0.0020979232773462616,0.008010100584120569,-0.03929003528045249,-0.012387716627865464,,0.06503641082989144,0.0010437844088692105,0.08991457122116199,0.0012383321526126033,0.0010210275936997143,0.0007200795112504747,0.0013854930149323332,0.0001468301280289951,0.007355170301441659,0.0010414608120135637,-0.006801234102540021,0.002109573234874242,0.0001038048943680525,0.000814220409389521,-0.007441129702437307,0.0033947701387290483,-0.0008404411051284216,0.001219020823083224,-0.003206967134499617,0.007501945211785477,0.0013269923547849717,0.0016984149915940485,-0.009066003382797885,0.009619019728685438,-0.0052535534255490094,0.001255491208482819,-0.033609884879186626,-0.004073976865854789,0.009374069364999097,-0.04469290229474728,-0.03534695018880047,0.04807313452596562,0.0671382740870526,0.048572047011047156,-0.03278290720550641,-0.03958321920447203,0.01188116823749606
is_year_end,0.007206798382804604,0.005034687694562975,0.011468629744609844,0.006855345696224196,0.010515766179765731,-2.0291506467996725e-05,0.07012258396369071,0.08334562132335298,0.017687880181561564,0.09047125623922557,0.08906663073931356,0.0,0.015718520532113044,0.013235906686139937,-0.010267950522327795,-0.02139898192952776,0.008543195084508785,-0.00545037549101404,0.0,-0.009658513803940673,0.28428225629598713,-0.0027457440966501922,1.0,-0.008701304268235142,0.31555546295211934,-0.008701304268235142,-0.08386353843033588,-0.06961618210897591,0.09051115115971185,-0.0716581866606456,-0.0038884104998101856,-0.0027457440966501922,-0.0027457440966501922,-0.0716581866606456,0.01808225724071929,0.0,0.0,-0.00523281098864594,-0.0052729861209963895,-0.007045785414568052,0.08347971065925228,0.0,0.0,0.0,-0.04264178692230929,-0.025202335947749593,0.05103436930811127,0.03834682760478688,-0.020703718792096412,-0.014421370110329498,-0.060432109126775956,-0.047564733826045084,,0.00746347810234385,0.00010934884283391729,0.09045137463143758,0.00723135296412732,0.007362208788708078,0.007512758663416724,0.006079378719406917,0.004461602707669423,0.01379982192867325,0.007385297513731396,0.0012723437149756828,0.007888355076825256,0.006970211546478677,0.00749614011656354,-0.00035772923646196025,0.00892214032137322,0.006518221371421127,0.00705138534454195,-0.0042318562321666505,0.01345604465587503,0.003962805299387916,0.00815926796942685,-0.007711053294250772,0.016277049269785897,0.00039370021686999215,-0.0015501921126066375,-0.006517485891466898,0.0028643846471250677,-0.015334575721745613,-0.0420450335130665,-0.04236912068601955,0.05029961450837148,0.0487227025102066,0.04318484942027334,-0.03278290720550641,-0.03222677050295833,0.006086921417342122
is_public_holiday,-0.0021684371836054625,0.0007885343010424085,-5.0651158263279686e-05,0.0028581467767008007,-0.0026183925250108714,-0.012047174161898374,0.018545406620562123,0.015322448313823837,0.04880883491200109,0.011993473408829537,-0.03826675355514386,0.0,-0.11183635940596316,-0.06006078144351883,-0.24807765356556125,0.19361024682243647,0.009645250704406977,0.02473225438297298,0.0,0.17850487886000183,-0.030607975262358884,0.31555546295211934,-0.008701304268235142,1.0,0.14019271186246024,0.14019271186246024,-0.27994313676996513,-0.27994313676996513,0.7213641541215485,-0.049272713619097415,-0.01232243125640386,-0.008701304268235142,-0.008701304268235142,-0.049272713619097415,-0.009402515018529865,0.0,0.0,-0.013446086075991388,0.09653900060936425,0.002637112608250401,0.06838021388926485,0.0,0.0,0.0,-0.04888141542047815,-0.048899637131162355,-0.0007738284611385327,-0.010241794221189012,0.0011809006017383453,0.0037840292161124304,-0.015237991638049357,0.02266530935084839,0.009060103741296238,-0.002139128031622675,0.0061237112955830255,0.06747654792944005,-0.002118100957442093,-0.0022576659868927336,-0.0025935179464566835,-0.001284179895449751,0.0018531213912896998,0.011994268155256959,-0.0023585786720874457,-0.011188475778637727,-0.001301709201376015,-0.003387410536675819,-0.003099982819396495,-0.013608379560257488,-0.0005089015349001357,-0.005351205794079875,-0.0043256080835446615,-0.009610631358763099,0.0008524639999978514,-0.010355470798041555,0.0012691467485572744,-0.0062208399784672705,0.005882039509220052,0.000559471503826937,-0.005326020895275384,-0.024603271229252467,0.002212304832998988,0.026357924097444398,-0.04644263737877161,-0.04279751417624736,-0.0017987348118943857,0.016583496174125415,0.04961420272518204,-0.03547334283558087,-0.04183024094865622,-0.039899217769204416
is_day_before_holiday,0.0006107460655739051,0.002483671107660348,0.004215564395284429,0.005264082589346272,0.0021758726911762036,-0.012047174161898374,0.048856821308305085,0.06332203376849725,0.06626054138076744,0.06910310851503848,0.07147437084013801,0.0,0.12368450481785122,0.1199490452546599,-0.13810910040624935,-0.038766590379284996,-0.038766590379284996,-0.04939346823222383,0.0,0.026422803134648586,0.17850487886000183,0.056150049175835756,0.31555546295211934,0.14019271186246024,1.0,0.03533816452861392,-0.2680796409138309,0.07099128780468801,0.5238491736135777,-0.049272713619097415,-0.01232243125640386,-0.008701304268235142,-0.008701304268235142,-0.049272713619097415,0.002021942545865055,0.0,0.0,-0.07280373562304902,0.023618342498697917,0.002200825595856033,0.06650625225366791,0.0,0.0,0.0,-0.041703578507060565,-0.02607784476912577,0.042983689628519194,0.0066272269544963396,-0.0004267957001025939,0.021864247598982704,-0.053354184438655056,-0.022180653681967758,-0.03684821464261108,-0.023014737346081626,0.005429369227422431,0.06761798798036166,0.0008850567683470729,0.0012308942938539956,0.0016032743405469297,0.0037107636897554513,-0.001758717835561544,0.013862213605568297,0.0012038412910944528,-0.012678400421144246,0.0024785828494070902,5.367306601827413e-05,0.0017230799089199746,-0.016863870487519306,0.004554328212248361,-0.0006357154283064618,0.003565793520061094,-0.0031787277101984093,0.007229456490248639,-0.0029026320843351825,0.006057788266890921,-4.806665475639941e-05,0.007062616533410845,0.0064997820106576535,0.0008835147723446016,-0.012865215875561319,-0.013355924118955555,0.015601105540726459,-0.040965971305466614,-0.03815817590840891,0.055412202945093504,0.08116554030256311,0.040378927985717114,-0.03141326998059408,-0.03458571382077667,0.0546361495431392
is_day_after_holiday,0.00011676514675419701,0.0009808895426781355,-0.00018618714146585854,0.002908270439464248,-0.0028748948821406147,-0.012047174161898374,0.018545406620562123,0.015322448313823837,0.03777130574706467,0.013568601248638295,-0.019397107975380117,0.0,-0.06436258158645443,-0.022558734214731598,-0.020809310369650003,-0.038766590379284996,-0.038766590379284996,0.009289395504806976,0.0,-0.030607975262358884,-0.030607975262358884,-0.008701304268235142,-0.008701304268235142,0.14019271186246024,0.03533816452861392,1.0,0.07099128780468801,-0.2680796409138309,0.26049586626961685,-0.049272713619097415,-0.01232243125640386,-0.008701304268235142,-0.008701304268235142,-0.049272713619097415,-0.009087490583721002,0.0,0.0,0.054209812245017454,0.07615876144829035,0.002637112608250401,0.06838021388926485,0.0,0.0,0.0,-0.047169490150125296,-0.03975108851086326,0.02708042227116053,0.0034774078720219803,-0.035095694581063465,-0.011255164104710266,-0.028608300274523407,0.016494576859635735,-0.006786080609754018,-0.007654132185475227,0.006830911550191039,0.06741225699720296,-7.174631357002266e-05,-0.0002974902570116293,-0.0005759507749143815,-0.002115215224299813,-0.0012318023460101849,0.009611627167724936,-0.0003690333558291383,-0.00872202074604012,0.00062875857394261,-0.0013067271353451235,-0.0009235484748670692,-0.009705216670322795,0.0014393232336686512,-0.0028879250570279583,-0.0023388369361919386,-0.007986123558369987,0.004351981751645513,-0.005644058116520417,-0.0007818818358185773,-0.008493948698320613,0.00599723460580789,-0.0024718691963422842,0.008469707940437854,0.0016663240779298371,0.006278888417117255,-0.011037379641879962,-0.04940503914116563,-0.05197030720188658,0.023312662117381824,0.011117543514534202,0.04696627819619909,-0.02395454324209558,-0.03925452045116867,-0.030939215353545598
days_to_holiday,-0.0009898039934698795,-0.009095129599461975,-0.006203087555236217,-0.011630090251366137,0.00184674914778658,0.0010892596465916975,0.10556142122636937,0.005289107150345339,0.0046557319938809755,-0.00174798114485899,-0.08046221550236282,0.0,-0.009558628586008982,-0.017931290782620506,0.10340885588594564,-0.04484220866233707,-0.010509544749225278,0.007383874042129787,0.0,-0.059871613464974896,-0.04801561757462208,-0.0883375861237148,-0.08386353843033588,-0.27994313676996513,-0.2680796409138309,0.07099128780468801,1.0,-0.5293662715860402,-0.29523394070652587,0.007490079872583911,0.05670687218697942,0.009355730843265686,0.0707297228682169,0.007490079872583911,0.0007179905837293119,0.0,0.0,0.0406421990172613,-0.009648022194053583,-0.12474990470506368,0.0073092479675010745,0.0,0.0,0.0,0.04105603375449259,0.05125750539186512,0.02189335309481599,-0.005845290558051872,0.02799410179599151,-0.013493412051758214,0.023436170602903938,-0.048348663077010655,0.015599359844535322,0.03290388411955673,-0.13153429242499023,-0.03368137461257836,-0.0011432221650626176,-0.0012906236009541916,-0.0014147243492611797,-0.0037543121841591633,-0.006966528594523145,-0.02191134160034154,-0.0012881601061809174,0.022005666327242945,-0.0027462187545251246,0.00010574529134708289,-0.0014628470568500336,0.024178733768601513,-0.004434317143679249,0.0015539581770318029,-0.0027507372670998475,0.014718371545831894,-0.008643149920678378,0.006114848803058102,-0.01595796449579527,-0.010571314480137017,-0.01808537627620347,-0.023345156033095348,-0.0010426261233251243,-0.0013129305609732435,0.0007982680955946833,-0.008294844084890875,0.04113958058381145,0.04555929785863387,0.022022085118997965,0.019067134304475233,-0.034740402766032664,0.026579360503628184,0.0434598140307457,0.015051261667640385
days_after_holiday,0.04250764484990238,0.0033843742176693278,0.015256193806882184,0.01012441005626205,0.029991491396761934,0.0010892596465916975,0.19783501653053476,0.25228780878891643,0.24900551875165683,0.2556855914210159,0.05188230558862785,0.0,0.057239540542899085,0.04190292211167589,0.04492421031206181,-0.04264678257701162,0.004834687464438804,-0.01725508233738948,0.0,-0.02648655129093569,0.020660559210105976,-0.0883375861237148,-0.06961618210897591,-0.27994313676996513,0.07099128780468801,-0.2680796409138309,-0.5293662715860402,1.0,-0.18195805908191737,-0.11600187145122039,-0.008377551570764185,-0.010787426105146939,-0.0010439444617884135,-0.11600187145122039,0.052204645271312945,0.0,0.0,-0.03155453799531588,-0.03391784702663595,-0.060288456828686034,0.09818620343845164,0.0,0.0,0.0,-0.04149826637842952,-0.03569532119748235,0.013743325027236476,0.003810383124167536,0.0024913616586301297,0.0258773326257932,5.9201544231241966e-05,0.03831267497968403,0.09887765030346625,0.10912966490972686,-0.08085896923956103,0.08018679458218998,0.04254000954756186,0.042649326859850234,0.04284623070212062,0.04320407791924667,0.04237545706322916,0.039205396434546166,0.04297362561229929,0.012338114877775155,0.04332709212818761,0.04262337759223483,0.044183101859867444,0.017011571772376683,0.044956758335613634,0.04380389918119977,0.04959759593597478,0.02332133617055448,0.056648901908261294,0.047602587670314,0.05178324514137648,0.03010034885273298,0.049303448165824985,0.04720352721270132,0.004159523906979057,-0.009439413408551992,-0.002958642325855665,0.002646230636485775,-0.04110762224899009,-0.037591267672875295,0.01656220831964043,0.020619219167810416,0.04755525859770273,0.013086379822353764,-0.04562187341923425,0.010633371435977425
is_long_weekend,-0.007397039465139949,0.0008161330450467678,-0.003610769349985713,0.0031422738630802545,-0.01183535397093698,-0.018900796450113104,0.01865995667932843,0.01684938850153759,0.05960960647019785,0.015059925909298026,-0.021015195081920093,0.0,0.04253273260672119,0.10504856515078703,-0.32186823103713574,0.11720075864290389,-0.027189111047693303,-0.04325764289828326,0.0,0.0945741132925383,0.019970548892946572,0.19231180531285866,0.09051115115971185,0.7213641541215485,0.5238491736135777,0.26049586626961685,-0.29523394070652587,-0.18195805908191737,1.0,-0.037839415025275144,-0.015987732444136666,-0.011289502993434956,-0.011289502993434956,-0.037839415025275144,-0.015503922237032362,0.0,0.0,-0.1248960883467968,0.09564702787754184,0.004842236238953286,0.06856853279181606,0.0,0.0,0.0,-0.053162600525661186,-0.04976359167608359,0.010721047476001467,-0.003367253808259621,0.0014496657446630985,0.009163126550195296,-0.02499247798016135,0.012373674026280247,-0.02193330930311999,-0.037009455337139334,0.011088687279504912,0.06659015321228058,-0.007069598440697262,-0.0068967296490889856,-0.006918529518228634,-0.0049458276208928,-0.010094160223439742,0.012962114206586857,-0.007035688094034788,-0.019127704950236003,-0.005633099300105955,-0.008387527092452695,-0.0074043918214117535,-0.023881925269927134,-0.004124437887755677,-0.010466472727668758,-0.00785142558110525,-0.01123342837644957,-0.003865267797566053,-0.017135373431839997,-0.006479561425792098,-0.013340854703992853,-0.0012482716051838666,-0.004883265768179929,-0.00349382391366798,-0.03224513212220281,-0.005943888436908092,0.03139030659829196,-0.05099265655507202,-0.0465715163242923,0.015218886812756254,0.032183583736796126,0.05196610674946967,-0.04499833376735036,-0.04287747898954528,0.047191148695424984
is_daylight_saving_time,-0.1036714202765618,-0.01599178351375926,-0.018003561646014337,-0.01643701627040735,-0.015986025249414598,-0.000529565941663446,0.09986634321754943,0.07820797300188793,0.0786610053247402,0.08123434675687669,0.05117368663867696,0.00036321989144285196,-0.0003591495001259904,-0.0008521295551520051,0.010823797440674063,-0.00020794054746624933,-0.00020794054746624933,0.00035089594938234373,0.0001854809235723009,0.0058349260359105495,0.0058349260359105495,-0.0716581866606456,-0.0716581866606456,-0.049272713619097415,-0.049272713619097415,-0.049272713619097415,0.007490079872583911,-0.11600187145122039,-0.037839415025275144,1.0,-0.02685268067466373,0.02915262316360427,-0.0670758771231797,1.0,0.015727944335305527,-5.19224294236912e-05,-0.00036337791620188044,0.000613881733442188,-0.0008686139667583857,-0.23682582107438083,-0.7710577488967565,0.0,0.0,0.0,0.7270273866902769,0.6592325393262193,-0.1444830059456472,-0.06259325856142738,-0.030591152553665214,-0.13271562666878717,0.14974240527628346,-0.05188225975558576,0.03357288724774904,0.1640577547158638,-0.09513831294732188,-0.8201816881388627,-0.10356837216398658,-0.10346369272569336,-0.10335657801431529,-0.10128952152223107,-0.09921901865029625,-0.09008014115635121,-0.10387441040043452,0.02589356679254281,-0.11217782894584345,-0.0963677022450213,-0.10477187469649207,0.02833351690105372,-0.1279392649196754,-0.08812272451760449,-0.10623770338035349,0.09118832873859375,-0.2067028746511712,-0.08255995600855376,-0.09744630063138662,0.12403172421824636,-0.22556222572326062,-0.018741820815858377,-0.026559014309750092,0.013903209937699602,0.009217770529448326,-0.007336709280738613,0.7295670610109805,0.7405262116248862,-0.1531185910161861,-0.19413557700921957,-0.7358426506981164,0.4546373224809957,0.6204868527343844,0.2837368874539936
is_dst_transition_day,-0.00125552088579946,0.0008714162892943291,0.00019023162316590886,-0.0008282759962953344,0.0004412081667965832,-2.8736001619154837e-05,-0.0003271385875201856,0.010136086038305334,0.0024640523868870038,0.004716049578514096,-0.06436913638635781,0.0,0.1112996297672402,0.11728585066602157,-0.11086013351056559,-0.030304363076492803,-0.030304363076492803,-0.048296799083829535,0.0,-0.01367799225485841,-0.01367799225485841,-0.0038884104998101856,-0.0038884104998101856,-0.01232243125640386,-0.01232243125640386,-0.01232243125640386,0.05670687218697942,-0.008377551570764185,-0.015987732444136666,-0.02685268067466373,1.0,0.7061353467655297,0.7061353467655297,-0.02685268067466373,0.0009150511043632368,0.0,0.0,-0.0741760471867294,0.037052464606218624,0.03237527355070193,0.04297964422086624,0.0,0.0,0.0,-0.046372332961464265,-0.04661147905888706,-0.005476742259808127,-0.010066170947515836,0.006440625460073027,0.005998138686635864,0.007754903620408391,0.014358016255921249,,0.03885842164705352,0.01027676475317997,0.03899539502234043,-0.001061394089698302,-0.001088874258178595,-0.0013297251795149918,-0.004124858182680341,-0.00977565084113967,-0.0020318926440709376,-0.0011797586808361836,-0.002035615308294919,-0.000914564927108966,-0.00144466081641263,-0.001765697295120593,-0.004178936692044541,-0.0005030237413042046,-0.00259380739099987,-0.004209094344735662,-0.011672602452155977,0.0012468426496250646,-0.00766945238893476,-0.010850488529625762,-0.03080597269127289,0.0009051610941373536,-0.017223602262586343,0.004690277078425377,-0.003787542580934742,0.0005257855466355296,0.0066439879898872985,-0.047209901702771055,-0.0468172640172553,-0.006878700805237122,-0.00943783242435248,0.04696290565534213,-0.04642584688031232,-0.034080456605942715,0.0242415910066724
is_spring_forward_day,0.008947227864809598,0.0019472339845194025,-0.0024073841866303946,-0.0005848749578615705,-0.005907474010265126,-2.0291506467996725e-05,-0.07058459220356862,-0.053818028370974186,-0.05741849805987523,-0.05581761386476778,-0.024566675368632555,0.0,0.07859260266056523,0.08281968483074126,-0.07828225881895616,-0.02139898192952776,-0.02139898192952776,-0.03410407696872508,0.0,-0.009658513803940673,-0.009658513803940673,-0.0027457440966501922,-0.0027457440966501922,-0.008701304268235142,-0.008701304268235142,-0.008701304268235142,0.009355730843265686,-0.010787426105146939,-0.011289502993434956,0.02915262316360427,0.7061353467655297,1.0,-0.0027457440966501922,0.02915262316360427,-0.011183364153825839,0.0,0.0,-0.05237832880189747,0.026164054943229702,0.0835000526790299,0.007943311786248422,0.0,0.0,0.0,-0.05827548059622496,-0.05934314361725365,-0.004719723531240133,-0.0017846570937865643,0.021924695173653645,0.029642440795508943,-0.011143602631210349,-0.01539054847504646,,0.037179932609724964,0.07043059558893673,0.020527760041094474,0.009329890686692445,0.009567983822110696,0.009596238397245467,0.00631896858211263,0.0008050015098293202,0.008544686880827159,0.009554588938889889,-0.0001751185428265712,0.009921508821850132,0.009168838822862162,0.009559421432194968,-0.002271525557546592,0.0109791378541258,0.008400639533549824,0.008250746203080419,-0.006531185409592084,0.015204407309705471,0.00401464383613236,0.0009417262365175257,-0.0185485666798862,0.011315327910572305,-0.0021478964309229525,0.006095467605125302,-0.003508808631873075,0.0011184394984773912,0.007306271885383534,-0.05899018372703791,-0.05881637211037322,-0.007830693876215052,-0.0165984375583632,0.05901764527427424,-0.03278290720550641,-0.05447243905492922,-0.043277267080915414
is_fall_back_day,-0.01072036321694033,-0.0007165582972834383,0.002676042733010452,-0.0005848749578615705,0.0065305793739785034,-2.0291506467996725e-05,0.07012258396369071,0.06813292562998215,0.060898407033201,0.06247795247374274,-0.06633996951772435,0.0,0.07859260266056523,0.08281968483074126,-0.07828225881895616,-0.02139898192952776,-0.02139898192952776,-0.03410407696872508,0.0,-0.009658513803940673,-0.009658513803940673,-0.0027457440966501922,-0.0027457440966501922,-0.008701304268235142,-0.008701304268235142,-0.008701304268235142,0.0707297228682169,-0.0010439444617884135,-0.011289502993434956,-0.0670758771231797,0.7061353467655297,-0.0027457440966501922,1.0,-0.0670758771231797,0.01247566401160127,0.0,0.0,-0.05237832880189747,0.026164054943229702,-0.03777740264832233,0.052755580165272535,0.0,0.0,0.0,-0.007214757731477145,-0.006484832447267595,-0.0030149132078071605,-0.01243148275436383,-0.013124695119917453,-0.021171446913848428,0.02209562333020495,0.03566793903235803,,0.017471247800106365,-0.0559170219037077,0.034544293531623874,-0.01082886640664244,-0.011105768928993485,-0.011474170121251157,-0.012144380502124538,-0.014610845805892132,-0.01141425407024488,-0.011220727391815526,-0.002699721028695247,-0.011213121943673788,-0.011209090763160666,-0.01205306350438587,-0.0036302631471774676,-0.011689543407837295,-0.012063797004103259,-0.014195122296113727,-0.00995367648162683,-0.013443529308128862,-0.014845978487602168,-0.016265471791984173,-0.02495757461696116,-0.010037002215337732,-0.022176363062076654,0.0005284658441570025,-0.0018402147732935466,-0.0003758888343296338,0.0020768271398917955,-0.007682799084056588,-0.007301651847908161,-0.0018838668514733327,0.0032697947115798353,0.007306640943665225,-0.03278290720550641,0.006341644615605814,0.07751293026803503
utc_offset_hours,-0.1036714202765618,-0.01599178351375926,-0.018003561646014337,-0.01643701627040735,-0.015986025249414598,-0.000529565941663446,0.09986634321754943,0.07820797300188793,0.0786610053247402,0.08123434675687669,0.05117368663867696,0.00036321989144285196,-0.0003591495001259904,-0.0008521295551520051,0.010823797440674063,-0.00020794054746624933,-0.00020794054746624933,0.00035089594938234373,0.0001854809235723009,0.0058349260359105495,0.0058349260359105495,-0.0716581866606456,-0.0716581866606456,-0.049272713619097415,-0.049272713619097415,-0.049272713619097415,0.007490079872583911,-0.11600187145122039,-0.037839415025275144,1.0,-0.02685268067466373,0.02915262316360427,-0.0670758771231797,1.0,0.015727944335305527,-5.19224294236912e-05,-0.00036337791620188044,0.000613881733442188,-0.0008686139667583857,-0.23682582107438083,-0.7710577488967565,0.0,0.0,0.0,0.7270273866902769,0.6592325393262193,-0.1444830059456472,-0.06259325856142738,-0.030591152553665214,-0.13271562666878717,0.14974240527628346,-0.05188225975558576,0.03357288724774904,0.1640577547158638,-0.09513831294732188,-0.8201816881388627,-0.10356837216398658,-0.10346369272569336,-0.10335657801431529,-0.10128952152223107,-0.09921901865029625,-0.09008014115635121,-0.10387441040043452,0.02589356679254281,-0.11217782894584345,-0.0963677022450213,-0.10477187469649207,0.02833351690105372,-0.1279392649196754,-0.08812272451760449,-0.10623770338035349,0.09118832873859375,-0.2067028746511712,-0.08255995600855376,-0.09744630063138662,0.12403172421824636,-0.22556222572326062,-0.018741820815858377,-0.026559014309750092,0.013903209937699602,0.009217770529448326,-0.007336709280738613,0.7295670610109805,0.7405262116248862,-0.1531185910161861,-0.19413557700921957,-0.7358426506981164,0.4546373224809957,0.6204868527343844,0.2837368874539936
date_index,0.11060905028929496,0.09747334261735821,0.4008938563901627,0.021232584149458198,0.46793782571803266,0.979795970536975,0.19313678075048765,0.19880630320969497,0.18828394236773832,0.20065609740874216,0.019372796857557856,0.0,-0.0018968383109906146,-0.0012002905054577357,-0.00010001569536053263,0.0003873673405746718,-0.001936836702873359,0.0004942641337819513,0.0,-0.0054666564102803785,0.004825577300332787,-0.018122020313266225,0.01808225724071929,-0.009402515018529865,0.002021942545865055,-0.009087490583721002,0.0007179905837293119,0.052204645271312945,-0.015503922237032362,0.015727944335305527,0.0009150511043632368,-0.011183364153825839,0.01247566401160127,0.015727944335305527,1.0,0.0,0.0,0.0025075480014725908,0.001762222302620545,-0.15302718289261488,0.03223915883412628,0.0,0.0,0.0,0.04598080045930125,0.06607440484536041,0.033104891553775224,-0.00038111111441369586,-0.02780909342903636,-0.0020139394651096636,-0.001575672030732568,-0.016269235578386013,0.010303172444703591,0.007793924882005445,-0.1499069176102439,0.0018021855377774061,0.11057876718331874,0.11056363221781079,0.11056180358215428,0.1101795286251488,0.10975237420856358,0.10821942828225618,0.11135895393846337,0.006253932974202631,0.1141536398943882,0.10863253650657735,0.11387131779192097,0.007766771862701985,0.12007011685676504,0.10852753920304312,0.1309104718620926,0.03684917675816031,0.1528209021567865,0.10531879150205892,0.13292385131197978,0.04035952859380546,0.16073087786127435,0.0946653849774041,-0.0008773358925551808,-0.005498534163288792,-4.189131903382444e-05,0.0009045404222871505,0.045833893720430174,0.044042373291216415,0.03469561153687969,0.03959360715481169,-0.04649052074524045,0.017464251873043502,0.04099920328715484,0.02071294538741955
hour_sin,-0.2923626524732342,-0.001178701601884455,-0.004665065902713919,0.0007300630340600433,-0.005215856605782233,0.0,0.0,0.0,0.0,0.0,0.0,-0.748314277251335,0.0,0.0,0.0,0.0,0.0,-0.056450480376724524,-0.22394725419167633,0.0,0.0,0.0,0.0,0.0,0.0,0.0,0.0,0.0,0.0,-5.19224294236912e-05,0.0,0.0,0.0,-5.19224294236912e-05,0.0,1.0,-0.0015233950306347333,0.0,0.0,0.0,0.0,0.0,0.0,0.0,-0.11406810317303351,-0.0013300161309000573,0.2764626887355269,-0.009291840795658368,0.03236180640239525,-0.19185495734666966,-0.036681837045413314,0.03292084415041533,-0.06403231193688262,-0.0029046308498508894,0.0,0.0,-0.3346925420772638,-0.3530153237098174,-0.34697849307733947,-0.292390907938784,-0.2924267979404981,-0.2924246654222428,-0.34630089643545686,0.08331785722962362,-0.35978284436991653,-0.32683772217779017,-0.3075458397397318,0.24949479809994443,-0.3451787521790568,-0.2294631439839574,-0.00039425976902255976,-0.006496196624348745,-0.007162302247069227,-0.012148241715448248,-8.227388079320679e-05,-0.0004157056379292912,-0.0012875114906894566,-0.002928733225303434,0.3102188601801839,0.0017445230866790504,-0.21336224529924475,0.05679311007731509,-0.15096705726419346,-8.95315867688537e-05,0.36722180102648716,-0.00023764169885534683,0.0964571062407721,-0.14616726771113164,-0.34187288756564765,-0.024965847511899793
hour_cos,-0.20452408562227384,-0.0009910974227385586,-0.004456026904849927,-0.00042377756100018063,-0.005718568347819746,0.0,0.0,0.0,0.0,0.0,0.0,-0.16615921537071865,0.0,0.0,0.0,0.0,0.0,-0.6537424429793051,-0.124388067962742,0.0,0.0,0.0,0.0,0.0,0.0,0.0,0.0,0.0,0.0,-0.00036337791620188044,0.0,0.0,0.0,-0.00036337791620188044,0.0,-0.0015233950306347333,1.0,0.0,0.0,0.0,0.0,0.0,0.0,0.0,-0.12084150849712524,-0.008843793722534413,0.2740965334548375,0.00292657331474461,0.057079956137370415,-0.21795181838250777,0.04047779257745801,-0.0074961894026617844,-0.1113761522674577,0.030104362069964703,0.0,0.0,-0.1241148013662493,-0.03383899306738921,0.059468184231817885,-0.20457141363010953,-0.20462970583510368,-0.20479192607593835,-0.03215602541711026,0.2795270271751319,-0.05779243818088632,-0.007305196897464793,0.09785194259287881,0.19451930321297328,0.06321147113630592,0.11756480044736817,0.0001510235121007068,-0.0075011639988161885,-0.004721820305232487,-0.002297564897987944,-6.733196850364697e-06,0.00016049101347426957,-0.0008490276367169201,-0.00042644441183571174,-0.41728836120814344,-0.0021849935661231155,0.3030088687244755,0.12544358536838132,0.01440307141971331,0.00015183691605625237,-0.04800336240814703,0.0016411955930708947,0.09615501297435973,-0.16258778004403593,-0.22624590692190008,-0.026406234064158114
weekday_sin,-0.01624082387821642,0.0008883531767567128,0.0016865592457208022,0.0010437459587143403,0.004298046657799886,0.002517507642902192,-0.0008556651216955637,0.0002701617247963488,-0.005163176167884707,0.0002053021493679825,-0.0007175514829845555,0.0,-0.71429546686832,-0.7906992868309521,0.7686820989773597,0.0003913815804213509,-0.20390980339952383,0.3255997579839796,0.0,0.001589864400372453,0.0046577138544244825,-0.01569843296593782,-0.00523281098864594,-0.013446086075991388,-0.07280373562304902,0.054209812245017454,0.0406421990172613,-0.03155453799531588,-0.1248960883467968,0.000613881733442188,-0.0741760471867294,-0.05237832880189747,-0.05237832880189747,0.000613881733442188,0.0025075480014725908,0.0,0.0,1.0,0.2147065194701872,0.0006299842807800288,-0.0009455776114955354,0.0,0.0,0.0,0.019542188731323903,0.026770708583749768,0.016272662475466604,0.006436418377083212,-0.014148995573710766,-0.0007960634093823995,-0.026343815230167003,0.0004186218944951847,0.04063063150647628,0.07802243770353325,1.0124265866625505e-05,-0.0004760924075394491,-0.015854059000332564,-0.015291197710740579,-0.014549942086073997,0.002961680825668357,0.019424989962159776,-0.016354812065976266,-0.015396445509712326,-0.0034925582862029288,-0.014643225321146586,-0.016010892654021034,-0.014441275056615369,0.006467666495870582,-0.012546730568782019,-0.015809727493617358,-0.00682005175476619,-0.01740817257126062,0.005926270163488343,0.010735730549454831,0.0005456200412766368,0.0016640406100844956,3.073129204287676e-05,0.0024900366777730956,0.0022427162133523654,0.019080265530426112,-0.0004493367016693992,-0.001839528644881565,0.018783681038102157,0.013877745747395207,0.014925353573925031,0.007065480554775658,-0.018665564902231077,0.00521171127844596,0.022385100032611054,-0.4599798276993254
weekday_cos,0.01246962127211587,0.0003783617136527045,0.0011911126850181143,0.001038824313111942,0.001997321512500564,0.0023226135680551934,-0.0019615432669121795,-0.0026865696283727095,-0.003743455825580428,-0.002563437631840273,0.0014385369416447893,0.0,-0.5359099281478477,-0.0006063644837660676,-0.03316327044881673,0.6125121733594141,-0.6125121733594141,0.00024969306593863465,0.0,0.001436766347003254,0.0029736352673632917,-3.013134926283651e-05,-0.0052729861209963895,0.09653900060936425,0.023618342498697917,0.07615876144829035,-0.009648022194053583,-0.03391784702663595,0.09564702787754184,-0.0008686139667583857,0.037052464606218624,0.026164054943229702,0.026164054943229702,-0.0008686139667583857,0.001762222302620545,0.0,0.0,0.2147065194701872,1.0,0.00014230382378105662,0.0008217984667184913,0.0,0.0,0.0,-0.0011865819583504922,-0.005309636463552495,-0.006165432440949245,-0.016699000363903784,-0.027364606387055,-0.02818405049841861,0.004892342441072822,0.003180200996537585,0.08734309330558032,0.07552656811710468,9.351603562091537e-06,0.000942838190011037,0.013428176011707378,0.014006270988285807,0.014016639577421858,0.024070365909685597,0.017049214288071515,0.012436541587959463,0.014011472834518287,0.027581271955436443,0.011645150166029159,0.0160037891637366,0.014318355870376831,0.036131333561674174,0.009340052605827483,0.018752306839291265,0.025855824185494623,0.08279104960217083,0.008027361363171106,0.039083356656344645,0.00018095922228318617,-0.0009370445402923295,0.002429652550289033,0.004036698759406158,0.006794864208104855,0.03997621685325988,0.005538807569391084,0.0006292460833991238,-0.0037629738465006553,-0.010641831832706873,-0.010403466892049325,-0.0191914598708658,0.0039229676737731365,0.008202561553919189,-0.0014218063849101683,-0.00011385201388219569
month_sin,0.026970940348510063,0.018089465511314663,-0.030380197272417305,-0.0012193409075821656,-0.06536378857179392,0.0003969839933764824,-0.7890491941366191,-0.769763764611068,-0.7591820880894043,-0.7670810807199482,-0.008520661851741098,0.0,-0.00020194514992195916,8.322210940851207e-05,-0.0005807130985900771,-0.00026858103977333214,-0.0003028997281888135,-3.426979021434357e-05,0.0,0.0009960662213702055,0.0009960662213702055,0.03118134821766287,-0.007045785414568052,0.002637112608250401,0.002200825595856033,0.002637112608250401,-0.12474990470506368,-0.060288456828686034,0.004842236238953286,-0.23682582107438083,0.03237527355070193,0.0835000526790299,-0.03777740264832233,-0.23682582107438083,-0.15302718289261488,0.0,0.0,0.0006299842807800288,0.00014230382378105662,1.0,9.72176224157603e-05,0.0,0.0,0.0,-0.48105439786903414,-0.5421550318791574,-0.13290354512036984,0.04396808253455398,0.02074608355692587,0.13705236412599686,-0.07779041965583994,-0.0439338113299024,0.07030290992188394,-0.10244968052079016,0.9698418016507201,0.15916521293325775,0.027018374220220735,0.027051016049009433,0.027067582431536983,0.027543701870297616,0.027909541542907135,0.026848542024335186,0.02698089636450136,-0.06915879464187567,0.03518755789032725,0.019538834740005246,0.026658570719717032,-0.08930065114199705,0.04965817311599043,0.008498520089386315,0.021267169763172767,-0.17449809824638332,0.10788589852088402,-0.017348303206135285,0.018214680021869302,-0.20403257438631522,0.12509450703737776,-0.05936890855904348,0.017359577100829162,0.040822054965386274,-0.008057187449319683,0.0033832853942996656,-0.48507610715820676,-0.49785470987346003,-0.14052493789799225,-0.16991408347996886,0.4896816150620013,-0.35650705767712937,-0.3799136047437823,-0.17039752984845086
month_cos,0.023562967154254648,0.012719520131838156,0.029001293665070618,0.018974613455027683,0.03153327625552043,0.0002252104573449898,0.16729709867634215,0.16065245138011985,0.1597789061027824,0.1600909666425718,-0.0017825022671872123,0.0,0.00018832029818856681,0.00025653899155956173,-0.01696760113271006,0.0007428931846414609,0.002122765063744576,-0.0001056394446743767,0.0,0.00023431142655419576,0.00023431142655419576,0.06799275057285599,0.08347971065925228,0.06838021388926485,0.06650625225366791,0.06838021388926485,0.0073092479675010745,0.09818620343845164,0.06856853279181606,-0.7710577488967565,0.04297964422086624,0.007943311786248422,0.052755580165272535,-0.7710577488967565,0.03223915883412628,0.0,0.0,-0.0009455776114955354,0.0008217984667184913,9.72176224157603e-05,1.0,0.0,0.0,0.0,-0.7393886343580087,-0.6477616728793125,0.20403721981690312,0.0690353784449042,0.0002967431419631931,0.09752308784188787,-0.1308276107322256,0.09007792426328957,-0.12449905288954105,-0.003184710857279996,-0.15503941424963946,0.9694505345947726,0.023498161480714784,0.02343947983739359,0.02338625925236104,0.022662817616856373,0.022145798743057003,0.021740845676396257,0.02325392111258258,-0.0686018895635232,0.0324560443174461,0.0150164086724819,0.02248687544669168,-0.08185608278468082,0.0480749784446585,0.003396041601172419,0.014802170221243987,-0.17267422206258226,0.1180728064447606,-0.011802327264256712,0.007655010517749344,-0.22183540027952214,0.15963560073309027,-0.08903461039294401,0.022725416540145715,-0.02348757792829083,-0.0076735344254301955,0.006975932570447604,-0.7426877689983166,-0.7575393016376007,0.21587334945486203,0.27060129224624346,0.738370450544536,-0.5802390500953317,-0.5861781798113541,-0.2435296295960604
assigned_climate_id,0.23467965485643238,-0.13810360957212403,0.6299295857542317,0.6970030118199362,0.5563648192154821,0.0,0.0,0.0,0.0,0.0,0.0,0.0,0.0,0.0,0.0,0.0,0.0,0.0,0.0,0.0,0.0,0.0,0.0,0.0,0.0,0.0,0.0,0.0,0.0,0.0,0.0,0.0,0.0,0.0,0.0,0.0,0.0,0.0,0.0,0.0,0.0,1.0,-1.0,1.0,-0.026368314993672596,0.007788125385860448,0.10459250075954198,,,,,-0.434373305348502,0.06336725784097993,,0.0,0.0,0.23468333594372875,0.23468688899744936,0.2346903570444581,0.23477073656996433,0.23486675313398667,0.23513340036896707,0.23646452597963272,0.1768011510961139,0.22709150583903928,0.2446137209331042,0.2417003554718076,0.20021977783775555,0.21899600853669637,0.26143992393975934,0.27204183732828124,0.35384667187585284,0.2138357681995853,0.29484008747358914,0.279984875778901,0.34812622850724023,0.24411558708121422,0.3105248633894172,-0.004112453595378662,-0.00023739810481591093,-0.0023260423206586615,-2.7212956596800964e-05,-0.025942984941143214,-0.0260044967009181,0.11194392320978312,0.1377666167610765,0.029670485090760555,-0.00516363812106836,-0.026196396557882643,-0.01805851229515093
Longitude (x),-0.23467965485643238,0.13810360957212403,-0.6299295857542317,-0.6970030118199362,-0.5563648192154821,0.0,0.0,0.0,0.0,0.0,0.0,0.0,0.0,0.0,0.0,0.0,0.0,0.0,0.0,0.0,0.0,0.0,0.0,0.0,0.0,0.0,0.0,0.0,0.0,0.0,0.0,0.0,0.0,0.0,0.0,0.0,0.0,0.0,0.0,0.0,0.0,-1.0,1.0,-1.0,0.026368314993672596,-0.007788125385860448,-0.10459250075954198,,,,,0.434373305348502,-0.06336725784097993,,0.0,0.0,-0.23468333594372875,-0.23468688899744936,-0.2346903570444581,-0.23477073656996433,-0.23486675313398667,-0.23513340036896707,-0.23646452597963272,-0.1768011510961139,-0.22709150583903928,-0.2446137209331042,-0.2417003554718076,-0.20021977783775555,-0.21899600853669637,-0.26143992393975934,-0.27204183732828124,-0.35384667187585284,-0.2138357681995853,-0.29484008747358914,-0.279984875778901,-0.34812622850724023,-0.24411558708121422,-0.3105248633894172,0.004112453595378662,0.00023739810481591093,0.0023260423206586615,2.7212956596800964e-05,0.025942984941143214,0.0260044967009181,-0.11194392320978312,-0.1377666167610765,-0.029670485090760555,0.00516363812106836,0.026196396557882643,0.01805851229515093
Latitude (y),0.23467965485643238,-0.13810360957212403,0.6299295857542317,0.6970030118199362,0.5563648192154821,0.0,0.0,0.0,0.0,0.0,0.0,0.0,0.0,0.0,0.0,0.0,0.0,0.0,0.0,0.0,0.0,0.0,0.0,0.0,0.0,0.0,0.0,0.0,0.0,0.0,0.0,0.0,0.0,0.0,0.0,0.0,0.0,0.0,0.0,0.0,0.0,1.0,-1.0,1.0,-0.026368314993672596,0.007788125385860448,0.10459250075954198,,,,,-0.434373305348502,0.06336725784097993,,0.0,0.0,0.23468333594372875,0.23468688899744936,0.2346903570444581,0.23477073656996433,0.23486675313398667,0.23513340036896707,0.23646452597963272,0.1768011510961139,0.22709150583903928,0.2446137209331042,0.2417003554718076,0.20021977783775555,0.21899600853669637,0.26143992393975934,0.27204183732828124,0.35384667187585284,0.2138357681995853,0.29484008747358914,0.279984875778901,0.34812622850724023,0.24411558708121422,0.3105248633894172,-0.004112453595378662,-0.00023739810481591093,-0.0023260423206586615,-2.7212956596800964e-05,-0.025942984941143214,-0.0260044967009181,0.11194392320978312,0.1377666167610765,0.029670485090760555,-0.00516363812106836,-0.026196396557882643,-0.01805851229515093
Temp (°C),0.032229068990984266,-0.015248897336234983,-0.025028944274427666,-0.03346823567024165,-0.014636388392826799,-0.00910843968637782,0.28315577267712466,0.27613824228853945,0.27331420578077836,0.27459851698722576,0.001548501166334224,0.09649694978148506,-0.00962463643954539,-0.013393231845848171,0.026517623297644635,-0.007274306937058257,-0.00419863603741108,0.1029149068170237,0.02003032816420827,-0.010730609382201757,-0.0018828883343713848,-0.04796123887960411,-0.04264178692230929,-0.04888141542047815,-0.041703578507060565,-0.047169490150125296,0.04105603375449259,-0.04149826637842952,-0.053162600525661186,0.7270273866902769,-0.046372332961464265,-0.05827548059622496,-0.007214757731477145,0.7270273866902769,0.04598080045930125,-0.11406810317303351,-0.12084150849712524,0.019542188731323903,-0.0011865819583504922,-0.48105439786903414,-0.7393886343580087,-0.026368314993672596,0.026368314993672596,-0.026368314993672596,1.0,0.9157142532768762,-0.16435682097873874,-0.08584747287513476,-0.09693093071321587,-0.12598025068786084,0.12199076999144752,-0.11171182987372848,0.7364616652233119,0.912912196519778,-0.3587305961834678,-0.8172736759767023,0.02848247713846253,0.020946858608828552,0.009811573409473317,0.02925115037702864,0.02670334513576404,0.026129466446084323,0.020129524536865267,0.0693962211650816,0.0116064894411971,0.026682062110654894,0.0005205854790168688,0.08384723643962086,-0.02776647890493705,0.01576784492129849,-0.019641520759820643,0.24298712697725663,-0.14995933049989946,0.025707717678471288,-0.01729258393359949,0.27470520768276585,-0.1938435672601833,0.09741141172396131,0.020595445891607393,0.174052902956339,-0.024930010452896605,-0.10878413483272018,0.9763097247012867,0.9517889382160071,-0.11153006510314135,-0.09601659553516911,-0.9874246985863262,0.8003856506647011,0.8510983366417758,0.3516546927978088
Dew Point Temp (°C),-0.00356791616498941,-0.018891461909823593,0.002717740197102924,-0.008485614525552078,0.009725207672586701,0.0018555077751311638,0.3299887128950151,0.3216390975191769,0.3218980999306949,0.3214106906036303,0.01804413185988343,0.003371797017404829,-0.009755517778113728,-0.01681655448642105,0.03181207169512449,-0.014434087277526224,-0.004215357085625377,0.014542888199633291,0.0010920436408271873,-0.01781794228857381,0.004598245989187616,-0.03323730211863659,-0.025202335947749593,-0.048899637131162355,-0.02607784476912577,-0.03975108851086326,0.05125750539186512,-0.03569532119748235,-0.04976359167608359,0.6592325393262193,-0.04661147905888706,-0.05934314361725365,-0.006484832447267595,0.6592325393262193,0.06607440484536041,-0.0013300161309000573,-0.008843793722534413,0.026770708583749768,-0.005309636463552495,-0.5421550318791574,-0.6477616728793125,0.007788125385860448,-0.007788125385860448,0.007788125385860448,0.9157142532768762,1.0,0.21603202349241987,0.048556070626480555,-0.12316658250295846,-0.21116386088756264,-0.03830922004902363,-0.21370204810070761,0.6624662553650894,0.824214289705916,-0.4357931468834443,-0.7342480804912289,-0.003936344471790189,-0.004615483679453315,-0.0056101638935101466,-0.007367212532246543,-0.01147826708446431,-0.013957934124976859,-0.004326070447610653,0.11537043873874056,-0.017026281265853264,0.00702675074998725,-0.004814529372262934,0.13812452634511427,-0.03972288693188443,0.021827901690876526,0.005761866417136825,0.2656286622556891,-0.12362176814056984,0.04920690755284268,0.0051021030714235365,0.29255430825180284,-0.166132127129706,0.11692909893130089,0.0005097828896586451,0.11902222117217516,0.02474248721158214,-0.0850568251592859,0.9162280713068919,0.921094706363027,0.1982907199599015,0.1383019882224925,-0.9138201531869072,0.706579213229307,0.7338339705356249,0.3282303484955908
Rel Hum (%),-0.09946570318790758,-0.012308030535929545,0.07539903045518512,0.07425020744479505,0.06116326536755114,0.009328369223546044,0.12053121856584091,0.11611358508760374,0.12615134764976318,0.11996196584897001,0.04931272622567217,-0.23110273184309887,0.0007141328422129667,-0.006264342296277321,0.01174750858656223,-0.016097126776646622,-0.0017602439831063412,-0.2194456693728621,-0.047661289346753496,-0.02256287221492677,0.0172360025388091,0.04376331255200702,0.05103436930811127,-0.0007738284611385327,0.042983689628519194,0.02708042227116053,0.02189335309481599,0.013743325027236476,0.010721047476001467,-0.1444830059456472,-0.005476742259808127,-0.004719723531240133,-0.0030149132078071605,-0.1444830059456472,0.033104891553775224,0.2764626887355269,0.2740965334548375,0.016272662475466604,-0.006165432440949245,-0.13290354512036984,0.20403721981690312,0.10459250075954198,-0.10459250075954198,0.10459250075954198,-0.16435682097873874,0.21603202349241987,1.0,0.39734649368993674,-0.08469594482322777,-0.22189754885051022,-0.4604491060151335,-0.28430792378686526,0.010256383088978561,0.30022395843166144,-0.16330358046897459,0.1855490564118138,-0.09210494276060005,-0.07578344050433504,-0.050793179207640246,-0.09954320991619246,-0.10095323932455297,-0.1028216983821278,-0.07297603400710473,0.09867020183220448,-0.08210770692197744,-0.06203400009230811,-0.02561254449287604,0.11792391376167137,-0.03942081993084469,0.0010919518971774596,0.04889819008804082,0.053035561089288086,0.04725521953484861,0.044501029764499954,0.046662471026527146,0.038528760077002774,0.05950865231252417,0.0389794471538271,-0.04890717524064623,-0.09829913014838246,0.1267063272517003,0.02035532201071811,-0.1113370468958803,-0.05338432648780076,0.8044437387571213,0.5969554061016967,0.13775671125892708,-0.1918666275614235,-0.23690326898965688,-0.021521602779657156
Precip. Amount (mm),0.012150760639700935,0.0050360941346725505,-0.0018206990439412498,0.004659723986013147,-0.002481971862575314,-0.0009431432150961937,-0.0016729031433115997,-0.0004000835608649932,0.005140245828509943,0.002704431706218383,0.03661095222533749,0.010021353101662894,0.0036083493179225215,-0.00799306553643748,0.012638207919492325,-0.013081524843790323,0.008052586962408582,-0.00477371147891759,0.0021948989438289055,-0.01750535171176383,0.010518114669383663,0.02330778713955192,0.03834682760478688,-0.010241794221189012,0.0066272269544963396,0.0034774078720219803,-0.005845290558051872,0.003810383124167536,-0.003367253808259621,-0.06259325856142738,-0.010066170947515836,-0.0017846570937865643,-0.01243148275436383,-0.06259325856142738,-0.00038111111441369586,-0.009291840795658368,0.00292657331474461,0.006436418377083212,-0.016699000363903784,0.04396808253455398,0.0690353784449042,,,,-0.08584747287513476,0.048556070626480555,0.39734649368993674,1.0,,,,-0.24097017615198021,0.01044490966645839,,0.03804558931829672,0.07723190910785302,0.013012351796948958,0.013249981875303109,0.013221603145863844,0.007297402273750877,0.011302425067101572,0.014346647418884403,0.013243617034950214,0.007723601917703098,0.012826920662606345,0.013602761301690065,0.012889122371314008,0.0038365611360826057,0.013062911718745091,0.012549311185106543,0.008613375376588675,-0.00022600979100270447,0.013614003943019435,0.005948705811944284,0.01082417683873383,-0.015590935987851062,0.023998069964941034,0.0011915686924461625,-0.053776301507296745,-0.06053747130399161,0.1054223117641144,-0.12815095224835904,-0.06809555662897308,-0.06176060258898777,0.2799552878287198,0.16669455585894616,0.07981435820397056,-0.09552915029144526,-0.058615340351560956,-0.01475064488692488
Wind Dir (10s deg),-0.03003593254586486,0.000842600663884316,-0.013408573541282708,0.003128137412282739,-0.005960980041776542,-0.020028238620487564,-0.03376629213543693,-0.038549218920690596,-0.04043118802032816,-0.04091038285898392,-0.030046827197064044,-0.038489926013970055,0.014675740534736798,0.001775019366108582,-0.0005380358844983123,-0.00680570002714081,0.023217293544937526,-0.04218064986237132,-0.030821279613808865,0.023431095169243226,-0.006127860167150957,0.0020979232773462616,-0.020703718792096412,0.0011809006017383453,-0.0004267957001025939,-0.035095694581063465,0.02799410179599151,0.0024913616586301297,0.0014496657446630985,-0.030591152553665214,0.006440625460073027,0.021924695173653645,-0.013124695119917453,-0.030591152553665214,-0.02780909342903636,0.03236180640239525,0.057079956137370415,-0.014148995573710766,-0.027364606387055,0.02074608355692587,0.0002967431419631931,,,,-0.09693093071321587,-0.12316658250295846,-0.08469594482322777,,1.0,0.311701904900319,0.15367371631784246,-0.05102276560979727,0.07721575525241485,-0.21289246465830122,0.009537417207468453,0.0032617487972326424,-0.024765784530410936,-0.017558669434130234,-0.009123365997665495,-0.02086601573084325,-0.024843468860636913,-0.023342638856403218,-0.017204155191546222,0.005633500281221849,-0.018120533538617443,-0.01599412200898286,-0.003845232368017522,0.013644148487202818,-0.0061438540980648425,-0.0005721366159869954,0.0062673951668498935,0.0013568374385141372,0.01090773397097843,0.005420267316416905,0.008966189639068043,0.014031989748732366,0.005032505652645295,0.011113497333750456,-0.09651294794512365,-0.1701243192053529,-0.04971757528038984,0.3697619791213838,-0.06877186174973268,-0.035700845880201774,-0.04650628283753814,0.04846662070476635,0.10061118419770611,-0.07674259613154367,-0.10822637265563843,-0.04562781729926687
Wind Spd (km/h),0.12157502479246458,0.00795095105841428,0.01172663278010207,0.001180527677728357,0.02153578411890555,0.014006546457658552,-0.0830840918024717,-0.0799480125452807,-0.0874342092150848,-0.07874577953264164,0.009499428195408022,0.15535904686894916,0.0027458713921448283,-0.01544586751009642,0.01485386661978925,-0.002644024229715099,0.03193013434889624,0.17848318092760615,0.029259482824068164,0.01678564100542,-0.0039285379792882765,0.008010100584120569,-0.014421370110329498,0.0037840292161124304,0.021864247598982704,-0.011255164104710266,-0.013493412051758214,0.0258773326257932,0.009163126550195296,-0.13271562666878717,0.005998138686635864,0.029642440795508943,-0.021171446913848428,-0.13271562666878717,-0.0020139394651096636,-0.19185495734666966,-0.21795181838250777,-0.0007960634093823995,-0.02818405049841861,0.13705236412599686,0.09752308784188787,,,,-0.12598025068786084,-0.21116386088756264,-0.22189754885051022,,0.311701904900319,1.0,0.05400815548673341,-0.2401846760849607,0.1561284305308879,-0.3925119696273089,0.11500740097885623,0.12047944249610766,0.1128003303015103,0.09774869842006247,0.07694194870395842,0.12175165594358425,0.11629440549026901,0.11456502851780331,0.09616313221185181,-0.10507902409349965,0.10770530041189252,0.08349673115328367,0.05873420355663119,-0.10661468438122278,0.07810925586438347,0.03092662787622983,0.003416949448905911,-0.05101462655207967,0.036676303109095636,-0.004605026319112546,-0.0007301703594248277,-0.06065002002449122,0.033442547037440214,-0.021955308810469244,-0.07419560926233702,-0.13331500731284496,-0.09693098391794369,0.18341926058109936,-0.13612765647643318,-0.15770148160023748,-0.09566872548474,0.07525555930175892,0.14632610367771534,-0.04440039881649156,-0.04294416295901506,-0.07037229116829899
Visibility (km),-0.014347881975875056,-0.012500009810279931,-0.021797964316716125,-0.0031980576004096463,-0.0054119721060755,-0.008311829423699325,0.03858791848845518,0.03420842409398815,0.027004555404394753,0.032873213225879945,-0.01488499357929158,0.014406596451694101,0.00967285826730845,0.021698536662334074,-0.022475273243124292,0.008937500105201121,0.0010871047866895568,-0.029459496196106476,-0.016075148998405845,0.013046679684951767,-0.030778349832411567,-0.03929003528045249,-0.060432109126775956,-0.015237991638049357,-0.053354184438655056,-0.028608300274523407,0.023436170602903938,5.9201544231241966e-05,-0.02499247798016135,0.14974240527628346,0.007754903620408391,-0.011143602631210349,0.02209562333020495,0.14974240527628346,-0.001575672030732568,-0.036681837045413314,0.04047779257745801,-0.026343815230167003,0.004892342441072822,-0.07779041965583994,-0.1308276107322256,,,,0.12199076999144752,-0.03830922004902363,-0.4604491060151335,,0.15367371631784246,0.05400815548673341,1.0,0.22753439232944977,-0.07241195128608616,-0.08420697148009715,-0.06105595255185519,-0.1471984154444552,-0.008257378164484627,-0.0021819758319470955,0.003086315738302216,-0.012060809941640707,-0.012331504701844654,-0.015465719778537213,-0.0024059790457411604,0.017793125729826317,-0.00473443335901489,-0.00044596084985937967,0.003090203133500141,0.015077168440492505,-0.003046545616479049,0.0051791749908201646,-0.019564095178293148,0.012469372580053375,-0.037637875468356265,-0.009447930832365716,-0.0197817157780632,0.03343726985374013,-0.053777041300928155,0.0055859445800123825,-0.021303183241861832,0.011634693817308986,-0.051305875166372715,0.10663808720524191,0.12124875471442921,0.11415214904417939,-0.3984397513295012,-0.28506089909931925,-0.11935176646523485,0.08987227292873941,0.10733047588284804,0.05098653897080218
Stn Press (kPa),-0.11267642125539463,0.05537793083554082,-0.2784482321760697,-0.30481295211611253,-0.23920249060450055,-0.021657857982853832,0.024705124322515322,0.026278576749459194,0.03588917157887886,0.024744888695025655,-0.017809758221834695,-0.014205777517748612,-0.008711866484967171,-0.005344978169722216,-0.008214709314566634,0.006754778943636063,0.005698366884429631,0.006770554693514614,0.011159465795880279,0.01121963885222941,-0.03066072594037629,-0.012387716627865464,-0.047564733826045084,0.02266530935084839,-0.022180653681967758,0.016494576859635735,-0.048348663077010655,0.03831267497968403,0.012373674026280247,-0.05188225975558576,0.014358016255921249,-0.01539054847504646,0.03566793903235803,-0.05188225975558576,-0.016269235578386013,0.03292084415041533,-0.0074961894026617844,0.0004186218944951847,0.003180200996537585,-0.0439338113299024,0.09007792426328957,-0.434373305348502,0.434373305348502,-0.434373305348502,-0.11171182987372848,-0.21370204810070761,-0.28430792378686526,-0.24097017615198021,-0.05102276560979727,-0.2401846760849607,0.22753439232944977,1.0,-0.1348144042333469,-0.15008917176984912,-0.06821067841725459,0.07524710467285672,-0.11439717490069155,-0.1166654578327669,-0.11917297021610884,-0.11401432850377705,-0.11114278064750037,-0.11642162280709563,-0.11758829708515019,-0.07580946599881129,-0.11340650409309817,-0.12116670213824149,-0.1231039189653624,-0.09426000770988369,-0.11053491312883555,-0.13228303592444657,-0.12843692212045382,-0.20322947428508445,-0.08569091409317445,-0.14262037932097638,-0.13207916616513524,-0.17623530842842108,-0.10656901801867259,-0.152072324846258,0.038199766351203444,-0.02818143356201558,0.008433340265906376,0.028437646062011504,-0.12298253979160313,-0.11493828948877549,-0.30175584627658114,-0.33716520253459054,0.10753389687034377,-0.05889455432991214,-0.10998139034769953,-0.06892905610176585
Hmdx,0.3140408377366171,-0.015384342558567072,0.03889014683257324,0.04497120424196844,0.053742808496297687,0.024248957847336158,-0.012793472459384427,-0.07636542413305715,-0.064830486905167,-0.0695361098509946,0.03390132334275627,0.04553371550358326,-0.04687214326835866,-0.0019149219181865626,0.0027098177628882016,0.04165425525714169,-0.08391807811151915,0.07164327652922092,-0.008160163163570322,0.0002133194430812598,-0.010116310875218118,,,0.009060103741296238,-0.03684821464261108,-0.006786080609754018,0.015599359844535322,0.09887765030346625,-0.02193330930311999,0.03357288724774904,,,,0.03357288724774904,0.010303172444703591,-0.06403231193688262,-0.1113761522674577,0.04063063150647628,0.08734309330558032,0.07030290992188394,-0.12449905288954105,0.06336725784097993,-0.06336725784097993,0.06336725784097993,0.7364616652233119,0.6624662553650894,0.010256383088978561,0.01044490966645839,0.07721575525241485,0.1561284305308879,-0.07241195128608616,-0.1348144042333469,1.0,,0.06754282435139496,-0.14904837776667493,0.2996671911044017,0.27992287975799873,0.2578569354511827,0.25149528464826715,0.19162653301726823,0.10103374786217252,0.2806885329151631,0.1522288691576447,0.27549047502078866,0.2845154197957336,0.25158530457064404,0.19870900576081657,0.23268936795732717,0.26688568210508185,0.24436648064713343,0.21969310372101927,0.24697794629358039,0.24688112920340513,0.14086159059405262,0.1755056769975331,0.09257811886762268,0.1664347474249107,0.05831903702975637,0.10373205878535112,-0.03656992038630994,-0.07115603559187669,0.5592303539134045,0.6021084598240459,0.07544730454165707,0.11319636958594918,,0.7364616652233119,0.24722764135937153,0.07535477865600049
Wind Chill,-0.08026284381755165,0.012948797615647618,0.007426574495628495,0.007686662816587919,-0.0662868615642704,-0.04141884763880156,0.24392830772017512,0.2497896521581536,0.2590765295381908,0.23091938489070465,-0.025118473035388236,-0.008843625828704661,-0.05390072684549282,-0.03270796031657337,0.026499571286577962,0.02818000507093334,-0.06741706216270142,-0.021126880654894133,-0.020217250660583556,0.008816130453700315,0.022086101166134187,0.06503641082989144,0.00746347810234385,-0.002139128031622675,-0.023014737346081626,-0.007654132185475227,0.03290388411955673,0.10912966490972686,-0.037009455337139334,0.1640577547158638,0.03885842164705352,0.037179932609724964,0.017471247800106365,0.1640577547158638,0.007793924882005445,-0.0029046308498508894,0.030104362069964703,0.07802243770353325,0.07552656811710468,-0.10244968052079016,-0.003184710857279996,,,,0.912912196519778,0.824214289705916,0.30022395843166144,,-0.21289246465830122,-0.3925119696273089,-0.08420697148009715,-0.15008917176984912,,1.0,-0.10745039462442472,-0.0693260814655815,-0.07642624083089564,-0.0727479655260238,-0.06924699513798466,-0.04800239641013223,-0.03789630982102488,-0.04306271533317596,-0.07355817124455685,-0.006363203916227522,-0.07721286954657189,-0.07129760321798977,-0.07118837088481139,-0.005333652773642747,-0.08111724512865238,-0.06915901758516725,-0.10160619162873903,-0.020391285667189056,-0.1061437247645802,-0.09880355817276278,-0.08292207737874496,-0.05481723818288543,-0.0679714689563435,-0.09215902495230906,0.10752467873215005,0.308372023901118,0.04965596162446366,-0.2152662456590629,0.8026335011333298,0.6122421096346503,0.2516951447320708,0.17512576688467416,-0.912912196519778,,0.6640985630334171,0.15315259999741918
day_of_year_sin,0.01597397000660708,0.016615299758419976,-0.032375835916117576,-0.0029660745906910585,-0.06706479717451296,5.5098148100762485e-06,-0.773321870100357,-0.7521112516754394,-0.7492444228852297,-0.7495642767197545,-0.008860806500898785,0.0,-1.0385138964290324e-05,-6.898246108854989e-06,-0.002462192997396355,-1.4841713944340488e-06,-4.4525141833021464e-06,2.840608687734042e-06,0.0,0.0009324820595338064,0.0008275778278362532,0.0010437844088692105,0.00010934884283391729,0.0061237112955830255,0.005429369227422431,0.006830911550191039,-0.13153429242499023,-0.08085896923956103,0.011088687279504912,-0.09513831294732188,0.01027676475317997,0.07043059558893673,-0.0559170219037077,-0.09513831294732188,-0.1499069176102439,0.0,0.0,1.0124265866625505e-05,9.351603562091537e-06,0.9698418016507201,-0.15503941424963946,0.0,0.0,0.0,-0.3587305961834678,-0.4357931468834443,-0.16330358046897459,0.03804558931829672,0.009537417207468453,0.11500740097885623,-0.06105595255185519,-0.06821067841725459,0.06754282435139496,-0.10745039462442472,1.0,0.004125177027865393,0.016029916035621764,0.01607328667019732,0.016098015085382063,0.01658685621604394,0.01717342433549186,0.019604427864787353,0.01597281501564572,-0.06413752116160784,0.0229076359288894,0.009655720570318953,0.015590864828106147,-0.08282094651573275,0.034855550459986576,-3.377077025865552e-05,0.010375994889663802,-0.15517616824052666,0.08075120880327619,-0.02560927348996162,0.009412847044046465,-0.17910466123146737,0.09458006042827996,-0.05517053976575867,0.014647927087936944,0.0488878401216897,-0.006514436001666718,0.0007049186820897189,-0.36256681103357946,-0.3739879658541098,-0.17298767496509895,-0.21134766196259608,0.3668774122553513,-0.27165832274199586,-0.27804481027345174,-0.12601185589997396
day_of_year_cos,0.026404416035030562,0.015508667256671613,0.022630054268466898,0.017262107874356895,0.019099500772300423,0.0006666875920192261,0.0029967745752938666,0.005469723978456514,0.008879101497930766,0.0057448592719166,-0.0019766556562897143,0.0,3.115541689287097e-06,0.0006001474114703841,-0.01639476660840503,0.00038736873394728676,0.00038736873394728676,-0.00024713295583286165,0.0,0.000582801287208629,0.0010024182139988418,0.08991457122116199,0.09045137463143758,0.06747654792944005,0.06761798798036166,0.06741225699720296,-0.03368137461257836,0.08018679458218998,0.06659015321228058,-0.8201816881388627,0.03899539502234043,0.020527760041094474,0.034544293531623874,-0.8201816881388627,0.0018021855377774061,0.0,0.0,-0.0004760924075394491,0.000942838190011037,0.15916521293325775,0.9694505345947726,0.0,0.0,0.0,-0.8172736759767023,-0.7342480804912289,0.1855490564118138,0.07723190910785302,0.0032617487972326424,0.12047944249610766,-0.1471984154444552,0.07524710467285672,-0.14904837776667493,-0.0693260814655815,0.004125177027865393,1.0,0.02639252505331822,0.026379519164049587,0.02636246756073664,0.026118920189029005,0.02584804900354046,0.025114885857202392,0.026179608763499743,-0.08058076881165281,0.0366844597057519,0.016758475604592885,0.02540567702240548,-0.09656239061938043,0.05458460843076772,0.0034660495520472076,0.017114195608082236,-0.19980558266663292,0.1338974342296526,-0.015139511800641792,0.009757764790279877,-0.2540394948152721,0.18116830744047444,-0.09888975374733291,0.025235418077481437,-0.019233084464107895,-0.009488827845795357,0.008997867384191779,-0.8213595390804298,-0.8392678896390405,0.19661993196887062,0.24873212185523333,0.8159085408586555,-0.6382294870581907,-0.6491045918292132,-0.2745220785701875
total_consumption_kwh_lag_1h,0.9909249497900904,0.6800279288447039,0.5073053851292683,0.5068821551433124,0.3289258751649823,0.1224778390829581,-0.0500787079045346,-0.04804450811245405,-0.0489488878882268,-0.047058605766698444,0.007854270451185382,0.3217740373267783,0.012410014455191104,0.023180805550328146,-0.02136781232489592,0.003085513527112759,-0.012312911687044936,0.0793318366943635,0.13930731295825077,-0.0037805393649834526,-0.0022546570069534987,0.0012383321526126033,0.00723135296412732,-0.002118100957442093,0.0008850567683470729,-7.174631357002266e-05,-0.0011432221650626176,0.04254000954756186,-0.007069598440697262,-0.10356837216398658,-0.001061394089698302,0.009329890686692445,-0.01082886640664244,-0.10356837216398658,0.11057876718331874,-0.3346925420772638,-0.1241148013662493,-0.015854059000332564,0.013428176011707378,0.027018374220220735,0.023498161480714784,0.23468333594372875,-0.23468333594372875,0.23468333594372875,0.02848247713846253,-0.003936344471790189,-0.09210494276060005,0.013012351796948958,-0.024765784530410936,0.1128003303015103,-0.008257378164484627,-0.11439717490069155,0.2996671911044017,-0.07642624083089564,0.016029916035621764,0.02639252505331822,1.0,0.9909247832186958,0.9664923315925872,0.972316271483016,0.9522637414817718,0.9333400960047176,0.9914202693479445,0.3989580345041883,0.9901491665837738,0.9873381006206698,0.9568477020106206,0.40423748729205267,0.95980057777596,0.9386856172413899,0.9026663831439913,0.8106133184229538,0.8909711492400203,0.899198609971107,0.8816678791663268,0.7825707738912181,0.861816575312293,0.8588453416868496,-0.03154315969145492,-0.0010970286556129438,0.020521774436320202,-0.02615158390760686,0.02417660887795572,-0.018482964477910934,-0.07530259303097199,0.051423942439180706,0.003004529220104259,0.19842257876480812,0.09810635231913045,-0.03219401187254274
total_consumption_kwh_lag_2h,0.9664929526113277,0.6800167626398328,0.5072511923516366,0.506847354502467,0.32913035566900106,0.1224695414040312,-0.050158605601341534,-0.048097888931530976,-0.04901202727993662,-0.04709993873243062,0.008004556031456419,0.30950141215763133,0.011504898451624333,0.022515092023518785,-0.02068192406495781,0.0038635887582284473,-0.012685365452896417,0.0345116494077938,0.07540079879750897,-0.003857655050401993,-0.0021207148685711075,0.0010210275936997143,0.007362208788708078,-0.0022576659868927336,0.0012308942938539956,-0.0002974902570116293,-0.0012906236009541916,0.042649326859850234,-0.0068967296490889856,-0.10346369272569336,-0.001088874258178595,0.009567983822110696,-0.011105768928993485,-0.10346369272569336,0.11056363221781079,-0.3530153237098174,-0.03383899306738921,-0.015291197710740579,0.014006270988285807,0.027051016049009433,0.02343947983739359,0.23468688899744936,-0.23468688899744936,0.23468688899744936,0.020946858608828552,-0.004615483679453315,-0.07578344050433504,0.013249981875303109,-0.017558669434130234,0.09774869842006247,-0.0021819758319470955,-0.1166654578327669,0.27992287975799873,-0.0727479655260238,0.01607328667019732,0.026379519164049587,0.9909247832186958,1.0,0.9909245967952538,0.9497211440351705,0.9304322063630501,0.910316206000143,0.9997134600354306,0.41284974632929283,0.9966119889740478,0.9966163684539991,0.9819557419047207,0.432675034300014,0.9762216572769267,0.9629007736641456,0.9035597364873956,0.8107742912460393,0.8912054399497785,0.8996866097911135,0.8820516869836015,0.7829526998402095,0.862028005940715,0.8591360574675826,-0.073988321175502,-0.00209855176619256,0.052183348180135126,-0.03652063057270211,0.028997242904152332,-0.01843069142709023,-0.0883499574420282,0.05168327158594342,0.007731165183894538,0.18402529453067273,0.07987218747005205,-0.034123187460382225
total_consumption_kwh_lag_3h,0.9312393532972939,0.6799295590564677,0.5068788196550295,0.5068362317672933,0.3289700263724867,0.1224675378888043,-0.05020599177417907,-0.048117664669312825,-0.04905860411006287,-0.04710557202519057,0.00818106226442005,0.2669076851192038,0.010295196049272525,0.02127627693659251,-0.019363512320886393,0.004579398179930357,-0.012476687242694356,-0.01482749025294027,0.006801614572587689,-0.003979134102595557,-0.0019518563870437832,0.0007200795112504747,0.007512758663416724,-0.0025935179464566835,0.0016032743405469297,-0.0005759507749143815,-0.0014147243492611797,0.04284623070212062,-0.006918529518228634,-0.10335657801431529,-0.0013297251795149918,0.009596238397245467,-0.011474170121251157,-0.10335657801431529,0.11056180358215428,-0.34697849307733947,0.059468184231817885,-0.014549942086073997,0.014016639577421858,0.027067582431536983,0.02338625925236104,0.2346903570444581,-0.2346903570444581,0.2346903570444581,0.009811573409473317,-0.0056101638935101466,-0.050793179207640246,0.013221603145863844,-0.009123365997665495,0.07694194870395842,0.003086315738302216,-0.11917297021610884,0.2578569354511827,-0.06924699513798466,0.016098015085382063,0.02636246756073664,0.9664923315925872,0.9909245967952538,1.0,0.916577463374467,0.8982692241262258,0.876822827819048,0.9915350224081572,0.41931489051100757,0.9873826145673742,0.9901263130477324,0.9954673932542296,0.45469717134431975,0.9821564648452673,0.9775008825713276,0.9043666209664141,0.810965255911501,0.8910680143965203,0.8999251820397147,0.8824269933007978,0.7833210882183712,0.8621901211786709,0.8593762377880623,-0.11593243929923615,-0.0029748892834843095,0.08328551137266349,-0.04190322730906629,0.030439313770687156,-0.018399468873510363,-0.0934613824696616,0.051963931960172155,0.015461713582331695,0.16449308641678065,0.04792302737459434,-0.03724354083141686
total_consumption_kwh_lag_24h,0.9802105862046209,0.6798661495568876,0.5068815259925492,0.5068476580723342,0.3281996240600862,0.12219137819269803,-0.05133009801038616,-0.04892920492968431,-0.04941978936703246,-0.04779590244588453,0.009751345662446469,0.3008240232758477,-0.012385373293242668,-0.0014008783243450512,0.002383452684815086,0.020805948948190055,-0.01240050630984536,0.1373644439449895,0.179560331037349,-0.004052390778871763,9.258853783233138e-05,0.0013854930149323332,0.006079378719406917,-0.001284179895449751,0.0037107636897554513,-0.002115215224299813,-0.0037543121841591633,0.04320407791924667,-0.0049458276208928,-0.10128952152223107,-0.004124858182680341,0.00631896858211263,-0.012144380502124538,-0.10128952152223107,0.1101795286251488,-0.292390907938784,-0.20457141363010953,0.002961680825668357,0.024070365909685597,0.027543701870297616,0.022662817616856373,0.23477073656996433,-0.23477073656996433,0.23477073656996433,0.02925115037702864,-0.007367212532246543,-0.09954320991619246,0.007297402273750877,-0.02086601573084325,0.12175165594358425,-0.012060809941640707,-0.11401432850377705,0.25149528464826715,-0.04800239641013223,0.01658685621604394,0.026118920189029005,0.972316271483016,0.9497211440351705,0.916577463374467,1.0,0.9802010927819912,0.9411213868797448,0.9513843132375521,0.3526382387705741,0.9538208077076974,0.9451279779311855,0.9092048691699678,0.3534823017722851,0.9226140493220577,0.8904955270513635,0.9020877697968261,0.80391982145251,0.8953083515587672,0.8985103740160326,0.8888044175762373,0.787748432047441,0.8669516281011068,0.8642850128610671,0.01208558296944507,-0.010673813119580043,-0.012164971930678625,-0.011932356640356611,0.012725650963851342,-0.021743567669510445,-0.05354612321533393,0.055966170233137255,-0.001943015144934493,0.1737665375295426,0.10766036882240802,-0.04232389043744467
total_consumption_kwh_lag_48h,0.9599242374561875,0.6799223461770434,0.5073151666580955,0.5067507645938438,0.3291820448870346,0.12185143831710352,-0.052359192310663154,-0.049580090215038085,-0.04978389431164254,-0.04841613194273102,0.010211985662654657,0.30087282421434275,-0.024067130353406484,-0.018194610910838627,0.01727703641837128,0.009659444841984539,-0.005864372380185441,0.15546571241836496,0.1796049410779804,-0.0016119730845343251,0.0006246426006412032,0.0001468301280289951,0.004461602707669423,0.0018531213912896998,-0.001758717835561544,-0.0012318023460101849,-0.006966528594523145,0.04237545706322916,-0.010094160223439742,-0.09921901865029625,-0.00977565084113967,0.0008050015098293202,-0.014610845805892132,-0.09921901865029625,0.10975237420856358,-0.2924267979404981,-0.20462970583510368,0.019424989962159776,0.017049214288071515,0.027909541542907135,0.022145798743057003,0.23486675313398667,-0.23486675313398667,0.23486675313398667,0.02670334513576404,-0.01147826708446431,-0.10095323932455297,0.011302425067101572,-0.024843468860636913,0.11629440549026901,-0.012331504701844654,-0.11114278064750037,0.19162653301726823,-0.03789630982102488,0.01717342433549186,0.02584804900354046,0.9522637414817718,0.9304322063630501,0.8982692241262258,0.9802010927819912,1.0,0.9411135731546104,0.9320041423975889,0.3371649579339883,0.93519541405679,0.9251380880394918,0.8907666397086071,0.33612794049547234,0.9058472060480007,0.8705553604538828,0.8827745175092769,0.7836753169612064,0.8782103771915726,0.8788287816949228,0.8931141991715543,0.78979280264504,0.8692188572623577,0.8662934865079231,0.011417301863947685,-0.010267817988576323,-0.011127742058555103,-0.013330413681457853,0.009620813337350442,-0.02708455620877419,-0.0562452761641712,0.05206926122601775,-0.0039349483038114905,0.15392782947591782,0.11147498273884025,-0.044492720257920976
total_consumption_kwh_lag_168h,0.9417188418660614,0.679858410231517,0.5079819444645173,0.5059480300896703,0.3302631237265072,0.12124383399385662,-0.05787303818220477,-0.05481376147002465,-0.05542937176144455,-0.053838638739515006,0.00834633288471934,0.30095916647185444,0.013001316375116551,0.023338913213827032,-0.025849920264719415,0.002498872988667443,-0.011500881058651826,0.11927820960406961,0.1798165337277941,-6.395413277401112e-05,0.003612307498157427,0.007355170301441659,0.01379982192867325,0.011994268155256959,0.013862213605568297,0.009611627167724936,-0.02191134160034154,0.039205396434546166,0.012962114206586857,-0.09008014115635121,-0.0020318926440709376,0.008544686880827159,-0.01141425407024488,-0.09008014115635121,0.10821942828225618,-0.2924246654222428,-0.20479192607593835,-0.016354812065976266,0.012436541587959463,0.026848542024335186,0.021740845676396257,0.23513340036896707,-0.23513340036896707,0.23513340036896707,0.026129466446084323,-0.013957934124976859,-0.1028216983821278,0.014346647418884403,-0.023342638856403218,0.11456502851780331,-0.015465719778537213,-0.11642162280709563,0.10103374786217252,-0.04306271533317596,0.019604427864787353,0.025114885857202392,0.9333400960047176,0.910316206000143,0.876822827819048,0.9411213868797448,0.9411135731546104,1.0,0.9117081714752646,0.3371000695875206,0.9138991852983023,0.9057326866957014,0.8683289409746542,0.3351942068875546,0.8809629022506531,0.8500694056380708,0.8504061234748319,0.7626370561903885,0.8425448278555759,0.8452215385387657,0.8810787952238808,0.7768050860677224,0.8632824225166994,0.8569124869331962,0.010000870675392222,0.0017448576616221857,-0.011254606613858246,-0.010222557509204581,0.008296313941973617,-0.03238369134509738,-0.05699485610929584,0.04985446888494291,-0.007869962544903438,0.1342540134715769,0.1184624237160884,-0.013798677085077506
total_consumption_kwh_rolling_mean_3h,0.9682154056743668,0.6834858716151457,0.5105339441320836,0.5101479287355621,0.3312432834600605,0.12332788896159086,-0.05041157783992032,-0.04833726937535304,-0.04924751208615539,-0.04733419823835864,0.008053262010646827,0.30026727987864243,0.011498896930806553,0.022559770509070817,-0.02068976420867416,0.003940585219733221,-0.012662980006683163,0.03273661491335785,0.073840774858239,-0.00388537838342602,-0.0021271595160383297,0.0010414608120135637,0.007385297513731396,-0.0023585786720874457,0.0012038412910944528,-0.0003690333558291383,-0.0012881601061809174,0.04297362561229929,-0.007035688094034788,-0.10387441040043452,-0.0011797586808361836,0.009554588938889889,-0.011220727391815526,-0.10387441040043452,0.11135895393846337,-0.34630089643545686,-0.03215602541711026,-0.015396445509712326,0.014011472834518287,0.02698089636450136,0.02325392111258258,0.23646452597963272,-0.23646452597963272,0.23646452597963272,0.020129524536865267,-0.004326070447610653,-0.07297603400710473,0.013243617034950214,-0.017204155191546222,0.09616313221185181,-0.0024059790457411604,-0.11758829708515019,0.2806885329151631,-0.07355817124455685,0.01597281501564572,0.026179608763499743,0.9914202693479445,0.9997134600354306,0.9915350224081572,0.9513843132375521,0.9320041423975889,0.9117081714752646,1.0,0.4147215686890442,0.9968938933639151,0.9973192930905789,0.9838139718871041,0.43430808867328197,0.9781178875958879,0.9655537528405852,0.9088939295104499,0.8157327460997373,0.8962149842834901,0.9049905625657727,0.8872329232178676,0.7877121241030032,0.8668952504669043,0.8642562329445365,-0.07410981867448746,-0.002020508519458086,0.05220387861288372,-0.03514337788133192,0.028320357885343386,-0.018122352919939754,-0.08584664809462651,0.05201155857418044,0.00849871785520094,0.18366350832942796,0.07538340199746282,-0.03456069271254504
total_consumption_kwh_rolling_std_3h,0.37016285338912547,0.3385117979426623,0.2750550201345658,0.31709553565179877,0.1806810359984643,0.0026001580690055213,0.020477124013501935,0.018718075836783345,0.019104961332503702,0.018543014992740452,-0.0007734713623395228,-0.17136902903046095,-0.001669578510450888,0.01347682259029715,-0.009343061249856318,0.013942888891701187,-0.022353172005089794,-0.13727255612088313,0.04599674481121341,-0.0028148139147772637,-0.0019982601481526906,-0.006801234102540021,0.0012723437149756828,-0.011188475778637727,-0.012678400421144246,-0.00872202074604012,0.022005666327242945,0.012338114877775155,-0.019127704950236003,0.02589356679254281,-0.002035615308294919,-0.0001751185428265712,-0.002699721028695247,0.02589356679254281,0.006253932974202631,0.08331785722962362,0.2795270271751319,-0.0034925582862029288,0.027581271955436443,-0.06915879464187567,-0.0686018895635232,0.1768011510961139,-0.1768011510961139,0.1768011510961139,0.0693962211650816,0.11537043873874056,0.09867020183220448,0.007723601917703098,0.005633500281221849,-0.10507902409349965,0.017793125729826317,-0.07580946599881129,0.1522288691576447,-0.006363203916227522,-0.06413752116160784,-0.08058076881165281,0.3989580345041883,0.41284974632929283,0.41931489051100757,0.3526382387705741,0.3371649579339883,0.3371000695875206,0.4147215686890442,1.0,0.3498842752763118,0.47329705381939335,0.4349566109283607,0.6844845499533653,0.3521425502543277,0.503962975201144,0.45327925527233814,0.46895794039068694,0.41681481624497396,0.46422260380400204,0.4432500588035949,0.46266463602586205,0.398220862463084,0.4587937087864903,0.013562134410542484,0.009606698320163976,-0.009779412221288194,-0.008833871304023052,0.08359767312823861,0.11357589653730393,0.0728186769638823,0.022601578282446053,-0.058822115040104914,0.11966986625261093,-0.07835932648707483,0.007630823166218237
total_consumption_kwh_rolling_min_3h,0.969595720877303,0.6807596466857188,0.5027772698376013,0.4991042611075005,0.32568249393151805,0.12697507328705954,-0.05447864832941917,-0.052281647249414046,-0.05320730284810832,-0.05122807710338064,0.00835792583050684,0.3229413816754076,0.011317577793117418,0.02093417247874084,-0.019423038116097278,0.002683195348848251,-0.010590105148861105,0.04542688416333781,0.0734014941869693,-0.0036706582671963833,-0.001967022093361223,0.002109573234874242,0.007888355076825256,-0.001301709201376015,0.0024785828494070902,0.00062875857394261,-0.0027462187545251246,0.04332709212818761,-0.005633099300105955,-0.11217782894584345,-0.000914564927108966,0.009921508821850132,-0.011213121943673788,-0.11217782894584345,0.1141536398943882,-0.35978284436991653,-0.05779243818088632,-0.014643225321146586,0.011645150166029159,0.03518755789032725,0.0324560443174461,0.22709150583903928,-0.22709150583903928,0.22709150583903928,0.0116064894411971,-0.017026281265853264,-0.08210770692197744,0.012826920662606345,-0.018120533538617443,0.10770530041189252,-0.00473443335901489,-0.11340650409309817,0.27549047502078866,-0.07721286954657189,0.0229076359288894,0.0366844597057519,0.9901491665837738,0.9966119889740478,0.9873826145673742,0.9538208077076974,0.93519541405679,0.9138991852983023,0.9968938933639151,0.3498842752763118,1.0,0.9887040557076929,0.9785121348195879,0.3921505771530563,0.9807578844382582,0.9537605874721405,0.9018788951074096,0.8028438160765698,0.8928571133913301,0.8966427362084705,0.880424631156932,0.7746250121081674,0.8641944906992394,0.8547974450402589,-0.07665486827428268,-0.0030810798369887626,0.054291962551184916,-0.03456575368928718,0.018887572678708817,-0.031148280556219005,-0.09329442168008938,0.05199920431052234,0.01715671481020609,0.17761724658954067,0.0826062444182462,-0.03924536034354879
total_consumption_kwh_rolling_max_3h,0.9628410476110203,0.6852330767580941,0.5168327925600057,0.5195453967805121,0.3357275642750637,0.11983045872391818,-0.04674630402575352,-0.04478980730085051,-0.045675646470831686,-0.04383268129191356,0.0077738269301418665,0.2706337480862892,0.011570034726416755,0.023849393166513393,-0.021634310088664586,0.005048980356461593,-0.01435563050223732,0.019386124496008243,0.07357786939713058,-0.004077651150504203,-0.0022641128370885512,0.0001038048943680525,0.006970211546478677,-0.003387410536675819,5.367306601827413e-05,-0.0013067271353451235,0.00010574529134708289,0.04262337759223483,-0.008387527092452695,-0.0963677022450213,-0.00144466081641263,0.009168838822862162,-0.011209090763160666,-0.0963677022450213,0.10863253650657735,-0.32683772217779017,-0.007305196897464793,-0.016010892654021034,0.0160037891637366,0.019538834740005246,0.0150164086724819,0.2446137209331042,-0.2446137209331042,0.2446137209331042,0.026682062110654894,0.00702675074998725,-0.06203400009230811,0.013602761301690065,-0.01599412200898286,0.08349673115328367,-0.00044596084985937967,-0.12116670213824149,0.2845154197957336,-0.07129760321798977,0.009655720570318953,0.016758475604592885,0.9873381006206698,0.9966163684539991,0.9901263130477324,0.9451279779311855,0.9251380880394918,0.9057326866957014,0.9973192930905789,0.47329705381939335,0.9887040557076929,1.0,0.9844859380593107,0.4716837445372825,0.9717098919757343,0.9728654956439532,0.9143419497968629,0.8265626635088641,0.8982856828026059,0.9116285415919236,0.8925170351895962,0.7987420469954454,0.8684519431210008,0.8719547642899188,-0.07151512917644953,-0.0009869325525295389,0.0500854337587258,-0.03438963067332124,0.0357833503053944,-0.0063717642091835665,-0.07674408479788332,0.05194282230324232,0.0016358330326835325,0.18753510224654868,0.06462826988688748,-0.03082541699980937
total_consumption_kwh_rolling_mean_6h,0.9232747466887239,0.6926927919086399,0.5192127390503379,0.5194610892422294,0.33672813528226364,0.1260189475060251,-0.05116216459753521,-0.04901342525109311,-0.049929343672786994,-0.04797377291938845,0.00845318910529544,0.21670383191526563,0.009624571674704197,0.020813323245065005,-0.01872857089160325,0.005310677194301182,-0.012415302644313668,-0.04509668450390139,-0.005642929952650418,-0.004139704007530859,-0.001901150862868766,0.000814220409389521,0.00749614011656354,-0.003099982819396495,0.0017230799089199746,-0.0009235484748670692,-0.0014628470568500336,0.044183101859867444,-0.0074043918214117535,-0.10477187469649207,-0.001765697295120593,0.009559421432194968,-0.01205306350438587,-0.10477187469649207,0.11387131779192097,-0.3075458397397318,0.09785194259287881,-0.014441275056615369,0.014318355870376831,0.026658570719717032,0.02248687544669168,0.2417003554718076,-0.2417003554718076,0.2417003554718076,0.0005205854790168688,-0.004814529372262934,-0.02561254449287604,0.012889122371314008,-0.003845232368017522,0.05873420355663119,0.003090203133500141,-0.1231039189653624,0.25158530457064404,-0.07118837088481139,0.015590864828106147,0.02540567702240548,0.9568477020106206,0.9819557419047207,0.9954673932542296,0.9092048691699678,0.8907666397086071,0.8683289409746542,0.9838139718871041,0.4349566109283607,0.9785121348195879,0.9844859380593107,1.0,0.4726080716501738,0.9860177174808578,0.9886354922978305,0.9250592223678383,0.8299409725838448,0.9098493126015778,0.9203815355842844,0.9023302445649504,0.8016489054092679,0.8806501507342677,0.8790371482554515,-0.1287706275867464,-0.0030584584270636353,0.09215142257160924,-0.03153406706457205,0.026474100594491474,-0.016961151428869045,-0.08033319029200447,0.05339123076310481,0.023081787819127245,0.15335633986429792,0.02041354834310389,-0.04059589372399688
total_consumption_kwh_rolling_std_6h,0.3745801117874062,0.4077822604949933,0.32197291539659534,0.37541259306815405,0.21123682908600935,0.002032566928311353,0.030053233404732184,0.029267627699174042,0.02973765377905031,0.028890740091893782,-0.002522772899446901,-0.3798512658344958,-0.01199541417363944,0.005177642038059263,-0.0003719964124420506,0.020308005605425186,-0.026897776435386607,-0.1343717300492135,-0.21514425868236897,-0.0033871792159931606,-0.002598576358681695,-0.007441129702437307,-0.00035772923646196025,-0.013608379560257488,-0.016863870487519306,-0.009705216670322795,0.024178733768601513,0.017011571772376683,-0.023881925269927134,0.02833351690105372,-0.004178936692044541,-0.002271525557546592,-0.0036302631471774676,0.02833351690105372,0.007766771862701985,0.24949479809994443,0.19451930321297328,0.006467666495870582,0.036131333561674174,-0.08930065114199705,-0.08185608278468082,0.20021977783775555,-0.20021977783775555,0.20021977783775555,0.08384723643962086,0.13812452634511427,0.11792391376167137,0.0038365611360826057,0.013644148487202818,-0.10661468438122278,0.015077168440492505,-0.09426000770988369,0.19870900576081657,-0.005333652773642747,-0.08282094651573275,-0.09656239061938043,0.40423748729205267,0.432675034300014,0.45469717134431975,0.3534823017722851,0.33612794049547234,0.3351942068875546,0.43430808867328197,0.6844845499533653,0.3921505771530563,0.4716837445372825,0.4726080716501738,1.0,0.34565250366210326,0.5797053247786149,0.5359725245824459,0.5631063346408531,0.4845555483029335,0.549973275078565,0.5237369061235053,0.5507125590488111,0.4679917399463624,0.5441717002993983,0.04508175895683491,0.00396116909485463,-0.03339242244324919,-0.08222234786890983,0.08585581814317451,0.13809811529866248,0.1270937352067842,0.02678493430555932,-0.06794763845231876,0.13880826032618584,-0.1361396405673961,0.00954625937938264
total_consumption_kwh_rolling_min_6h,0.9338678761408742,0.6880581503592761,0.5008280839811561,0.4930373752678634,0.322926004917336,0.13470522933215714,-0.0629560088501676,-0.060702135667892704,-0.06163273251988828,-0.05953528463013321,0.009113678389975377,0.28908319822821793,0.00930439548880361,0.017356410127313374,-0.016172033333341086,0.0023081544816794604,-0.008280175915036679,-0.02462997929840528,0.05140224917042019,-0.003605375771980493,-0.0016761139084283006,0.0033947701387290483,0.00892214032137322,-0.0005089015349001357,0.004554328212248361,0.0014393232336686512,-0.004434317143679249,0.044956758335613634,-0.004124437887755677,-0.1279392649196754,-0.0005030237413042046,0.0109791378541258,-0.011689543407837295,-0.1279392649196754,0.12007011685676504,-0.3451787521790568,0.06321147113630592,-0.012546730568782019,0.009340052605827483,0.04965817311599043,0.0480749784446585,0.21899600853669637,-0.21899600853669637,0.21899600853669637,-0.02776647890493705,-0.03972288693188443,-0.03942081993084469,0.013062911718745091,-0.0061438540980648425,0.07810925586438347,-0.003046545616479049,-0.11053491312883555,0.23268936795732717,-0.08111724512865238,0.034855550459986576,0.05458460843076772,0.95980057777596,0.9762216572769267,0.9821564648452673,0.9226140493220577,0.9058472060480007,0.8809629022506531,0.9781178875958879,0.3521425502543277,0.9807578844382582,0.9717098919757343,0.9860177174808578,0.34565250366210326,1.0,0.9565795498228488,0.9100375289208606,0.7974822940019011,0.9058330978409362,0.9018229753476493,0.887970757611291,0.7697011870062189,0.8774189812414332,0.8573449430401469,-0.13509057691221144,-0.005100665494787616,0.09656531602655768,-0.009550274710866925,-0.0013601267047831532,-0.052957364999967824,-0.0972500246636206,0.0533251423185792,0.05030760981207683,0.1319065953918623,0.0354590284484431,-0.054706336540152556
total_consumption_kwh_rolling_max_6h,0.9069630465720449,0.6986155432807418,0.535613482114358,0.543110163846697,0.3481308564192597,0.11886146143645722,-0.04251118013504458,-0.040565711947042254,-0.041379046853011026,-0.03962693261105993,0.007875070236400621,0.12818680263013665,0.009565976409985532,0.02340699143796055,-0.02052738369255794,0.008054004473229343,-0.01578662669191063,-0.06834145864317877,-0.026172824351352632,-0.0046249042634294996,-0.0021120995966808064,-0.0008404411051284216,0.006518221371421127,-0.005351205794079875,-0.0006357154283064618,-0.0028879250570279583,0.0015539581770318029,0.04380389918119977,-0.010466472727668758,-0.08812272451760449,-0.00259380739099987,0.008400639533549824,-0.012063797004103259,-0.08812272451760449,0.10852753920304312,-0.2294631439839574,0.11756480044736817,-0.015809727493617358,0.018752306839291265,0.008498520089386315,0.003396041601172419,0.26143992393975934,-0.26143992393975934,0.26143992393975934,0.01576784492129849,0.021827901690876526,0.0010919518971774596,0.012549311185106543,-0.0005721366159869954,0.03092662787622983,0.0051791749908201646,-0.13228303592444657,0.26688568210508185,-0.06915901758516725,-3.377077025865552e-05,0.0034660495520472076,0.9386856172413899,0.9629007736641456,0.9775008825713276,0.8904955270513635,0.8705553604538828,0.8500694056380708,0.9655537528405852,0.503962975201144,0.9537605874721405,0.9728654956439532,0.9886354922978305,0.5797053247786149,0.9565795498228488,1.0,0.9416922424482147,0.8597503797452605,0.9168903453922143,0.9399506051079536,0.9183261892886242,0.8308979933982182,0.8873245792406588,0.900765302461311,-0.11193473780991538,-0.0012760294816672986,0.0794829527225848,-0.03364273187515708,0.039877577414125544,0.010937165598102502,-0.0473857777147475,0.05366897060667386,0.00824030616460959,0.16379737066871772,-0.0049941085209217915,-0.03258097635009647
total_consumption_kwh_rolling_mean_24h,0.9017182299415085,0.7315878356810324,0.5670867206117323,0.5639878187266435,0.36827657642857536,0.14370687185454795,-0.053426069982275594,-0.050804106918256035,-0.051660587660130486,-0.04955794231961584,0.010804948120611557,0.00030708572924674824,-0.004344900535784999,0.010173354222742735,-0.007883294761729526,0.020149585926599285,-0.015110124666643226,-0.0027365182161057672,2.2252152652162385e-05,-0.004716937080668954,-0.0009336557421353547,0.001219020823083224,0.00705138534454195,-0.0043256080835446615,0.003565793520061094,-0.0023388369361919386,-0.0027507372670998475,0.04959759593597478,-0.00785142558110525,-0.10623770338035349,-0.004209094344735662,0.008250746203080419,-0.014195122296113727,-0.10623770338035349,0.1309104718620926,-0.00039425976902255976,0.0001510235121007068,-0.00682005175476619,0.025855824185494623,0.021267169763172767,0.014802170221243987,0.27204183732828124,-0.27204183732828124,0.27204183732828124,-0.019641520759820643,0.005761866417136825,0.04889819008804082,0.008613375376588675,0.0062673951668498935,0.003416949448905911,-0.019564095178293148,-0.12843692212045382,0.24436648064713343,-0.10160619162873903,0.010375994889663802,0.017114195608082236,0.9026663831439913,0.9035597364873956,0.9043666209664141,0.9020877697968261,0.8827745175092769,0.8504061234748319,0.9088939295104499,0.45327925527233814,0.9018788951074096,0.9143419497968629,0.9250592223678383,0.5359725245824459,0.9100375289208606,0.9416922424482147,1.0,0.8962464043387507,0.9783903397985617,0.9924179705451504,0.9754180260325149,0.8690217267908469,0.9456186401297313,0.9508705074225838,0.0043513868704292,-0.007689080056786602,-0.0023177843083681065,0.0008522998283663105,-0.017190978177900093,-0.006903315449415627,0.05173178581180866,0.0607337389805266,0.03843032388723096,0.1240400351805035,-0.06635338643321893,-0.053860540857023055
total_consumption_kwh_rolling_std_24h,0.8104255194219753,0.6387386075130622,0.5610451579476333,0.6289791472336815,0.3736464262617717,0.024782178275210374,0.06199453230784229,0.06301347696749665,0.06459576238437814,0.06287647141050479,0.0028092958133422853,0.004370581423583308,-0.0196670121254001,0.02429206197625483,-0.019629896357140388,0.07122249383372298,-0.04673822583377308,-0.0015633500783287543,0.00226217773841189,-0.004857770608196997,0.000786280147671281,-0.003206967134499617,-0.0042318562321666505,-0.009610631358763099,-0.0031787277101984093,-0.007986123558369987,0.014718371545831894,0.02332133617055448,-0.01123342837644957,0.09118832873859375,-0.011672602452155977,-0.006531185409592084,-0.00995367648162683,0.09118832873859375,0.03684917675816031,-0.006496196624348745,-0.0075011639988161885,-0.01740817257126062,0.08279104960217083,-0.17449809824638332,-0.17267422206258226,0.35384667187585284,-0.35384667187585284,0.35384667187585284,0.24298712697725663,0.2656286622556891,0.053035561089288086,-0.00022600979100270447,0.0013568374385141372,-0.05101462655207967,0.012469372580053375,-0.20322947428508445,0.21969310372101927,-0.020391285667189056,-0.15517616824052666,-0.19980558266663292,0.8106133184229538,0.8107742912460393,0.810965255911501,0.80391982145251,0.7836753169612064,0.7626370561903885,0.8157327460997373,0.46895794039068694,0.8028438160765698,0.8265626635088641,0.8299409725838448,0.5631063346408531,0.7974822940019011,0.8597503797452605,0.8962464043387507,1.0,0.7970245401448224,0.9304791676807082,0.8693637732961548,0.9312353137450167,0.7679620304350727,0.9084931175450519,-0.013632745950855174,-0.02781764515202505,-0.002578034820824095,0.00953330296877699,0.24806569364372835,0.2669862635845282,0.060113152083546305,0.07237616681156415,-0.227373572741395,0.31905750794175675,0.14796621112901764,0.04909828442594557
total_consumption_kwh_rolling_min_24h,0.8903240044726406,0.7358905389470609,0.5265876364204385,0.4997935562054741,0.3367335112757367,0.175620306162767,-0.10112059371734865,-0.09795483647474035,-0.09901770707031994,-0.09639203544821812,0.0111399485662704,0.00760858099857484,-0.006614058863997976,-0.003056856538383354,0.0034204765146700223,0.003590558254426562,-0.005532304873005886,0.0056407053777811425,0.005123553949304145,-0.0037207647827056283,-0.0011956782449183377,0.007501945211785477,0.01345604465587503,0.0008524639999978514,0.007229456490248639,0.004351981751645513,-0.008643149920678378,0.056648901908261294,-0.003865267797566053,-0.2067028746511712,0.0012468426496250646,0.015204407309705471,-0.013443529308128862,-0.2067028746511712,0.1528209021567865,-0.007162302247069227,-0.004721820305232487,0.005926270163488343,0.008027361363171106,0.10788589852088402,0.1180728064447606,0.2138357681995853,-0.2138357681995853,0.2138357681995853,-0.14995933049989946,-0.12362176814056984,0.04725521953484861,0.013614003943019435,0.01090773397097843,0.036676303109095636,-0.037637875468356265,-0.08569091409317445,0.24697794629358039,-0.1061437247645802,0.08075120880327619,0.1338974342296526,0.8909711492400203,0.8912054399497785,0.8910680143965203,0.8953083515587672,0.8782103771915726,0.8425448278555759,0.8962149842834901,0.41681481624497396,0.8928571133913301,0.8982856828026059,0.9098493126015778,0.4845555483029335,0.9058330978409362,0.9168903453922143,0.9783903397985617,0.7970245401448224,1.0,0.954438452104706,0.9580964839927981,0.7842884620393833,0.9673772218971871,0.9054815526866878,0.014777327555442279,-0.003087253971646639,-0.005405452246775741,-0.001419396807460226,-0.1499680387450176,-0.1455422852845486,0.05213440207185172,0.06382772469625249,0.16910377988024466,0.01903867652186489,-0.16468241021435925,-0.10788289068093966
total_consumption_kwh_rolling_max_24h,0.8983095175683516,0.7190571439840089,0.5731489499546727,0.5923377557331493,0.3754872864211448,0.11379274339340813,-0.03458103388424184,-0.03180953772128188,-0.03178504390756906,-0.030940063242785486,0.0076703266478467405,0.008804337938514603,-0.02517218284754836,-0.007544011909543494,0.011511618938252711,0.033630642851782785,-0.021256892040621027,0.006103207196859386,0.006343062923250992,-0.0054790872752232414,-0.0016471959066302838,0.0013269923547849717,0.003962805299387916,-0.010355470798041555,-0.0029026320843351825,-0.005644058116520417,0.006114848803058102,0.047602587670314,-0.017135373431839997,-0.08255995600855376,-0.00766945238893476,0.00401464383613236,-0.014845978487602168,-0.08255995600855376,0.10531879150205892,-0.012148241715448248,-0.002297564897987944,0.010735730549454831,0.039083356656344645,-0.017348303206135285,-0.011802327264256712,0.29484008747358914,-0.29484008747358914,0.29484008747358914,0.025707717678471288,0.04920690755284268,0.044501029764499954,0.005948705811944284,0.005420267316416905,-0.004605026319112546,-0.009447930832365716,-0.14262037932097638,0.24688112920340513,-0.09880355817276278,-0.02560927348996162,-0.015139511800641792,0.899198609971107,0.8996866097911135,0.8999251820397147,0.8985103740160326,0.8788287816949228,0.8452215385387657,0.9049905625657727,0.46422260380400204,0.8966427362084705,0.9116285415919236,0.9203815355842844,0.549973275078565,0.9018229753476493,0.9399506051079536,0.9924179705451504,0.9304791676807082,0.954438452104706,1.0,0.9664756726370922,0.8954487989501866,0.9196564752567045,0.9580662883306943,-0.003045277215409845,-0.011859017896355817,0.0008435417433937151,0.002748887766249819,0.029191668852597323,0.0396823136523371,0.04668755333221021,0.060675084810224954,-0.006571926282282037,0.1659110927783285,-0.028041045760597336,-0.05146454651245826
total_consumption_kwh_rolling_mean_168h,0.8812792520022515,0.7394160317498553,0.5800883729684359,0.5753859336250546,0.3783029511498541,0.14604955279559273,-0.057129490850383643,-0.05326013496788508,-0.053518084219982325,-0.05205268142813232,0.011259905911793997,0.00010142559498894807,-0.00031647522203262285,-0.0002719311349691369,0.0004089517989382266,-0.00010092348821535243,-0.00019745910530358988,0.00011390091668076358,2.808662119765637e-05,-0.0011769041024472984,0.0010310718158857213,0.0016984149915940485,0.00815926796942685,0.0012691467485572744,0.006057788266890921,-0.0007818818358185773,-0.01595796449579527,0.05178324514137648,-0.006479561425792098,-0.09744630063138662,-0.010850488529625762,0.0009417262365175257,-0.016265471791984173,-0.09744630063138662,0.13292385131197978,-8.227388079320679e-05,-6.733196850364697e-06,0.0005456200412766368,0.00018095922228318617,0.018214680021869302,0.007655010517749344,0.279984875778901,-0.279984875778901,0.279984875778901,-0.01729258393359949,0.0051021030714235365,0.046662471026527146,0.01082417683873383,0.008966189639068043,-0.0007301703594248277,-0.0197817157780632,-0.13207916616513524,0.14086159059405262,-0.08292207737874496,0.009412847044046465,0.009757764790279877,0.8816678791663268,0.8820516869836015,0.8824269933007978,0.8888044175762373,0.8931141991715543,0.8810787952238808,0.8872329232178676,0.4432500588035949,0.880424631156932,0.8925170351895962,0.9023302445649504,0.5237369061235053,0.887970757611291,0.9183261892886242,0.9754180260325149,0.8693637732961548,0.9580964839927981,0.9664756726370922,1.0,0.8897969229862428,0.9628645301014059,0.9735314758735126,0.0033688372134771582,-0.005755663112178451,-0.001904374443756294,0.0012420059793633682,-0.01602515611614894,-0.010488579630651276,0.04958073602335042,0.05841491078367119,0.028463292746245372,0.09135802061703893,-0.052570337192772584,-0.04224524994236722
total_consumption_kwh_rolling_std_168h,0.7821774641066576,0.6358314900632438,0.5528598894115612,0.6212864053301503,0.3742588207452772,0.02682488733188424,0.06194681414016252,0.07048575337556207,0.07141665785654133,0.07038843316500577,0.0033499847932691724,0.00021741655637558266,-0.0007479749949265409,-0.0015068847107205592,0.0036960815751632607,-0.0012396620201636532,0.000723425620976518,0.0005896092535620464,6.69835225487778e-05,-0.000837927034743161,-0.0011469715124791014,-0.009066003382797885,-0.007711053294250772,-0.0062208399784672705,-4.806665475639941e-05,-0.008493948698320613,-0.010571314480137017,0.03010034885273298,-0.013340854703992853,0.12403172421824636,-0.03080597269127289,-0.0185485666798862,-0.02495757461696116,0.12403172421824636,0.04035952859380546,-0.0004157056379292912,0.00016049101347426957,0.0016640406100844956,-0.0009370445402923295,-0.20403257438631522,-0.22183540027952214,0.34812622850724023,-0.34812622850724023,0.34812622850724023,0.27470520768276585,0.29255430825180284,0.038528760077002774,-0.015590935987851062,0.014031989748732366,-0.06065002002449122,0.03343726985374013,-0.17623530842842108,0.1755056769975331,-0.05481723818288543,-0.17910466123146737,-0.2540394948152721,0.7825707738912181,0.7829526998402095,0.7833210882183712,0.787748432047441,0.78979280264504,0.7768050860677224,0.7877121241030032,0.46266463602586205,0.7746250121081674,0.7987420469954454,0.8016489054092679,0.5507125590488111,0.7697011870062189,0.8308979933982182,0.8690217267908469,0.9312353137450167,0.7842884620393833,0.8954487989501866,0.8897969229862428,1.0,0.757422276560311,0.9553428727321808,-0.009180363955232014,-0.022185499994729126,0.0019735416577943933,0.0018218800936305513,0.278595944477626,0.2939749251087644,0.04106991885638715,0.045554666875704176,-0.2642464036396469,0.32870066502277023,0.1729162990923263,0.05380332778511669
total_consumption_kwh_rolling_min_168h,0.8615453504093288,0.7452383328893712,0.5579428330765394,0.5244551915070303,0.35917606953839165,0.1852288718992347,-0.10816085879967512,-0.10660767970411567,-0.10747766829938236,-0.10538077702989256,0.008493858956204851,0.001376876407487968,-0.001201230892481744,5.763744447817863e-05,-0.0010572062150530739,0.0019989586451314195,-0.0011227800963022495,0.0006645141643986583,0.0009324995314903645,-0.002369273662138436,0.0029507417017541554,0.009619019728685438,0.016277049269785897,0.005882039509220052,0.007062616533410845,0.00599723460580789,-0.01808537627620347,0.049303448165824985,-0.0012482716051838666,-0.22556222572326062,0.0009051610941373536,0.011315327910572305,-0.010037002215337732,-0.22556222572326062,0.16073087786127435,-0.0012875114906894566,-0.0008490276367169201,3.073129204287676e-05,0.002429652550289033,0.12509450703737776,0.15963560073309027,0.24411558708121422,-0.24411558708121422,0.24411558708121422,-0.1938435672601833,-0.166132127129706,0.05950865231252417,0.023998069964941034,0.005032505652645295,0.033442547037440214,-0.053777041300928155,-0.10656901801867259,0.09257811886762268,-0.0679714689563435,0.09458006042827996,0.18116830744047444,0.861816575312293,0.862028005940715,0.8621901211786709,0.8669516281011068,0.8692188572623577,0.8632824225166994,0.8668952504669043,0.398220862463084,0.8641944906992394,0.8684519431210008,0.8806501507342677,0.4679917399463624,0.8774189812414332,0.8873245792406588,0.9456186401297313,0.7679620304350727,0.9673772218971871,0.9196564752567045,0.9628645301014059,0.757422276560311,1.0,0.89220512979944,0.010117565580916674,0.0034037600147778907,-0.004403100891890163,0.0022361633195310685,-0.19449126071889772,-0.19631975909878097,0.06361165105832309,0.0787458772790617,0.202691514532717,-0.07010851117409045,-0.18247315499432193,-0.09608745539807485
total_consumption_kwh_rolling_max_168h,0.8584689820308092,0.7031665518663983,0.5743344281030401,0.6042298129615516,0.3822884410546502,0.09967222252073839,-0.02664804145645018,-0.01610585557249607,-0.016430504091102558,-0.015761381988052107,0.003026719565699116,0.002091766583834047,-0.002943776232160088,-0.0012535457613823944,0.001255891410290151,0.0018714686158340836,-0.0021097190292037418,0.0005974481983783686,0.0016549254145084187,-0.001519275341915527,0.0008534108247968511,-0.0052535534255490094,0.00039370021686999215,0.000559471503826937,0.0064997820106576535,-0.0024718691963422842,-0.023345156033095348,0.04720352721270132,-0.004883265768179929,-0.018741820815858377,-0.017223602262586343,-0.0021478964309229525,-0.022176363062076654,-0.018741820815858377,0.0946653849774041,-0.002928733225303434,-0.00042644441183571174,0.0024900366777730956,0.004036698759406158,-0.05936890855904348,-0.08903461039294401,0.3105248633894172,-0.3105248633894172,0.3105248633894172,0.09741141172396131,0.11692909893130089,0.0389794471538271,0.0011915686924461625,0.011113497333750456,-0.021955308810469244,0.0055859445800123825,-0.152072324846258,0.1664347474249107,-0.09215902495230906,-0.05517053976575867,-0.09888975374733291,0.8588453416868496,0.8591360574675826,0.8593762377880623,0.8642850128610671,0.8662934865079231,0.8569124869331962,0.8642562329445365,0.4587937087864903,0.8547974450402589,0.8719547642899188,0.8790371482554515,0.5441717002993983,0.8573449430401469,0.900765302461311,0.9508705074225838,0.9084931175450519,0.9054815526866878,0.9580662883306943,0.9735314758735126,0.9553428727321808,0.89220512979944,1.0,-0.002171363290608816,-0.008113868486999968,0.0007064746006448831,0.0006307028178721269,0.09981759082266475,0.10882559497372002,0.04128363896235435,0.04794928484207956,-0.08519747469919475,0.19575523444392562,0.033059395714857616,-0.008878630807345269
temperature_change_1h,0.009701657335528167,0.002016595928851799,0.0004179512005824345,-0.001940263475131667,2.025824721129014e-05,0.00030581430091871406,-0.007410084380045977,-0.006304448350134169,-0.0050663439000533045,-0.00588612672563745,0.004632661369247288,-0.1492970933906527,-0.0012635029441559747,0.0028239966694367465,-0.001066938493950151,-0.00281788845476028,-0.008072830966055248,0.29748282864273806,0.02485284959891917,-0.006109554840515591,-0.0003388696673531231,0.001255491208482819,-0.0015501921126066375,-0.005326020895275384,0.0008835147723446016,0.008469707940437854,-0.0010426261233251243,0.004159523906979057,-0.00349382391366798,-0.026559014309750092,0.004690277078425377,0.006095467605125302,0.0005284658441570025,-0.026559014309750092,-0.0008773358925551808,0.3102188601801839,-0.41728836120814344,0.0022427162133523654,0.006794864208104855,0.017359577100829162,0.022725416540145715,-0.004112453595378662,0.004112453595378662,-0.004112453595378662,0.020595445891607393,0.0005097828896586451,-0.04890717524064623,-0.053776301507296745,-0.09651294794512365,-0.07419560926233702,-0.021303183241861832,0.038199766351203444,0.05831903702975637,0.10752467873215005,0.014647927087936944,0.025235418077481437,-0.03154315969145492,-0.073988321175502,-0.11593243929923615,0.01208558296944507,0.011417301863947685,0.010000870675392222,-0.07410981867448746,0.013562134410542484,-0.07665486827428268,-0.07151512917644953,-0.1287706275867464,0.04508175895683491,-0.13509057691221144,-0.11193473780991538,0.0043513868704292,-0.013632745950855174,0.014777327555442279,-0.003045277215409845,0.0033688372134771582,-0.009180363955232014,0.010117565580916674,-0.002171363290608816,1.0,0.15688791949484274,-0.6197673602898177,-0.21233901620683648,-0.13088425083550445,-0.06155251689198761,0.2464607672915637,0.0125395161392215,-0.012682181940485062,0.04014712542444899,-0.021557166986997344,0.0005033644974088649
temperature_change_24h,-0.00022553792669803576,0.0012249154646204233,0.00041892546596388825,-0.0006150083197753017,0.000979693387582139,-0.0004458798191389574,-0.029650243452256458,-0.02545787898471032,-0.027992385633890345,-0.02531274887468471,0.0005103817775738446,-0.001335433320952374,-0.014753490251609633,0.004222590228626198,0.004877113174470364,-0.002934558967054752,-0.03060140095665899,0.0008572726593756119,0.0003861864850579422,-0.021979687412185388,0.015466531203722225,-0.033609884879186626,-0.006517485891466898,-0.024603271229252467,-0.012865215875561319,0.0016663240779298371,-0.0013129305609732435,-0.009439413408551992,-0.03224513212220281,0.013903209937699602,-0.003787542580934742,-0.003508808631873075,-0.0018402147732935466,0.013903209937699602,-0.005498534163288792,0.0017445230866790504,-0.0021849935661231155,0.019080265530426112,0.03997621685325988,0.040822054965386274,-0.02348757792829083,-0.00023739810481591093,0.00023739810481591093,-0.00023739810481591093,0.174052902956339,0.11902222117217516,-0.09829913014838246,-0.06053747130399161,-0.1701243192053529,-0.13331500731284496,0.011634693817308986,-0.02818143356201558,0.10373205878535112,0.308372023901118,0.0488878401216897,-0.019233084464107895,-0.0010970286556129438,-0.00209855176619256,-0.0029748892834843095,-0.010673813119580043,-0.010267817988576323,0.0017448576616221857,-0.002020508519458086,0.009606698320163976,-0.0030810798369887626,-0.0009869325525295389,-0.0030584584270636353,0.00396116909485463,-0.005100665494787616,-0.0012760294816672986,-0.007689080056786602,-0.02781764515202505,-0.003087253971646639,-0.011859017896355817,-0.005755663112178451,-0.022185499994729126,0.0034037600147778907,-0.008113868486999968,0.15688791949484274,1.0,-0.0339034435515479,-0.22737301590187617,0.12277049544387411,-0.008632717660015943,-0.06380283185116747,-0.08658816725229497,-0.16358057292818534,0.1289348989451671,0.14748529152077727,0.06806149226070621
humidity_change_1h,-0.010396552010822135,-0.00025926956186443563,-0.003335499122828646,-0.0018113234002890375,-0.0027938457103618836,-0.0011850011428995533,0.0045714077348392645,0.005499170320810918,0.005242415947077728,0.00559393644457896,0.001471700411782633,0.1100385948346188,-0.0026428041808980868,-0.00010435087763624386,-0.0013489917038928233,0.0030786768100800345,7.227262414815914e-05,-0.21890726162861765,-0.030780136009185426,-0.0015363571272275429,-0.004530096740794626,-0.004073976865854789,0.0028643846471250677,0.002212304832998988,-0.013355924118955555,0.006278888417117255,0.0007982680955946833,-0.002958642325855665,-0.005943888436908092,0.009217770529448326,0.0005257855466355296,0.0011184394984773912,-0.0003758888343296338,0.009217770529448326,-4.189131903382444e-05,-0.21336224529924475,0.3030088687244755,-0.0004493367016693992,0.005538807569391084,-0.008057187449319683,-0.0076735344254301955,-0.0023260423206586615,0.0023260423206586615,-0.0023260423206586615,-0.024930010452896605,0.02474248721158214,0.1267063272517003,0.1054223117641144,-0.04971757528038984,-0.09693098391794369,-0.051305875166372715,0.008433340265906376,-0.03656992038630994,0.04965596162446366,-0.006514436001666718,-0.009488827845795357,0.020521774436320202,0.052183348180135126,0.08328551137266349,-0.012164971930678625,-0.011127742058555103,-0.011254606613858246,0.05220387861288372,-0.009779412221288194,0.054291962551184916,0.0500854337587258,0.09215142257160924,-0.03339242244324919,0.09656531602655768,0.0794829527225848,-0.0023177843083681065,-0.002578034820824095,-0.005405452246775741,0.0008435417433937151,-0.001904374443756294,0.0019735416577943933,-0.004403100891890163,0.0007064746006448831,-0.6197673602898177,-0.0339034435515479,1.0,0.010156651179827295,0.07368857547810827,0.014872805878229582,-0.26835700625514036,-0.11035902337361694,0.01704890458569372,-0.03919833668590049,0.0034960179178083867,-0.0062880746134189175
pressure_change_1h,-0.01661389313840145,-7.682356204836616e-05,-0.0010716792489756288,-0.000585609509174865,-0.0023672961005685696,0.0018194387505873746,-0.003116888738198219,-0.0033494769470013975,-0.0047099659332172795,-0.004392326934933798,-0.012389744718708455,0.014949845473875631,-0.004363521211415042,-0.00709683666995461,0.0008316472978535947,0.007869184292194636,0.010434037067224157,-0.13457504115739477,0.20404379234924813,0.028856542540791313,-0.0029285971780148197,0.009374069364999097,-0.015334575721745613,0.026357924097444398,0.015601105540726459,-0.011037379641879962,-0.008294844084890875,0.002646230636485775,0.03139030659829196,-0.007336709280738613,0.0066439879898872985,0.007306271885383534,0.0020768271398917955,-0.007336709280738613,0.0009045404222871505,0.05679311007731509,0.12544358536838132,-0.001839528644881565,0.0006292460833991238,0.0033832853942996656,0.006975932570447604,-2.7212956596800964e-05,2.7212956596800964e-05,-2.7212956596800964e-05,-0.10878413483272018,-0.0850568251592859,0.02035532201071811,-0.12815095224835904,0.3697619791213838,0.18341926058109936,0.10663808720524191,0.028437646062011504,-0.07115603559187669,-0.2152662456590629,0.0007049186820897189,0.008997867384191779,-0.02615158390760686,-0.03652063057270211,-0.04190322730906629,-0.011932356640356611,-0.013330413681457853,-0.010222557509204581,-0.03514337788133192,-0.008833871304023052,-0.03456575368928718,-0.03438963067332124,-0.03153406706457205,-0.08222234786890983,-0.009550274710866925,-0.03364273187515708,0.0008522998283663105,0.00953330296877699,-0.001419396807460226,0.002748887766249819,0.0012420059793633682,0.0018218800936305513,0.0022361633195310685,0.0006307028178721269,-0.21233901620683648,-0.22737301590187617,0.010156651179827295,1.0,-0.049210812363518215,-0.007518197945253245,0.015155934188314119,0.10931797416504967,0.09753636118551158,-0.11053492400036695,-0.0772616950000762,-0.047086122355436376
temperature_rolling_mean_6h,0.01628907455453699,-0.015753964181564974,-0.02612202419949244,-0.033365132181875076,-0.016368409307877207,-0.009772390830682398,0.2860223196010945,0.2786386917587372,0.2763199034364101,0.2771237406385079,0.0015764241389148793,0.11092387822532374,-0.008294035431584999,-0.01350410113867909,0.025906433184948285,-0.007363355874643839,-0.002409921653117351,0.0023355723225750497,0.017838180504561575,-0.0077983398682296284,-0.0017718231459405557,-0.04469290229474728,-0.0420450335130665,-0.04644263737877161,-0.040965971305466614,-0.04940503914116563,0.04113958058381145,-0.04110762224899009,-0.05099265655507202,0.7295670610109805,-0.047209901702771055,-0.05899018372703791,-0.007682799084056588,0.7295670610109805,0.045833893720430174,-0.15096705726419346,0.01440307141971331,0.018783681038102157,-0.0037629738465006553,-0.48507610715820676,-0.7426877689983166,-0.025942984941143214,0.025942984941143214,-0.025942984941143214,0.9763097247012867,0.9162280713068919,-0.1113370468958803,-0.06809555662897308,-0.06877186174973268,-0.13612765647643318,0.12124875471442921,-0.12298253979160313,0.5592303539134045,0.8026335011333298,-0.36256681103357946,-0.8213595390804298,0.02417660887795572,0.028997242904152332,0.030439313770687156,0.012725650963851342,0.009620813337350442,0.008296313941973617,0.028320357885343386,0.08359767312823861,0.018887572678708817,0.0357833503053944,0.026474100594491474,0.08585581814317451,-0.0013601267047831532,0.039877577414125544,-0.017190978177900093,0.24806569364372835,-0.1499680387450176,0.029191668852597323,-0.01602515611614894,0.278595944477626,-0.19449126071889772,0.09981759082266475,-0.13088425083550445,0.12277049544387411,0.07368857547810827,-0.049210812363518215,1.0,0.967690700324017,-0.14663472407326225,-0.0932830597334096,-0.9683278372323019,0.7668416674524781,0.8291558172020627,0.34704349967986614
temperature_rolling_mean_24h,-0.01855278015767191,-0.016936921047719013,-0.02899890117589615,-0.0335601527287005,-0.02020338117401584,-0.013373717535660197,0.29691264781665616,0.2872483276501207,0.2870464270105889,0.2858262332572555,0.001956113562483759,1.4939544858363651e-05,-0.003397201982369165,-0.012151182452774793,0.023421066438887552,-0.00866654706199065,0.0025769505537953136,0.004902273327071898,-1.5884854826216074e-05,-0.0020170809769251567,-0.0030453383288332634,-0.03534695018880047,-0.04236912068601955,-0.04279751417624736,-0.03815817590840891,-0.05197030720188658,0.04555929785863387,-0.037591267672875295,-0.0465715163242923,0.7405262116248862,-0.0468172640172553,-0.05881637211037322,-0.007301651847908161,0.7405262116248862,0.044042373291216415,-8.95315867688537e-05,0.00015183691605625237,0.013877745747395207,-0.010641831832706873,-0.49785470987346003,-0.7575393016376007,-0.0260044967009181,0.0260044967009181,-0.0260044967009181,0.9517889382160071,0.921094706363027,-0.05338432648780076,-0.06176060258898777,-0.035700845880201774,-0.15770148160023748,0.11415214904417939,-0.11493828948877549,0.6021084598240459,0.6122421096346503,-0.3739879658541098,-0.8392678896390405,-0.018482964477910934,-0.01843069142709023,-0.018399468873510363,-0.021743567669510445,-0.02708455620877419,-0.03238369134509738,-0.018122352919939754,0.11357589653730393,-0.031148280556219005,-0.0063717642091835665,-0.016961151428869045,0.13809811529866248,-0.052957364999967824,0.010937165598102502,-0.006903315449415627,0.2669862635845282,-0.1455422852845486,0.0396823136523371,-0.010488579630651276,0.2939749251087644,-0.19631975909878097,0.10882559497372002,-0.06155251689198761,-0.008632717660015943,0.014872805878229582,-0.007518197945253245,0.967690700324017,1.0,-0.05946567189779684,-0.08350692313949447,-0.9460984925809275,0.7417970235657309,0.7595269932762415,0.34083605219105273
humidity_rolling_mean_6h,-0.055259899983809084,-0.012839902528956625,0.08249719954329873,0.07974311239956368,0.0685690085300129,0.009736737761079013,0.12699286680807273,0.12171008672005819,0.13163371464019752,0.12589027426210064,0.05357567965323343,-0.2693340074748706,0.0026132331855279294,-0.0047281295067354906,0.011027615086246206,-0.0172372107427987,-0.004113230159564827,0.013028822809200898,-0.040665127195843156,-0.022316328689726068,0.022436897130346148,0.04807313452596562,0.05029961450837148,-0.0017987348118943857,0.055412202945093504,0.023312662117381824,0.022022085118997965,0.01656220831964043,0.015218886812756254,-0.1531185910161861,-0.006878700805237122,-0.007830693876215052,-0.0018838668514733327,-0.1531185910161861,0.03469561153687969,0.36722180102648716,-0.04800336240814703,0.014925353573925031,-0.010403466892049325,-0.14052493789799225,0.21587334945486203,0.11194392320978312,-0.11194392320978312,0.11194392320978312,-0.11153006510314135,0.1982907199599015,0.8044437387571213,0.2799552878287198,-0.04650628283753814,-0.09566872548474,-0.3984397513295012,-0.30175584627658114,0.07544730454165707,0.2516951447320708,-0.17298767496509895,0.19661993196887062,-0.07530259303097199,-0.0883499574420282,-0.0934613824696616,-0.05354612321533393,-0.0562452761641712,-0.05699485610929584,-0.08584664809462651,0.0728186769638823,-0.09329442168008938,-0.07674408479788332,-0.08033319029200447,0.1270937352067842,-0.0972500246636206,-0.0473857777147475,0.05173178581180866,0.060113152083546305,0.05213440207185172,0.04668755333221021,0.04958073602335042,0.04106991885638715,0.06361165105832309,0.04128363896235435,0.2464607672915637,-0.06380283185116747,-0.26835700625514036,0.015155934188314119,-0.14663472407326225,-0.05946567189779684,1.0,0.7318270076944324,0.0977391567144985,-0.11659823823757343,-0.18677393584285285,-0.008104729261486645
humidity_rolling_mean_24h,0.05118002871830239,-0.015296166994921742,0.10190646815690908,0.09783945792029565,0.08512551011885001,0.009705856241398846,0.15373143395673772,0.14575825314404584,0.1559243111008612,0.15039238313340636,0.060128829901430425,7.22316528963951e-05,0.005012715463773683,-0.004712924286890422,0.006197443534989384,-0.01126365581819409,-0.0007608525881535125,0.0005357321667614428,0.00026803665221543116,-0.010737435161165057,0.03344185826108854,0.0671382740870526,0.0487227025102066,0.016583496174125415,0.08116554030256311,0.011117543514534202,0.019067134304475233,0.020619219167810416,0.032183583736796126,-0.19413557700921957,-0.00943783242435248,-0.0165984375583632,0.0032697947115798353,-0.19413557700921957,0.03959360715481169,-0.00023764169885534683,0.0016411955930708947,0.007065480554775658,-0.0191914598708658,-0.16991408347996886,0.27060129224624346,0.1377666167610765,-0.1377666167610765,0.1377666167610765,-0.09601659553516911,0.1383019882224925,0.5969554061016967,0.16669455585894616,0.04846662070476635,0.07525555930175892,-0.28506089909931925,-0.33716520253459054,0.11319636958594918,0.17512576688467416,-0.21134766196259608,0.24873212185523333,0.051423942439180706,0.05168327158594342,0.051963931960172155,0.055966170233137255,0.05206926122601775,0.04985446888494291,0.05201155857418044,0.022601578282446053,0.05199920431052234,0.05194282230324232,0.05339123076310481,0.02678493430555932,0.0533251423185792,0.05366897060667386,0.0607337389805266,0.07237616681156415,0.06382772469625249,0.060675084810224954,0.05841491078367119,0.045554666875704176,0.0787458772790617,0.04794928484207956,0.0125395161392215,-0.08658816725229497,-0.11035902337361694,0.10931797416504967,-0.0932830597334096,-0.08350692313949447,0.7318270076944324,1.0,0.09272904083132118,-0.06307931982611657,-0.07675402828654734,-0.0077300465853104875
heating_degree_c,0.0012192570036695044,0.01457985953976718,0.02669605308664497,0.03601278571623862,0.017158515438760857,0.009840664521757194,-0.2869219952495109,-0.2822580594738423,-0.2793953886029828,-0.28073807579877885,-0.0016728562042865698,-0.0829462122480226,0.008913357298379977,0.013991367264351356,-0.02717553498529181,0.008079685583728546,0.002273952884447473,-0.08495743399094079,-0.020360067559596542,0.010673453058867407,0.001051854310848218,0.048572047011047156,0.04318484942027334,0.04961420272518204,0.040378927985717114,0.04696627819619909,-0.034740402766032664,0.04755525859770273,0.05196610674946967,-0.7358426506981164,0.04696290565534213,0.05901764527427424,0.007306640943665225,-0.7358426506981164,-0.04649052074524045,0.0964571062407721,0.09615501297435973,-0.018665564902231077,0.0039229676737731365,0.4896816150620013,0.738370450544536,0.029670485090760555,-0.029670485090760555,0.029670485090760555,-0.9874246985863262,-0.9138201531869072,0.13775671125892708,0.07981435820397056,0.10061118419770611,0.14632610367771534,-0.11935176646523485,0.10753389687034377,,-0.912912196519778,0.3668774122553513,0.8159085408586555,0.003004529220104259,0.007731165183894538,0.015461713582331695,-0.001943015144934493,-0.0039349483038114905,-0.007869962544903438,0.00849871785520094,-0.058822115040104914,0.01715671481020609,0.0016358330326835325,0.023081787819127245,-0.06794763845231876,0.05030760981207683,0.00824030616460959,0.03843032388723096,-0.227373572741395,0.16910377988024466,-0.006571926282282037,0.028463292746245372,-0.2642464036396469,0.202691514532717,-0.08519747469919475,-0.012682181940485062,-0.16358057292818534,0.01704890458569372,0.09753636118551158,-0.9683278372323019,-0.9460984925809275,0.0977391567144985,0.09272904083132118,1.0,-0.7763501964719832,-0.8386201621993818,-0.35309136541860364
cooling_degree_c,0.2064826726439107,-0.01287842886893013,-0.008985492967474496,-0.011184088038619934,0.002375119510210109,-0.010396563772273914,0.1396027051046055,0.13882746396526086,0.13700203431040484,0.13827150068263966,0.005572857364592242,0.12822484730595204,-0.00299143455492118,0.002611976865937018,0.00812646679509912,-0.004280087825116415,-0.008690760087924111,0.12904072956628043,0.0406352243670221,-0.006575924548003763,-0.005555263082471198,-0.03278290720550641,-0.03278290720550641,-0.03547334283558087,-0.03141326998059408,-0.02395454324209558,0.026579360503628184,0.013086379822353764,-0.04499833376735036,0.4546373224809957,-0.04642584688031232,-0.03278290720550641,-0.03278290720550641,0.4546373224809957,0.017464251873043502,-0.14616726771113164,-0.16258778004403593,0.00521171127844596,0.008202561553919189,-0.35650705767712937,-0.5802390500953317,-0.00516363812106836,0.00516363812106836,-0.00516363812106836,0.8003856506647011,0.706579213229307,-0.1918666275614235,-0.09552915029144526,-0.07674259613154367,-0.04440039881649156,0.08987227292873941,-0.05889455432991214,0.7364616652233119,,-0.27165832274199586,-0.6382294870581907,0.19842257876480812,0.18402529453067273,0.16449308641678065,0.1737665375295426,0.15392782947591782,0.1342540134715769,0.18366350832942796,0.11966986625261093,0.17761724658954067,0.18753510224654868,0.15335633986429792,0.13880826032618584,0.1319065953918623,0.16379737066871772,0.1240400351805035,0.31905750794175675,0.01903867652186489,0.1659110927783285,0.09135802061703893,0.32870066502277023,-0.07010851117409045,0.19575523444392562,0.04014712542444899,0.1289348989451671,-0.03919833668590049,-0.11053492400036695,0.7668416674524781,0.7417970235657309,-0.11659823823757343,-0.06307931982611657,-0.7763501964719832,1.0,0.6277659740536589,0.1980988462015586
temperature_x_hour,0.10069376963213071,-0.011335482220368613,-0.02272183423827197,-0.032753528662241876,-0.01566642604665515,-0.008934595575449887,0.2582340908141551,0.2500186564623764,0.24842257178429014,0.24884094891889838,0.0031048279976160003,0.45908555913331006,-0.012653499518804729,-0.017211331153700302,0.02825889091746285,-0.005669124768623439,-0.004249240005807925,0.15348166492605894,0.15159427244426568,-0.00953546591738261,0.002236139839647952,-0.03958321920447203,-0.03222677050295833,-0.04183024094865622,-0.03458571382077667,-0.03925452045116867,0.0434598140307457,-0.04562187341923425,-0.04287747898954528,0.6204868527343844,-0.034080456605942715,-0.05447243905492922,0.006341644615605814,0.6204868527343844,0.04099920328715484,-0.34187288756564765,-0.22624590692190008,0.022385100032611054,-0.0014218063849101683,-0.3799136047437823,-0.5861781798113541,-0.026196396557882643,0.026196396557882643,-0.026196396557882643,0.8510983366417758,0.7338339705356249,-0.23690326898965688,-0.058615340351560956,-0.10822637265563843,-0.04294416295901506,0.10733047588284804,-0.10998139034769953,0.24722764135937153,0.6640985630334171,-0.27804481027345174,-0.6491045918292132,0.09810635231913045,0.07987218747005205,0.04792302737459434,0.10766036882240802,0.11147498273884025,0.1184624237160884,0.07538340199746282,-0.07835932648707483,0.0826062444182462,0.06462826988688748,0.02041354834310389,-0.1361396405673961,0.0354590284484431,-0.0049941085209217915,-0.06635338643321893,0.14796621112901764,-0.16468241021435925,-0.028041045760597336,-0.052570337192772584,0.1729162990923263,-0.18247315499432193,0.033059395714857616,-0.021557166986997344,0.14748529152077727,0.0034960179178083867,-0.0772616950000762,0.8291558172020627,0.7595269932762415,-0.18677393584285285,-0.07675402828654734,-0.8386201621993818,0.6277659740536589,1.0,0.33255688791409377
temperature_x_weekend,-0.03136775191998565,-0.005257308922540412,-0.016275769220595253,-0.020099732432301932,-0.017818987053633648,-0.0075880847826590575,0.14903429604935597,0.14163704135374575,0.13699787607326505,0.1407695516308935,-0.0006479607055774775,0.020357305480741245,0.46010137460006695,0.5817491555769241,-0.5498671912563138,-0.15037826926275033,-0.15039928252870188,-0.23946940355049598,0.0002343987922091857,-0.001059948688442264,0.008267298839799155,0.01188116823749606,0.006086921417342122,-0.039899217769204416,0.0546361495431392,-0.030939215353545598,0.015051261667640385,0.010633371435977425,0.047191148695424984,0.2837368874539936,0.0242415910066724,-0.043277267080915414,0.07751293026803503,0.2837368874539936,0.02071294538741955,-0.024965847511899793,-0.026406234064158114,-0.4599798276993254,-0.00011385201388219569,-0.17039752984845086,-0.2435296295960604,-0.01805851229515093,0.01805851229515093,-0.01805851229515093,0.3516546927978088,0.3282303484955908,-0.021521602779657156,-0.01475064488692488,-0.04562781729926687,-0.07037229116829899,0.05098653897080218,-0.06892905610176585,0.07535477865600049,0.15315259999741918,-0.12601185589997396,-0.2745220785701875,-0.03219401187254274,-0.034123187460382225,-0.03724354083141686,-0.04232389043744467,-0.044492720257920976,-0.013798677085077506,-0.03456069271254504,0.007630823166218237,-0.03924536034354879,-0.03082541699980937,-0.04059589372399688,0.00954625937938264,-0.054706336540152556,-0.03258097635009647,-0.053860540857023055,0.04909828442594557,-0.10788289068093966,-0.05146454651245826,-0.04224524994236722,0.05380332778511669,-0.09608745539807485,-0.008878630807345269,0.0005033644974088649,0.06806149226070621,-0.0062880746134189175,-0.047086122355436376,0.34704349967986614,0.34083605219105273,-0.008104729261486645,-0.0077300465853104875,-0.35309136541860364,0.1980988462015586,0.33255688791409377,1.0
