fsa,forecast_origin,target_timestamp,horizon,scenario,temperature_delta_c,baseline_temperature_c,origin__Temp (°C),temperature_domain_status,peak_risk_score,baseline_peak_risk_score,peak_risk_delta,peak_alert,baseline_peak_alert,alert_changed,alert_transition
L4T,2026-03-25 23:00:00,2026-03-26 00:00:00,1,+2.5C,2.5,2.7,5.2,NORMAL,3.0831325e-05,4.4465567e-05,-1.3634242e-05,False,False,False,No change
L4T,2026-03-25 23:00:00,2026-03-26 01:00:00,2,+2.5C,2.5,2.7,5.2,NORMAL,2.8243152e-05,4.7154306e-05,-1.8911154e-05,False,False,False,No change
L4T,2026-03-25 23:00:00,2026-03-26 02:00:00,3,+2.5C,2.5,2.7,5.2,NORMAL,1.6979577e-05,2.9230729e-05,-1.2251152e-05,False,False,False,No change
L4T,2026-03-25 23:00:00,2026-03-26 03:00:00,4,+2.5C,2.5,2.7,5.2,NORMAL,2.2474325e-05,4.832891e-05,-2.5854586e-05,False,False,False,No change
L4T,2026-03-25 23:00:00,2026-03-26 04:00:00,5,+2.5C,2.5,2.7,5.2,NORMAL,3.5038887e-05,8.5999505e-05,-5.0960618e-05,False,False,False,No change
L4T,2026-03-25 23:00:00,2026-03-26 05:00:00,6,+2.5C,2.5,2.7,5.2,NORMAL,5.5591994e-05,0.00011538722,-5.9795228e-05,False,False,False,No change
L4T,2026-03-25 23:00:00,2026-03-26 06:00:00,7,+2.5C,2.5,2.7,5.2,NORMAL,3.5641428e-05,4.351455e-05,-7.873121e-06,False,False,False,No change
L4T,2026-03-25 23:00:00,2026-03-26 07:00:00,8,+2.5C,2.5,2.7,5.2,NORMAL,3.2994754e-05,4.58001e-05,-1.2805347e-05,False,False,False,No change
L4T,2026-03-25 23:00:00,2026-03-26 08:00:00,9,+2.5C,2.5,2.7,5.2,NORMAL,4.6951533e-05,5.783667e-05,-1.0885138e-05,False,False,False,No change
L4T,2026-03-25 23:00:00,2026-03-26 09:00:00,10,+2.5C,2.5,2.7,5.2,NORMAL,7.007923e-05,6.825565e-05,1.8235805e-06,False,False,False,No change
L4T,2026-03-25 23:00:00,2026-03-26 10:00:00,11,+2.5C,2.5,2.7,5.2,NORMAL,0.00017456431,0.00032700485,-0.00015244054,False,False,False,No change
L4T,2026-03-25 23:00:00,2026-03-26 11:00:00,12,+2.5C,2.5,2.7,5.2,NORMAL,0.00032046047,0.00056978216,-0.0002493217,False,False,False,No change
L4T,2026-03-25 23:00:00,2026-03-26 12:00:00,13,+2.5C,2.5,2.7,5.2,NORMAL,0.0008562595,0.0010957156,-0.00023945607,False,False,False,No change
L4T,2026-03-25 23:00:00,2026-03-26 13:00:00,14,+2.5C,2.5,2.7,5.2,NORMAL,0.000891052,0.001259224,-0.000368172,False,False,False,No change
L4T,2026-03-25 23:00:00,2026-03-26 14:00:00,15,+2.5C,2.5,2.7,5.2,NORMAL,0.0013754901,0.0020129383,-0.00063744816,False,False,False,No change
L4T,2026-03-25 23:00:00,2026-03-26 15:00:00,16,+2.5C,2.5,2.7,5.2,NORMAL,0.0034176656,0.004897577,-0.0014799116,False,False,False,No change
L4T,2026-03-25 23:00:00,2026-03-26 16:00:00,17,+2.5C,2.5,2.7,5.2,NORMAL,0.016590199,0.019324277,-0.002734078,False,False,False,No change
L4T,2026-03-25 23:00:00,2026-03-26 17:00:00,18,+2.5C,2.5,2.7,5.2,NORMAL,0.047152687,0.054492604,-0.007339917,False,False,False,No change
L4T,2026-03-25 23:00:00,2026-03-26 18:00:00,19,+2.5C,2.5,2.7,5.2,NORMAL,0.102214836,0.13483499,-0.032620154,True,True,False,No change
L4T,2026-03-25 23:00:00,2026-03-26 19:00:00,20,+2.5C,2.5,2.7,5.2,NORMAL,0.18850031,0.19869481,-0.010194495,True,True,False,No change
L4T,2026-03-25 23:00:00,2026-03-26 20:00:00,21,+2.5C,2.5,2.7,5.2,NORMAL,0.07650208,0.09968124,-0.023179166,True,True,False,No change
L4T,2026-03-25 23:00:00,2026-03-26 21:00:00,22,+2.5C,2.5,2.7,5.2,NORMAL,0.010573291,0.013037168,-0.0024638772,False,False,False,No change
L4T,2026-03-25 23:00:00,2026-03-26 22:00:00,23,+2.5C,2.5,2.7,5.2,NORMAL,0.0067194207,0.0057833656,0.0009360551,False,False,False,No change
L4T,2026-03-25 23:00:00,2026-03-26 23:00:00,24,+2.5C,2.5,2.7,5.2,NORMAL,0.0023754318,0.0017222426,0.00065318926,False,False,False,No change
L4T,2026-03-25 23:00:00,2026-03-26 00:00:00,1,+5C,5.0,2.7,7.7,NORMAL,2.3836266e-05,4.4465567e-05,-2.06293e-05,False,False,False,No change
L4T,2026-03-25 23:00:00,2026-03-26 01:00:00,2,+5C,5.0,2.7,7.7,NORMAL,2.1921334e-05,4.7154306e-05,-2.5232972e-05,False,False,False,No change
L4T,2026-03-25 23:00:00,2026-03-26 02:00:00,3,+5C,5.0,2.7,7.7,NORMAL,1.8512372e-05,2.9230729e-05,-1.0718357e-05,False,False,False,No change
L4T,2026-03-25 23:00:00,2026-03-26 03:00:00,4,+5C,5.0,2.7,7.7,NORMAL,2.1715821e-05,4.832891e-05,-2.661309e-05,False,False,False,No change
L4T,2026-03-25 23:00:00,2026-03-26 04:00:00,5,+5C,5.0,2.7,7.7,NORMAL,4.032949e-05,8.5999505e-05,-4.5670015e-05,False,False,False,No change
L4T,2026-03-25 23:00:00,2026-03-26 05:00:00,6,+5C,5.0,2.7,7.7,NORMAL,5.6117016e-05,0.00011538722,-5.9270205e-05,False,False,False,No change
L4T,2026-03-25 23:00:00,2026-03-26 06:00:00,7,+5C,5.0,2.7,7.7,NORMAL,2.9210523e-05,4.351455e-05,-1.4304025e-05,False,False,False,No change
L4T,2026-03-25 23:00:00,2026-03-26 07:00:00,8,+5C,5.0,2.7,7.7,NORMAL,2.9744991e-05,4.58001e-05,-1.605511e-05,False,False,False,No change
L4T,2026-03-25 23:00:00,2026-03-26 08:00:00,9,+5C,5.0,2.7,7.7,NORMAL,2.6550357e-05,5.783667e-05,-3.1286312e-05,False,False,False,No change
L4T,2026-03-25 23:00:00,2026-03-26 09:00:00,10,+5C,5.0,2.7,7.7,NORMAL,3.579778e-05,6.825565e-05,-3.245787e-05,False,False,False,No change
L4T,2026-03-25 23:00:00,2026-03-26 10:00:00,11,+5C,5.0,2.7,7.7,NORMAL,8.436948e-05,0.00032700485,-0.00024263537,False,False,False,No change
L4T,2026-03-25 23:00:00,2026-03-26 11:00:00,12,+5C,5.0,2.7,7.7,NORMAL,9.740031e-05,0.00056978216,-0.00047238186,False,False,False,No change
L4T,2026-03-25 23:00:00,2026-03-26 12:00:00,13,+5C,5.0,2.7,7.7,NORMAL,0.00014412402,0.0010957156,-0.00095159153,False,False,False,No change
L4T,2026-03-25 23:00:00,2026-03-26 13:00:00,14,+5C,5.0,2.7,7.7,NORMAL,0.00021458654,0.001259224,-0.0010446375,False,False,False,No change
L4T,2026-03-25 23:00:00,2026-03-26 14:00:00,15,+5C,5.0,2.7,7.7,NORMAL,0.00030909185,0.0020129383,-0.0017038464,False,False,False,No change
L4T,2026-03-25 23:00:00,2026-03-26 15:00:00,16,+5C,5.0,2.7,7.7,NORMAL,0.0006676211,0.004897577,-0.0042299563,False,False,False,No change
L4T,2026-03-25 23:00:00,2026-03-26 16:00:00,17,+5C,5.0,2.7,7.7,NORMAL,0.002697006,0.019324277,-0.01662727,False,False,False,No change
L4T,2026-03-25 23:00:00,2026-03-26 17:00:00,18,+5C,5.0,2.7,7.7,NORMAL,0.007163922,0.054492604,-0.04732868,False,False,False,No change
L4T,2026-03-25 23:00:00,2026-03-26 18:00:00,19,+5C,5.0,2.7,7.7,NORMAL,0.02909588,0.13483499,-0.10573911,False,True,True,Alert -> No Alert
L4T,2026-03-25 23:00:00,2026-03-26 19:00:00,20,+5C,5.0,2.7,7.7,NORMAL,0.04779632,0.19869481,-0.15089849,False,True,True,Alert -> No Alert
L4T,2026-03-25 23:00:00,2026-03-26 20:00:00,21,+5C,5.0,2.7,7.7,NORMAL,0.017194517,0.09968124,-0.08248673,False,True,True,Alert -> No Alert
L4T,2026-03-25 23:00:00,2026-03-26 21:00:00,22,+5C,5.0,2.7,7.7,NORMAL,0.0044690548,0.013037168,-0.008568114,False,False,False,No change
L4T,2026-03-25 23:00:00,2026-03-26 22:00:00,23,+5C,5.0,2.7,7.7,NORMAL,0.0017104327,0.0057833656,-0.004072933,False,False,False,No change
L4T,2026-03-25 23:00:00,2026-03-26 23:00:00,24,+5C,5.0,2.7,7.7,NORMAL,0.0015873989,0.0017222426,-0.00013484363,False,False,False,No change
L4T,2026-03-25 23:00:00,2026-03-26 00:00:00,1,-2.5C,-2.5,2.7,0.20000000000000018,NORMAL,7.0990085e-05,4.4465567e-05,2.6524518e-05,False,False,False,No change
L4T,2026-03-25 23:00:00,2026-03-26 01:00:00,2,-2.5C,-2.5,2.7,0.20000000000000018,NORMAL,6.14641e-05,4.7154306e-05,1.4309797e-05,False,False,False,No change
L4T,2026-03-25 23:00:00,2026-03-26 02:00:00,3,-2.5C,-2.5,2.7,0.20000000000000018,NORMAL,3.5028195e-05,2.9230729e-05,5.7974667e-06,False,False,False,No change
L4T,2026-03-25 23:00:00,2026-03-26 03:00:00,4,-2.5C,-2.5,2.7,0.20000000000000018,NORMAL,7.7581375e-05,4.832891e-05,2.9252464e-05,False,False,False,No change
L4T,2026-03-25 23:00:00,2026-03-26 04:00:00,5,-2.5C,-2.5,2.7,0.20000000000000018,NORMAL,0.00010429585,8.5999505e-05,1.8296341e-05,False,False,False,No change
L4T,2026-03-25 23:00:00,2026-03-26 05:00:00,6,-2.5C,-2.5,2.7,0.20000000000000018,NORMAL,0.00023676637,0.00011538722,0.00012137915,False,False,False,No change
L4T,2026-03-25 23:00:00,2026-03-26 06:00:00,7,-2.5C,-2.5,2.7,0.20000000000000018,NORMAL,0.00010409425,4.351455e-05,6.0579703e-05,False,False,False,No change
L4T,2026-03-25 23:00:00,2026-03-26 07:00:00,8,-2.5C,-2.5,2.7,0.20000000000000018,NORMAL,9.8910605e-05,4.58001e-05,5.3110503e-05,False,False,False,No change
L4T,2026-03-25 23:00:00,2026-03-26 08:00:00,9,-2.5C,-2.5,2.7,0.20000000000000018,NORMAL,0.00011053926,5.783667e-05,5.2702588e-05,False,False,False,No change
L4T,2026-03-25 23:00:00,2026-03-26 09:00:00,10,-2.5C,-2.5,2.7,0.20000000000000018,NORMAL,0.00010654148,6.825565e-05,3.8285834e-05,False,False,False,No change
L4T,2026-03-25 23:00:00,2026-03-26 10:00:00,11,-2.5C,-2.5,2.7,0.20000000000000018,NORMAL,0.00041105048,0.00032700485,8.4045634e-05,False,False,False,No change
L4T,2026-03-25 23:00:00,2026-03-26 11:00:00,12,-2.5C,-2.5,2.7,0.20000000000000018,NORMAL,0.00083473977,0.00056978216,0.0002649576,False,False,False,No change
L4T,2026-03-25 23:00:00,2026-03-26 12:00:00,13,-2.5C,-2.5,2.7,0.20000000000000018,NORMAL,0.0013759382,0.0010957156,0.00028022262,False,False,False,No change
L4T,2026-03-25 23:00:00,2026-03-26 13:00:00,14,-2.5C,-2.5,2.7,0.20000000000000018,NORMAL,0.001985098,0.001259224,0.000725874,False,False,False,No change
L4T,2026-03-25 23:00:00,2026-03-26 14:00:00,15,-2.5C,-2.5,2.7,0.20000000000000018,NORMAL,0.0019133249,0.0020129383,-9.961333e-05,False,False,False,No change
L4T,2026-03-25 23:00:00,2026-03-26 15:00:00,16,-2.5C,-2.5,2.7,0.20000000000000018,NORMAL,0.0039372374,0.004897577,-0.0009603398,False,False,False,No change
L4T,2026-03-25 23:00:00,2026-03-26 16:00:00,17,-2.5C,-2.5,2.7,0.20000000000000018,NORMAL,0.018355181,0.019324277,-0.00096909516,False,False,False,No change
L4T,2026-03-25 23:00:00,2026-03-26 17:00:00,18,-2.5C,-2.5,2.7,0.20000000000000018,NORMAL,0.044080455,0.054492604,-0.010412149,False,False,False,No change
L4T,2026-03-25 23:00:00,2026-03-26 18:00:00,19,-2.5C,-2.5,2.7,0.20000000000000018,NORMAL,0.119797125,0.13483499,-0.015037864,True,True,False,No change
L4T,2026-03-25 23:00:00,2026-03-26 19:00:00,20,-2.5C,-2.5,2.7,0.20000000000000018,NORMAL,0.16780339,0.19869481,-0.030891418,True,True,False,No change
L4T,2026-03-25 23:00:00,2026-03-26 20:00:00,21,-2.5C,-2.5,2.7,0.20000000000000018,NORMAL,0.1543411,0.09968124,0.05465986,True,True,False,No change
L4T,2026-03-25 23:00:00,2026-03-26 21:00:00,22,-2.5C,-2.5,2.7,0.20000000000000018,NORMAL,0.014914305,0.013037168,0.0018771365,False,False,False,No change
L4T,2026-03-25 23:00:00,2026-03-26 22:00:00,23,-2.5C,-2.5,2.7,0.20000000000000018,NORMAL,0.0072895777,0.0057833656,0.0015062122,False,False,False,No change
L4T,2026-03-25 23:00:00,2026-03-26 23:00:00,24,-2.5C,-2.5,2.7,0.20000000000000018,NORMAL,0.002539033,0.0017222426,0.0008167905,False,False,False,No change
L4T,2026-03-25 23:00:00,2026-03-26 00:00:00,1,-5C,-5.0,2.7,-2.3,NORMAL,9.4075534e-05,4.4465567e-05,4.9609967e-05,False,False,False,No change
L4T,2026-03-25 23:00:00,2026-03-26 01:00:00,2,-5C,-5.0,2.7,-2.3,NORMAL,6.6696426e-05,4.7154306e-05,1.954212e-05,False,False,False,No change
L4T,2026-03-25 23:00:00,2026-03-26 02:00:00,3,-5C,-5.0,2.7,-2.3,NORMAL,4.0870993e-05,2.9230729e-05,1.1640264e-05,False,False,False,No change
L4T,2026-03-25 23:00:00,2026-03-26 03:00:00,4,-5C,-5.0,2.7,-2.3,NORMAL,0.000109275345,4.832891e-05,6.0946433e-05,False,False,False,No change
L4T,2026-03-25 23:00:00,2026-03-26 04:00:00,5,-5C,-5.0,2.7,-2.3,NORMAL,0.00013294835,8.5999505e-05,4.6948844e-05,False,False,False,No change
L4T,2026-03-25 23:00:00,2026-03-26 05:00:00,6,-5C,-5.0,2.7,-2.3,NORMAL,0.00036518506,0.00011538722,0.00024979783,False,False,False,No change
L4T,2026-03-25 23:00:00,2026-03-26 06:00:00,7,-5C,-5.0,2.7,-2.3,NORMAL,0.00012691408,4.351455e-05,8.339953e-05,False,False,False,No change
L4T,2026-03-25 23:00:00,2026-03-26 07:00:00,8,-5C,-5.0,2.7,-2.3,NORMAL,0.00011193131,4.58001e-05,6.613121e-05,False,False,False,No change
L4T,2026-03-25 23:00:00,2026-03-26 08:00:00,9,-5C,-5.0,2.7,-2.3,NORMAL,0.00011204109,5.783667e-05,5.4204418e-05,False,False,False,No change
L4T,2026-03-25 23:00:00,2026-03-26 09:00:00,10,-5C,-5.0,2.7,-2.3,NORMAL,0.000102518505,6.825565e-05,3.4262855e-05,False,False,False,No change
L4T,2026-03-25 23:00:00,2026-03-26 10:00:00,11,-5C,-5.0,2.7,-2.3,NORMAL,0.0003970984,0.00032700485,7.009355e-05,False,False,False,No change
L4T,2026-03-25 23:00:00,2026-03-26 11:00:00,12,-5C,-5.0,2.7,-2.3,NORMAL,0.0007969202,0.00056978216,0.00022713805,False,False,False,No change
L4T,2026-03-25 23:00:00,2026-03-26 12:00:00,13,-5C,-5.0,2.7,-2.3,NORMAL,0.0017394677,0.0010957156,0.00064375217,False,False,False,No change
L4T,2026-03-25 23:00:00,2026-03-26 13:00:00,14,-5C,-5.0,2.7,-2.3,NORMAL,0.0019033517,0.001259224,0.0006441277,False,False,False,No change
L4T,2026-03-25 23:00:00,2026-03-26 14:00:00,15,-5C,-5.0,2.7,-2.3,NORMAL,0.001953215,0.0020129383,-5.9723156e-05,False,False,False,No change
L4T,2026-03-25 23:00:00,2026-03-26 15:00:00,16,-5C,-5.0,2.7,-2.3,NORMAL,0.004087006,0.004897577,-0.000810571,False,False,False,No change
L4T,2026-03-25 23:00:00,2026-03-26 16:00:00,17,-5C,-5.0,2.7,-2.3,NORMAL,0.013918502,0.019324277,-0.0054057743,False,False,False,No change
L4T,2026-03-25 23:00:00,2026-03-26 17:00:00,18,-5C,-5.0,2.7,-2.3,NORMAL,0.046058457,0.054492604,-0.008434147,False,False,False,No change
L4T,2026-03-25 23:00:00,2026-03-26 18:00:00,19,-5C,-5.0,2.7,-2.3,NORMAL,0.12465403,0.13483499,-0.010180958,True,True,False,No change
L4T,2026-03-25 23:00:00,2026-03-26 19:00:00,20,-5C,-5.0,2.7,-2.3,NORMAL,0.18013357,0.19869481,-0.018561244,True,True,False,No change
L4T,2026-03-25 23:00:00,2026-03-26 20:00:00,21,-5C,-5.0,2.7,-2.3,NORMAL,0.14477558,0.09968124,0.04509434,True,True,False,No change
L4T,2026-03-25 23:00:00,2026-03-26 21:00:00,22,-5C,-5.0,2.7,-2.3,NORMAL,0.017920744,0.013037168,0.0048835753,False,False,False,No change
L4T,2026-03-25 23:00:00,2026-03-26 22:00:00,23,-5C,-5.0,2.7,-2.3,NORMAL,0.0077367867,0.0057833656,0.0019534212,False,False,False,No change
L4T,2026-03-25 23:00:00,2026-03-26 23:00:00,24,-5C,-5.0,2.7,-2.3,NORMAL,0.002435466,0.0017222426,0.0007132235,False,False,False,No change
L4T,2026-03-25 23:00:00,2026-03-26 00:00:00,1,Baseline,0.0,2.7,2.7,NORMAL,4.4465567e-05,4.4465567e-05,0.0,False,False,False,No change
L4T,2026-03-25 23:00:00,2026-03-26 01:00:00,2,Baseline,0.0,2.7,2.7,NORMAL,4.7154306e-05,4.7154306e-05,0.0,False,False,False,No change
L4T,2026-03-25 23:00:00,2026-03-26 02:00:00,3,Baseline,0.0,2.7,2.7,NORMAL,2.9230729e-05,2.9230729e-05,0.0,False,False,False,No change
L4T,2026-03-25 23:00:00,2026-03-26 03:00:00,4,Baseline,0.0,2.7,2.7,NORMAL,4.832891e-05,4.832891e-05,0.0,False,False,False,No change
L4T,2026-03-25 23:00:00,2026-03-26 04:00:00,5,Baseline,0.0,2.7,2.7,NORMAL,8.5999505e-05,8.5999505e-05,0.0,False,False,False,No change
L4T,2026-03-25 23:00:00,2026-03-26 05:00:00,6,Baseline,0.0,2.7,2.7,NORMAL,0.00011538722,0.00011538722,0.0,False,False,False,No change
L4T,2026-03-25 23:00:00,2026-03-26 06:00:00,7,Baseline,0.0,2.7,2.7,NORMAL,4.351455e-05,4.351455e-05,0.0,False,False,False,No change
L4T,2026-03-25 23:00:00,2026-03-26 07:00:00,8,Baseline,0.0,2.7,2.7,NORMAL,4.58001e-05,4.58001e-05,0.0,False,False,False,No change
L4T,2026-03-25 23:00:00,2026-03-26 08:00:00,9,Baseline,0.0,2.7,2.7,NORMAL,5.783667e-05,5.783667e-05,0.0,False,False,False,No change
L4T,2026-03-25 23:00:00,2026-03-26 09:00:00,10,Baseline,0.0,2.7,2.7,NORMAL,6.825565e-05,6.825565e-05,0.0,False,False,False,No change
L4T,2026-03-25 23:00:00,2026-03-26 10:00:00,11,Baseline,0.0,2.7,2.7,NORMAL,0.00032700485,0.00032700485,0.0,False,False,False,No change
L4T,2026-03-25 23:00:00,2026-03-26 11:00:00,12,Baseline,0.0,2.7,2.7,NORMAL,0.00056978216,0.00056978216,0.0,False,False,False,No change
L4T,2026-03-25 23:00:00,2026-03-26 12:00:00,13,Baseline,0.0,2.7,2.7,NORMAL,0.0010957156,0.0010957156,0.0,False,False,False,No change
L4T,2026-03-25 23:00:00,2026-03-26 13:00:00,14,Baseline,0.0,2.7,2.7,NORMAL,0.001259224,0.001259224,0.0,False,False,False,No change
L4T,2026-03-25 23:00:00,2026-03-26 14:00:00,15,Baseline,0.0,2.7,2.7,NORMAL,0.0020129383,0.0020129383,0.0,False,False,False,No change
L4T,2026-03-25 23:00:00,2026-03-26 15:00:00,16,Baseline,0.0,2.7,2.7,NORMAL,0.004897577,0.004897577,0.0,False,False,False,No change
L4T,2026-03-25 23:00:00,2026-03-26 16:00:00,17,Baseline,0.0,2.7,2.7,NORMAL,0.019324277,0.019324277,0.0,False,False,False,No change
L4T,2026-03-25 23:00:00,2026-03-26 17:00:00,18,Baseline,0.0,2.7,2.7,NORMAL,0.054492604,0.054492604,0.0,False,False,False,No change
L4T,2026-03-25 23:00:00,2026-03-26 18:00:00,19,Baseline,0.0,2.7,2.7,NORMAL,0.13483499,0.13483499,0.0,True,True,False,No change
L4T,2026-03-25 23:00:00,2026-03-26 19:00:00,20,Baseline,0.0,2.7,2.7,NORMAL,0.19869481,0.19869481,0.0,True,True,False,No change
L4T,2026-03-25 23:00:00,2026-03-26 20:00:00,21,Baseline,0.0,2.7,2.7,NORMAL,0.09968124,0.09968124,0.0,True,True,False,No change
L4T,2026-03-25 23:00:00,2026-03-26 21:00:00,22,Baseline,0.0,2.7,2.7,NORMAL,0.013037168,0.013037168,0.0,False,False,False,No change
L4T,2026-03-25 23:00:00,2026-03-26 22:00:00,23,Baseline,0.0,2.7,2.7,NORMAL,0.0057833656,0.0057833656,0.0,False,False,False,No change
L4T,2026-03-25 23:00:00,2026-03-26 23:00:00,24,Baseline,0.0,2.7,2.7,NORMAL,0.0017222426,0.0017222426,0.0,False,False,False,No change
M5R,2026-03-25 23:00:00,2026-03-26 00:00:00,1,+2.5C,2.5,4.3,6.8,NORMAL,0.00027178435,0.0003757046,-0.00010392026,False,False,False,No change
M5R,2026-03-25 23:00:00,2026-03-26 01:00:00,2,+2.5C,2.5,4.3,6.8,NORMAL,0.00019439915,0.00029321457,-9.881542e-05,False,False,False,No change
M5R,2026-03-25 23:00:00,2026-03-26 02:00:00,3,+2.5C,2.5,4.3,6.8,NORMAL,0.00024602585,0.0002801808,-3.4154946e-05,False,False,False,No change
M5R,2026-03-25 23:00:00,2026-03-26 03:00:00,4,+2.5C,2.5,4.3,6.8,NORMAL,0.0003382318,0.00038120852,-4.2976724e-05,False,False,False,No change
M5R,2026-03-25 23:00:00,2026-03-26 04:00:00,5,+2.5C,2.5,4.3,6.8,NORMAL,0.0006042997,0.0006983468,-9.404711e-05,False,False,False,No change
M5R,2026-03-25 23:00:00,2026-03-26 05:00:00,6,+2.5C,2.5,4.3,6.8,NORMAL,0.0016420409,0.0019247815,-0.00028274057,False,False,False,No change
M5R,2026-03-25 23:00:00,2026-03-26 06:00:00,7,+2.5C,2.5,4.3,6.8,NORMAL,0.0024219102,0.002704747,-0.00028283685,False,False,False,No change
M5R,2026-03-25 23:00:00,2026-03-26 07:00:00,8,+2.5C,2.5,4.3,6.8,NORMAL,0.0023035607,0.002663222,-0.00035966118,False,False,False,No change
M5R,2026-03-25 23:00:00,2026-03-26 08:00:00,9,+2.5C,2.5,4.3,6.8,NORMAL,0.0021562232,0.0030215958,-0.0008653726,False,False,False,No change
M5R,2026-03-25 23:00:00,2026-03-26 09:00:00,10,+2.5C,2.5,4.3,6.8,NORMAL,0.0014784201,0.0037385677,-0.0022601476,False,False,False,No change
M5R,2026-03-25 23:00:00,2026-03-26 10:00:00,11,+2.5C,2.5,4.3,6.8,NORMAL,0.0039413557,0.012832306,-0.008890951,False,False,False,No change
M5R,2026-03-25 23:00:00,2026-03-26 11:00:00,12,+2.5C,2.5,4.3,6.8,NORMAL,0.007350585,0.020829475,-0.01347889,False,False,False,No change
M5R,2026-03-25 23:00:00,2026-03-26 12:00:00,13,+2.5C,2.5,4.3,6.8,NORMAL,0.008243595,0.05204273,-0.043799136,False,False,False,No change
M5R,2026-03-25 23:00:00,2026-03-26 13:00:00,14,+2.5C,2.5,4.3,6.8,NORMAL,0.009561278,0.053507145,-0.043945868,False,False,False,No change
M5R,2026-03-25 23:00:00,2026-03-26 14:00:00,15,+2.5C,2.5,4.3,6.8,NORMAL,0.008438618,0.04362355,-0.035184935,False,False,False,No change
M5R,2026-03-25 23:00:00,2026-03-26 15:00:00,16,+2.5C,2.5,4.3,6.8,NORMAL,0.035834547,0.15565006,-0.11981551,False,True,True,Alert -> No Alert
M5R,2026-03-25 23:00:00,2026-03-26 16:00:00,17,+2.5C,2.5,4.3,6.8,NORMAL,0.051844575,0.33131853,-0.27947396,False,True,True,Alert -> No Alert
M5R,2026-03-25 23:00:00,2026-03-26 17:00:00,18,+2.5C,2.5,4.3,6.8,NORMAL,0.2786915,0.6648983,-0.38620678,True,True,False,No change
M5R,2026-03-25 23:00:00,2026-03-26 18:00:00,19,+2.5C,2.5,4.3,6.8,NORMAL,0.7288511,0.92385745,-0.19500637,True,True,False,No change
M5R,2026-03-25 23:00:00,2026-03-26 19:00:00,20,+2.5C,2.5,4.3,6.8,NORMAL,0.6415592,0.88542604,-0.24386686,True,True,False,No change
M5R,2026-03-25 23:00:00,2026-03-26 20:00:00,21,+2.5C,2.5,4.3,6.8,NORMAL,0.62692785,0.87670946,-0.24978161,True,True,False,No change
M5R,2026-03-25 23:00:00,2026-03-26 21:00:00,22,+2.5C,2.5,4.3,6.8,NORMAL,0.63023907,0.7680165,-0.13777745,True,True,False,No change
M5R,2026-03-25 23:00:00,2026-03-26 22:00:00,23,+2.5C,2.5,4.3,6.8,NORMAL,0.09076185,0.18719587,-0.09643402,True,True,False,No change
M5R,2026-03-25 23:00:00,2026-03-26 23:00:00,24,+2.5C,2.5,4.3,6.8,NORMAL,0.024640005,0.028092664,-0.0034526587,False,False,False,No change
M5R,2026-03-25 23:00:00,2026-03-26 00:00:00,1,+5C,5.0,4.3,9.3,NORMAL,0.00022529237,0.0003757046,-0.00015041223,False,False,False,No change
M5R,2026-03-25 23:00:00,2026-03-26 01:00:00,2,+5C,5.0,4.3,9.3,NORMAL,8.880367e-05,0.00029321457,-0.0002044109,False,False,False,No change
M5R,2026-03-25 23:00:00,2026-03-26 02:00:00,3,+5C,5.0,4.3,9.3,NORMAL,0.00019756611,0.0002801808,-8.2614686e-05,False,False,False,No change
M5R,2026-03-25 23:00:00,2026-03-26 03:00:00,4,+5C,5.0,4.3,9.3,NORMAL,0.00020139705,0.00038120852,-0.00017981147,False,False,False,No change
M5R,2026-03-25 23:00:00,2026-03-26 04:00:00,5,+5C,5.0,4.3,9.3,NORMAL,0.00035969564,0.0006983468,-0.00033865118,False,False,False,No change
M5R,2026-03-25 23:00:00,2026-03-26 05:00:00,6,+5C,5.0,4.3,9.3,NORMAL,0.001343982,0.0019247815,-0.00058079953,False,False,False,No change
M5R,2026-03-25 23:00:00,2026-03-26 06:00:00,7,+5C,5.0,4.3,9.3,NORMAL,0.0014023028,0.002704747,-0.0013024443,False,False,False,No change
M5R,2026-03-25 23:00:00,2026-03-26 07:00:00,8,+5C,5.0,4.3,9.3,NORMAL,0.0018663085,0.002663222,-0.0007969134,False,False,False,No change
M5R,2026-03-25 23:00:00,2026-03-26 08:00:00,9,+5C,5.0,4.3,9.3,NORMAL,0.0014704178,0.0030215958,-0.0015511779,False,False,False,No change
M5R,2026-03-25 23:00:00,2026-03-26 09:00:00,10,+5C,5.0,4.3,9.3,NORMAL,0.0012843375,0.0037385677,-0.00245423,False,False,False,No change
M5R,2026-03-25 23:00:00,2026-03-26 10:00:00,11,+5C,5.0,4.3,9.3,NORMAL,0.0038685454,0.012832306,-0.008963761,False,False,False,No change
M5R,2026-03-25 23:00:00,2026-03-26 11:00:00,12,+5C,5.0,4.3,9.3,NORMAL,0.0049223984,0.020829475,-0.015907075,False,False,False,No change
M5R,2026-03-25 23:00:00,2026-03-26 12:00:00,13,+5C,5.0,4.3,9.3,NORMAL,0.007521872,0.05204273,-0.04452086,False,False,False,No change
M5R,2026-03-25 23:00:00,2026-03-26 13:00:00,14,+5C,5.0,4.3,9.3,NORMAL,0.009561278,0.053507145,-0.043945868,False,False,False,No change
M5R,2026-03-25 23:00:00,2026-03-26 14:00:00,15,+5C,5.0,4.3,9.3,NORMAL,0.0071791895,0.04362355,-0.036444362,False,False,False,No change
M5R,2026-03-25 23:00:00,2026-03-26 15:00:00,16,+5C,5.0,4.3,9.3,NORMAL,0.034186535,0.15565006,-0.12146353,False,True,True,Alert -> No Alert
M5R,2026-03-25 23:00:00,2026-03-26 16:00:00,17,+5C,5.0,4.3,9.3,NORMAL,0.039048195,0.33131853,-0.29227033,False,True,True,Alert -> No Alert
M5R,2026-03-25 23:00:00,2026-03-26 17:00:00,18,+5C,5.0,4.3,9.3,NORMAL,0.17674781,0.6648983,-0.48815048,True,True,False,No change
M5R,2026-03-25 23:00:00,2026-03-26 18:00:00,19,+5C,5.0,4.3,9.3,NORMAL,0.5646715,0.92385745,-0.35918593,True,True,False,No change
M5R,2026-03-25 23:00:00,2026-03-26 19:00:00,20,+5C,5.0,4.3,9.3,NORMAL,0.48657143,0.88542604,-0.3988546,True,True,False,No change
M5R,2026-03-25 23:00:00,2026-03-26 20:00:00,21,+5C,5.0,4.3,9.3,NORMAL,0.3815278,0.87670946,-0.49518165,True,True,False,No change
M5R,2026-03-25 23:00:00,2026-03-26 21:00:00,22,+5C,5.0,4.3,9.3,NORMAL,0.35042843,0.7680165,-0.41758808,True,True,False,No change
M5R,2026-03-25 23:00:00,2026-03-26 22:00:00,23,+5C,5.0,4.3,9.3,NORMAL,0.030430391,0.18719587,-0.15676548,False,True,True,Alert -> No Alert
M5R,2026-03-25 23:00:00,2026-03-26 23:00:00,24,+5C,5.0,4.3,9.3,NORMAL,0.012063152,0.028092664,-0.01602951,False,False,False,No change
M5R,2026-03-25 23:00:00,2026-03-26 00:00:00,1,-2.5C,-2.5,4.3,1.7999999999999998,NORMAL,0.0007561341,0.0003757046,0.0003804295,False,False,False,No change
M5R,2026-03-25 23:00:00,2026-03-26 01:00:00,2,-2.5C,-2.5,4.3,1.7999999999999998,NORMAL,0.0006404988,0.00029321457,0.00034728425,False,False,False,No change
M5R,2026-03-25 23:00:00,2026-03-26 02:00:00,3,-2.5C,-2.5,4.3,1.7999999999999998,NORMAL,0.0006146922,0.0002801808,0.00033451142,False,False,False,No change
M5R,2026-03-25 23:00:00,2026-03-26 03:00:00,4,-2.5C,-2.5,4.3,1.7999999999999998,NORMAL,0.0010822193,0.00038120852,0.0007010108,False,False,False,No change
M5R,2026-03-25 23:00:00,2026-03-26 04:00:00,5,-2.5C,-2.5,4.3,1.7999999999999998,NORMAL,0.0031217025,0.0006983468,0.0024233556,False,False,False,No change
M5R,2026-03-25 23:00:00,2026-03-26 05:00:00,6,-2.5C,-2.5,4.3,1.7999999999999998,NORMAL,0.007982661,0.0019247815,0.0060578794,False,False,False,No change
M5R,2026-03-25 23:00:00,2026-03-26 06:00:00,7,-2.5C,-2.5,4.3,1.7999999999999998,NORMAL,0.00899412,0.002704747,0.006289373,False,False,False,No change
M5R,2026-03-25 23:00:00,2026-03-26 07:00:00,8,-2.5C,-2.5,4.3,1.7999999999999998,NORMAL,0.010103388,0.002663222,0.0074401656,False,False,False,No change
M5R,2026-03-25 23:00:00,2026-03-26 08:00:00,9,-2.5C,-2.5,4.3,1.7999999999999998,NORMAL,0.008535327,0.0030215958,0.0055137314,False,False,False,No change
M5R,2026-03-25 23:00:00,2026-03-26 09:00:00,10,-2.5C,-2.5,4.3,1.7999999999999998,NORMAL,0.0052760057,0.0037385677,0.001537438,False,False,False,No change
M5R,2026-03-25 23:00:00,2026-03-26 10:00:00,11,-2.5C,-2.5,4.3,1.7999999999999998,NORMAL,0.029137425,0.012832306,0.016305119,False,False,False,No change
M5R,2026-03-25 23:00:00,2026-03-26 11:00:00,12,-2.5C,-2.5,4.3,1.7999999999999998,NORMAL,0.054507233,0.020829475,0.033677757,False,False,False,No change
M5R,2026-03-25 23:00:00,2026-03-26 12:00:00,13,-2.5C,-2.5,4.3,1.7999999999999998,NORMAL,0.13021693,0.05204273,0.078174196,True,False,True,No Alert -> Alert
M5R,2026-03-25 23:00:00,2026-03-26 13:00:00,14,-2.5C,-2.5,4.3,1.7999999999999998,NORMAL,0.082795694,0.053507145,0.029288549,True,False,True,No Alert -> Alert
M5R,2026-03-25 23:00:00,2026-03-26 14:00:00,15,-2.5C,-2.5,4.3,1.7999999999999998,NORMAL,0.0992667,0.04362355,0.05564315,True,False,True,No Alert -> Alert
M5R,2026-03-25 23:00:00,2026-03-26 15:00:00,16,-2.5C,-2.5,4.3,1.7999999999999998,NORMAL,0.36336696,0.15565006,0.2077169,True,True,False,No change
M5R,2026-03-25 23:00:00,2026-03-26 16:00:00,17,-2.5C,-2.5,4.3,1.7999999999999998,NORMAL,0.53460145,0.33131853,0.20328292,True,True,False,No change
M5R,2026-03-25 23:00:00,2026-03-26 17:00:00,18,-2.5C,-2.5,4.3,1.7999999999999998,NORMAL,0.8579482,0.6648983,0.19304991,True,True,False,No change
M5R,2026-03-25 23:00:00,2026-03-26 18:00:00,19,-2.5C,-2.5,4.3,1.7999999999999998,NORMAL,0.96994406,0.92385745,0.04608661,True,True,False,No change
M5R,2026-03-25 23:00:00,2026-03-26 19:00:00,20,-2.5C,-2.5,4.3,1.7999999999999998,NORMAL,0.9495247,0.88542604,0.064098656,True,True,False,No change
M5R,2026-03-25 23:00:00,2026-03-26 20:00:00,21,-2.5C,-2.5,4.3,1.7999999999999998,NORMAL,0.94402486,0.87670946,0.0673154,True,True,False,No change
M5R,2026-03-25 23:00:00,2026-03-26 21:00:00,22,-2.5C,-2.5,4.3,1.7999999999999998,NORMAL,0.84896165,0.7680165,0.080945134,True,True,False,No change
M5R,2026-03-25 23:00:00,2026-03-26 22:00:00,23,-2.5C,-2.5,4.3,1.7999999999999998,NORMAL,0.22882926,0.18719587,0.041633397,True,True,False,No change
M5R,2026-03-25 23:00:00,2026-03-26 23:00:00,24,-2.5C,-2.5,4.3,1.7999999999999998,NORMAL,0.03201779,0.028092664,0.003925126,False,False,False,No change
M5R,2026-03-25 23:00:00,2026-03-26 00:00:00,1,-5C,-5.0,4.3,-0.7000000000000002,NORMAL,0.002038433,0.0003757046,0.0016627284,False,False,False,No change
M5R,2026-03-25 23:00:00,2026-03-26 01:00:00,2,-5C,-5.0,4.3,-0.7000000000000002,NORMAL,0.0007156272,0.00029321457,0.00042241265,False,False,False,No change
M5R,2026-03-25 23:00:00,2026-03-26 02:00:00,3,-5C,-5.0,4.3,-0.7000000000000002,NORMAL,0.00057610444,0.0002801808,0.00029592364,False,False,False,No change
M5R,2026-03-25 23:00:00,2026-03-26 03:00:00,4,-5C,-5.0,4.3,-0.7000000000000002,NORMAL,0.0016136904,0.00038120852,0.0012324819,False,False,False,No change
M5R,2026-03-25 23:00:00,2026-03-26 04:00:00,5,-5C,-5.0,4.3,-0.7000000000000002,NORMAL,0.004040821,0.0006983468,0.003342474,False,False,False,No change
M5R,2026-03-25 23:00:00,2026-03-26 05:00:00,6,-5C,-5.0,4.3,-0.7000000000000002,NORMAL,0.015095148,0.0019247815,0.013170367,False,False,False,No change
M5R,2026-03-25 23:00:00,2026-03-26 06:00:00,7,-5C,-5.0,4.3,-0.7000000000000002,NORMAL,0.011226915,0.002704747,0.008522168,False,False,False,No change
M5R,2026-03-25 23:00:00,2026-03-26 07:00:00,8,-5C,-5.0,4.3,-0.7000000000000002,NORMAL,0.01196328,0.002663222,0.009300058,False,False,False,No change
M5R,2026-03-25 23:00:00,2026-03-26 08:00:00,9,-5C,-5.0,4.3,-0.7000000000000002,NORMAL,0.011618907,0.0030215958,0.008597311,False,False,False,No change
M5R,2026-03-25 23:00:00,2026-03-26 09:00:00,10,-5C,-5.0,4.3,-0.7000000000000002,NORMAL,0.0074385335,0.0037385677,0.0036999658,False,False,False,No change
M5R,2026-03-25 23:00:00,2026-03-26 10:00:00,11,-5C,-5.0,4.3,-0.7000000000000002,NORMAL,0.03986397,0.012832306,0.027031664,False,False,False,No change
M5R,2026-03-25 23:00:00,2026-03-26 11:00:00,12,-5C,-5.0,4.3,-0.7000000000000002,NORMAL,0.09942984,0.020829475,0.07860036,True,False,True,No Alert -> Alert
M5R,2026-03-25 23:00:00,2026-03-26 12:00:00,13,-5C,-5.0,4.3,-0.7000000000000002,NORMAL,0.20374075,0.05204273,0.15169802,True,False,True,No Alert -> Alert
M5R,2026-03-25 23:00:00,2026-03-26 13:00:00,14,-5C,-5.0,4.3,-0.7000000000000002,NORMAL,0.20563959,0.053507145,0.15213244,True,False,True,No Alert -> Alert
M5R,2026-03-25 23:00:00,2026-03-26 14:00:00,15,-5C,-5.0,4.3,-0.7000000000000002,NORMAL,0.18727143,0.04362355,0.14364788,True,False,True,No Alert -> Alert
M5R,2026-03-25 23:00:00,2026-03-26 15:00:00,16,-5C,-5.0,4.3,-0.7000000000000002,NORMAL,0.46958867,0.15565006,0.31393862,True,True,False,No change
M5R,2026-03-25 23:00:00,2026-03-26 16:00:00,17,-5C,-5.0,4.3,-0.7000000000000002,NORMAL,0.59654206,0.33131853,0.26522353,True,True,False,No change
M5R,2026-03-25 23:00:00,2026-03-26 17:00:00,18,-5C,-5.0,4.3,-0.7000000000000002,NORMAL,0.9292409,0.6648983,0.2643426,True,True,False,No change
M5R,2026-03-25 23:00:00,2026-03-26 18:00:00,19,-5C,-5.0,4.3,-0.7000000000000002,NORMAL,0.98301125,0.92385745,0.059153795,True,True,False,No change
M5R,2026-03-25 23:00:00,2026-03-26 19:00:00,20,-5C,-5.0,4.3,-0.7000000000000002,NORMAL,0.970159,0.88542604,0.08473295,True,True,False,No change
M5R,2026-03-25 23:00:00,2026-03-26 20:00:00,21,-5C,-5.0,4.3,-0.7000000000000002,NORMAL,0.9656497,0.87670946,0.08894026,True,True,False,No change
M5R,2026-03-25 23:00:00,2026-03-26 21:00:00,22,-5C,-5.0,4.3,-0.7000000000000002,NORMAL,0.8872394,0.7680165,0.11922288,True,True,False,No change
M5R,2026-03-25 23:00:00,2026-03-26 22:00:00,23,-5C,-5.0,4.3,-0.7000000000000002,NORMAL,0.26591355,0.18719587,0.07871768,True,True,False,No change
M5R,2026-03-25 23:00:00,2026-03-26 23:00:00,24,-5C,-5.0,4.3,-0.7000000000000002,NORMAL,0.046439417,0.028092664,0.018346753,False,False,False,No change
M5R,2026-03-25 23:00:00,2026-03-26 00:00:00,1,Baseline,0.0,4.3,4.3,NORMAL,0.0003757046,0.0003757046,0.0,False,False,False,No change
M5R,2026-03-25 23:00:00,2026-03-26 01:00:00,2,Baseline,0.0,4.3,4.3,NORMAL,0.00029321457,0.00029321457,0.0,False,False,False,No change
M5R,2026-03-25 23:00:00,2026-03-26 02:00:00,3,Baseline,0.0,4.3,4.3,NORMAL,0.0002801808,0.0002801808,0.0,False,False,False,No change
M5R,2026-03-25 23:00:00,2026-03-26 03:00:00,4,Baseline,0.0,4.3,4.3,NORMAL,0.00038120852,0.00038120852,0.0,False,False,False,No change
M5R,2026-03-25 23:00:00,2026-03-26 04:00:00,5,Baseline,0.0,4.3,4.3,NORMAL,0.0006983468,0.0006983468,0.0,False,False,False,No change
M5R,2026-03-25 23:00:00,2026-03-26 05:00:00,6,Baseline,0.0,4.3,4.3,NORMAL,0.0019247815,0.0019247815,0.0,False,False,False,No change
M5R,2026-03-25 23:00:00,2026-03-26 06:00:00,7,Baseline,0.0,4.3,4.3,NORMAL,0.002704747,0.002704747,0.0,False,False,False,No change
M5R,2026-03-25 23:00:00,2026-03-26 07:00:00,8,Baseline,0.0,4.3,4.3,NORMAL,0.002663222,0.002663222,0.0,False,False,False,No change
M5R,2026-03-25 23:00:00,2026-03-26 08:00:00,9,Baseline,0.0,4.3,4.3,NORMAL,0.0030215958,0.0030215958,0.0,False,False,False,No change
M5R,2026-03-25 23:00:00,2026-03-26 09:00:00,10,Baseline,0.0,4.3,4.3,NORMAL,0.0037385677,0.0037385677,0.0,False,False,False,No change
M5R,2026-03-25 23:00:00,2026-03-26 10:00:00,11,Baseline,0.0,4.3,4.3,NORMAL,0.012832306,0.012832306,0.0,False,False,False,No change
M5R,2026-03-25 23:00:00,2026-03-26 11:00:00,12,Baseline,0.0,4.3,4.3,NORMAL,0.020829475,0.020829475,0.0,False,False,False,No change
M5R,2026-03-25 23:00:00,2026-03-26 12:00:00,13,Baseline,0.0,4.3,4.3,NORMAL,0.05204273,0.05204273,0.0,False,False,False,No change
M5R,2026-03-25 23:00:00,2026-03-26 13:00:00,14,Baseline,0.0,4.3,4.3,NORMAL,0.053507145,0.053507145,0.0,False,False,False,No change
M5R,2026-03-25 23:00:00,2026-03-26 14:00:00,15,Baseline,0.0,4.3,4.3,NORMAL,0.04362355,0.04362355,0.0,False,False,False,No change
M5R,2026-03-25 23:00:00,2026-03-26 15:00:00,16,Baseline,0.0,4.3,4.3,NORMAL,0.15565006,0.15565006,0.0,True,True,False,No change
M5R,2026-03-25 23:00:00,2026-03-26 16:00:00,17,Baseline,0.0,4.3,4.3,NORMAL,0.33131853,0.33131853,0.0,True,True,False,No change
M5R,2026-03-25 23:00:00,2026-03-26 17:00:00,18,Baseline,0.0,4.3,4.3,NORMAL,0.6648983,0.6648983,0.0,True,True,False,No change
M5R,2026-03-25 23:00:00,2026-03-26 18:00:00,19,Baseline,0.0,4.3,4.3,NORMAL,0.92385745,0.92385745,0.0,True,True,False,No change
M5R,2026-03-25 23:00:00,2026-03-26 19:00:00,20,Baseline,0.0,4.3,4.3,NORMAL,0.88542604,0.88542604,0.0,True,True,False,No change
M5R,2026-03-25 23:00:00,2026-03-26 20:00:00,21,Baseline,0.0,4.3,4.3,NORMAL,0.87670946,0.87670946,0.0,True,True,False,No change
M5R,2026-03-25 23:00:00,2026-03-26 21:00:00,22,Baseline,0.0,4.3,4.3,NORMAL,0.7680165,0.7680165,0.0,True,True,False,No change
M5R,2026-03-25 23:00:00,2026-03-26 22:00:00,23,Baseline,0.0,4.3,4.3,NORMAL,0.18719587,0.18719587,0.0,True,True,False,No change
M5R,2026-03-25 23:00:00,2026-03-26 23:00:00,24,Baseline,0.0,4.3,4.3,NORMAL,0.028092664,0.028092664,0.0,False,False,False,No change
M5S,2026-03-25 23:00:00,2026-03-26 00:00:00,1,+2.5C,2.5,4.3,6.8,NORMAL,0.0003284336,0.00047515225,-0.00014671864,False,False,False,No change
M5S,2026-03-25 23:00:00,2026-03-26 01:00:00,2,+2.5C,2.5,4.3,6.8,NORMAL,0.00023887468,0.00036199464,-0.00012311996,False,False,False,No change
M5S,2026-03-25 23:00:00,2026-03-26 02:00:00,3,+2.5C,2.5,4.3,6.8,NORMAL,0.00016280485,0.00020939118,-4.6586327e-05,False,False,False,No change
M5S,2026-03-25 23:00:00,2026-03-26 03:00:00,4,+2.5C,2.5,4.3,6.8,NORMAL,0.00017317981,0.00024084761,-6.76678e-05,False,False,False,No change
M5S,2026-03-25 23:00:00,2026-03-26 04:00:00,5,+2.5C,2.5,4.3,6.8,NORMAL,0.0006585634,0.0011040564,-0.00044549297,False,False,False,No change
M5S,2026-03-25 23:00:00,2026-03-26 05:00:00,6,+2.5C,2.5,4.3,6.8,NORMAL,0.00050470285,0.00069311546,-0.00018841261,False,False,False,No change
M5S,2026-03-25 23:00:00,2026-03-26 06:00:00,7,+2.5C,2.5,4.3,6.8,NORMAL,0.0005426862,0.00070164463,-0.00015895843,False,False,False,No change
M5S,2026-03-25 23:00:00,2026-03-26 07:00:00,8,+2.5C,2.5,4.3,6.8,NORMAL,0.0015190113,0.0018665014,-0.00034749007,False,False,False,No change
M5S,2026-03-25 23:00:00,2026-03-26 08:00:00,9,+2.5C,2.5,4.3,6.8,NORMAL,0.0007761636,0.0010606535,-0.00028448988,False,False,False,No change
M5S,2026-03-25 23:00:00,2026-03-26 09:00:00,10,+2.5C,2.5,4.3,6.8,NORMAL,0.00039246303,0.0010648252,-0.00067236216,False,False,False,No change
M5S,2026-03-25 23:00:00,2026-03-26 10:00:00,11,+2.5C,2.5,4.3,6.8,NORMAL,0.0024808308,0.008254897,-0.005774066,False,False,False,No change
M5S,2026-03-25 23:00:00,2026-03-26 11:00:00,12,+2.5C,2.5,4.3,6.8,NORMAL,0.003808852,0.010494725,-0.0066858726,False,False,False,No change
M5S,2026-03-25 23:00:00,2026-03-26 12:00:00,13,+2.5C,2.5,4.3,6.8,NORMAL,0.0068425173,0.047163077,-0.04032056,False,False,False,No change
M5S,2026-03-25 23:00:00,2026-03-26 13:00:00,14,+2.5C,2.5,4.3,6.8,NORMAL,0.006548155,0.036949385,-0.03040123,False,False,False,No change
M5S,2026-03-25 23:00:00,2026-03-26 14:00:00,15,+2.5C,2.5,4.3,6.8,NORMAL,0.011018127,0.052295562,-0.041277435,False,False,False,No change
M5S,2026-03-25 23:00:00,2026-03-26 15:00:00,16,+2.5C,2.5,4.3,6.8,NORMAL,0.046586145,0.1889434,-0.14235726,False,True,True,Alert -> No Alert
M5S,2026-03-25 23:00:00,2026-03-26 16:00:00,17,+2.5C,2.5,4.3,6.8,NORMAL,0.079410374,0.39366716,-0.3142568,True,True,False,No change
M5S,2026-03-25 23:00:00,2026-03-26 17:00:00,18,+2.5C,2.5,4.3,6.8,NORMAL,0.37085748,0.77027863,-0.39942116,True,True,False,No change
M5S,2026-03-25 23:00:00,2026-03-26 18:00:00,19,+2.5C,2.5,4.3,6.8,NORMAL,0.6274119,0.89741826,-0.27000636,True,True,False,No change
M5S,2026-03-25 23:00:00,2026-03-26 19:00:00,20,+2.5C,2.5,4.3,6.8,NORMAL,0.57285863,0.8570794,-0.28422076,True,True,False,No change
M5S,2026-03-25 23:00:00,2026-03-26 20:00:00,21,+2.5C,2.5,4.3,6.8,NORMAL,0.64470303,0.8964162,-0.25171316,True,True,False,No change
M5S,2026-03-25 23:00:00,2026-03-26 21:00:00,22,+2.5C,2.5,4.3,6.8,NORMAL,0.5903126,0.75529,-0.16497737,True,True,False,No change
M5S,2026-03-25 23:00:00,2026-03-26 22:00:00,23,+2.5C,2.5,4.3,6.8,NORMAL,0.23226209,0.4130697,-0.1808076,True,True,False,No change
M5S,2026-03-25 23:00:00,2026-03-26 23:00:00,24,+2.5C,2.5,4.3,6.8,NORMAL,0.16193306,0.235142,-0.07320893,True,True,False,No change
M5S,2026-03-25 23:00:00,2026-03-26 00:00:00,1,+5C,5.0,4.3,9.3,NORMAL,0.00032220205,0.00047515225,-0.0001529502,False,False,False,No change
M5S,2026-03-25 23:00:00,2026-03-26 01:00:00,2,+5C,5.0,4.3,9.3,NORMAL,0.00011857532,0.00036199464,-0.00024341932,False,False,False,No change
M5S,2026-03-25 23:00:00,2026-03-26 02:00:00,3,+5C,5.0,4.3,9.3,NORMAL,0.00015834122,0.00020939118,-5.1049952e-05,False,False,False,No change
M5S,2026-03-25 23:00:00,2026-03-26 03:00:00,4,+5C,5.0,4.3,9.3,NORMAL,0.00010889047,0.00024084761,-0.00013195715,False,False,False,No change
M5S,2026-03-25 23:00:00,2026-03-26 04:00:00,5,+5C,5.0,4.3,9.3,NORMAL,0.00042241463,0.0011040564,-0.00068164174,False,False,False,No change
M5S,2026-03-25 23:00:00,2026-03-26 05:00:00,6,+5C,5.0,4.3,9.3,NORMAL,0.00038562113,0.00069311546,-0.00030749434,False,False,False,No change
M5S,2026-03-25 23:00:00,2026-03-26 06:00:00,7,+5C,5.0,4.3,9.3,NORMAL,0.00027729291,0.00070164463,-0.00042435172,False,False,False,No change
M5S,2026-03-25 23:00:00,2026-03-26 07:00:00,8,+5C,5.0,4.3,9.3,NORMAL,0.0013713117,0.0018665014,-0.0004951897,False,False,False,No change
M5S,2026-03-25 23:00:00,2026-03-26 08:00:00,9,+5C,5.0,4.3,9.3,NORMAL,0.00051442086,0.0010606535,-0.0005462326,False,False,False,No change
M5S,2026-03-25 23:00:00,2026-03-26 09:00:00,10,+5C,5.0,4.3,9.3,NORMAL,0.00034089296,0.0010648252,-0.0007239323,False,False,False,No change
M5S,2026-03-25 23:00:00,2026-03-26 10:00:00,11,+5C,5.0,4.3,9.3,NORMAL,0.0024808308,0.008254897,-0.005774066,False,False,False,No change
M5S,2026-03-25 23:00:00,2026-03-26 11:00:00,12,+5C,5.0,4.3,9.3,NORMAL,0.0023871786,0.010494725,-0.008107547,False,False,False,No change
M5S,2026-03-25 23:00:00,2026-03-26 12:00:00,13,+5C,5.0,4.3,9.3,NORMAL,0.006242685,0.047163077,-0.04092039,False,False,False,No change
M5S,2026-03-25 23:00:00,2026-03-26 13:00:00,14,+5C,5.0,4.3,9.3,NORMAL,0.006548155,0.036949385,-0.03040123,False,False,False,No change
M5S,2026-03-25 23:00:00,2026-03-26 14:00:00,15,+5C,5.0,4.3,9.3,NORMAL,0.009278019,0.052295562,-0.043017544,False,False,False,No change
M5S,2026-03-25 23:00:00,2026-03-26 15:00:00,16,+5C,5.0,4.3,9.3,NORMAL,0.04446648,0.1889434,-0.14447692,False,True,True,Alert -> No Alert
M5S,2026-03-25 23:00:00,2026-03-26 16:00:00,17,+5C,5.0,4.3,9.3,NORMAL,0.06232528,0.39366716,-0.3313419,True,True,False,No change
M5S,2026-03-25 23:00:00,2026-03-26 17:00:00,18,+5C,5.0,4.3,9.3,NORMAL,0.25824887,0.77027863,-0.51202977,True,True,False,No change
M5S,2026-03-25 23:00:00,2026-03-26 18:00:00,19,+5C,5.0,4.3,9.3,NORMAL,0.44830328,0.89741826,-0.44911498,True,True,False,No change
M5S,2026-03-25 23:00:00,2026-03-26 19:00:00,20,+5C,5.0,4.3,9.3,NORMAL,0.4109274,0.8570794,-0.44615197,True,True,False,No change
M5S,2026-03-25 23:00:00,2026-03-26 20:00:00,21,+5C,5.0,4.3,9.3,NORMAL,0.39818832,0.8964162,-0.49822786,True,True,False,No change
M5S,2026-03-25 23:00:00,2026-03-26 21:00:00,22,+5C,5.0,4.3,9.3,NORMAL,0.29720452,0.75529,-0.45808545,True,True,False,No change
M5S,2026-03-25 23:00:00,2026-03-26 22:00:00,23,+5C,5.0,4.3,9.3,NORMAL,0.095260225,0.4130697,-0.31780946,True,True,False,No change
M5S,2026-03-25 23:00:00,2026-03-26 23:00:00,24,+5C,5.0,4.3,9.3,NORMAL,0.08576387,0.235142,-0.14937812,True,True,False,No change
M5S,2026-03-25 23:00:00,2026-03-26 00:00:00,1,-2.5C,-2.5,4.3,1.7999999999999998,NORMAL,0.0017937784,0.00047515225,0.0013186261,False,False,False,No change
M5S,2026-03-25 23:00:00,2026-03-26 01:00:00,2,-2.5C,-2.5,4.3,1.7999999999999998,NORMAL,0.0010234285,0.00036199464,0.0006614339,False,False,False,No change
M5S,2026-03-25 23:00:00,2026-03-26 02:00:00,3,-2.5C,-2.5,4.3,1.7999999999999998,NORMAL,0.00061516167,0.00020939118,0.0004057705,False,False,False,No change
M5S,2026-03-25 23:00:00,2026-03-26 03:00:00,4,-2.5C,-2.5,4.3,1.7999999999999998,NORMAL,0.0011159137,0.00024084761,0.00087506615,False,False,False,No change
M5S,2026-03-25 23:00:00,2026-03-26 04:00:00,5,-2.5C,-2.5,4.3,1.7999999999999998,NORMAL,0.0041733445,0.0011040564,0.003069288,False,False,False,No change
M5S,2026-03-25 23:00:00,2026-03-26 05:00:00,6,-2.5C,-2.5,4.3,1.7999999999999998,NORMAL,0.003515044,0.00069311546,0.0028219286,False,False,False,No change
M5S,2026-03-25 23:00:00,2026-03-26 06:00:00,7,-2.5C,-2.5,4.3,1.7999999999999998,NORMAL,0.0029919085,0.00070164463,0.0022902638,False,False,False,No change
M5S,2026-03-25 23:00:00,2026-03-26 07:00:00,8,-2.5C,-2.5,4.3,1.7999999999999998,NORMAL,0.0074717565,0.0018665014,0.0056052553,False,False,False,No change
M5S,2026-03-25 23:00:00,2026-03-26 08:00:00,9,-2.5C,-2.5,4.3,1.7999999999999998,NORMAL,0.0028257805,0.0010606535,0.0017651271,False,False,False,No change
M5S,2026-03-25 23:00:00,2026-03-26 09:00:00,10,-2.5C,-2.5,4.3,1.7999999999999998,NORMAL,0.0017912205,0.0010648252,0.0007263953,False,False,False,No change
M5S,2026-03-25 23:00:00,2026-03-26 10:00:00,11,-2.5C,-2.5,4.3,1.7999999999999998,NORMAL,0.022256877,0.008254897,0.01400198,False,False,False,No change
M5S,2026-03-25 23:00:00,2026-03-26 11:00:00,12,-2.5C,-2.5,4.3,1.7999999999999998,NORMAL,0.03257658,0.010494725,0.022081856,False,False,False,No change
M5S,2026-03-25 23:00:00,2026-03-26 12:00:00,13,-2.5C,-2.5,4.3,1.7999999999999998,NORMAL,0.11902021,0.047163077,0.07185713,True,False,True,No Alert -> Alert
M5S,2026-03-25 23:00:00,2026-03-26 13:00:00,14,-2.5C,-2.5,4.3,1.7999999999999998,NORMAL,0.051449955,0.036949385,0.01450057,False,False,False,No change
M5S,2026-03-25 23:00:00,2026-03-26 14:00:00,15,-2.5C,-2.5,4.3,1.7999999999999998,NORMAL,0.14988008,0.052295562,0.097584516,True,False,True,No Alert -> Alert
M5S,2026-03-25 23:00:00,2026-03-26 15:00:00,16,-2.5C,-2.5,4.3,1.7999999999999998,NORMAL,0.46201017,0.1889434,0.27306676,True,True,False,No change
M5S,2026-03-25 23:00:00,2026-03-26 16:00:00,17,-2.5C,-2.5,4.3,1.7999999999999998,NORMAL,0.65628827,0.39366716,0.2626211,True,True,False,No change
M5S,2026-03-25 23:00:00,2026-03-26 17:00:00,18,-2.5C,-2.5,4.3,1.7999999999999998,NORMAL,0.90188044,0.77027863,0.13160181,True,True,False,No change
M5S,2026-03-25 23:00:00,2026-03-26 18:00:00,19,-2.5C,-2.5,4.3,1.7999999999999998,NORMAL,0.9602585,0.89741826,0.06284022,True,True,False,No change
M5S,2026-03-25 23:00:00,2026-03-26 19:00:00,20,-2.5C,-2.5,4.3,1.7999999999999998,NORMAL,0.94504297,0.8570794,0.08796358,True,True,False,No change
M5S,2026-03-25 23:00:00,2026-03-26 20:00:00,21,-2.5C,-2.5,4.3,1.7999999999999998,NORMAL,0.9538305,0.8964162,0.057414293,True,True,False,No change
M5S,2026-03-25 23:00:00,2026-03-26 21:00:00,22,-2.5C,-2.5,4.3,1.7999999999999998,NORMAL,0.84866863,0.75529,0.09337866,True,True,False,No change
M5S,2026-03-25 23:00:00,2026-03-26 22:00:00,23,-2.5C,-2.5,4.3,1.7999999999999998,NORMAL,0.50405693,0.4130697,0.090987235,True,True,False,No change
M5S,2026-03-25 23:00:00,2026-03-26 23:00:00,24,-2.5C,-2.5,4.3,1.7999999999999998,NORMAL,0.30167422,0.235142,0.066532224,True,True,False,No change
M5S,2026-03-25 23:00:00,2026-03-26 00:00:00,1,-5C,-5.0,4.3,-0.7000000000000002,NORMAL,0.0043261647,0.00047515225,0.0038510126,False,False,False,No change
M5S,2026-03-25 23:00:00,2026-03-26 01:00:00,2,-5C,-5.0,4.3,-0.7000000000000002,NORMAL,0.000999565,0.00036199464,0.0006375704,False,False,False,No change
M5S,2026-03-25 23:00:00,2026-03-26 02:00:00,3,-5C,-5.0,4.3,-0.7000000000000002,NORMAL,0.00061663176,0.00020939118,0.0004072406,False,False,False,No change
M5S,2026-03-25 23:00:00,2026-03-26 03:00:00,4,-5C,-5.0,4.3,-0.7000000000000002,NORMAL,0.0015300704,0.00024084761,0.0012892229,False,False,False,No change
M5S,2026-03-25 23:00:00,2026-03-26 04:00:00,5,-5C,-5.0,4.3,-0.7000000000000002,NORMAL,0.0060050273,0.0011040564,0.004900971,False,False,False,No change
M5S,2026-03-25 23:00:00,2026-03-26 05:00:00,6,-5C,-5.0,4.3,-0.7000000000000002,NORMAL,0.006834919,0.00069311546,0.0061418037,False,False,False,No change
M5S,2026-03-25 23:00:00,2026-03-26 06:00:00,7,-5C,-5.0,4.3,-0.7000000000000002,NORMAL,0.003546488,0.00070164463,0.0028448433,False,False,False,No change
M5S,2026-03-25 23:00:00,2026-03-26 07:00:00,8,-5C,-5.0,4.3,-0.7000000000000002,NORMAL,0.0086110765,0.0018665014,0.006744575,False,False,False,No change
M5S,2026-03-25 23:00:00,2026-03-26 08:00:00,9,-5C,-5.0,4.3,-0.7000000000000002,NORMAL,0.0036486695,0.0010606535,0.002588016,False,False,False,No change
M5S,2026-03-25 23:00:00,2026-03-26 09:00:00,10,-5C,-5.0,4.3,-0.7000000000000002,NORMAL,0.0027109822,0.0010648252,0.001646157,False,False,False,No change
M5S,2026-03-25 23:00:00,2026-03-26 10:00:00,11,-5C,-5.0,4.3,-0.7000000000000002,NORMAL,0.028844014,0.008254897,0.020589117,False,False,False,No change
M5S,2026-03-25 23:00:00,2026-03-26 11:00:00,12,-5C,-5.0,4.3,-0.7000000000000002,NORMAL,0.046920426,0.010494725,0.036425702,False,False,False,No change
M5S,2026-03-25 23:00:00,2026-03-26 12:00:00,13,-5C,-5.0,4.3,-0.7000000000000002,NORMAL,0.15950453,0.047163077,0.112341456,True,False,True,No Alert -> Alert
M5S,2026-03-25 23:00:00,2026-03-26 13:00:00,14,-5C,-5.0,4.3,-0.7000000000000002,NORMAL,0.114091285,0.036949385,0.077141896,True,False,True,No Alert -> Alert
M5S,2026-03-25 23:00:00,2026-03-26 14:00:00,15,-5C,-5.0,4.3,-0.7000000000000002,NORMAL,0.23598155,0.052295562,0.18368599,True,False,True,No Alert -> Alert
M5S,2026-03-25 23:00:00,2026-03-26 15:00:00,16,-5C,-5.0,4.3,-0.7000000000000002,NORMAL,0.5966924,0.1889434,0.407749,True,True,False,No change
M5S,2026-03-25 23:00:00,2026-03-26 16:00:00,17,-5C,-5.0,4.3,-0.7000000000000002,NORMAL,0.732741,0.39366716,0.33907384,True,True,False,No change
M5S,2026-03-25 23:00:00,2026-03-26 17:00:00,18,-5C,-5.0,4.3,-0.7000000000000002,NORMAL,0.9474888,0.77027863,0.17721015,True,True,False,No change
M5S,2026-03-25 23:00:00,2026-03-26 18:00:00,19,-5C,-5.0,4.3,-0.7000000000000002,NORMAL,0.9762631,0.89741826,0.078844845,True,True,False,No change
M5S,2026-03-25 23:00:00,2026-03-26 19:00:00,20,-5C,-5.0,4.3,-0.7000000000000002,NORMAL,0.96668965,0.8570794,0.10961026,True,True,False,No change
M5S,2026-03-25 23:00:00,2026-03-26 20:00:00,21,-5C,-5.0,4.3,-0.7000000000000002,NORMAL,0.97476476,0.8964162,0.07834858,True,True,False,No change
M5S,2026-03-25 23:00:00,2026-03-26 21:00:00,22,-5C,-5.0,4.3,-0.7000000000000002,NORMAL,0.89273554,0.75529,0.13744557,True,True,False,No change
M5S,2026-03-25 23:00:00,2026-03-26 22:00:00,23,-5C,-5.0,4.3,-0.7000000000000002,NORMAL,0.5934651,0.4130697,0.1803954,True,True,False,No change
M5S,2026-03-25 23:00:00,2026-03-26 23:00:00,24,-5C,-5.0,4.3,-0.7000000000000002,NORMAL,0.47981986,0.235142,0.24467787,True,True,False,No change
M5S,2026-03-25 23:00:00,2026-03-26 00:00:00,1,Baseline,0.0,4.3,4.3,NORMAL,0.00047515225,0.00047515225,0.0,False,False,False,No change
M5S,2026-03-25 23:00:00,2026-03-26 01:00:00,2,Baseline,0.0,4.3,4.3,NORMAL,0.00036199464,0.00036199464,0.0,False,False,False,No change
M5S,2026-03-25 23:00:00,2026-03-26 02:00:00,3,Baseline,0.0,4.3,4.3,NORMAL,0.00020939118,0.00020939118,0.0,False,False,False,No change
M5S,2026-03-25 23:00:00,2026-03-26 03:00:00,4,Baseline,0.0,4.3,4.3,NORMAL,0.00024084761,0.00024084761,0.0,False,False,False,No change
M5S,2026-03-25 23:00:00,2026-03-26 04:00:00,5,Baseline,0.0,4.3,4.3,NORMAL,0.0011040564,0.0011040564,0.0,False,False,False,No change
M5S,2026-03-25 23:00:00,2026-03-26 05:00:00,6,Baseline,0.0,4.3,4.3,NORMAL,0.00069311546,0.00069311546,0.0,False,False,False,No change
M5S,2026-03-25 23:00:00,2026-03-26 06:00:00,7,Baseline,0.0,4.3,4.3,NORMAL,0.00070164463,0.00070164463,0.0,False,False,False,No change
M5S,2026-03-25 23:00:00,2026-03-26 07:00:00,8,Baseline,0.0,4.3,4.3,NORMAL,0.0018665014,0.0018665014,0.0,False,False,False,No change
M5S,2026-03-25 23:00:00,2026-03-26 08:00:00,9,Baseline,0.0,4.3,4.3,NORMAL,0.0010606535,0.0010606535,0.0,False,False,False,No change
M5S,2026-03-25 23:00:00,2026-03-26 09:00:00,10,Baseline,0.0,4.3,4.3,NORMAL,0.0010648252,0.0010648252,0.0,False,False,False,No change
M5S,2026-03-25 23:00:00,2026-03-26 10:00:00,11,Baseline,0.0,4.3,4.3,NORMAL,0.008254897,0.008254897,0.0,False,False,False,No change
M5S,2026-03-25 23:00:00,2026-03-26 11:00:00,12,Baseline,0.0,4.3,4.3,NORMAL,0.010494725,0.010494725,0.0,False,False,False,No change
M5S,2026-03-25 23:00:00,2026-03-26 12:00:00,13,Baseline,0.0,4.3,4.3,NORMAL,0.047163077,0.047163077,0.0,False,False,False,No change
M5S,2026-03-25 23:00:00,2026-03-26 13:00:00,14,Baseline,0.0,4.3,4.3,NORMAL,0.036949385,0.036949385,0.0,False,False,False,No change
M5S,2026-03-25 23:00:00,2026-03-26 14:00:00,15,Baseline,0.0,4.3,4.3,NORMAL,0.052295562,0.052295562,0.0,False,False,False,No change
M5S,2026-03-25 23:00:00,2026-03-26 15:00:00,16,Baseline,0.0,4.3,4.3,NORMAL,0.1889434,0.1889434,0.0,True,True,False,No change
M5S,2026-03-25 23:00:00,2026-03-26 16:00:00,17,Baseline,0.0,4.3,4.3,NORMAL,0.39366716,0.39366716,0.0,True,True,False,No change
M5S,2026-03-25 23:00:00,2026-03-26 17:00:00,18,Baseline,0.0,4.3,4.3,NORMAL,0.77027863,0.77027863,0.0,True,True,False,No change
M5S,2026-03-25 23:00:00,2026-03-26 18:00:00,19,Baseline,0.0,4.3,4.3,NORMAL,0.89741826,0.89741826,0.0,True,True,False,No change
M5S,2026-03-25 23:00:00,2026-03-26 19:00:00,20,Baseline,0.0,4.3,4.3,NORMAL,0.8570794,0.8570794,0.0,True,True,False,No change
M5S,2026-03-25 23:00:00,2026-03-26 20:00:00,21,Baseline,0.0,4.3,4.3,NORMAL,0.8964162,0.8964162,0.0,True,True,False,No change
M5S,2026-03-25 23:00:00,2026-03-26 21:00:00,22,Baseline,0.0,4.3,4.3,NORMAL,0.75529,0.75529,0.0,True,True,False,No change
M5S,2026-03-25 23:00:00,2026-03-26 22:00:00,23,Baseline,0.0,4.3,4.3,NORMAL,0.4130697,0.4130697,0.0,True,True,False,No change
M5S,2026-03-25 23:00:00,2026-03-26 23:00:00,24,Baseline,0.0,4.3,4.3,NORMAL,0.235142,0.235142,0.0,True,True,False,No change
M6G,2026-03-25 23:00:00,2026-03-26 00:00:00,1,+2.5C,2.5,4.3,6.8,NORMAL,0.00012263599,0.00014225148,-1.9615487e-05,False,False,False,No change
M6G,2026-03-25 23:00:00,2026-03-26 01:00:00,2,+2.5C,2.5,4.3,6.8,NORMAL,4.68694e-05,6.2708044e-05,-1.5838643e-05,False,False,False,No change
M6G,2026-03-25 23:00:00,2026-03-26 02:00:00,3,+2.5C,2.5,4.3,6.8,NORMAL,3.960262e-05,4.2226107e-05,-2.6234884e-06,False,False,False,No change
M6G,2026-03-25 23:00:00,2026-03-26 03:00:00,4,+2.5C,2.5,4.3,6.8,NORMAL,4.9552757e-05,5.674296e-05,-7.190203e-06,False,False,False,No change
M6G,2026-03-25 23:00:00,2026-03-26 04:00:00,5,+2.5C,2.5,4.3,6.8,NORMAL,7.9334044e-05,9.073618e-05,-1.1402139e-05,False,False,False,No change
M6G,2026-03-25 23:00:00,2026-03-26 05:00:00,6,+2.5C,2.5,4.3,6.8,NORMAL,0.00017496341,0.00018931951,-1.4356105e-05,False,False,False,No change
M6G,2026-03-25 23:00:00,2026-03-26 06:00:00,7,+2.5C,2.5,4.3,6.8,NORMAL,0.00020985868,0.00029439692,-8.453823e-05,False,False,False,No change
M6G,2026-03-25 23:00:00,2026-03-26 07:00:00,8,+2.5C,2.5,4.3,6.8,NORMAL,0.00023362317,0.00028962936,-5.600619e-05,False,False,False,No change
M6G,2026-03-25 23:00:00,2026-03-26 08:00:00,9,+2.5C,2.5,4.3,6.8,NORMAL,0.00059171545,0.0008087931,-0.00021707767,False,False,False,No change
M6G,2026-03-25 23:00:00,2026-03-26 09:00:00,10,+2.5C,2.5,4.3,6.8,NORMAL,0.00070798397,0.00176164,-0.001053656,False,False,False,No change
M6G,2026-03-25 23:00:00,2026-03-26 10:00:00,11,+2.5C,2.5,4.3,6.8,NORMAL,0.0012555443,0.004203242,-0.0029476974,False,False,False,No change
M6G,2026-03-25 23:00:00,2026-03-26 11:00:00,12,+2.5C,2.5,4.3,6.8,NORMAL,0.002577337,0.008373161,-0.005795824,False,False,False,No change
M6G,2026-03-25 23:00:00,2026-03-26 12:00:00,13,+2.5C,2.5,4.3,6.8,NORMAL,0.0014782582,0.009973725,-0.008495467,False,False,False,No change
M6G,2026-03-25 23:00:00,2026-03-26 13:00:00,14,+2.5C,2.5,4.3,6.8,NORMAL,0.00089169363,0.0060882354,-0.0051965415,False,False,False,No change
M6G,2026-03-25 23:00:00,2026-03-26 14:00:00,15,+2.5C,2.5,4.3,6.8,NORMAL,0.00043870145,0.00285562,-0.0024169188,False,False,False,No change
M6G,2026-03-25 23:00:00,2026-03-26 15:00:00,16,+2.5C,2.5,4.3,6.8,NORMAL,0.009353575,0.06421748,-0.054863904,False,True,True,Alert -> No Alert
M6G,2026-03-25 23:00:00,2026-03-26 16:00:00,17,+2.5C,2.5,4.3,6.8,NORMAL,0.047476176,0.3270204,-0.27954423,False,True,True,Alert -> No Alert
M6G,2026-03-25 23:00:00,2026-03-26 17:00:00,18,+2.5C,2.5,4.3,6.8,NORMAL,0.42054003,0.8456882,-0.4251482,True,True,False,No change
M6G,2026-03-25 23:00:00,2026-03-26 18:00:00,19,+2.5C,2.5,4.3,6.8,NORMAL,0.7924051,0.94861466,-0.15620953,True,True,False,No change
M6G,2026-03-25 23:00:00,2026-03-26 19:00:00,20,+2.5C,2.5,4.3,6.8,NORMAL,0.8401408,0.9334539,-0.0933131,True,True,False,No change
M6G,2026-03-25 23:00:00,2026-03-26 20:00:00,21,+2.5C,2.5,4.3,6.8,NORMAL,0.7878647,0.8999544,-0.11208969,True,True,False,No change
M6G,2026-03-25 23:00:00,2026-03-26 21:00:00,22,+2.5C,2.5,4.3,6.8,NORMAL,0.32147753,0.39810905,-0.076631516,True,True,False,No change
M6G,2026-03-25 23:00:00,2026-03-26 22:00:00,23,+2.5C,2.5,4.3,6.8,NORMAL,0.0076539433,0.018436378,-0.010782435,False,False,False,No change
M6G,2026-03-25 23:00:00,2026-03-26 23:00:00,24,+2.5C,2.5,4.3,6.8,NORMAL,0.0026789184,0.0030728679,-0.00039394945,False,False,False,No change
M6G,2026-03-25 23:00:00,2026-03-26 00:00:00,1,+5C,5.0,4.3,9.3,NORMAL,0.00010317745,0.00014225148,-3.9074024e-05,False,False,False,No change
M6G,2026-03-25 23:00:00,2026-03-26 01:00:00,2,+5C,5.0,4.3,9.3,NORMAL,2.6592825e-05,6.2708044e-05,-3.611522e-05,False,False,False,No change
M6G,2026-03-25 23:00:00,2026-03-26 02:00:00,3,+5C,5.0,4.3,9.3,NORMAL,3.807975e-05,4.2226107e-05,-4.1463572e-06,False,False,False,No change
M6G,2026-03-25 23:00:00,2026-03-26 03:00:00,4,+5C,5.0,4.3,9.3,NORMAL,2.8104274e-05,5.674296e-05,-2.8638686e-05,False,False,False,No change
M6G,2026-03-25 23:00:00,2026-03-26 04:00:00,5,+5C,5.0,4.3,9.3,NORMAL,5.1900963e-05,9.073618e-05,-3.883522e-05,False,False,False,No change
M6G,2026-03-25 23:00:00,2026-03-26 05:00:00,6,+5C,5.0,4.3,9.3,NORMAL,0.00013991904,0.00018931951,-4.9400478e-05,False,False,False,No change
M6G,2026-03-25 23:00:00,2026-03-26 06:00:00,7,+5C,5.0,4.3,9.3,NORMAL,0.0001173224,0.00029439692,-0.00017707451,False,False,False,No change
M6G,2026-03-25 23:00:00,2026-03-26 07:00:00,8,+5C,5.0,4.3,9.3,NORMAL,0.00016747427,0.00028962936,-0.00012215509,False,False,False,No change
M6G,2026-03-25 23:00:00,2026-03-26 08:00:00,9,+5C,5.0,4.3,9.3,NORMAL,0.00031950654,0.0008087931,-0.0004892866,False,False,False,No change
M6G,2026-03-25 23:00:00,2026-03-26 09:00:00,10,+5C,5.0,4.3,9.3,NORMAL,0.00060979207,0.00176164,-0.0011518479,False,False,False,No change
M6G,2026-03-25 23:00:00,2026-03-26 10:00:00,11,+5C,5.0,4.3,9.3,NORMAL,0.0011447159,0.004203242,-0.0030585257,False,False,False,No change
M6G,2026-03-25 23:00:00,2026-03-26 11:00:00,12,+5C,5.0,4.3,9.3,NORMAL,0.001765015,0.008373161,-0.006608146,False,False,False,No change
M6G,2026-03-25 23:00:00,2026-03-26 12:00:00,13,+5C,5.0,4.3,9.3,NORMAL,0.0013480323,0.009973725,-0.008625693,False,False,False,No change
M6G,2026-03-25 23:00:00,2026-03-26 13:00:00,14,+5C,5.0,4.3,9.3,NORMAL,0.00089169363,0.0060882354,-0.0051965415,False,False,False,No change
M6G,2026-03-25 23:00:00,2026-03-26 14:00:00,15,+5C,5.0,4.3,9.3,NORMAL,0.00037277804,0.00285562,-0.0024828422,False,False,False,No change
M6G,2026-03-25 23:00:00,2026-03-26 15:00:00,16,+5C,5.0,4.3,9.3,NORMAL,0.00891215,0.06421748,-0.05530533,False,True,True,Alert -> No Alert
M6G,2026-03-25 23:00:00,2026-03-26 16:00:00,17,+5C,5.0,4.3,9.3,NORMAL,0.036423914,0.3270204,-0.2905965,False,True,True,Alert -> No Alert
M6G,2026-03-25 23:00:00,2026-03-26 17:00:00,18,+5C,5.0,4.3,9.3,NORMAL,0.27819738,0.8456882,-0.5674908,True,True,False,No change
M6G,2026-03-25 23:00:00,2026-03-26 18:00:00,19,+5C,5.0,4.3,9.3,NORMAL,0.62183106,0.94861466,-0.3267836,True,True,False,No change
M6G,2026-03-25 23:00:00,2026-03-26 19:00:00,20,+5C,5.0,4.3,9.3,NORMAL,0.7566548,0.9334539,-0.17679912,True,True,False,No change
M6G,2026-03-25 23:00:00,2026-03-26 20:00:00,21,+5C,5.0,4.3,9.3,NORMAL,0.6004122,0.8999544,-0.2995422,True,True,False,No change
M6G,2026-03-25 23:00:00,2026-03-26 21:00:00,22,+5C,5.0,4.3,9.3,NORMAL,0.16925217,0.39810905,-0.22885688,True,True,False,No change
M6G,2026-03-25 23:00:00,2026-03-26 22:00:00,23,+5C,5.0,4.3,9.3,NORMAL,0.0044793235,0.018436378,-0.013957054,False,False,False,No change
M6G,2026-03-25 23:00:00,2026-03-26 23:00:00,24,+5C,5.0,4.3,9.3,NORMAL,0.0011655221,0.0030728679,-0.0019073457,False,False,False,No change
M6G,2026-03-25 23:00:00,2026-03-26 00:00:00,1,-2.5C,-2.5,4.3,1.7999999999999998,NORMAL,0.00023155348,0.00014225148,8.9302004e-05,False,False,False,No change
M6G,2026-03-25 23:00:00,2026-03-26 01:00:00,2,-2.5C,-2.5,4.3,1.7999999999999998,NORMAL,0.00014499947,6.2708044e-05,8.229143e-05,False,False,False,No change
M6G,2026-03-25 23:00:00,2026-03-26 02:00:00,3,-2.5C,-2.5,4.3,1.7999999999999998,NORMAL,8.760745e-05,4.2226107e-05,4.538134e-05,False,False,False,No change
M6G,2026-03-25 23:00:00,2026-03-26 03:00:00,4,-2.5C,-2.5,4.3,1.7999999999999998,NORMAL,0.00013684791,5.674296e-05,8.0104954e-05,False,False,False,No change
M6G,2026-03-25 23:00:00,2026-03-26 04:00:00,5,-2.5C,-2.5,4.3,1.7999999999999998,NORMAL,0.00024146015,9.073618e-05,0.00015072396,False,False,False,No change
M6G,2026-03-25 23:00:00,2026-03-26 05:00:00,6,-2.5C,-2.5,4.3,1.7999999999999998,NORMAL,0.00045688997,0.00018931951,0.00026757046,False,False,False,No change
M6G,2026-03-25 23:00:00,2026-03-26 06:00:00,7,-2.5C,-2.5,4.3,1.7999999999999998,NORMAL,0.0006762326,0.00029439692,0.0003818357,False,False,False,No change
M6G,2026-03-25 23:00:00,2026-03-26 07:00:00,8,-2.5C,-2.5,4.3,1.7999999999999998,NORMAL,0.00077598455,0.00028962936,0.0004863552,False,False,False,No change
M6G,2026-03-25 23:00:00,2026-03-26 08:00:00,9,-2.5C,-2.5,4.3,1.7999999999999998,NORMAL,0.0014861106,0.0008087931,0.0006773175,False,False,False,No change
M6G,2026-03-25 23:00:00,2026-03-26 09:00:00,10,-2.5C,-2.5,4.3,1.7999999999999998,NORMAL,0.0035912984,0.00176164,0.0018296584,False,False,False,No change
M6G,2026-03-25 23:00:00,2026-03-26 10:00:00,11,-2.5C,-2.5,4.3,1.7999999999999998,NORMAL,0.008637969,0.004203242,0.0044347276,False,False,False,No change
M6G,2026-03-25 23:00:00,2026-03-26 11:00:00,12,-2.5C,-2.5,4.3,1.7999999999999998,NORMAL,0.02374006,0.008373161,0.0153669,False,False,False,No change
M6G,2026-03-25 23:00:00,2026-03-26 12:00:00,13,-2.5C,-2.5,4.3,1.7999999999999998,NORMAL,0.02637636,0.009973725,0.016402634,False,False,False,No change
M6G,2026-03-25 23:00:00,2026-03-26 13:00:00,14,-2.5C,-2.5,4.3,1.7999999999999998,NORMAL,0.009360116,0.0060882354,0.0032718806,False,False,False,No change
M6G,2026-03-25 23:00:00,2026-03-26 14:00:00,15,-2.5C,-2.5,4.3,1.7999999999999998,NORMAL,0.0089086555,0.00285562,0.006053035,False,False,False,No change
M6G,2026-03-25 23:00:00,2026-03-26 15:00:00,16,-2.5C,-2.5,4.3,1.7999999999999998,NORMAL,0.17834987,0.06421748,0.11413239,True,True,False,No change
M6G,2026-03-25 23:00:00,2026-03-26 16:00:00,17,-2.5C,-2.5,4.3,1.7999999999999998,NORMAL,0.55060303,0.3270204,0.22358263,True,True,False,No change
M6G,2026-03-25 23:00:00,2026-03-26 17:00:00,18,-2.5C,-2.5,4.3,1.7999999999999998,NORMAL,0.9351208,0.8456882,0.0894326,True,True,False,No change
M6G,2026-03-25 23:00:00,2026-03-26 18:00:00,19,-2.5C,-2.5,4.3,1.7999999999999998,NORMAL,0.9807374,0.94861466,0.03212273,True,True,False,No change
M6G,2026-03-25 23:00:00,2026-03-26 19:00:00,20,-2.5C,-2.5,4.3,1.7999999999999998,NORMAL,0.9760207,0.9334539,0.042566776,True,True,False,No change
M6G,2026-03-25 23:00:00,2026-03-26 20:00:00,21,-2.5C,-2.5,4.3,1.7999999999999998,NORMAL,0.95043856,0.8999544,0.05048418,True,True,False,No change
M6G,2026-03-25 23:00:00,2026-03-26 21:00:00,22,-2.5C,-2.5,4.3,1.7999999999999998,NORMAL,0.5087909,0.39810905,0.11068186,True,True,False,No change
M6G,2026-03-25 23:00:00,2026-03-26 22:00:00,23,-2.5C,-2.5,4.3,1.7999999999999998,NORMAL,0.019331712,0.018436378,0.0008953344,False,False,False,No change
M6G,2026-03-25 23:00:00,2026-03-26 23:00:00,24,-2.5C,-2.5,4.3,1.7999999999999998,NORMAL,0.0032983173,0.0030728679,0.00022544945,False,False,False,No change
M6G,2026-03-25 23:00:00,2026-03-26 00:00:00,1,-5C,-5.0,4.3,-0.7000000000000002,NORMAL,0.0003875982,0.00014225148,0.00024534675,False,False,False,No change
M6G,2026-03-25 23:00:00,2026-03-26 01:00:00,2,-5C,-5.0,4.3,-0.7000000000000002,NORMAL,0.00013076456,6.2708044e-05,6.805651e-05,False,False,False,No change
M6G,2026-03-25 23:00:00,2026-03-26 02:00:00,3,-5C,-5.0,4.3,-0.7000000000000002,NORMAL,6.1031955e-05,4.2226107e-05,1.8805848e-05,False,False,False,No change
M6G,2026-03-25 23:00:00,2026-03-26 03:00:00,4,-5C,-5.0,4.3,-0.7000000000000002,NORMAL,0.00018830181,5.674296e-05,0.00013155886,False,False,False,No change
M6G,2026-03-25 23:00:00,2026-03-26 04:00:00,5,-5C,-5.0,4.3,-0.7000000000000002,NORMAL,0.00028024652,9.073618e-05,0.00018951033,False,False,False,No change
M6G,2026-03-25 23:00:00,2026-03-26 05:00:00,6,-5C,-5.0,4.3,-0.7000000000000002,NORMAL,0.00072667934,0.00018931951,0.00053735985,False,False,False,No change
M6G,2026-03-25 23:00:00,2026-03-26 06:00:00,7,-5C,-5.0,4.3,-0.7000000000000002,NORMAL,0.00078828057,0.00029439692,0.0004938836,False,False,False,No change
M6G,2026-03-25 23:00:00,2026-03-26 07:00:00,8,-5C,-5.0,4.3,-0.7000000000000002,NORMAL,0.00077104854,0.00028962936,0.00048141918,False,False,False,No change
M6G,2026-03-25 23:00:00,2026-03-26 08:00:00,9,-5C,-5.0,4.3,-0.7000000000000002,NORMAL,0.001361632,0.0008087931,0.0005528389,False,False,False,No change
M6G,2026-03-25 23:00:00,2026-03-26 09:00:00,10,-5C,-5.0,4.3,-0.7000000000000002,NORMAL,0.0043007415,0.00176164,0.0025391015,False,False,False,No change
M6G,2026-03-25 23:00:00,2026-03-26 10:00:00,11,-5C,-5.0,4.3,-0.7000000000000002,NORMAL,0.01138346,0.004203242,0.007180218,False,False,False,No change
M6G,2026-03-25 23:00:00,2026-03-26 11:00:00,12,-5C,-5.0,4.3,-0.7000000000000002,NORMAL,0.038311396,0.008373161,0.029938236,False,False,False,No change
M6G,2026-03-25 23:00:00,2026-03-26 12:00:00,13,-5C,-5.0,4.3,-0.7000000000000002,NORMAL,0.037504807,0.009973725,0.027531082,False,False,False,No change
M6G,2026-03-25 23:00:00,2026-03-26 13:00:00,14,-5C,-5.0,4.3,-0.7000000000000002,NORMAL,0.020394936,0.0060882354,0.014306701,False,False,False,No change
M6G,2026-03-25 23:00:00,2026-03-26 14:00:00,15,-5C,-5.0,4.3,-0.7000000000000002,NORMAL,0.0143273845,0.00285562,0.011471764,False,False,False,No change
M6G,2026-03-25 23:00:00,2026-03-26 15:00:00,16,-5C,-5.0,4.3,-0.7000000000000002,NORMAL,0.21773158,0.06421748,0.1535141,True,True,False,No change
M6G,2026-03-25 23:00:00,2026-03-26 16:00:00,17,-5C,-5.0,4.3,-0.7000000000000002,NORMAL,0.60588336,0.3270204,0.27886295,True,True,False,No change
M6G,2026-03-25 23:00:00,2026-03-26 17:00:00,18,-5C,-5.0,4.3,-0.7000000000000002,NORMAL,0.9614942,0.8456882,0.11580598,True,True,False,No change
M6G,2026-03-25 23:00:00,2026-03-26 18:00:00,19,-5C,-5.0,4.3,-0.7000000000000002,NORMAL,0.9876759,0.94861466,0.03906125,True,True,False,No change
M6G,2026-03-25 23:00:00,2026-03-26 19:00:00,20,-5C,-5.0,4.3,-0.7000000000000002,NORMAL,0.98347014,0.9334539,0.050016224,True,True,False,No change
M6G,2026-03-25 23:00:00,2026-03-26 20:00:00,21,-5C,-5.0,4.3,-0.7000000000000002,NORMAL,0.9679832,0.8999544,0.06802881,True,True,False,No change
M6G,2026-03-25 23:00:00,2026-03-26 21:00:00,22,-5C,-5.0,4.3,-0.7000000000000002,NORMAL,0.58382004,0.39810905,0.185711,True,True,False,No change
M6G,2026-03-25 23:00:00,2026-03-26 22:00:00,23,-5C,-5.0,4.3,-0.7000000000000002,NORMAL,0.024262762,0.018436378,0.005826384,False,False,False,No change
M6G,2026-03-25 23:00:00,2026-03-26 23:00:00,24,-5C,-5.0,4.3,-0.7000000000000002,NORMAL,0.004709217,0.0030728679,0.0016363494,False,False,False,No change
M6G,2026-03-25 23:00:00,2026-03-26 00:00:00,1,Baseline,0.0,4.3,4.3,NORMAL,0.00014225148,0.00014225148,0.0,False,False,False,No change
M6G,2026-03-25 23:00:00,2026-03-26 01:00:00,2,Baseline,0.0,4.3,4.3,NORMAL,6.2708044e-05,6.2708044e-05,0.0,False,False,False,No change
M6G,2026-03-25 23:00:00,2026-03-26 02:00:00,3,Baseline,0.0,4.3,4.3,NORMAL,4.2226107e-05,4.2226107e-05,0.0,False,False,False,No change
M6G,2026-03-25 23:00:00,2026-03-26 03:00:00,4,Baseline,0.0,4.3,4.3,NORMAL,5.674296e-05,5.674296e-05,0.0,False,False,False,No change
M6G,2026-03-25 23:00:00,2026-03-26 04:00:00,5,Baseline,0.0,4.3,4.3,NORMAL,9.073618e-05,9.073618e-05,0.0,False,False,False,No change
M6G,2026-03-25 23:00:00,2026-03-26 05:00:00,6,Baseline,0.0,4.3,4.3,NORMAL,0.00018931951,0.00018931951,0.0,False,False,False,No change
M6G,2026-03-25 23:00:00,2026-03-26 06:00:00,7,Baseline,0.0,4.3,4.3,NORMAL,0.00029439692,0.00029439692,0.0,False,False,False,No change
M6G,2026-03-25 23:00:00,2026-03-26 07:00:00,8,Baseline,0.0,4.3,4.3,NORMAL,0.00028962936,0.00028962936,0.0,False,False,False,No change
M6G,2026-03-25 23:00:00,2026-03-26 08:00:00,9,Baseline,0.0,4.3,4.3,NORMAL,0.0008087931,0.0008087931,0.0,False,False,False,No change
M6G,2026-03-25 23:00:00,2026-03-26 09:00:00,10,Baseline,0.0,4.3,4.3,NORMAL,0.00176164,0.00176164,0.0,False,False,False,No change
M6G,2026-03-25 23:00:00,2026-03-26 10:00:00,11,Baseline,0.0,4.3,4.3,NORMAL,0.004203242,0.004203242,0.0,False,False,False,No change
M6G,2026-03-25 23:00:00,2026-03-26 11:00:00,12,Baseline,0.0,4.3,4.3,NORMAL,0.008373161,0.008373161,0.0,False,False,False,No change
M6G,2026-03-25 23:00:00,2026-03-26 12:00:00,13,Baseline,0.0,4.3,4.3,NORMAL,0.009973725,0.009973725,0.0,False,False,False,No change
M6G,2026-03-25 23:00:00,2026-03-26 13:00:00,14,Baseline,0.0,4.3,4.3,NORMAL,0.0060882354,0.0060882354,0.0,False,False,False,No change
M6G,2026-03-25 23:00:00,2026-03-26 14:00:00,15,Baseline,0.0,4.3,4.3,NORMAL,0.00285562,0.00285562,0.0,False,False,False,No change
M6G,2026-03-25 23:00:00,2026-03-26 15:00:00,16,Baseline,0.0,4.3,4.3,NORMAL,0.06421748,0.06421748,0.0,True,True,False,No change
M6G,2026-03-25 23:00:00,2026-03-26 16:00:00,17,Baseline,0.0,4.3,4.3,NORMAL,0.3270204,0.3270204,0.0,True,True,False,No change
M6G,2026-03-25 23:00:00,2026-03-26 17:00:00,18,Baseline,0.0,4.3,4.3,NORMAL,0.8456882,0.8456882,0.0,True,True,False,No change
M6G,2026-03-25 23:00:00,2026-03-26 18:00:00,19,Baseline,0.0,4.3,4.3,NORMAL,0.94861466,0.94861466,0.0,True,True,False,No change
M6G,2026-03-25 23:00:00,2026-03-26 19:00:00,20,Baseline,0.0,4.3,4.3,NORMAL,0.9334539,0.9334539,0.0,True,True,False,No change
M6G,2026-03-25 23:00:00,2026-03-26 20:00:00,21,Baseline,0.0,4.3,4.3,NORMAL,0.8999544,0.8999544,0.0,True,True,False,No change
M6G,2026-03-25 23:00:00,2026-03-26 21:00:00,22,Baseline,0.0,4.3,4.3,NORMAL,0.39810905,0.39810905,0.0,True,True,False,No change
M6G,2026-03-25 23:00:00,2026-03-26 22:00:00,23,Baseline,0.0,4.3,4.3,NORMAL,0.018436378,0.018436378,0.0,False,False,False,No change
M6G,2026-03-25 23:00:00,2026-03-26 23:00:00,24,Baseline,0.0,4.3,4.3,NORMAL,0.0030728679,0.0030728679,0.0,False,False,False,No change
M9R,2026-03-25 23:00:00,2026-03-26 00:00:00,1,+2.5C,2.5,2.7,5.2,NORMAL,2.9218605e-05,4.8017857e-05,-1.8799252e-05,False,False,False,No change
M9R,2026-03-25 23:00:00,2026-03-26 01:00:00,2,+2.5C,2.5,2.7,5.2,NORMAL,1.8699298e-05,3.9864863e-05,-2.1165564e-05,False,False,False,No change
M9R,2026-03-25 23:00:00,2026-03-26 02:00:00,3,+2.5C,2.5,2.7,5.2,NORMAL,1.4980109e-05,2.9693974e-05,-1.4713865e-05,False,False,False,No change
M9R,2026-03-25 23:00:00,2026-03-26 03:00:00,4,+2.5C,2.5,2.7,5.2,NORMAL,2.581819e-05,5.3593194e-05,-2.7775004e-05,False,False,False,No change
M9R,2026-03-25 23:00:00,2026-03-26 04:00:00,5,+2.5C,2.5,2.7,5.2,NORMAL,4.9472153e-05,0.00011580721,-6.633506e-05,False,False,False,No change
M9R,2026-03-25 23:00:00,2026-03-26 05:00:00,6,+2.5C,2.5,2.7,5.2,NORMAL,4.735109e-05,8.6930544e-05,-3.9579452e-05,False,False,False,No change
M9R,2026-03-25 23:00:00,2026-03-26 06:00:00,7,+2.5C,2.5,2.7,5.2,NORMAL,0.00010837471,0.00012860278,-2.0228072e-05,False,False,False,No change
M9R,2026-03-25 23:00:00,2026-03-26 07:00:00,8,+2.5C,2.5,2.7,5.2,NORMAL,9.814029e-05,0.00014374302,-4.5602726e-05,False,False,False,No change
M9R,2026-03-25 23:00:00,2026-03-26 08:00:00,9,+2.5C,2.5,2.7,5.2,NORMAL,0.00015964851,0.00021662479,-5.6976278e-05,False,False,False,No change
M9R,2026-03-25 23:00:00,2026-03-26 09:00:00,10,+2.5C,2.5,2.7,5.2,NORMAL,0.00018448845,0.00019195002,-7.4615673e-06,False,False,False,No change
M9R,2026-03-25 23:00:00,2026-03-26 10:00:00,11,+2.5C,2.5,2.7,5.2,NORMAL,0.00043655696,0.0007983153,-0.0003617583,False,False,False,No change
M9R,2026-03-25 23:00:00,2026-03-26 11:00:00,12,+2.5C,2.5,2.7,5.2,NORMAL,0.0012682037,0.0024737455,-0.0012055418,False,False,False,No change
M9R,2026-03-25 23:00:00,2026-03-26 12:00:00,13,+2.5C,2.5,2.7,5.2,NORMAL,0.0020904227,0.0032965278,-0.0012061051,False,False,False,No change
M9R,2026-03-25 23:00:00,2026-03-26 13:00:00,14,+2.5C,2.5,2.7,5.2,NORMAL,0.0012166012,0.0019695687,-0.00075296743,False,False,False,No change
M9R,2026-03-25 23:00:00,2026-03-26 14:00:00,15,+2.5C,2.5,2.7,5.2,NORMAL,0.004873507,0.0077564353,-0.0028829281,False,False,False,No change
M9R,2026-03-25 23:00:00,2026-03-26 15:00:00,16,+2.5C,2.5,2.7,5.2,NORMAL,0.014641005,0.032301266,-0.01766026,False,False,False,No change
M9R,2026-03-25 23:00:00,2026-03-26 16:00:00,17,+2.5C,2.5,2.7,5.2,NORMAL,0.0980003,0.18326597,-0.085265666,True,True,False,No change
M9R,2026-03-25 23:00:00,2026-03-26 17:00:00,18,+2.5C,2.5,2.7,5.2,NORMAL,0.22838394,0.37682426,-0.14844032,True,True,False,No change
M9R,2026-03-25 23:00:00,2026-03-26 18:00:00,19,+2.5C,2.5,2.7,5.2,NORMAL,0.4455482,0.6188924,-0.17334417,True,True,False,No change
M9R,2026-03-25 23:00:00,2026-03-26 19:00:00,20,+2.5C,2.5,2.7,5.2,NORMAL,0.5643433,0.66092515,-0.09658188,True,True,False,No change
M9R,2026-03-25 23:00:00,2026-03-26 20:00:00,21,+2.5C,2.5,2.7,5.2,NORMAL,0.36138728,0.49308845,-0.13170117,True,True,False,No change
M9R,2026-03-25 23:00:00,2026-03-26 21:00:00,22,+2.5C,2.5,2.7,5.2,NORMAL,0.098937705,0.109318964,-0.010381259,True,True,False,No change
M9R,2026-03-25 23:00:00,2026-03-26 22:00:00,23,+2.5C,2.5,2.7,5.2,NORMAL,0.054750647,0.05154052,0.0032101274,False,False,False,No change
M9R,2026-03-25 23:00:00,2026-03-26 23:00:00,24,+2.5C,2.5,2.7,5.2,NORMAL,0.0063638906,0.0071181557,-0.0007542651,False,False,False,No change
M9R,2026-03-25 23:00:00,2026-03-26 00:00:00,1,+5C,5.0,2.7,7.7,NORMAL,2.4939724e-05,4.8017857e-05,-2.3078133e-05,False,False,False,No change
M9R,2026-03-25 23:00:00,2026-03-26 01:00:00,2,+5C,5.0,2.7,7.7,NORMAL,1.5246599e-05,3.9864863e-05,-2.4618264e-05,False,False,False,No change
M9R,2026-03-25 23:00:00,2026-03-26 02:00:00,3,+5C,5.0,2.7,7.7,NORMAL,1.50863e-05,2.9693974e-05,-1.46076745e-05,False,False,False,No change
M9R,2026-03-25 23:00:00,2026-03-26 03:00:00,4,+5C,5.0,2.7,7.7,NORMAL,2.5564783e-05,5.3593194e-05,-2.8028411e-05,False,False,False,No change
M9R,2026-03-25 23:00:00,2026-03-26 04:00:00,5,+5C,5.0,2.7,7.7,NORMAL,5.288183e-05,0.00011580721,-6.292538e-05,False,False,False,No change
M9R,2026-03-25 23:00:00,2026-03-26 05:00:00,6,+5C,5.0,2.7,7.7,NORMAL,4.477013e-05,8.6930544e-05,-4.2160413e-05,False,False,False,No change
M9R,2026-03-25 23:00:00,2026-03-26 06:00:00,7,+5C,5.0,2.7,7.7,NORMAL,9.1166185e-05,0.00012860278,-3.74366e-05,False,False,False,No change
M9R,2026-03-25 23:00:00,2026-03-26 07:00:00,8,+5C,5.0,2.7,7.7,NORMAL,8.551595e-05,0.00014374302,-5.8227066e-05,False,False,False,No change
M9R,2026-03-25 23:00:00,2026-03-26 08:00:00,9,+5C,5.0,2.7,7.7,NORMAL,8.6426844e-05,0.00021662479,-0.00013019794,False,False,False,No change
M9R,2026-03-25 23:00:00,2026-03-26 09:00:00,10,+5C,5.0,2.7,7.7,NORMAL,6.955891e-05,0.00019195002,-0.00012239111,False,False,False,No change
M9R,2026-03-25 23:00:00,2026-03-26 10:00:00,11,+5C,5.0,2.7,7.7,NORMAL,0.0001971262,0.0007983153,-0.0006011891,False,False,False,No change
M9R,2026-03-25 23:00:00,2026-03-26 11:00:00,12,+5C,5.0,2.7,7.7,NORMAL,0.00029070466,0.0024737455,-0.0021830408,False,False,False,No change
M9R,2026-03-25 23:00:00,2026-03-26 12:00:00,13,+5C,5.0,2.7,7.7,NORMAL,0.00032093006,0.0032965278,-0.0029755977,False,False,False,No change
M9R,2026-03-25 23:00:00,2026-03-26 13:00:00,14,+5C,5.0,2.7,7.7,NORMAL,0.00024028498,0.0019695687,-0.0017292837,False,False,False,No change
M9R,2026-03-25 23:00:00,2026-03-26 14:00:00,15,+5C,5.0,2.7,7.7,NORMAL,0.0009128324,0.0077564353,-0.0068436028,False,False,False,No change
M9R,2026-03-25 23:00:00,2026-03-26 15:00:00,16,+5C,5.0,2.7,7.7,NORMAL,0.0025801482,0.032301266,-0.029721119,False,False,False,No change
M9R,2026-03-25 23:00:00,2026-03-26 16:00:00,17,+5C,5.0,2.7,7.7,NORMAL,0.014104878,0.18326597,-0.1691611,False,True,True,Alert -> No Alert
M9R,2026-03-25 23:00:00,2026-03-26 17:00:00,18,+5C,5.0,2.7,7.7,NORMAL,0.034309536,0.37682426,-0.34251472,False,True,True,Alert -> No Alert
M9R,2026-03-25 23:00:00,2026-03-26 18:00:00,19,+5C,5.0,2.7,7.7,NORMAL,0.1412473,0.6188924,-0.47764507,True,True,False,No change
M9R,2026-03-25 23:00:00,2026-03-26 19:00:00,20,+5C,5.0,2.7,7.7,NORMAL,0.17377476,0.66092515,-0.48715037,True,True,False,No change
M9R,2026-03-25 23:00:00,2026-03-26 20:00:00,21,+5C,5.0,2.7,7.7,NORMAL,0.09300086,0.49308845,-0.4000876,True,True,False,No change
M9R,2026-03-25 23:00:00,2026-03-26 21:00:00,22,+5C,5.0,2.7,7.7,NORMAL,0.033186328,0.109318964,-0.07613264,False,True,True,Alert -> No Alert
M9R,2026-03-25 23:00:00,2026-03-26 22:00:00,23,+5C,5.0,2.7,7.7,NORMAL,0.0120767355,0.05154052,-0.039463785,False,False,False,No change
M9R,2026-03-25 23:00:00,2026-03-26 23:00:00,24,+5C,5.0,2.7,7.7,NORMAL,0.0047999094,0.0071181557,-0.0023182463,False,False,False,No change
M9R,2026-03-25 23:00:00,2026-03-26 00:00:00,1,-2.5C,-2.5,2.7,0.20000000000000018,NORMAL,0.00010059249,4.8017857e-05,5.2574636e-05,False,False,False,No change
M9R,2026-03-25 23:00:00,2026-03-26 01:00:00,2,-2.5C,-2.5,2.7,0.20000000000000018,NORMAL,5.791941e-05,3.9864863e-05,1.8054547e-05,False,False,False,No change
M9R,2026-03-25 23:00:00,2026-03-26 02:00:00,3,-2.5C,-2.5,2.7,0.20000000000000018,NORMAL,3.472878e-05,2.9693974e-05,5.0348044e-06,False,False,False,No change
M9R,2026-03-25 23:00:00,2026-03-26 03:00:00,4,-2.5C,-2.5,2.7,0.20000000000000018,NORMAL,7.8794896e-05,5.3593194e-05,2.5201702e-05,False,False,False,No change
M9R,2026-03-25 23:00:00,2026-03-26 04:00:00,5,-2.5C,-2.5,2.7,0.20000000000000018,NORMAL,0.00014115,0.00011580721,2.5342786e-05,False,False,False,No change
M9R,2026-03-25 23:00:00,2026-03-26 05:00:00,6,-2.5C,-2.5,2.7,0.20000000000000018,NORMAL,0.00023738504,8.6930544e-05,0.00015045449,False,False,False,No change
M9R,2026-03-25 23:00:00,2026-03-26 06:00:00,7,-2.5C,-2.5,2.7,0.20000000000000018,NORMAL,0.00047599446,0.00012860278,0.00034739167,False,False,False,No change
M9R,2026-03-25 23:00:00,2026-03-26 07:00:00,8,-2.5C,-2.5,2.7,0.20000000000000018,NORMAL,0.0005379369,0.00014374302,0.00039419392,False,False,False,No change
M9R,2026-03-25 23:00:00,2026-03-26 08:00:00,9,-2.5C,-2.5,2.7,0.20000000000000018,NORMAL,0.0005415791,0.00021662479,0.0003249543,False,False,False,No change
M9R,2026-03-25 23:00:00,2026-03-26 09:00:00,10,-2.5C,-2.5,2.7,0.20000000000000018,NORMAL,0.0003891026,0.00019195002,0.00019715259,False,False,False,No change
M9R,2026-03-25 23:00:00,2026-03-26 10:00:00,11,-2.5C,-2.5,2.7,0.20000000000000018,NORMAL,0.0014920222,0.0007983153,0.0006937069,False,False,False,No change
M9R,2026-03-25 23:00:00,2026-03-26 11:00:00,12,-2.5C,-2.5,2.7,0.20000000000000018,NORMAL,0.0036277387,0.0024737455,0.0011539932,False,False,False,No change
M9R,2026-03-25 23:00:00,2026-03-26 12:00:00,13,-2.5C,-2.5,2.7,0.20000000000000018,NORMAL,0.0053505925,0.0032965278,0.0020540648,False,False,False,No change
M9R,2026-03-25 23:00:00,2026-03-26 13:00:00,14,-2.5C,-2.5,2.7,0.20000000000000018,NORMAL,0.0037972217,0.0019695687,0.001827653,False,False,False,No change
M9R,2026-03-25 23:00:00,2026-03-26 14:00:00,15,-2.5C,-2.5,2.7,0.20000000000000018,NORMAL,0.011202095,0.0077564353,0.0034456598,False,False,False,No change
M9R,2026-03-25 23:00:00,2026-03-26 15:00:00,16,-2.5C,-2.5,2.7,0.20000000000000018,NORMAL,0.040203363,0.032301266,0.007902097,False,False,False,No change
M9R,2026-03-25 23:00:00,2026-03-26 16:00:00,17,-2.5C,-2.5,2.7,0.20000000000000018,NORMAL,0.1996765,0.18326597,0.01641053,True,True,False,No change
M9R,2026-03-25 23:00:00,2026-03-26 17:00:00,18,-2.5C,-2.5,2.7,0.20000000000000018,NORMAL,0.43501508,0.37682426,0.058190823,True,True,False,No change
M9R,2026-03-25 23:00:00,2026-03-26 18:00:00,19,-2.5C,-2.5,2.7,0.20000000000000018,NORMAL,0.7363698,0.6188924,0.11747742,True,True,False,No change
M9R,2026-03-25 23:00:00,2026-03-26 19:00:00,20,-2.5C,-2.5,2.7,0.20000000000000018,NORMAL,0.77144796,0.66092515,0.11052281,True,True,False,No change
M9R,2026-03-25 23:00:00,2026-03-26 20:00:00,21,-2.5C,-2.5,2.7,0.20000000000000018,NORMAL,0.62564695,0.49308845,0.1325585,True,True,False,No change
M9R,2026-03-25 23:00:00,2026-03-26 21:00:00,22,-2.5C,-2.5,2.7,0.20000000000000018,NORMAL,0.14351349,0.109318964,0.03419452,True,True,False,No change
M9R,2026-03-25 23:00:00,2026-03-26 22:00:00,23,-2.5C,-2.5,2.7,0.20000000000000018,NORMAL,0.05458163,0.05154052,0.003041111,False,False,False,No change
M9R,2026-03-25 23:00:00,2026-03-26 23:00:00,24,-2.5C,-2.5,2.7,0.20000000000000018,NORMAL,0.009114654,0.0071181557,0.001996498,False,False,False,No change
M9R,2026-03-25 23:00:00,2026-03-26 00:00:00,1,-5C,-5.0,2.7,-2.3,NORMAL,0.00012068463,4.8017857e-05,7.266677e-05,False,False,False,No change
M9R,2026-03-25 23:00:00,2026-03-26 01:00:00,2,-5C,-5.0,2.7,-2.3,NORMAL,4.243388e-05,3.9864863e-05,2.569017e-06,False,False,False,No change
M9R,2026-03-25 23:00:00,2026-03-26 02:00:00,3,-5C,-5.0,2.7,-2.3,NORMAL,3.7803966e-05,2.9693974e-05,8.1099915e-06,False,False,False,No change
M9R,2026-03-25 23:00:00,2026-03-26 03:00:00,4,-5C,-5.0,2.7,-2.3,NORMAL,0.00012702898,5.3593194e-05,7.343579e-05,False,False,False,No change
M9R,2026-03-25 23:00:00,2026-03-26 04:00:00,5,-5C,-5.0,2.7,-2.3,NORMAL,0.00018449267,0.00011580721,6.868546e-05,False,False,False,No change
M9R,2026-03-25 23:00:00,2026-03-26 05:00:00,6,-5C,-5.0,2.7,-2.3,NORMAL,0.00034877763,8.6930544e-05,0.00026184708,False,False,False,No change
M9R,2026-03-25 23:00:00,2026-03-26 06:00:00,7,-5C,-5.0,2.7,-2.3,NORMAL,0.00055784284,0.00012860278,0.00042924006,False,False,False,No change
M9R,2026-03-25 23:00:00,2026-03-26 07:00:00,8,-5C,-5.0,2.7,-2.3,NORMAL,0.0005677647,0.00014374302,0.00042402168,False,False,False,No change
M9R,2026-03-25 23:00:00,2026-03-26 08:00:00,9,-5C,-5.0,2.7,-2.3,NORMAL,0.00050986314,0.00021662479,0.00029323835,False,False,False,No change
M9R,2026-03-25 23:00:00,2026-03-26 09:00:00,10,-5C,-5.0,2.7,-2.3,NORMAL,0.00041448994,0.00019195002,0.00022253992,False,False,False,No change
M9R,2026-03-25 23:00:00,2026-03-26 10:00:00,11,-5C,-5.0,2.7,-2.3,NORMAL,0.0012444456,0.0007983153,0.0004461303,False,False,False,No change
M9R,2026-03-25 23:00:00,2026-03-26 11:00:00,12,-5C,-5.0,2.7,-2.3,NORMAL,0.0023587316,0.0024737455,-0.000115013914,False,False,False,No change
M9R,2026-03-25 23:00:00,2026-03-26 12:00:00,13,-5C,-5.0,2.7,-2.3,NORMAL,0.0050765583,0.0032965278,0.0017800306,False,False,False,No change
M9R,2026-03-25 23:00:00,2026-03-26 13:00:00,14,-5C,-5.0,2.7,-2.3,NORMAL,0.0029034202,0.0019695687,0.0009338516,False,False,False,No change
M9R,2026-03-25 23:00:00,2026-03-26 14:00:00,15,-5C,-5.0,2.7,-2.3,NORMAL,0.011424164,0.0077564353,0.003667729,False,False,False,No change
M9R,2026-03-25 23:00:00,2026-03-26 15:00:00,16,-5C,-5.0,2.7,-2.3,NORMAL,0.038438197,0.032301266,0.0061369315,False,False,False,No change
M9R,2026-03-25 23:00:00,2026-03-26 16:00:00,17,-5C,-5.0,2.7,-2.3,NORMAL,0.19346237,0.18326597,0.010196403,True,True,False,No change
M9R,2026-03-25 23:00:00,2026-03-26 17:00:00,18,-5C,-5.0,2.7,-2.3,NORMAL,0.5343895,0.37682426,0.15756524,True,True,False,No change
M9R,2026-03-25 23:00:00,2026-03-26 18:00:00,19,-5C,-5.0,2.7,-2.3,NORMAL,0.8127181,0.6188924,0.19382572,True,True,False,No change
M9R,2026-03-25 23:00:00,2026-03-26 19:00:00,20,-5C,-5.0,2.7,-2.3,NORMAL,0.84216404,0.66092515,0.18123889,True,True,False,No change
M9R,2026-03-25 23:00:00,2026-03-26 20:00:00,21,-5C,-5.0,2.7,-2.3,NORMAL,0.65556335,0.49308845,0.1624749,True,True,False,No change
M9R,2026-03-25 23:00:00,2026-03-26 21:00:00,22,-5C,-5.0,2.7,-2.3,NORMAL,0.17631154,0.109318964,0.06699257,True,True,False,No change
M9R,2026-03-25 23:00:00,2026-03-26 22:00:00,23,-5C,-5.0,2.7,-2.3,NORMAL,0.057761416,0.05154052,0.006220896,False,False,False,No change
M9R,2026-03-25 23:00:00,2026-03-26 23:00:00,24,-5C,-5.0,2.7,-2.3,NORMAL,0.008745219,0.0071181557,0.0016270629,False,False,False,No change
M9R,2026-03-25 23:00:00,2026-03-26 00:00:00,1,Baseline,0.0,2.7,2.7,NORMAL,4.8017857e-05,4.8017857e-05,0.0,False,False,False,No change
M9R,2026-03-25 23:00:00,2026-03-26 01:00:00,2,Baseline,0.0,2.7,2.7,NORMAL,3.9864863e-05,3.9864863e-05,0.0,False,False,False,No change
M9R,2026-03-25 23:00:00,2026-03-26 02:00:00,3,Baseline,0.0,2.7,2.7,NORMAL,2.9693974e-05,2.9693974e-05,0.0,False,False,False,No change
M9R,2026-03-25 23:00:00,2026-03-26 03:00:00,4,Baseline,0.0,2.7,2.7,NORMAL,5.3593194e-05,5.3593194e-05,0.0,False,False,False,No change
M9R,2026-03-25 23:00:00,2026-03-26 04:00:00,5,Baseline,0.0,2.7,2.7,NORMAL,0.00011580721,0.00011580721,0.0,False,False,False,No change
M9R,2026-03-25 23:00:00,2026-03-26 05:00:00,6,Baseline,0.0,2.7,2.7,NORMAL,8.6930544e-05,8.6930544e-05,0.0,False,False,False,No change
M9R,2026-03-25 23:00:00,2026-03-26 06:00:00,7,Baseline,0.0,2.7,2.7,NORMAL,0.00012860278,0.00012860278,0.0,False,False,False,No change
M9R,2026-03-25 23:00:00,2026-03-26 07:00:00,8,Baseline,0.0,2.7,2.7,NORMAL,0.00014374302,0.00014374302,0.0,False,False,False,No change
M9R,2026-03-25 23:00:00,2026-03-26 08:00:00,9,Baseline,0.0,2.7,2.7,NORMAL,0.00021662479,0.00021662479,0.0,False,False,False,No change
M9R,2026-03-25 23:00:00,2026-03-26 09:00:00,10,Baseline,0.0,2.7,2.7,NORMAL,0.00019195002,0.00019195002,0.0,False,False,False,No change
M9R,2026-03-25 23:00:00,2026-03-26 10:00:00,11,Baseline,0.0,2.7,2.7,NORMAL,0.0007983153,0.0007983153,0.0,False,False,False,No change
M9R,2026-03-25 23:00:00,2026-03-26 11:00:00,12,Baseline,0.0,2.7,2.7,NORMAL,0.0024737455,0.0024737455,0.0,False,False,False,No change
M9R,2026-03-25 23:00:00,2026-03-26 12:00:00,13,Baseline,0.0,2.7,2.7,NORMAL,0.0032965278,0.0032965278,0.0,False,False,False,No change
M9R,2026-03-25 23:00:00,2026-03-26 13:00:00,14,Baseline,0.0,2.7,2.7,NORMAL,0.0019695687,0.0019695687,0.0,False,False,False,No change
M9R,2026-03-25 23:00:00,2026-03-26 14:00:00,15,Baseline,0.0,2.7,2.7,NORMAL,0.0077564353,0.0077564353,0.0,False,False,False,No change
M9R,2026-03-25 23:00:00,2026-03-26 15:00:00,16,Baseline,0.0,2.7,2.7,NORMAL,0.032301266,0.032301266,0.0,False,False,False,No change
M9R,2026-03-25 23:00:00,2026-03-26 16:00:00,17,Baseline,0.0,2.7,2.7,NORMAL,0.18326597,0.18326597,0.0,True,True,False,No change
M9R,2026-03-25 23:00:00,2026-03-26 17:00:00,18,Baseline,0.0,2.7,2.7,NORMAL,0.37682426,0.37682426,0.0,True,True,False,No change
M9R,2026-03-25 23:00:00,2026-03-26 18:00:00,19,Baseline,0.0,2.7,2.7,NORMAL,0.6188924,0.6188924,0.0,True,True,False,No change
M9R,2026-03-25 23:00:00,2026-03-26 19:00:00,20,Baseline,0.0,2.7,2.7,NORMAL,0.66092515,0.66092515,0.0,True,True,False,No change
M9R,2026-03-25 23:00:00,2026-03-26 20:00:00,21,Baseline,0.0,2.7,2.7,NORMAL,0.49308845,0.49308845,0.0,True,True,False,No change
M9R,2026-03-25 23:00:00,2026-03-26 21:00:00,22,Baseline,0.0,2.7,2.7,NORMAL,0.109318964,0.109318964,0.0,True,True,False,No change
M9R,2026-03-25 23:00:00,2026-03-26 22:00:00,23,Baseline,0.0,2.7,2.7,NORMAL,0.05154052,0.05154052,0.0,False,False,False,No change
M9R,2026-03-25 23:00:00,2026-03-26 23:00:00,24,Baseline,0.0,2.7,2.7,NORMAL,0.0071181557,0.0071181557,0.0,False,False,False,No change
M9W,2026-03-25 23:00:00,2026-03-26 00:00:00,1,+2.5C,2.5,2.7,5.2,NORMAL,6.165907e-05,0.00012257928,-6.092021e-05,False,False,False,No change
M9W,2026-03-25 23:00:00,2026-03-26 01:00:00,2,+2.5C,2.5,2.7,5.2,NORMAL,2.005395e-05,5.3212214e-05,-3.3158263e-05,False,False,False,No change
M9W,2026-03-25 23:00:00,2026-03-26 02:00:00,3,+2.5C,2.5,2.7,5.2,NORMAL,3.460134e-05,6.139791e-05,-2.6796566e-05,False,False,False,No change
M9W,2026-03-25 23:00:00,2026-03-26 03:00:00,4,+2.5C,2.5,2.7,5.2,NORMAL,3.2481254e-05,5.321536e-05,-2.0734107e-05,False,False,False,No change
M9W,2026-03-25 23:00:00,2026-03-26 04:00:00,5,+2.5C,2.5,2.7,5.2,NORMAL,7.066992e-05,0.00017476766,-0.00010409774,False,False,False,No change
M9W,2026-03-25 23:00:00,2026-03-26 05:00:00,6,+2.5C,2.5,2.7,5.2,NORMAL,0.00021156861,0.00037052133,-0.00015895272,False,False,False,No change
M9W,2026-03-25 23:00:00,2026-03-26 06:00:00,7,+2.5C,2.5,2.7,5.2,NORMAL,0.00035796384,0.00037112655,-1.3162702e-05,False,False,False,No change
M9W,2026-03-25 23:00:00,2026-03-26 07:00:00,8,+2.5C,2.5,2.7,5.2,NORMAL,0.00043097365,0.00065007573,-0.00021910208,False,False,False,No change
M9W,2026-03-25 23:00:00,2026-03-26 08:00:00,9,+2.5C,2.5,2.7,5.2,NORMAL,0.0013710022,0.0020666262,-0.00069562404,False,False,False,No change
M9W,2026-03-25 23:00:00,2026-03-26 09:00:00,10,+2.5C,2.5,2.7,5.2,NORMAL,0.01737324,0.022108015,-0.004734775,False,False,False,No change
M9W,2026-03-25 23:00:00,2026-03-26 10:00:00,11,+2.5C,2.5,2.7,5.2,NORMAL,0.098181725,0.19417429,-0.095992565,True,True,False,No change
M9W,2026-03-25 23:00:00,2026-03-26 11:00:00,12,+2.5C,2.5,2.7,5.2,NORMAL,0.17134848,0.35267845,-0.18132997,True,True,False,No change
M9W,2026-03-25 23:00:00,2026-03-26 12:00:00,13,+2.5C,2.5,2.7,5.2,NORMAL,0.15742595,0.20056617,-0.043140218,True,True,False,No change
M9W,2026-03-25 23:00:00,2026-03-26 13:00:00,14,+2.5C,2.5,2.7,5.2,NORMAL,0.07737496,0.12629136,-0.048916407,True,True,False,No change
M9W,2026-03-25 23:00:00,2026-03-26 14:00:00,15,+2.5C,2.5,2.7,5.2,NORMAL,0.34423655,0.51755935,-0.1733228,True,True,False,No change
M9W,2026-03-25 23:00:00,2026-03-26 15:00:00,16,+2.5C,2.5,2.7,5.2,NORMAL,0.3397189,0.6229481,-0.2832292,True,True,False,No change
M9W,2026-03-25 23:00:00,2026-03-26 16:00:00,17,+2.5C,2.5,2.7,5.2,NORMAL,0.47654563,0.696141,-0.21959537,True,True,False,No change
M9W,2026-03-25 23:00:00,2026-03-26 17:00:00,18,+2.5C,2.5,2.7,5.2,NORMAL,0.6178441,0.7588861,-0.141042,True,True,False,No change
M9W,2026-03-25 23:00:00,2026-03-26 18:00:00,19,+2.5C,2.5,2.7,5.2,NORMAL,0.75592726,0.8626735,-0.10674626,True,True,False,No change
M9W,2026-03-25 23:00:00,2026-03-26 19:00:00,20,+2.5C,2.5,2.7,5.2,NORMAL,0.788306,0.8620837,-0.073777676,True,True,False,No change
M9W,2026-03-25 23:00:00,2026-03-26 20:00:00,21,+2.5C,2.5,2.7,5.2,NORMAL,0.3049513,0.40659234,-0.10164103,True,True,False,No change
M9W,2026-03-25 23:00:00,2026-03-26 21:00:00,22,+2.5C,2.5,2.7,5.2,NORMAL,0.02456382,0.033446528,-0.008882709,False,False,False,No change
M9W,2026-03-25 23:00:00,2026-03-26 22:00:00,23,+2.5C,2.5,2.7,5.2,NORMAL,0.015713492,0.016248524,-0.0005350318,False,False,False,No change
M9W,2026-03-25 23:00:00,2026-03-26 23:00:00,24,+2.5C,2.5,2.7,5.2,NORMAL,0.0006368804,0.00064711354,-1.023314e-05,False,False,False,No change
M9W,2026-03-25 23:00:00,2026-03-26 00:00:00,1,+5C,5.0,2.7,7.7,NORMAL,5.283798e-05,0.00012257928,-6.9741305e-05,False,False,False,No change
M9W,2026-03-25 23:00:00,2026-03-26 01:00:00,2,+5C,5.0,2.7,7.7,NORMAL,1.6351112e-05,5.3212214e-05,-3.68611e-05,False,False,False,No change
M9W,2026-03-25 23:00:00,2026-03-26 02:00:00,3,+5C,5.0,2.7,7.7,NORMAL,3.4692104e-05,6.139791e-05,-2.6705802e-05,False,False,False,No change
M9W,2026-03-25 23:00:00,2026-03-26 03:00:00,4,+5C,5.0,2.7,7.7,NORMAL,3.0128656e-05,5.321536e-05,-2.3086704e-05,False,False,False,No change
M9W,2026-03-25 23:00:00,2026-03-26 04:00:00,5,+5C,5.0,2.7,7.7,NORMAL,7.0552895e-05,0.00017476766,-0.00010421476,False,False,False,No change
M9W,2026-03-25 23:00:00,2026-03-26 05:00:00,6,+5C,5.0,2.7,7.7,NORMAL,0.00019560829,0.00037052133,-0.00017491305,False,False,False,No change
M9W,2026-03-25 23:00:00,2026-03-26 06:00:00,7,+5C,5.0,2.7,7.7,NORMAL,0.00025222567,0.00037112655,-0.000118900876,False,False,False,No change
M9W,2026-03-25 23:00:00,2026-03-26 07:00:00,8,+5C,5.0,2.7,7.7,NORMAL,0.00038854012,0.00065007573,-0.0002615356,False,False,False,No change
M9W,2026-03-25 23:00:00,2026-03-26 08:00:00,9,+5C,5.0,2.7,7.7,NORMAL,0.00059451646,0.0020666262,-0.0014721097,False,False,False,No change
M9W,2026-03-25 23:00:00,2026-03-26 09:00:00,10,+5C,5.0,2.7,7.7,NORMAL,0.005984064,0.022108015,-0.01612395,False,False,False,No change
M9W,2026-03-25 23:00:00,2026-03-26 10:00:00,11,+5C,5.0,2.7,7.7,NORMAL,0.039417956,0.19417429,-0.15475634,False,True,True,Alert -> No Alert
M9W,2026-03-25 23:00:00,2026-03-26 11:00:00,12,+5C,5.0,2.7,7.7,NORMAL,0.04103993,0.35267845,-0.31163853,False,True,True,Alert -> No Alert
M9W,2026-03-25 23:00:00,2026-03-26 12:00:00,13,+5C,5.0,2.7,7.7,NORMAL,0.023490801,0.20056617,-0.17707537,False,True,True,Alert -> No Alert
M9W,2026-03-25 23:00:00,2026-03-26 13:00:00,14,+5C,5.0,2.7,7.7,NORMAL,0.0140123395,0.12629136,-0.11227903,False,True,True,Alert -> No Alert
M9W,2026-03-25 23:00:00,2026-03-26 14:00:00,15,+5C,5.0,2.7,7.7,NORMAL,0.063439496,0.51755935,-0.45411986,True,True,False,No change
M9W,2026-03-25 23:00:00,2026-03-26 15:00:00,16,+5C,5.0,2.7,7.7,NORMAL,0.07552464,0.6229481,-0.5474235,True,True,False,No change
M9W,2026-03-25 23:00:00,2026-03-26 16:00:00,17,+5C,5.0,2.7,7.7,NORMAL,0.10870945,0.696141,-0.58743155,True,True,False,No change
M9W,2026-03-25 23:00:00,2026-03-26 17:00:00,18,+5C,5.0,2.7,7.7,NORMAL,0.16256295,0.7588861,-0.59632313,True,True,False,No change
M9W,2026-03-25 23:00:00,2026-03-26 18:00:00,19,+5C,5.0,2.7,7.7,NORMAL,0.33335197,0.8626735,-0.52932155,True,True,False,No change
M9W,2026-03-25 23:00:00,2026-03-26 19:00:00,20,+5C,5.0,2.7,7.7,NORMAL,0.31387916,0.8620837,-0.54820454,True,True,False,No change
M9W,2026-03-25 23:00:00,2026-03-26 20:00:00,21,+5C,5.0,2.7,7.7,NORMAL,0.05372123,0.40659234,-0.35287112,False,True,True,Alert -> No Alert
M9W,2026-03-25 23:00:00,2026-03-26 21:00:00,22,+5C,5.0,2.7,7.7,NORMAL,0.005984813,0.033446528,-0.027461715,False,False,False,No change
M9W,2026-03-25 23:00:00,2026-03-26 22:00:00,23,+5C,5.0,2.7,7.7,NORMAL,0.0029607813,0.016248524,-0.013287743,False,False,False,No change
M9W,2026-03-25 23:00:00,2026-03-26 23:00:00,24,+5C,5.0,2.7,7.7,NORMAL,0.0004035008,0.00064711354,-0.00024361274,False,False,False,No change
M9W,2026-03-25 23:00:00,2026-03-26 00:00:00,1,-2.5C,-2.5,2.7,0.20000000000000018,NORMAL,0.00023628783,0.00012257928,0.00011370855,False,False,False,No change
M9W,2026-03-25 23:00:00,2026-03-26 01:00:00,2,-2.5C,-2.5,2.7,0.20000000000000018,NORMAL,7.2956886e-05,5.3212214e-05,1.9744672e-05,False,False,False,No change
M9W,2026-03-25 23:00:00,2026-03-26 02:00:00,3,-2.5C,-2.5,2.7,0.20000000000000018,NORMAL,7.639624e-05,6.139791e-05,1.4998332e-05,False,False,False,No change
M9W,2026-03-25 23:00:00,2026-03-26 03:00:00,4,-2.5C,-2.5,2.7,0.20000000000000018,NORMAL,0.000119610435,5.321536e-05,6.639508e-05,False,False,False,No change
M9W,2026-03-25 23:00:00,2026-03-26 04:00:00,5,-2.5C,-2.5,2.7,0.20000000000000018,NORMAL,0.00031370498,0.00017476766,0.00013893732,False,False,False,No change
M9W,2026-03-25 23:00:00,2026-03-26 05:00:00,6,-2.5C,-2.5,2.7,0.20000000000000018,NORMAL,0.0009915872,0.00037052133,0.00062106585,False,False,False,No change
M9W,2026-03-25 23:00:00,2026-03-26 06:00:00,7,-2.5C,-2.5,2.7,0.20000000000000018,NORMAL,0.0019972392,0.00037112655,0.0016261126,False,False,False,No change
M9W,2026-03-25 23:00:00,2026-03-26 07:00:00,8,-2.5C,-2.5,2.7,0.20000000000000018,NORMAL,0.0032449733,0.00065007573,0.0025948975,False,False,False,No change
M9W,2026-03-25 23:00:00,2026-03-26 08:00:00,9,-2.5C,-2.5,2.7,0.20000000000000018,NORMAL,0.0055253697,0.0020666262,0.0034587434,False,False,False,No change
M9W,2026-03-25 23:00:00,2026-03-26 09:00:00,10,-2.5C,-2.5,2.7,0.20000000000000018,NORMAL,0.060278993,0.022108015,0.03817098,True,False,True,No Alert -> Alert
M9W,2026-03-25 23:00:00,2026-03-26 10:00:00,11,-2.5C,-2.5,2.7,0.20000000000000018,NORMAL,0.4167324,0.19417429,0.22255811,True,True,False,No change
M9W,2026-03-25 23:00:00,2026-03-26 11:00:00,12,-2.5C,-2.5,2.7,0.20000000000000018,NORMAL,0.599701,0.35267845,0.24702254,True,True,False,No change
M9W,2026-03-25 23:00:00,2026-03-26 12:00:00,13,-2.5C,-2.5,2.7,0.20000000000000018,NORMAL,0.46352616,0.20056617,0.26296,True,True,False,No change
M9W,2026-03-25 23:00:00,2026-03-26 13:00:00,14,-2.5C,-2.5,2.7,0.20000000000000018,NORMAL,0.34825444,0.12629136,0.22196308,True,True,False,No change
M9W,2026-03-25 23:00:00,2026-03-26 14:00:00,15,-2.5C,-2.5,2.7,0.20000000000000018,NORMAL,0.6455382,0.51755935,0.12797886,True,True,False,No change
M9W,2026-03-25 23:00:00,2026-03-26 15:00:00,16,-2.5C,-2.5,2.7,0.20000000000000018,NORMAL,0.72618115,0.6229481,0.10323304,True,True,False,No change
M9W,2026-03-25 23:00:00,2026-03-26 16:00:00,17,-2.5C,-2.5,2.7,0.20000000000000018,NORMAL,0.77515644,0.696141,0.079015434,True,True,False,No change
M9W,2026-03-25 23:00:00,2026-03-26 17:00:00,18,-2.5C,-2.5,2.7,0.20000000000000018,NORMAL,0.83768165,0.7588861,0.07879555,True,True,False,No change
M9W,2026-03-25 23:00:00,2026-03-26 18:00:00,19,-2.5C,-2.5,2.7,0.20000000000000018,NORMAL,0.9225155,0.8626735,0.05984199,True,True,False,No change
M9W,2026-03-25 23:00:00,2026-03-26 19:00:00,20,-2.5C,-2.5,2.7,0.20000000000000018,NORMAL,0.9036122,0.8620837,0.041528523,True,True,False,No change
M9W,2026-03-25 23:00:00,2026-03-26 20:00:00,21,-2.5C,-2.5,2.7,0.20000000000000018,NORMAL,0.52888954,0.40659234,0.1222972,True,True,False,No change
M9W,2026-03-25 23:00:00,2026-03-26 21:00:00,22,-2.5C,-2.5,2.7,0.20000000000000018,NORMAL,0.042348836,0.033446528,0.008902308,False,False,False,No change
M9W,2026-03-25 23:00:00,2026-03-26 22:00:00,23,-2.5C,-2.5,2.7,0.20000000000000018,NORMAL,0.015613676,0.016248524,-0.00063484814,False,False,False,No change
M9W,2026-03-25 23:00:00,2026-03-26 23:00:00,24,-2.5C,-2.5,2.7,0.20000000000000018,NORMAL,0.0008482137,0.00064711354,0.00020110013,False,False,False,No change
M9W,2026-03-25 23:00:00,2026-03-26 00:00:00,1,-5C,-5.0,2.7,-2.3,NORMAL,0.00031761476,0.00012257928,0.00019503548,False,False,False,No change
M9W,2026-03-25 23:00:00,2026-03-26 01:00:00,2,-5C,-5.0,2.7,-2.3,NORMAL,9.0474736e-05,5.3212214e-05,3.726252e-05,False,False,False,No change
M9W,2026-03-25 23:00:00,2026-03-26 02:00:00,3,-5C,-5.0,2.7,-2.3,NORMAL,6.4818785e-05,6.139791e-05,3.4208788e-06,False,False,False,No change
M9W,2026-03-25 23:00:00,2026-03-26 03:00:00,4,-5C,-5.0,2.7,-2.3,NORMAL,0.0001530347,5.321536e-05,9.981934e-05,False,False,False,No change
M9W,2026-03-25 23:00:00,2026-03-26 04:00:00,5,-5C,-5.0,2.7,-2.3,NORMAL,0.00041301714,0.00017476766,0.00023824949,False,False,False,No change
M9W,2026-03-25 23:00:00,2026-03-26 05:00:00,6,-5C,-5.0,2.7,-2.3,NORMAL,0.0013601882,0.00037052133,0.0009896669,False,False,False,No change
M9W,2026-03-25 23:00:00,2026-03-26 06:00:00,7,-5C,-5.0,2.7,-2.3,NORMAL,0.0023198547,0.00037112655,0.0019487281,False,False,False,No change
M9W,2026-03-25 23:00:00,2026-03-26 07:00:00,8,-5C,-5.0,2.7,-2.3,NORMAL,0.003801481,0.00065007573,0.0031514054,False,False,False,No change
M9W,2026-03-25 23:00:00,2026-03-26 08:00:00,9,-5C,-5.0,2.7,-2.3,NORMAL,0.005967319,0.0020666262,0.0039006928,False,False,False,No change
M9W,2026-03-25 23:00:00,2026-03-26 09:00:00,10,-5C,-5.0,2.7,-2.3,NORMAL,0.07680357,0.022108015,0.054695558,True,False,True,No Alert -> Alert
M9W,2026-03-25 23:00:00,2026-03-26 10:00:00,11,-5C,-5.0,2.7,-2.3,NORMAL,0.48264647,0.19417429,0.28847218,True,True,False,No change
M9W,2026-03-25 23:00:00,2026-03-26 11:00:00,12,-5C,-5.0,2.7,-2.3,NORMAL,0.70566684,0.35267845,0.3529884,True,True,False,No change
M9W,2026-03-25 23:00:00,2026-03-26 12:00:00,13,-5C,-5.0,2.7,-2.3,NORMAL,0.5468042,0.20056617,0.34623802,True,True,False,No change
M9W,2026-03-25 23:00:00,2026-03-26 13:00:00,14,-5C,-5.0,2.7,-2.3,NORMAL,0.38961077,0.12629136,0.2633194,True,True,False,No change
M9W,2026-03-25 23:00:00,2026-03-26 14:00:00,15,-5C,-5.0,2.7,-2.3,NORMAL,0.6737519,0.51755935,0.15619254,True,True,False,No change
M9W,2026-03-25 23:00:00,2026-03-26 15:00:00,16,-5C,-5.0,2.7,-2.3,NORMAL,0.7016301,0.6229481,0.078682005,True,True,False,No change
M9W,2026-03-25 23:00:00,2026-03-26 16:00:00,17,-5C,-5.0,2.7,-2.3,NORMAL,0.8016423,0.696141,0.105501294,True,True,False,No change
M9W,2026-03-25 23:00:00,2026-03-26 17:00:00,18,-5C,-5.0,2.7,-2.3,NORMAL,0.8755025,0.7588861,0.11661643,True,True,False,No change
M9W,2026-03-25 23:00:00,2026-03-26 18:00:00,19,-5C,-5.0,2.7,-2.3,NORMAL,0.9443378,0.8626735,0.081664264,True,True,False,No change
M9W,2026-03-25 23:00:00,2026-03-26 19:00:00,20,-5C,-5.0,2.7,-2.3,NORMAL,0.9335785,0.8620837,0.07149482,True,True,False,No change
M9W,2026-03-25 23:00:00,2026-03-26 20:00:00,21,-5C,-5.0,2.7,-2.3,NORMAL,0.59906715,0.40659234,0.19247481,True,True,False,No change
M9W,2026-03-25 23:00:00,2026-03-26 21:00:00,22,-5C,-5.0,2.7,-2.3,NORMAL,0.048789263,0.033446528,0.015342735,False,False,False,No change
M9W,2026-03-25 23:00:00,2026-03-26 22:00:00,23,-5C,-5.0,2.7,-2.3,NORMAL,0.01721235,0.016248524,0.00096382573,False,False,False,No change
M9W,2026-03-25 23:00:00,2026-03-26 23:00:00,24,-5C,-5.0,2.7,-2.3,NORMAL,0.00081355846,0.00064711354,0.00016644492,False,False,False,No change
M9W,2026-03-25 23:00:00,2026-03-26 00:00:00,1,Baseline,0.0,2.7,2.7,NORMAL,0.00012257928,0.00012257928,0.0,False,False,False,No change
M9W,2026-03-25 23:00:00,2026-03-26 01:00:00,2,Baseline,0.0,2.7,2.7,NORMAL,5.3212214e-05,5.3212214e-05,0.0,False,False,False,No change
M9W,2026-03-25 23:00:00,2026-03-26 02:00:00,3,Baseline,0.0,2.7,2.7,NORMAL,6.139791e-05,6.139791e-05,0.0,False,False,False,No change
M9W,2026-03-25 23:00:00,2026-03-26 03:00:00,4,Baseline,0.0,2.7,2.7,NORMAL,5.321536e-05,5.321536e-05,0.0,False,False,False,No change
M9W,2026-03-25 23:00:00,2026-03-26 04:00:00,5,Baseline,0.0,2.7,2.7,NORMAL,0.00017476766,0.00017476766,0.0,False,False,False,No change
M9W,2026-03-25 23:00:00,2026-03-26 05:00:00,6,Baseline,0.0,2.7,2.7,NORMAL,0.00037052133,0.00037052133,0.0,False,False,False,No change
M9W,2026-03-25 23:00:00,2026-03-26 06:00:00,7,Baseline,0.0,2.7,2.7,NORMAL,0.00037112655,0.00037112655,0.0,False,False,False,No change
M9W,2026-03-25 23:00:00,2026-03-26 07:00:00,8,Baseline,0.0,2.7,2.7,NORMAL,0.00065007573,0.00065007573,0.0,False,False,False,No change
M9W,2026-03-25 23:00:00,2026-03-26 08:00:00,9,Baseline,0.0,2.7,2.7,NORMAL,0.0020666262,0.0020666262,0.0,False,False,False,No change
M9W,2026-03-25 23:00:00,2026-03-26 09:00:00,10,Baseline,0.0,2.7,2.7,NORMAL,0.022108015,0.022108015,0.0,False,False,False,No change
M9W,2026-03-25 23:00:00,2026-03-26 10:00:00,11,Baseline,0.0,2.7,2.7,NORMAL,0.19417429,0.19417429,0.0,True,True,False,No change
M9W,2026-03-25 23:00:00,2026-03-26 11:00:00,12,Baseline,0.0,2.7,2.7,NORMAL,0.35267845,0.35267845,0.0,True,True,False,No change
M9W,2026-03-25 23:00:00,2026-03-26 12:00:00,13,Baseline,0.0,2.7,2.7,NORMAL,0.20056617,0.20056617,0.0,True,True,False,No change
M9W,2026-03-25 23:00:00,2026-03-26 13:00:00,14,Baseline,0.0,2.7,2.7,NORMAL,0.12629136,0.12629136,0.0,True,True,False,No change
M9W,2026-03-25 23:00:00,2026-03-26 14:00:00,15,Baseline,0.0,2.7,2.7,NORMAL,0.51755935,0.51755935,0.0,True,True,False,No change
M9W,2026-03-25 23:00:00,2026-03-26 15:00:00,16,Baseline,0.0,2.7,2.7,NORMAL,0.6229481,0.6229481,0.0,True,True,False,No change
M9W,2026-03-25 23:00:00,2026-03-26 16:00:00,17,Baseline,0.0,2.7,2.7,NORMAL,0.696141,0.696141,0.0,True,True,False,No change
M9W,2026-03-25 23:00:00,2026-03-26 17:00:00,18,Baseline,0.0,2.7,2.7,NORMAL,0.7588861,0.7588861,0.0,True,True,False,No change
M9W,2026-03-25 23:00:00,2026-03-26 18:00:00,19,Baseline,0.0,2.7,2.7,NORMAL,0.8626735,0.8626735,0.0,True,True,False,No change
M9W,2026-03-25 23:00:00,2026-03-26 19:00:00,20,Baseline,0.0,2.7,2.7,NORMAL,0.8620837,0.8620837,0.0,True,True,False,No change
M9W,2026-03-25 23:00:00,2026-03-26 20:00:00,21,Baseline,0.0,2.7,2.7,NORMAL,0.40659234,0.40659234,0.0,True,True,False,No change
M9W,2026-03-25 23:00:00,2026-03-26 21:00:00,22,Baseline,0.0,2.7,2.7,NORMAL,0.033446528,0.033446528,0.0,False,False,False,No change
M9W,2026-03-25 23:00:00,2026-03-26 22:00:00,23,Baseline,0.0,2.7,2.7,NORMAL,0.016248524,0.016248524,0.0,False,False,False,No change
M9W,2026-03-25 23:00:00,2026-03-26 23:00:00,24,Baseline,0.0,2.7,2.7,NORMAL,0.00064711354,0.00064711354,0.0,False,False,False,No change
