fsa,forecast_origin,target_timestamp,horizon,scenario,temperature_delta_c,baseline_temperature_c,origin__Temp (°C),temperature_domain_status,forecast_consumption_kwh,baseline_forecast_kwh,forecast_delta_kwh,forecast_delta_pct
L4T,2026-03-25 23:00:00,2026-03-26 00:00:00,1,-5C,-5.0,2.7,-2.3,NORMAL,9415.028204201228,8867.250247464186,547.7779567370417,6.177540290956518
L4T,2026-03-25 23:00:00,2026-03-26 00:00:00,1,-2.5C,-2.5,2.7,0.20000000000000018,NORMAL,9045.527913769507,8867.250247464186,178.27766630532096,2.0105180448279776
L4T,2026-03-25 23:00:00,2026-03-26 00:00:00,1,Baseline,0.0,2.7,2.7,NORMAL,8867.250247464186,8867.250247464186,0.0,0.0
L4T,2026-03-25 23:00:00,2026-03-26 00:00:00,1,+2.5C,2.5,2.7,5.2,NORMAL,8678.755598420688,8867.250247464186,-188.4946490434977,-2.1257395898734504
L4T,2026-03-25 23:00:00,2026-03-26 00:00:00,1,+5C,5.0,2.7,7.7,NORMAL,8646.913134658758,8867.250247464186,-220.33711280542775,-2.4848414858759478
L4T,2026-03-25 23:00:00,2026-03-26 01:00:00,2,-5C,-5.0,2.7,-2.3,NORMAL,8991.826508586188,8454.226383170035,537.6001254161529,6.358951145268148
L4T,2026-03-25 23:00:00,2026-03-26 01:00:00,2,-2.5C,-2.5,2.7,0.20000000000000018,NORMAL,8722.072818343213,8454.226383170035,267.8464351731782,3.1681956814686725
L4T,2026-03-25 23:00:00,2026-03-26 01:00:00,2,Baseline,0.0,2.7,2.7,NORMAL,8454.226383170035,8454.226383170035,0.0,0.0
L4T,2026-03-25 23:00:00,2026-03-26 01:00:00,2,+2.5C,2.5,2.7,5.2,NORMAL,8248.241669813444,8454.226383170035,-205.98471335659087,-2.4364702814990613
L4T,2026-03-25 23:00:00,2026-03-26 01:00:00,2,+5C,5.0,2.7,7.7,NORMAL,8160.9691790508905,8454.226383170035,-293.25720411914426,-3.468764506980037
L4T,2026-03-25 23:00:00,2026-03-26 02:00:00,3,-5C,-5.0,2.7,-2.3,NORMAL,8687.815263056338,8147.954718737094,539.8605443192446,6.625718514092592
L4T,2026-03-25 23:00:00,2026-03-26 02:00:00,3,-2.5C,-2.5,2.7,0.20000000000000018,NORMAL,8378.387351415859,8147.954718737094,230.432632678765,2.8281039921449307
L4T,2026-03-25 23:00:00,2026-03-26 02:00:00,3,Baseline,0.0,2.7,2.7,NORMAL,8147.954718737094,8147.954718737094,0.0,0.0
L4T,2026-03-25 23:00:00,2026-03-26 02:00:00,3,+2.5C,2.5,2.7,5.2,NORMAL,8008.84279237089,8147.954718737094,-139.111926366204,-1.7073232629324906
L4T,2026-03-25 23:00:00,2026-03-26 02:00:00,3,+5C,5.0,2.7,7.7,NORMAL,7981.668036495261,8147.954718737094,-166.28668224183275,-2.0408395478614865
L4T,2026-03-25 23:00:00,2026-03-26 03:00:00,4,-5C,-5.0,2.7,-2.3,NORMAL,8641.425085436775,8161.362185913157,480.0628995236175,5.882141835982057
L4T,2026-03-25 23:00:00,2026-03-26 03:00:00,4,-2.5C,-2.5,2.7,0.20000000000000018,NORMAL,8359.462151838605,8161.362185913157,198.09996592544758,2.4272904622144593
L4T,2026-03-25 23:00:00,2026-03-26 03:00:00,4,Baseline,0.0,2.7,2.7,NORMAL,8161.362185913157,8161.362185913157,0.0,0.0
L4T,2026-03-25 23:00:00,2026-03-26 03:00:00,4,+2.5C,2.5,2.7,5.2,NORMAL,8055.1447061730505,8161.362185913157,-106.21747974010668,-1.301467540840699
L4T,2026-03-25 23:00:00,2026-03-26 03:00:00,4,+5C,5.0,2.7,7.7,NORMAL,7975.8010401900365,8161.362185913157,-185.56114572312072,-2.2736540971482286
L4T,2026-03-25 23:00:00,2026-03-26 04:00:00,5,-5C,-5.0,2.7,-2.3,NORMAL,9162.826260765532,8529.098358172878,633.7279025926546,7.4301863571006255
L4T,2026-03-25 23:00:00,2026-03-26 04:00:00,5,-2.5C,-2.5,2.7,0.20000000000000018,NORMAL,8753.480084073508,8529.098358172878,224.38172590063004,2.6307789695685675
L4T,2026-03-25 23:00:00,2026-03-26 04:00:00,5,Baseline,0.0,2.7,2.7,NORMAL,8529.098358172878,8529.098358172878,0.0,0.0
L4T,2026-03-25 23:00:00,2026-03-26 04:00:00,5,+2.5C,2.5,2.7,5.2,NORMAL,8453.048020202532,8529.098358172878,-76.05033797034594,-0.891657415317199
L4T,2026-03-25 23:00:00,2026-03-26 04:00:00,5,+5C,5.0,2.7,7.7,NORMAL,8415.6838594481,8529.098358172878,-113.41449872477824,-1.3297360865360468
L4T,2026-03-25 23:00:00,2026-03-26 05:00:00,6,-5C,-5.0,2.7,-2.3,NORMAL,9525.071744115357,9163.077918983287,361.9938251320709,3.9505701941279234
L4T,2026-03-25 23:00:00,2026-03-26 05:00:00,6,-2.5C,-2.5,2.7,0.20000000000000018,NORMAL,9362.988283779945,9163.077918983287,199.91036479665854,2.1816944760722947
L4T,2026-03-25 23:00:00,2026-03-26 05:00:00,6,Baseline,0.0,2.7,2.7,NORMAL,9163.077918983287,9163.077918983287,0.0,0.0
L4T,2026-03-25 23:00:00,2026-03-26 05:00:00,6,+2.5C,2.5,2.7,5.2,NORMAL,9096.55510423135,9163.077918983287,-66.5228147519374,-0.7259876576419926
L4T,2026-03-25 23:00:00,2026-03-26 05:00:00,6,+5C,5.0,2.7,7.7,NORMAL,9037.835208844564,9163.077918983287,-125.24271013872203,-1.3668192199834384
L4T,2026-03-25 23:00:00,2026-03-26 06:00:00,7,-5C,-5.0,2.7,-2.3,NORMAL,10196.895860243752,9868.79231439193,328.10354585182176,3.324657520387164
L4T,2026-03-25 23:00:00,2026-03-26 06:00:00,7,-2.5C,-2.5,2.7,0.20000000000000018,NORMAL,10008.574997921078,9868.79231439193,139.7826835291471,1.4164112393499069
L4T,2026-03-25 23:00:00,2026-03-26 06:00:00,7,Baseline,0.0,2.7,2.7,NORMAL,9868.79231439193,9868.79231439193,0.0,0.0
L4T,2026-03-25 23:00:00,2026-03-26 06:00:00,7,+2.5C,2.5,2.7,5.2,NORMAL,9734.039189495328,9868.79231439193,-134.75312489660246,-1.365446962543616
L4T,2026-03-25 23:00:00,2026-03-26 06:00:00,7,+5C,5.0,2.7,7.7,NORMAL,9654.467192734584,9868.79231439193,-214.32512165734624,-2.1717461957811195
L4T,2026-03-25 23:00:00,2026-03-26 07:00:00,8,-5C,-5.0,2.7,-2.3,NORMAL,10620.180842777936,10357.341409271143,262.8394335067933,2.537711398327745
L4T,2026-03-25 23:00:00,2026-03-26 07:00:00,8,-2.5C,-2.5,2.7,0.20000000000000018,NORMAL,10475.284764561886,10357.341409271143,117.94335529074306,1.1387416000902384
L4T,2026-03-25 23:00:00,2026-03-26 07:00:00,8,Baseline,0.0,2.7,2.7,NORMAL,10357.341409271143,10357.341409271143,0.0,0.0
L4T,2026-03-25 23:00:00,2026-03-26 07:00:00,8,+2.5C,2.5,2.7,5.2,NORMAL,10216.136669049147,10357.341409271143,-141.20474022199596,-1.3633299767023195
L4T,2026-03-25 23:00:00,2026-03-26 07:00:00,8,+5C,5.0,2.7,7.7,NORMAL,10188.76586329674,10357.341409271143,-168.5755459744032,-1.6275947592449407
L4T,2026-03-25 23:00:00,2026-03-26 08:00:00,9,-5C,-5.0,2.7,-2.3,NORMAL,11097.805814546615,10744.766504984756,353.0393095618583,3.285686193348872
L4T,2026-03-25 23:00:00,2026-03-26 08:00:00,9,-2.5C,-2.5,2.7,0.20000000000000018,NORMAL,10903.950745996342,10744.766504984756,159.18424101158598,1.4815048883355126
L4T,2026-03-25 23:00:00,2026-03-26 08:00:00,9,Baseline,0.0,2.7,2.7,NORMAL,10744.766504984756,10744.766504984756,0.0,0.0
L4T,2026-03-25 23:00:00,2026-03-26 08:00:00,9,+2.5C,2.5,2.7,5.2,NORMAL,10655.66875392728,10744.766504984756,-89.09775105747576,-0.8292199836649886
L4T,2026-03-25 23:00:00,2026-03-26 08:00:00,9,+5C,5.0,2.7,7.7,NORMAL,10593.319118166344,10744.766504984756,-151.44738681841227,-1.4094990965895087
L4T,2026-03-25 23:00:00,2026-03-26 09:00:00,10,-5C,-5.0,2.7,-2.3,NORMAL,11170.980939950223,10955.553126249924,215.42781370029843,1.9663800742668587
L4T,2026-03-25 23:00:00,2026-03-26 09:00:00,10,-2.5C,-2.5,2.7,0.20000000000000018,NORMAL,11046.161662699998,10955.553126249924,90.6085364500741,0.8270557899351753
L4T,2026-03-25 23:00:00,2026-03-26 09:00:00,10,Baseline,0.0,2.7,2.7,NORMAL,10955.553126249924,10955.553126249924,0.0,0.0
L4T,2026-03-25 23:00:00,2026-03-26 09:00:00,10,+2.5C,2.5,2.7,5.2,NORMAL,10822.215917550637,10955.553126249924,-133.33720869928766,-1.2170741829529959
L4T,2026-03-25 23:00:00,2026-03-26 09:00:00,10,+5C,5.0,2.7,7.7,NORMAL,10743.872871404401,10955.553126249924,-211.68025484552345,-1.9321731400154454
L4T,2026-03-25 23:00:00,2026-03-26 10:00:00,11,-5C,-5.0,2.7,-2.3,NORMAL,11520.596069397105,11207.99578452573,312.60028487137424,2.789082819811232
L4T,2026-03-25 23:00:00,2026-03-26 10:00:00,11,-2.5C,-2.5,2.7,0.20000000000000018,NORMAL,11344.797311701675,11207.99578452573,136.801527175945,1.2205708300213625
L4T,2026-03-25 23:00:00,2026-03-26 10:00:00,11,Baseline,0.0,2.7,2.7,NORMAL,11207.99578452573,11207.99578452573,0.0,0.0
L4T,2026-03-25 23:00:00,2026-03-26 10:00:00,11,+2.5C,2.5,2.7,5.2,NORMAL,11129.128219228005,11207.99578452573,-78.86756529772538,-0.7036723319133786
L4T,2026-03-25 23:00:00,2026-03-26 10:00:00,11,+5C,5.0,2.7,7.7,NORMAL,11061.868169476533,11207.99578452573,-146.12761504919763,-1.3037800678953508
L4T,2026-03-25 23:00:00,2026-03-26 11:00:00,12,-5C,-5.0,2.7,-2.3,NORMAL,11876.81066185753,11331.421431613224,545.3892302443055,4.8130698653810455
L4T,2026-03-25 23:00:00,2026-03-26 11:00:00,12,-2.5C,-2.5,2.7,0.20000000000000018,NORMAL,11435.574689364714,11331.421431613224,104.15325775148995,0.9191543918834014
L4T,2026-03-25 23:00:00,2026-03-26 11:00:00,12,Baseline,0.0,2.7,2.7,NORMAL,11331.421431613224,11331.421431613224,0.0,0.0
L4T,2026-03-25 23:00:00,2026-03-26 11:00:00,12,+2.5C,2.5,2.7,5.2,NORMAL,11280.484596349783,11331.421431613224,-50.936835263441026,-0.44951849660567506
L4T,2026-03-25 23:00:00,2026-03-26 11:00:00,12,+5C,5.0,2.7,7.7,NORMAL,11183.102570477624,11331.421431613224,-148.31886113559995,-1.3089166441361821
L4T,2026-03-25 23:00:00,2026-03-26 12:00:00,13,-5C,-5.0,2.7,-2.3,NORMAL,11611.315813302894,11161.368128842865,449.94768446002854,4.031295081982714
L4T,2026-03-25 23:00:00,2026-03-26 12:00:00,13,-2.5C,-2.5,2.7,0.20000000000000018,NORMAL,11316.526044288055,11161.368128842865,155.15791544519016,1.3901334823303233
L4T,2026-03-25 23:00:00,2026-03-26 12:00:00,13,Baseline,0.0,2.7,2.7,NORMAL,11161.368128842865,11161.368128842865,0.0,0.0
L4T,2026-03-25 23:00:00,2026-03-26 12:00:00,13,+2.5C,2.5,2.7,5.2,NORMAL,11129.100977594415,11161.368128842865,-32.26715124845032,-0.2890967386432362
L4T,2026-03-25 23:00:00,2026-03-26 12:00:00,13,+5C,5.0,2.7,7.7,NORMAL,11056.039594372949,11161.368128842865,-105.32853446991612,-0.9436883834852589
L4T,2026-03-25 23:00:00,2026-03-26 13:00:00,14,-5C,-5.0,2.7,-2.3,NORMAL,11555.830969093413,11150.50409943362,405.3268696597934,3.6350542185835493
L4T,2026-03-25 23:00:00,2026-03-26 13:00:00,14,-2.5C,-2.5,2.7,0.20000000000000018,NORMAL,11282.165890530086,11150.50409943362,131.6617910964669,1.1807698550880275
L4T,2026-03-25 23:00:00,2026-03-26 13:00:00,14,Baseline,0.0,2.7,2.7,NORMAL,11150.50409943362,11150.50409943362,0.0,0.0
L4T,2026-03-25 23:00:00,2026-03-26 13:00:00,14,+2.5C,2.5,2.7,5.2,NORMAL,11029.749508196208,11150.50409943362,-120.75459123741166,-1.0829518572487256
L4T,2026-03-25 23:00:00,2026-03-26 13:00:00,14,+5C,5.0,2.7,7.7,NORMAL,10975.797614225694,11150.50409943362,-174.70648520792565,-1.5668034704978022
L4T,2026-03-25 23:00:00,2026-03-26 14:00:00,15,-5C,-5.0,2.7,-2.3,NORMAL,11654.588650805385,11281.229546878982,373.3591039264029,3.309560384131133
L4T,2026-03-25 23:00:00,2026-03-26 14:00:00,15,-2.5C,-2.5,2.7,0.20000000000000018,NORMAL,11376.227218141743,11281.229546878982,94.99767126276129,0.8420861473299508
L4T,2026-03-25 23:00:00,2026-03-26 14:00:00,15,Baseline,0.0,2.7,2.7,NORMAL,11281.229546878982,11281.229546878982,0.0,0.0
L4T,2026-03-25 23:00:00,2026-03-26 14:00:00,15,+2.5C,2.5,2.7,5.2,NORMAL,11248.32859108809,11281.229546878982,-32.90095579089211,-0.2916433501700562
L4T,2026-03-25 23:00:00,2026-03-26 14:00:00,15,+5C,5.0,2.7,7.7,NORMAL,11214.746676725248,11281.229546878982,-66.48287015373353,-0.5893229091515686
L4T,2026-03-25 23:00:00,2026-03-26 15:00:00,16,-5C,-5.0,2.7,-2.3,NORMAL,11794.11773307901,11616.229246236928,177.88848684208278,1.5313789274579759
L4T,2026-03-25 23:00:00,2026-03-26 15:00:00,16,-2.5C,-2.5,2.7,0.20000000000000018,NORMAL,11691.693031670704,11616.229246236928,75.46378543377614,0.649640979306797
L4T,2026-03-25 23:00:00,2026-03-26 15:00:00,16,Baseline,0.0,2.7,2.7,NORMAL,11616.229246236928,11616.229246236928,0.0,0.0
L4T,2026-03-25 23:00:00,2026-03-26 15:00:00,16,+2.5C,2.5,2.7,5.2,NORMAL,11564.583468040299,11616.229246236928,-51.64577819662918,-0.44460019772216364
L4T,2026-03-25 23:00:00,2026-03-26 15:00:00,16,+5C,5.0,2.7,7.7,NORMAL,11509.004603634743,11616.229246236928,-107.22464260218476,-0.9230589404640076
L4T,2026-03-25 23:00:00,2026-03-26 16:00:00,17,-5C,-5.0,2.7,-2.3,NORMAL,12076.295408604563,12029.858298480873,46.43711012369022,0.3860154373518621
L4T,2026-03-25 23:00:00,2026-03-26 16:00:00,17,-2.5C,-2.5,2.7,0.20000000000000018,NORMAL,12051.899025561952,12029.858298480873,22.04072708107924,0.18321684706678995
L4T,2026-03-25 23:00:00,2026-03-26 16:00:00,17,Baseline,0.0,2.7,2.7,NORMAL,12029.858298480873,12029.858298480873,0.0,0.0
L4T,2026-03-25 23:00:00,2026-03-26 16:00:00,17,+2.5C,2.5,2.7,5.2,NORMAL,12045.939873222102,12029.858298480873,16.081574741228906,0.1336805001540183
L4T,2026-03-25 23:00:00,2026-03-26 16:00:00,17,+5C,5.0,2.7,7.7,NORMAL,12078.936802790795,12029.858298480873,49.07850430992221,0.40797242238605447
L4T,2026-03-25 23:00:00,2026-03-26 17:00:00,18,-5C,-5.0,2.7,-2.3,NORMAL,12499.604354942956,12437.300370371762,62.30398457119372,0.5009445998394859
L4T,2026-03-25 23:00:00,2026-03-26 17:00:00,18,-2.5C,-2.5,2.7,0.20000000000000018,NORMAL,12442.482037451417,12437.300370371762,5.181667079654289,0.04166231356764607
L4T,2026-03-25 23:00:00,2026-03-26 17:00:00,18,Baseline,0.0,2.7,2.7,NORMAL,12437.300370371762,12437.300370371762,0.0,0.0
L4T,2026-03-25 23:00:00,2026-03-26 17:00:00,18,+2.5C,2.5,2.7,5.2,NORMAL,12448.193002347427,12437.300370371762,10.892631975664699,0.08758035627742188
L4T,2026-03-25 23:00:00,2026-03-26 17:00:00,18,+5C,5.0,2.7,7.7,NORMAL,12373.936651402719,12437.300370371762,-63.363718969043475,-0.5094652141713087
L4T,2026-03-25 23:00:00,2026-03-26 18:00:00,19,-5C,-5.0,2.7,-2.3,NORMAL,12777.756179309103,12664.370484622757,113.38569468634523,0.8953125212502241
L4T,2026-03-25 23:00:00,2026-03-26 18:00:00,19,-2.5C,-2.5,2.7,0.20000000000000018,NORMAL,12738.141775158614,12664.370484622757,73.77129053585668,0.5825105213514619
L4T,2026-03-25 23:00:00,2026-03-26 18:00:00,19,Baseline,0.0,2.7,2.7,NORMAL,12664.370484622757,12664.370484622757,0.0,0.0
L4T,2026-03-25 23:00:00,2026-03-26 18:00:00,19,+2.5C,2.5,2.7,5.2,NORMAL,12672.978494219931,12664.370484622757,8.608009597173805,0.06797029199063437
L4T,2026-03-25 23:00:00,2026-03-26 18:00:00,19,+5C,5.0,2.7,7.7,NORMAL,12718.79310174027,12664.370484622757,54.422617117512345,0.4297301408198141
L4T,2026-03-25 23:00:00,2026-03-26 19:00:00,20,-5C,-5.0,2.7,-2.3,NORMAL,13183.821525446625,13131.002207619944,52.81931782668107,0.4022489448370508
L4T,2026-03-25 23:00:00,2026-03-26 19:00:00,20,-2.5C,-2.5,2.7,0.20000000000000018,NORMAL,13163.570619893842,13131.002207619944,32.5684122738985,0.24802685856681217
L4T,2026-03-25 23:00:00,2026-03-26 19:00:00,20,Baseline,0.0,2.7,2.7,NORMAL,13131.002207619944,13131.002207619944,0.0,0.0
L4T,2026-03-25 23:00:00,2026-03-26 19:00:00,20,+2.5C,2.5,2.7,5.2,NORMAL,13106.153589411764,13131.002207619944,-24.848618208179687,-0.18923626555907508
L4T,2026-03-25 23:00:00,2026-03-26 19:00:00,20,+5C,5.0,2.7,7.7,NORMAL,13135.04032887716,13131.002207619944,4.038121257215607,0.030752574657799375
L4T,2026-03-25 23:00:00,2026-03-26 20:00:00,21,-5C,-5.0,2.7,-2.3,NORMAL,12841.448335565725,12756.610043854536,84.8382917111885,0.6650535794347584
L4T,2026-03-25 23:00:00,2026-03-26 20:00:00,21,-2.5C,-2.5,2.7,0.20000000000000018,NORMAL,12811.792838469075,12756.610043854536,55.18279461453858,0.4325819667202475
L4T,2026-03-25 23:00:00,2026-03-26 20:00:00,21,Baseline,0.0,2.7,2.7,NORMAL,12756.610043854536,12756.610043854536,0.0,0.0
L4T,2026-03-25 23:00:00,2026-03-26 20:00:00,21,+2.5C,2.5,2.7,5.2,NORMAL,12758.85854603684,12756.610043854536,2.2485021823031275,0.01762617321195248
L4T,2026-03-25 23:00:00,2026-03-26 20:00:00,21,+5C,5.0,2.7,7.7,NORMAL,12787.744379389254,12756.610043854536,31.134335534718048,0.24406433549104947
L4T,2026-03-25 23:00:00,2026-03-26 21:00:00,22,-5C,-5.0,2.7,-2.3,NORMAL,11673.848012178742,11626.184441832422,47.66357034631983,0.40996743673548236
L4T,2026-03-25 23:00:00,2026-03-26 21:00:00,22,-2.5C,-2.5,2.7,0.20000000000000018,NORMAL,11656.776163693894,11626.184441832422,30.59172186147225,0.26312778723344116
L4T,2026-03-25 23:00:00,2026-03-26 21:00:00,22,Baseline,0.0,2.7,2.7,NORMAL,11626.184441832422,11626.184441832422,0.0,0.0
L4T,2026-03-25 23:00:00,2026-03-26 21:00:00,22,+2.5C,2.5,2.7,5.2,NORMAL,11593.225366221555,11626.184441832422,-32.95907561086642,-0.28349004590255483
L4T,2026-03-25 23:00:00,2026-03-26 21:00:00,22,+5C,5.0,2.7,7.7,NORMAL,11576.662851869587,11626.184441832422,-49.521589962834696,-0.42594877288072264
L4T,2026-03-25 23:00:00,2026-03-26 22:00:00,23,-5C,-5.0,2.7,-2.3,NORMAL,10693.516028660428,10699.181031392682,-5.6650027322539245,-0.05294800336242677
L4T,2026-03-25 23:00:00,2026-03-26 22:00:00,23,-2.5C,-2.5,2.7,0.20000000000000018,NORMAL,10673.980572734408,10699.181031392682,-25.20045865827342,-0.2355363329616748
L4T,2026-03-25 23:00:00,2026-03-26 22:00:00,23,Baseline,0.0,2.7,2.7,NORMAL,10699.181031392682,10699.181031392682,0.0,0.0
L4T,2026-03-25 23:00:00,2026-03-26 22:00:00,23,+2.5C,2.5,2.7,5.2,NORMAL,10729.84255048817,10699.181031392682,30.661519095488984,0.28657818767178916
L4T,2026-03-25 23:00:00,2026-03-26 22:00:00,23,+5C,5.0,2.7,7.7,NORMAL,10736.675916762522,10699.181031392682,37.49488536984063,0.35044631229087664
L4T,2026-03-25 23:00:00,2026-03-26 23:00:00,24,-5C,-5.0,2.7,-2.3,NORMAL,9616.94896875024,9679.988880782053,-63.03991203181431,-0.651239508724738
L4T,2026-03-25 23:00:00,2026-03-26 23:00:00,24,-2.5C,-2.5,2.7,0.20000000000000018,NORMAL,9617.282408308944,9679.988880782053,-62.7064724731099,-0.6477948812276301
L4T,2026-03-25 23:00:00,2026-03-26 23:00:00,24,Baseline,0.0,2.7,2.7,NORMAL,9679.988880782053,9679.988880782053,0.0,0.0
L4T,2026-03-25 23:00:00,2026-03-26 23:00:00,24,+2.5C,2.5,2.7,5.2,NORMAL,9760.617435925538,9679.988880782053,80.62855514348485,0.8329405760326741
L4T,2026-03-25 23:00:00,2026-03-26 23:00:00,24,+5C,5.0,2.7,7.7,NORMAL,9770.677542307003,9679.988880782053,90.68866152494957,0.9368674142280912
M5R,2026-03-25 23:00:00,2026-03-26 00:00:00,1,-5C,-5.0,4.3,-0.7000000000000002,NORMAL,9454.502210008792,8955.55920109573,498.94300891306193,5.571321652946198
M5R,2026-03-25 23:00:00,2026-03-26 00:00:00,1,-2.5C,-2.5,4.3,1.7999999999999998,NORMAL,9178.253595579708,8955.55920109573,222.6943944839786,2.486660960900482
M5R,2026-03-25 23:00:00,2026-03-26 00:00:00,1,Baseline,0.0,4.3,4.3,NORMAL,8955.55920109573,8955.55920109573,0.0,0.0
M5R,2026-03-25 23:00:00,2026-03-26 00:00:00,1,+2.5C,2.5,4.3,6.8,NORMAL,8850.804155018728,8955.55920109573,-104.75504607700168,-1.169720882021356
M5R,2026-03-25 23:00:00,2026-03-26 00:00:00,1,+5C,5.0,4.3,9.3,NORMAL,8796.671104286172,8955.55920109573,-158.8880968095582,-1.7741839816113094
M5R,2026-03-25 23:00:00,2026-03-26 01:00:00,2,-5C,-5.0,4.3,-0.7000000000000002,NORMAL,9315.903592530678,8617.292154645706,698.6114378849725,8.107087764319806
M5R,2026-03-25 23:00:00,2026-03-26 01:00:00,2,-2.5C,-2.5,4.3,1.7999999999999998,NORMAL,8761.100282332996,8617.292154645706,143.80812768729083,1.668831984648006
M5R,2026-03-25 23:00:00,2026-03-26 01:00:00,2,Baseline,0.0,4.3,4.3,NORMAL,8617.292154645706,8617.292154645706,0.0,0.0
M5R,2026-03-25 23:00:00,2026-03-26 01:00:00,2,+2.5C,2.5,4.3,6.8,NORMAL,8561.957343377982,8617.292154645706,-55.334811267723126,-0.6421368833119037
M5R,2026-03-25 23:00:00,2026-03-26 01:00:00,2,+5C,5.0,4.3,9.3,NORMAL,8467.287345476578,8617.292154645706,-150.00480916912784,-1.7407418302309514
M5R,2026-03-25 23:00:00,2026-03-26 02:00:00,3,-5C,-5.0,4.3,-0.7000000000000002,NORMAL,9045.086337427143,8567.935003467046,477.15133396009696,5.569035406629672
M5R,2026-03-25 23:00:00,2026-03-26 02:00:00,3,-2.5C,-2.5,4.3,1.7999999999999998,NORMAL,8693.437875462081,8567.935003467046,125.5028719950351,1.4647971996081892
M5R,2026-03-25 23:00:00,2026-03-26 02:00:00,3,Baseline,0.0,4.3,4.3,NORMAL,8567.935003467046,8567.935003467046,0.0,0.0
M5R,2026-03-25 23:00:00,2026-03-26 02:00:00,3,+2.5C,2.5,4.3,6.8,NORMAL,8535.561230639743,8567.935003467046,-32.37377282730267,-0.377848020721475
M5R,2026-03-25 23:00:00,2026-03-26 02:00:00,3,+5C,5.0,4.3,9.3,NORMAL,8494.702157681455,8567.935003467046,-73.23284578559105,-0.8547315748305411
M5R,2026-03-25 23:00:00,2026-03-26 03:00:00,4,-5C,-5.0,4.3,-0.7000000000000002,NORMAL,9039.65057198337,8544.776988480475,494.8735835028947,5.791533051945672
M5R,2026-03-25 23:00:00,2026-03-26 03:00:00,4,-2.5C,-2.5,4.3,1.7999999999999998,NORMAL,8663.829082230488,8544.776988480475,119.05209375001323,1.393273269864289
M5R,2026-03-25 23:00:00,2026-03-26 03:00:00,4,Baseline,0.0,4.3,4.3,NORMAL,8544.776988480475,8544.776988480475,0.0,0.0
M5R,2026-03-25 23:00:00,2026-03-26 03:00:00,4,+2.5C,2.5,4.3,6.8,NORMAL,8517.092954337839,8544.776988480475,-27.684034142635937,-0.3239877902016377
M5R,2026-03-25 23:00:00,2026-03-26 03:00:00,4,+5C,5.0,4.3,9.3,NORMAL,8460.098500888664,8544.776988480475,-84.67848759181106,-0.9909970465697258
M5R,2026-03-25 23:00:00,2026-03-26 04:00:00,5,-5C,-5.0,4.3,-0.7000000000000002,NORMAL,9196.36112070257,8720.445945557178,475.9151751453919,5.45746373656335
M5R,2026-03-25 23:00:00,2026-03-26 04:00:00,5,-2.5C,-2.5,4.3,1.7999999999999998,NORMAL,8914.131537629397,8720.445945557178,193.68559207221915,2.22105146091636
M5R,2026-03-25 23:00:00,2026-03-26 04:00:00,5,Baseline,0.0,4.3,4.3,NORMAL,8720.445945557178,8720.445945557178,0.0,0.0
M5R,2026-03-25 23:00:00,2026-03-26 04:00:00,5,+2.5C,2.5,4.3,6.8,NORMAL,8681.026413023737,8720.445945557178,-39.41953253344036,-0.4520357419739928
M5R,2026-03-25 23:00:00,2026-03-26 04:00:00,5,+5C,5.0,4.3,9.3,NORMAL,8630.689629178212,8720.445945557178,-89.7563163789655,-1.0292629177375248
M5R,2026-03-25 23:00:00,2026-03-26 05:00:00,6,-5C,-5.0,4.3,-0.7000000000000002,NORMAL,9945.49532550951,9558.579928155075,386.9153973544344,4.047833467550591
M5R,2026-03-25 23:00:00,2026-03-26 05:00:00,6,-2.5C,-2.5,4.3,1.7999999999999998,NORMAL,9717.062074771125,9558.579928155075,158.48214661605016,1.6580093257287767
M5R,2026-03-25 23:00:00,2026-03-26 05:00:00,6,Baseline,0.0,4.3,4.3,NORMAL,9558.579928155075,9558.579928155075,0.0,0.0
M5R,2026-03-25 23:00:00,2026-03-26 05:00:00,6,+2.5C,2.5,4.3,6.8,NORMAL,9490.939460352096,9558.579928155075,-67.6404678029794,-0.7076413893212572
M5R,2026-03-25 23:00:00,2026-03-26 05:00:00,6,+5C,5.0,4.3,9.3,NORMAL,9446.435983598407,9558.579928155075,-112.14394455666843,-1.1732280882680615
M5R,2026-03-25 23:00:00,2026-03-26 06:00:00,7,-5C,-5.0,4.3,-0.7000000000000002,NORMAL,10994.42846925823,10478.892596379479,515.5358728787505,4.919755290333554
M5R,2026-03-25 23:00:00,2026-03-26 06:00:00,7,-2.5C,-2.5,4.3,1.7999999999999998,NORMAL,10581.548597943258,10478.892596379479,102.65600156377877,0.9796455171154922
M5R,2026-03-25 23:00:00,2026-03-26 06:00:00,7,Baseline,0.0,4.3,4.3,NORMAL,10478.892596379479,10478.892596379479,0.0,0.0
M5R,2026-03-25 23:00:00,2026-03-26 06:00:00,7,+2.5C,2.5,4.3,6.8,NORMAL,10456.48681078818,10478.892596379479,-22.40578559129972,-0.21381825784759978
M5R,2026-03-25 23:00:00,2026-03-26 06:00:00,7,+5C,5.0,4.3,9.3,NORMAL,10435.717527992849,10478.892596379479,-43.1750683866303,-0.41201938076498223
M5R,2026-03-25 23:00:00,2026-03-26 07:00:00,8,-5C,-5.0,4.3,-0.7000000000000002,NORMAL,11358.22900915724,10969.809334175632,388.4196749816074,3.5408060719115193
M5R,2026-03-25 23:00:00,2026-03-26 07:00:00,8,-2.5C,-2.5,4.3,1.7999999999999998,NORMAL,11114.352854386681,10969.809334175632,144.54352021104933,1.3176484276780878
M5R,2026-03-25 23:00:00,2026-03-26 07:00:00,8,Baseline,0.0,4.3,4.3,NORMAL,10969.809334175632,10969.809334175632,0.0,0.0
M5R,2026-03-25 23:00:00,2026-03-26 07:00:00,8,+2.5C,2.5,4.3,6.8,NORMAL,10976.967721598978,10969.809334175632,7.15838742334563,0.06525534952594118
M5R,2026-03-25 23:00:00,2026-03-26 07:00:00,8,+5C,5.0,4.3,9.3,NORMAL,10946.006231105095,10969.809334175632,-23.803103070536963,-0.21698739098755482
M5R,2026-03-25 23:00:00,2026-03-26 08:00:00,9,-5C,-5.0,4.3,-0.7000000000000002,NORMAL,11403.016647107572,11108.645232492947,294.3714146146249,2.649930828230829
M5R,2026-03-25 23:00:00,2026-03-26 08:00:00,9,-2.5C,-2.5,4.3,1.7999999999999998,NORMAL,11172.597706405044,11108.645232492947,63.95247391209705,0.5757000297843263
M5R,2026-03-25 23:00:00,2026-03-26 08:00:00,9,Baseline,0.0,4.3,4.3,NORMAL,11108.645232492947,11108.645232492947,0.0,0.0
M5R,2026-03-25 23:00:00,2026-03-26 08:00:00,9,+2.5C,2.5,4.3,6.8,NORMAL,11070.377455235788,11108.645232492947,-38.26777725715874,-0.34448644687315194
M5R,2026-03-25 23:00:00,2026-03-26 08:00:00,9,+5C,5.0,4.3,9.3,NORMAL,10951.538772890988,11108.645232492947,-157.1064596019587,-1.4142720044962824
M5R,2026-03-25 23:00:00,2026-03-26 09:00:00,10,-5C,-5.0,4.3,-0.7000000000000002,NORMAL,11445.834269729914,11157.077445988603,288.75682374131065,2.5881045026278793
M5R,2026-03-25 23:00:00,2026-03-26 09:00:00,10,-2.5C,-2.5,4.3,1.7999999999999998,NORMAL,11258.011697967277,11157.077445988603,100.93425197867327,0.9046656928509804
M5R,2026-03-25 23:00:00,2026-03-26 09:00:00,10,Baseline,0.0,4.3,4.3,NORMAL,11157.077445988603,11157.077445988603,0.0,0.0
M5R,2026-03-25 23:00:00,2026-03-26 09:00:00,10,+2.5C,2.5,4.3,6.8,NORMAL,11089.820759529737,11157.077445988603,-67.25668645886617,-0.6028163449116105
M5R,2026-03-25 23:00:00,2026-03-26 09:00:00,10,+5C,5.0,4.3,9.3,NORMAL,11031.944374162142,11157.077445988603,-125.13307182646167,-1.121557795329742
M5R,2026-03-25 23:00:00,2026-03-26 10:00:00,11,-5C,-5.0,4.3,-0.7000000000000002,NORMAL,11630.785498825151,11181.266594265993,449.5189045591578,4.020286080913958
M5R,2026-03-25 23:00:00,2026-03-26 10:00:00,11,-2.5C,-2.5,4.3,1.7999999999999998,NORMAL,11362.298842352535,11181.266594265993,181.03224808654159,1.619067451440421
M5R,2026-03-25 23:00:00,2026-03-26 10:00:00,11,Baseline,0.0,4.3,4.3,NORMAL,11181.266594265993,11181.266594265993,0.0,0.0
M5R,2026-03-25 23:00:00,2026-03-26 10:00:00,11,+2.5C,2.5,4.3,6.8,NORMAL,11154.355880288338,11181.266594265993,-26.910713977655178,-0.24067679408928144
M5R,2026-03-25 23:00:00,2026-03-26 10:00:00,11,+5C,5.0,4.3,9.3,NORMAL,11111.151800678306,11181.266594265993,-70.11479358768702,-0.6270738023869628
M5R,2026-03-25 23:00:00,2026-03-26 11:00:00,12,-5C,-5.0,4.3,-0.7000000000000002,NORMAL,11533.076255317705,11126.083806850773,406.9924484669318,3.6580027216434443
M5R,2026-03-25 23:00:00,2026-03-26 11:00:00,12,-2.5C,-2.5,4.3,1.7999999999999998,NORMAL,11231.26338942241,11126.083806850773,105.17958257163627,0.9453423540354156
M5R,2026-03-25 23:00:00,2026-03-26 11:00:00,12,Baseline,0.0,4.3,4.3,NORMAL,11126.083806850773,11126.083806850773,0.0,0.0
M5R,2026-03-25 23:00:00,2026-03-26 11:00:00,12,+2.5C,2.5,4.3,6.8,NORMAL,11151.420186391002,11126.083806850773,25.336379540229245,0.22772055271261418
M5R,2026-03-25 23:00:00,2026-03-26 11:00:00,12,+5C,5.0,4.3,9.3,NORMAL,11048.687923435618,11126.083806850773,-77.39588341515446,-0.6956255656415129
M5R,2026-03-25 23:00:00,2026-03-26 12:00:00,13,-5C,-5.0,4.3,-0.7000000000000002,NORMAL,10781.82984794884,10507.426506739703,274.4033412091376,2.6115180632777113
M5R,2026-03-25 23:00:00,2026-03-26 12:00:00,13,-2.5C,-2.5,4.3,1.7999999999999998,NORMAL,10493.700139997072,10507.426506739703,-13.72636674263049,-0.1306349060240972
M5R,2026-03-25 23:00:00,2026-03-26 12:00:00,13,Baseline,0.0,4.3,4.3,NORMAL,10507.426506739703,10507.426506739703,0.0,0.0
M5R,2026-03-25 23:00:00,2026-03-26 12:00:00,13,+2.5C,2.5,4.3,6.8,NORMAL,10483.186250445651,10507.426506739703,-24.240256294051505,-0.23069641532589596
M5R,2026-03-25 23:00:00,2026-03-26 12:00:00,13,+5C,5.0,4.3,9.3,NORMAL,10482.04031964208,10507.426506739703,-25.386187097623406,-0.2416023284230456
M5R,2026-03-25 23:00:00,2026-03-26 13:00:00,14,-5C,-5.0,4.3,-0.7000000000000002,NORMAL,10897.930649128404,10579.18476579628,318.7458833321234,3.012953175396515
M5R,2026-03-25 23:00:00,2026-03-26 13:00:00,14,-2.5C,-2.5,4.3,1.7999999999999998,NORMAL,10617.552900754203,10579.18476579628,38.36813495792194,0.3626757241443644
M5R,2026-03-25 23:00:00,2026-03-26 13:00:00,14,Baseline,0.0,4.3,4.3,NORMAL,10579.18476579628,10579.18476579628,0.0,0.0
M5R,2026-03-25 23:00:00,2026-03-26 13:00:00,14,+2.5C,2.5,4.3,6.8,NORMAL,10563.919149803765,10579.18476579628,-15.26561599251545,-0.14429860457557125
M5R,2026-03-25 23:00:00,2026-03-26 13:00:00,14,+5C,5.0,4.3,9.3,NORMAL,10556.82273410743,10579.18476579628,-22.36203168885004,-0.21137764566839834
M5R,2026-03-25 23:00:00,2026-03-26 14:00:00,15,-5C,-5.0,4.3,-0.7000000000000002,NORMAL,10985.43166535573,10688.902329481054,296.5293358746767,2.774179487605751
M5R,2026-03-25 23:00:00,2026-03-26 14:00:00,15,-2.5C,-2.5,4.3,1.7999999999999998,NORMAL,10793.805399266656,10688.902329481054,104.90306978560147,0.9814204167276221
M5R,2026-03-25 23:00:00,2026-03-26 14:00:00,15,Baseline,0.0,4.3,4.3,NORMAL,10688.902329481054,10688.902329481054,0.0,0.0
M5R,2026-03-25 23:00:00,2026-03-26 14:00:00,15,+2.5C,2.5,4.3,6.8,NORMAL,10671.68592748548,10688.902329481054,-17.216401995574415,-0.16106800740511837
M5R,2026-03-25 23:00:00,2026-03-26 14:00:00,15,+5C,5.0,4.3,9.3,NORMAL,10634.99545784314,10688.902329481054,-53.906871637913355,-0.5043256077776372
M5R,2026-03-25 23:00:00,2026-03-26 15:00:00,16,-5C,-5.0,4.3,-0.7000000000000002,NORMAL,11367.66923965361,11233.427676968853,134.241562684756,1.1950187115192143
M5R,2026-03-25 23:00:00,2026-03-26 15:00:00,16,-2.5C,-2.5,4.3,1.7999999999999998,NORMAL,11303.974235612464,11233.427676968853,70.5465586436112,0.6280056334741719
M5R,2026-03-25 23:00:00,2026-03-26 15:00:00,16,Baseline,0.0,4.3,4.3,NORMAL,11233.427676968853,11233.427676968853,0.0,0.0
M5R,2026-03-25 23:00:00,2026-03-26 15:00:00,16,+2.5C,2.5,4.3,6.8,NORMAL,11262.206033953882,11233.427676968853,28.77835698502895,0.2561850025885803
M5R,2026-03-25 23:00:00,2026-03-26 15:00:00,16,+5C,5.0,4.3,9.3,NORMAL,11222.395933242962,11233.427676968853,-11.03174372589092,-0.09820460898598712
M5R,2026-03-25 23:00:00,2026-03-26 16:00:00,17,-5C,-5.0,4.3,-0.7000000000000002,NORMAL,11771.806135998195,11688.229401143488,83.57673485470696,0.7150504322453702
M5R,2026-03-25 23:00:00,2026-03-26 16:00:00,17,-2.5C,-2.5,4.3,1.7999999999999998,NORMAL,11682.069968951295,11688.229401143488,-6.15943219219298,-0.05269773530959607
M5R,2026-03-25 23:00:00,2026-03-26 16:00:00,17,Baseline,0.0,4.3,4.3,NORMAL,11688.229401143488,11688.229401143488,0.0,0.0
M5R,2026-03-25 23:00:00,2026-03-26 16:00:00,17,+2.5C,2.5,4.3,6.8,NORMAL,11689.689366500177,11688.229401143488,1.4599653566892812,0.012490902655850074
M5R,2026-03-25 23:00:00,2026-03-26 16:00:00,17,+5C,5.0,4.3,9.3,NORMAL,11642.130126888842,11688.229401143488,-46.099274254645934,-0.3944076786355334
M5R,2026-03-25 23:00:00,2026-03-26 17:00:00,18,-5C,-5.0,4.3,-0.7000000000000002,NORMAL,12136.620887012588,12037.498859121111,99.12202789147705,0.8234437157713193
M5R,2026-03-25 23:00:00,2026-03-26 17:00:00,18,-2.5C,-2.5,4.3,1.7999999999999998,NORMAL,12035.05807874697,12037.498859121111,-2.440780374141468,-0.020276474396440158
M5R,2026-03-25 23:00:00,2026-03-26 17:00:00,18,Baseline,0.0,4.3,4.3,NORMAL,12037.498859121111,12037.498859121111,0.0,0.0
M5R,2026-03-25 23:00:00,2026-03-26 17:00:00,18,+2.5C,2.5,4.3,6.8,NORMAL,12030.386518078474,12037.498859121111,-7.1123410426371265,-0.05908487407455021
M5R,2026-03-25 23:00:00,2026-03-26 17:00:00,18,+5C,5.0,4.3,9.3,NORMAL,11991.53477397449,12037.498859121111,-45.96408514662107,-0.3818408266082031
M5R,2026-03-25 23:00:00,2026-03-26 18:00:00,19,-5C,-5.0,4.3,-0.7000000000000002,NORMAL,12462.871747653953,12365.274338937666,97.59740871628674,0.7892862385507865
M5R,2026-03-25 23:00:00,2026-03-26 18:00:00,19,-2.5C,-2.5,4.3,1.7999999999999998,NORMAL,12370.81047100612,12365.274338937666,5.536132068453298,0.04477160729883913
M5R,2026-03-25 23:00:00,2026-03-26 18:00:00,19,Baseline,0.0,4.3,4.3,NORMAL,12365.274338937666,12365.274338937666,0.0,0.0
M5R,2026-03-25 23:00:00,2026-03-26 18:00:00,19,+2.5C,2.5,4.3,6.8,NORMAL,12383.204541603262,12365.274338937666,17.93020266559506,0.14500448735806612
M5R,2026-03-25 23:00:00,2026-03-26 18:00:00,19,+5C,5.0,4.3,9.3,NORMAL,12339.945178453647,12365.274338937666,-25.329160484019667,-0.20484107177678487
M5R,2026-03-25 23:00:00,2026-03-26 19:00:00,20,-5C,-5.0,4.3,-0.7000000000000002,NORMAL,12118.369679699306,12074.013711408916,44.35596829039059,0.3673672181478308
M5R,2026-03-25 23:00:00,2026-03-26 19:00:00,20,-2.5C,-2.5,4.3,1.7999999999999998,NORMAL,12086.786594591707,12074.013711408916,12.772883182791702,0.10578821167581096
M5R,2026-03-25 23:00:00,2026-03-26 19:00:00,20,Baseline,0.0,4.3,4.3,NORMAL,12074.013711408916,12074.013711408916,0.0,0.0
M5R,2026-03-25 23:00:00,2026-03-26 19:00:00,20,+2.5C,2.5,4.3,6.8,NORMAL,12085.666357250055,12074.013711408916,11.65264584113902,0.09651012595859702
M5R,2026-03-25 23:00:00,2026-03-26 19:00:00,20,+5C,5.0,4.3,9.3,NORMAL,12064.085484975125,12074.013711408916,-9.928226433790769,-0.08222805333084424
M5R,2026-03-25 23:00:00,2026-03-26 20:00:00,21,-5C,-5.0,4.3,-0.7000000000000002,NORMAL,11735.220286485255,11755.51552356415,-20.295237078895298,-0.17264438159443637
M5R,2026-03-25 23:00:00,2026-03-26 20:00:00,21,-2.5C,-2.5,4.3,1.7999999999999998,NORMAL,11750.660156710517,11755.51552356415,-4.855366853633313,-0.04130288326275985
M5R,2026-03-25 23:00:00,2026-03-26 20:00:00,21,Baseline,0.0,4.3,4.3,NORMAL,11755.51552356415,11755.51552356415,0.0,0.0
M5R,2026-03-25 23:00:00,2026-03-26 20:00:00,21,+2.5C,2.5,4.3,6.8,NORMAL,11774.350611693037,11755.51552356415,18.835088128886127,0.16022341250054786
M5R,2026-03-25 23:00:00,2026-03-26 20:00:00,21,+5C,5.0,4.3,9.3,NORMAL,11728.1778169149,11755.51552356415,-27.337706649250322,-0.2325521717397368
M5R,2026-03-25 23:00:00,2026-03-26 21:00:00,22,-5C,-5.0,4.3,-0.7000000000000002,NORMAL,10896.682478359931,10877.779185808731,18.90329255120014,0.17377896929422487
M5R,2026-03-25 23:00:00,2026-03-26 21:00:00,22,-2.5C,-2.5,4.3,1.7999999999999998,NORMAL,10883.892111310317,10877.779185808731,6.112925501585778,0.056196447796630834
M5R,2026-03-25 23:00:00,2026-03-26 21:00:00,22,Baseline,0.0,4.3,4.3,NORMAL,10877.779185808731,10877.779185808731,0.0,0.0
M5R,2026-03-25 23:00:00,2026-03-26 21:00:00,22,+2.5C,2.5,4.3,6.8,NORMAL,10883.884317831018,10877.779185808731,6.105132022286853,0.05612480192879512
M5R,2026-03-25 23:00:00,2026-03-26 21:00:00,22,+5C,5.0,4.3,9.3,NORMAL,10893.715478714406,10877.779185808731,15.936292905675145,0.14650318445943272
M5R,2026-03-25 23:00:00,2026-03-26 22:00:00,23,-5C,-5.0,4.3,-0.7000000000000002,NORMAL,10065.401670997457,10156.10367157276,-90.70200057530383,-0.8930787190483438
M5R,2026-03-25 23:00:00,2026-03-26 22:00:00,23,-2.5C,-2.5,4.3,1.7999999999999998,NORMAL,10064.824672313338,10156.10367157276,-91.27899925942256,-0.8987600187157918
M5R,2026-03-25 23:00:00,2026-03-26 22:00:00,23,Baseline,0.0,4.3,4.3,NORMAL,10156.10367157276,10156.10367157276,0.0,0.0
M5R,2026-03-25 23:00:00,2026-03-26 22:00:00,23,+2.5C,2.5,4.3,6.8,NORMAL,10159.53691830346,10156.10367157276,3.433246730699466,0.03380476255189504
M5R,2026-03-25 23:00:00,2026-03-26 22:00:00,23,+5C,5.0,4.3,9.3,NORMAL,10177.306948346331,10156.10367157276,21.203276773570906,0.20877373310908115
M5R,2026-03-25 23:00:00,2026-03-26 23:00:00,24,-5C,-5.0,4.3,-0.7000000000000002,NORMAL,9201.674998264538,9200.503948983085,1.1710492814527242,0.01272809932962594
M5R,2026-03-25 23:00:00,2026-03-26 23:00:00,24,-2.5C,-2.5,4.3,1.7999999999999998,NORMAL,9193.338949819923,9200.503948983085,-7.164999163162065,-0.07787615985919988
M5R,2026-03-25 23:00:00,2026-03-26 23:00:00,24,Baseline,0.0,4.3,4.3,NORMAL,9200.503948983085,9200.503948983085,0.0,0.0
M5R,2026-03-25 23:00:00,2026-03-26 23:00:00,24,+2.5C,2.5,4.3,6.8,NORMAL,9178.921043393882,9200.503948983085,-21.58290558920271,-0.2345839500627379
M5R,2026-03-25 23:00:00,2026-03-26 23:00:00,24,+5C,5.0,4.3,9.3,NORMAL,9191.344417769507,9200.503948983085,-9.159531213577793,-0.09955466857432499
M5S,2026-03-25 23:00:00,2026-03-26 00:00:00,1,-5C,-5.0,4.3,-0.7000000000000002,NORMAL,5259.520423634319,5076.646013894907,182.87440973941193,3.6022682936505737
M5S,2026-03-25 23:00:00,2026-03-26 00:00:00,1,-2.5C,-2.5,4.3,1.7999999999999998,NORMAL,5121.104514340745,5076.646013894907,44.45850044583767,0.8757455281332133
M5S,2026-03-25 23:00:00,2026-03-26 00:00:00,1,Baseline,0.0,4.3,4.3,NORMAL,5076.646013894907,5076.646013894907,0.0,0.0
M5S,2026-03-25 23:00:00,2026-03-26 00:00:00,1,+2.5C,2.5,4.3,6.8,NORMAL,5032.220471849738,5076.646013894907,-44.425542045169095,-0.8750963120843028
M5S,2026-03-25 23:00:00,2026-03-26 00:00:00,1,+5C,5.0,4.3,9.3,NORMAL,4930.13046381315,5076.646013894907,-146.51555008175728,-2.886069851644975
M5S,2026-03-25 23:00:00,2026-03-26 01:00:00,2,-5C,-5.0,4.3,-0.7000000000000002,NORMAL,5031.538019647785,4859.372653019214,172.16536662857106,3.5429545935646996
M5S,2026-03-25 23:00:00,2026-03-26 01:00:00,2,-2.5C,-2.5,4.3,1.7999999999999998,NORMAL,4893.988232154386,4859.372653019214,34.615579135172084,0.712346667088082
M5S,2026-03-25 23:00:00,2026-03-26 01:00:00,2,Baseline,0.0,4.3,4.3,NORMAL,4859.372653019214,4859.372653019214,0.0,0.0
M5S,2026-03-25 23:00:00,2026-03-26 01:00:00,2,+2.5C,2.5,4.3,6.8,NORMAL,4827.434621776255,4859.372653019214,-31.93803124295937,-0.6572459764557407
M5S,2026-03-25 23:00:00,2026-03-26 01:00:00,2,+5C,5.0,4.3,9.3,NORMAL,4732.537426916222,4859.372653019214,-126.83522610299224,-2.6101152383155317
M5S,2026-03-25 23:00:00,2026-03-26 02:00:00,3,-5C,-5.0,4.3,-0.7000000000000002,NORMAL,4909.650384949508,4751.539616379642,158.1107685698662,3.3275691951472375
M5S,2026-03-25 23:00:00,2026-03-26 02:00:00,3,-2.5C,-2.5,4.3,1.7999999999999998,NORMAL,4809.046071295742,4751.539616379642,57.506454916099756,1.2102699242549062
M5S,2026-03-25 23:00:00,2026-03-26 02:00:00,3,Baseline,0.0,4.3,4.3,NORMAL,4751.539616379642,4751.539616379642,0.0,0.0
M5S,2026-03-25 23:00:00,2026-03-26 02:00:00,3,+2.5C,2.5,4.3,6.8,NORMAL,4724.562025161986,4751.539616379642,-26.97759121765648,-0.5677652591732281
M5S,2026-03-25 23:00:00,2026-03-26 02:00:00,3,+5C,5.0,4.3,9.3,NORMAL,4645.418961722005,4751.539616379642,-106.1206546576368,-2.2333951355854147
M5S,2026-03-25 23:00:00,2026-03-26 03:00:00,4,-5C,-5.0,4.3,-0.7000000000000002,NORMAL,4744.4286327531045,4493.9431038084385,250.48552894466593,5.573847357622071
M5S,2026-03-25 23:00:00,2026-03-26 03:00:00,4,-2.5C,-2.5,4.3,1.7999999999999998,NORMAL,4646.9576267349885,4493.9431038084385,153.01452292654994,3.4049056561681033
M5S,2026-03-25 23:00:00,2026-03-26 03:00:00,4,Baseline,0.0,4.3,4.3,NORMAL,4493.9431038084385,4493.9431038084385,0.0,0.0
M5S,2026-03-25 23:00:00,2026-03-26 03:00:00,4,+2.5C,2.5,4.3,6.8,NORMAL,4480.348030402472,4493.9431038084385,-13.595073405966104,-0.3025199271981174
M5S,2026-03-25 23:00:00,2026-03-26 03:00:00,4,+5C,5.0,4.3,9.3,NORMAL,4406.221282825397,4493.9431038084385,-87.72182098304165,-1.9520011481387223
M5S,2026-03-25 23:00:00,2026-03-26 04:00:00,5,-5C,-5.0,4.3,-0.7000000000000002,NORMAL,4882.046089391204,4717.503629493721,164.54245989748324,3.4879137955245585
M5S,2026-03-25 23:00:00,2026-03-26 04:00:00,5,-2.5C,-2.5,4.3,1.7999999999999998,NORMAL,4752.95882773533,4717.503629493721,35.45519824160874,0.7515669520621814
M5S,2026-03-25 23:00:00,2026-03-26 04:00:00,5,Baseline,0.0,4.3,4.3,NORMAL,4717.503629493721,4717.503629493721,0.0,0.0
M5S,2026-03-25 23:00:00,2026-03-26 04:00:00,5,+2.5C,2.5,4.3,6.8,NORMAL,4717.889243094529,4717.503629493721,0.3856136008080284,0.008174102896226328
M5S,2026-03-25 23:00:00,2026-03-26 04:00:00,5,+5C,5.0,4.3,9.3,NORMAL,4676.280538713535,4717.503629493721,-41.223090780185885,-0.8738327305666518
M5S,2026-03-25 23:00:00,2026-03-26 05:00:00,6,-5C,-5.0,4.3,-0.7000000000000002,NORMAL,5016.86855591488,4905.899102904704,110.96945301017604,2.261959544672919
M5S,2026-03-25 23:00:00,2026-03-26 05:00:00,6,-2.5C,-2.5,4.3,1.7999999999999998,NORMAL,4923.915632515564,4905.899102904704,18.016529610859834,0.367242155473449
M5S,2026-03-25 23:00:00,2026-03-26 05:00:00,6,Baseline,0.0,4.3,4.3,NORMAL,4905.899102904704,4905.899102904704,0.0,0.0
M5S,2026-03-25 23:00:00,2026-03-26 05:00:00,6,+2.5C,2.5,4.3,6.8,NORMAL,4864.923229382393,4905.899102904704,-40.975873522310394,-0.8352367764361326
M5S,2026-03-25 23:00:00,2026-03-26 05:00:00,6,+5C,5.0,4.3,9.3,NORMAL,4804.25905699764,4905.899102904704,-101.64004590706372,-2.0717924232661917
M5S,2026-03-25 23:00:00,2026-03-26 06:00:00,7,-5C,-5.0,4.3,-0.7000000000000002,NORMAL,5555.3556093836205,5472.856581411593,82.49902797202776,1.5074217046401954
M5S,2026-03-25 23:00:00,2026-03-26 06:00:00,7,-2.5C,-2.5,4.3,1.7999999999999998,NORMAL,5503.696139393541,5472.856581411593,30.83955798194802,0.563500203654043
M5S,2026-03-25 23:00:00,2026-03-26 06:00:00,7,Baseline,0.0,4.3,4.3,NORMAL,5472.856581411593,5472.856581411593,0.0,0.0
M5S,2026-03-25 23:00:00,2026-03-26 06:00:00,7,+2.5C,2.5,4.3,6.8,NORMAL,5423.2581608582395,5472.856581411593,-49.59842055335321,-0.9062620190306627
M5S,2026-03-25 23:00:00,2026-03-26 06:00:00,7,+5C,5.0,4.3,9.3,NORMAL,5341.664818315059,5472.856581411593,-131.19176309653358,-2.397135045382384
M5S,2026-03-25 23:00:00,2026-03-26 07:00:00,8,-5C,-5.0,4.3,-0.7000000000000002,NORMAL,5981.561640751509,5906.978433314847,74.58320743666172,1.2626287412193498
M5S,2026-03-25 23:00:00,2026-03-26 07:00:00,8,-2.5C,-2.5,4.3,1.7999999999999998,NORMAL,5908.4807374233715,5906.978433314847,1.5023041085241857,0.025432700076426902
M5S,2026-03-25 23:00:00,2026-03-26 07:00:00,8,Baseline,0.0,4.3,4.3,NORMAL,5906.978433314847,5906.978433314847,0.0,0.0
M5S,2026-03-25 23:00:00,2026-03-26 07:00:00,8,+2.5C,2.5,4.3,6.8,NORMAL,5904.059126113369,5906.978433314847,-2.9193072014786594,-0.04942132825496737
M5S,2026-03-25 23:00:00,2026-03-26 07:00:00,8,+5C,5.0,4.3,9.3,NORMAL,5838.970025387654,5906.978433314847,-68.00840792719373,-1.1513231120606806
M5S,2026-03-25 23:00:00,2026-03-26 08:00:00,9,-5C,-5.0,4.3,-0.7000000000000002,NORMAL,6021.526629405574,5947.2414299170105,74.2851994885632,1.2490698479950526
M5S,2026-03-25 23:00:00,2026-03-26 08:00:00,9,-2.5C,-2.5,4.3,1.7999999999999998,NORMAL,5948.7653489717595,5947.2414299170105,1.523919054749058,0.02562396487021922
M5S,2026-03-25 23:00:00,2026-03-26 08:00:00,9,Baseline,0.0,4.3,4.3,NORMAL,5947.2414299170105,5947.2414299170105,0.0,0.0
M5S,2026-03-25 23:00:00,2026-03-26 08:00:00,9,+2.5C,2.5,4.3,6.8,NORMAL,5944.795556781465,5947.2414299170105,-2.4458731355452983,-0.04112617865556248
M5S,2026-03-25 23:00:00,2026-03-26 08:00:00,9,+5C,5.0,4.3,9.3,NORMAL,5893.243436056745,5947.2414299170105,-53.997993860265524,-0.9079502572173033
M5S,2026-03-25 23:00:00,2026-03-26 09:00:00,10,-5C,-5.0,4.3,-0.7000000000000002,NORMAL,6086.59702313985,6084.164721459097,2.432301680752971,0.03997757773017131
M5S,2026-03-25 23:00:00,2026-03-26 09:00:00,10,-2.5C,-2.5,4.3,1.7999999999999998,NORMAL,6079.844968589672,6084.164721459097,-4.319752869424519,-0.07099993289446249
M5S,2026-03-25 23:00:00,2026-03-26 09:00:00,10,Baseline,0.0,4.3,4.3,NORMAL,6084.164721459097,6084.164721459097,0.0,0.0
M5S,2026-03-25 23:00:00,2026-03-26 09:00:00,10,+2.5C,2.5,4.3,6.8,NORMAL,6097.714452531947,6084.164721459097,13.54973107285059,0.2227048690029732
M5S,2026-03-25 23:00:00,2026-03-26 09:00:00,10,+5C,5.0,4.3,9.3,NORMAL,6071.127922931239,6084.164721459097,-13.036798527858082,-0.21427425332316796
M5S,2026-03-25 23:00:00,2026-03-26 10:00:00,11,-5C,-5.0,4.3,-0.7000000000000002,NORMAL,6188.43307142862,6173.078927979188,15.354143449431831,0.24872747665415232
M5S,2026-03-25 23:00:00,2026-03-26 10:00:00,11,-2.5C,-2.5,4.3,1.7999999999999998,NORMAL,6179.555043047281,6173.078927979188,6.47611506809335,0.10490899506793384
M5S,2026-03-25 23:00:00,2026-03-26 10:00:00,11,Baseline,0.0,4.3,4.3,NORMAL,6173.078927979188,6173.078927979188,0.0,0.0
M5S,2026-03-25 23:00:00,2026-03-26 10:00:00,11,+2.5C,2.5,4.3,6.8,NORMAL,6161.941555859223,6173.078927979188,-11.137372119965221,-0.18041843057417603
M5S,2026-03-25 23:00:00,2026-03-26 10:00:00,11,+5C,5.0,4.3,9.3,NORMAL,6110.958051163397,6173.078927979188,-62.120876815791235,-1.0063191729856442
M5S,2026-03-25 23:00:00,2026-03-26 11:00:00,12,-5C,-5.0,4.3,-0.7000000000000002,NORMAL,6222.975639506597,6217.111507767678,5.864131738919241,0.0943224475159015
M5S,2026-03-25 23:00:00,2026-03-26 11:00:00,12,-2.5C,-2.5,4.3,1.7999999999999998,NORMAL,6229.326131653084,6217.111507767678,12.214623885406581,0.19646782706318833
M5S,2026-03-25 23:00:00,2026-03-26 11:00:00,12,Baseline,0.0,4.3,4.3,NORMAL,6217.111507767678,6217.111507767678,0.0,0.0
M5S,2026-03-25 23:00:00,2026-03-26 11:00:00,12,+2.5C,2.5,4.3,6.8,NORMAL,6211.589281870312,6217.111507767678,-5.522225897365388,-0.08882301516493475
M5S,2026-03-25 23:00:00,2026-03-26 11:00:00,12,+5C,5.0,4.3,9.3,NORMAL,6169.958061729035,6217.111507767678,-47.15344603864287,-0.7584462009363868
M5S,2026-03-25 23:00:00,2026-03-26 12:00:00,13,-5C,-5.0,4.3,-0.7000000000000002,NORMAL,6246.22409896532,6273.492655926631,-27.268556961311333,-0.43466308891826716
M5S,2026-03-25 23:00:00,2026-03-26 12:00:00,13,-2.5C,-2.5,4.3,1.7999999999999998,NORMAL,6263.8986815910275,6273.492655926631,-9.593974335603889,-0.15292875694275923
M5S,2026-03-25 23:00:00,2026-03-26 12:00:00,13,Baseline,0.0,4.3,4.3,NORMAL,6273.492655926631,6273.492655926631,0.0,0.0
M5S,2026-03-25 23:00:00,2026-03-26 12:00:00,13,+2.5C,2.5,4.3,6.8,NORMAL,6277.775852478344,6273.492655926631,4.283196551712535,0.06827451288503791
M5S,2026-03-25 23:00:00,2026-03-26 12:00:00,13,+5C,5.0,4.3,9.3,NORMAL,6242.837340213653,6273.492655926631,-30.655315712978336,-0.4886483079567799
M5S,2026-03-25 23:00:00,2026-03-26 13:00:00,14,-5C,-5.0,4.3,-0.7000000000000002,NORMAL,6143.999062278869,6163.5639593123915,-19.564897033522357,-0.3174283119746359
M5S,2026-03-25 23:00:00,2026-03-26 13:00:00,14,-2.5C,-2.5,4.3,1.7999999999999998,NORMAL,6132.260710172643,6163.5639593123915,-31.303249139748914,-0.507875789825358
M5S,2026-03-25 23:00:00,2026-03-26 13:00:00,14,Baseline,0.0,4.3,4.3,NORMAL,6163.5639593123915,6163.5639593123915,0.0,0.0
M5S,2026-03-25 23:00:00,2026-03-26 13:00:00,14,+2.5C,2.5,4.3,6.8,NORMAL,6172.065084052439,6163.5639593123915,8.50112474004709,0.1379254729271192
M5S,2026-03-25 23:00:00,2026-03-26 13:00:00,14,+5C,5.0,4.3,9.3,NORMAL,6179.092258293996,6163.5639593123915,15.528298981604166,0.2519370137814958
M5S,2026-03-25 23:00:00,2026-03-26 14:00:00,15,-5C,-5.0,4.3,-0.7000000000000002,NORMAL,6171.3404986548685,6181.914744266435,-10.574245611566766,-0.17105130123921725
M5S,2026-03-25 23:00:00,2026-03-26 14:00:00,15,-2.5C,-2.5,4.3,1.7999999999999998,NORMAL,6167.814232792871,6181.914744266435,-14.100511473564438,-0.2280929462290352
M5S,2026-03-25 23:00:00,2026-03-26 14:00:00,15,Baseline,0.0,4.3,4.3,NORMAL,6181.914744266435,6181.914744266435,0.0,0.0
M5S,2026-03-25 23:00:00,2026-03-26 14:00:00,15,+2.5C,2.5,4.3,6.8,NORMAL,6191.2184933832295,6181.914744266435,9.303749116794279,0.15049947308676917
M5S,2026-03-25 23:00:00,2026-03-26 14:00:00,15,+5C,5.0,4.3,9.3,NORMAL,6208.6392701951645,6181.914744266435,26.724525928729236,0.43230175494599854
M5S,2026-03-25 23:00:00,2026-03-26 15:00:00,16,-5C,-5.0,4.3,-0.7000000000000002,NORMAL,6380.087075444561,6385.607724571439,-5.520649126877288,-0.08645456102218993
M5S,2026-03-25 23:00:00,2026-03-26 15:00:00,16,-2.5C,-2.5,4.3,1.7999999999999998,NORMAL,6379.477321425974,6385.607724571439,-6.1304031454646974,-0.0960034410174504
M5S,2026-03-25 23:00:00,2026-03-26 15:00:00,16,Baseline,0.0,4.3,4.3,NORMAL,6385.607724571439,6385.607724571439,0.0,0.0
M5S,2026-03-25 23:00:00,2026-03-26 15:00:00,16,+2.5C,2.5,4.3,6.8,NORMAL,6387.413262314944,6385.607724571439,1.805537743505738,0.028275112117490966
M5S,2026-03-25 23:00:00,2026-03-26 15:00:00,16,+5C,5.0,4.3,9.3,NORMAL,6388.373149936565,6385.607724571439,2.765425365126248,0.043307160170285054
M5S,2026-03-25 23:00:00,2026-03-26 16:00:00,17,-5C,-5.0,4.3,-0.7000000000000002,NORMAL,6677.978490495026,6692.045103161567,-14.066612666541005,-0.21019901165781776
M5S,2026-03-25 23:00:00,2026-03-26 16:00:00,17,-2.5C,-2.5,4.3,1.7999999999999998,NORMAL,6686.905949234203,6692.045103161567,-5.139153927363623,-0.07679496847586545
M5S,2026-03-25 23:00:00,2026-03-26 16:00:00,17,Baseline,0.0,4.3,4.3,NORMAL,6692.045103161567,6692.045103161567,0.0,0.0
M5S,2026-03-25 23:00:00,2026-03-26 16:00:00,17,+2.5C,2.5,4.3,6.8,NORMAL,6688.516162256424,6692.045103161567,-3.5289409051429175,-0.05273337000486917
M5S,2026-03-25 23:00:00,2026-03-26 16:00:00,17,+5C,5.0,4.3,9.3,NORMAL,6687.6287455333895,6692.045103161567,-4.416357628177138,-0.06599414020821064
M5S,2026-03-25 23:00:00,2026-03-26 17:00:00,18,-5C,-5.0,4.3,-0.7000000000000002,NORMAL,6807.370688979268,6794.122185840502,13.248503138765955,0.19499948302927053
M5S,2026-03-25 23:00:00,2026-03-26 17:00:00,18,-2.5C,-2.5,4.3,1.7999999999999998,NORMAL,6796.423408676237,6794.122185840502,2.301222835734734,0.03387078967361917
M5S,2026-03-25 23:00:00,2026-03-26 17:00:00,18,Baseline,0.0,4.3,4.3,NORMAL,6794.122185840502,6794.122185840502,0.0,0.0
M5S,2026-03-25 23:00:00,2026-03-26 17:00:00,18,+2.5C,2.5,4.3,6.8,NORMAL,6799.14570344963,6794.122185840502,5.023517609127339,0.07393917082617021
M5S,2026-03-25 23:00:00,2026-03-26 17:00:00,18,+5C,5.0,4.3,9.3,NORMAL,6812.365079802445,6794.122185840502,18.242893961942173,0.26850994820142965
M5S,2026-03-25 23:00:00,2026-03-26 18:00:00,19,-5C,-5.0,4.3,-0.7000000000000002,NORMAL,6998.782214289696,6980.4394678811805,18.342746408515268,0.26277351867192633
M5S,2026-03-25 23:00:00,2026-03-26 18:00:00,19,-2.5C,-2.5,4.3,1.7999999999999998,NORMAL,6983.7262080715445,6980.4394678811805,3.286740190364071,0.047085003823716526
M5S,2026-03-25 23:00:00,2026-03-26 18:00:00,19,Baseline,0.0,4.3,4.3,NORMAL,6980.4394678811805,6980.4394678811805,0.0,0.0
M5S,2026-03-25 23:00:00,2026-03-26 18:00:00,19,+2.5C,2.5,4.3,6.8,NORMAL,6973.976251419689,6980.4394678811805,-6.463216461491356,-0.09259039479147836
M5S,2026-03-25 23:00:00,2026-03-26 18:00:00,19,+5C,5.0,4.3,9.3,NORMAL,6974.1550994882855,6980.4394678811805,-6.284368392894976,-0.09002826285953759
M5S,2026-03-25 23:00:00,2026-03-26 19:00:00,20,-5C,-5.0,4.3,-0.7000000000000002,NORMAL,7002.399112287019,6963.153420458014,39.24569182900541,0.5636195191922678
M5S,2026-03-25 23:00:00,2026-03-26 19:00:00,20,-2.5C,-2.5,4.3,1.7999999999999998,NORMAL,6985.703160256409,6963.153420458014,22.54973979839542,0.32384378796169294
M5S,2026-03-25 23:00:00,2026-03-26 19:00:00,20,Baseline,0.0,4.3,4.3,NORMAL,6963.153420458014,6963.153420458014,0.0,0.0
M5S,2026-03-25 23:00:00,2026-03-26 19:00:00,20,+2.5C,2.5,4.3,6.8,NORMAL,6957.905853865751,6963.153420458014,-5.247566592262956,-0.07536192692301454
M5S,2026-03-25 23:00:00,2026-03-26 19:00:00,20,+5C,5.0,4.3,9.3,NORMAL,6947.694990503418,6963.153420458014,-15.458429954595886,-0.22200329392683524
M5S,2026-03-25 23:00:00,2026-03-26 20:00:00,21,-5C,-5.0,4.3,-0.7000000000000002,NORMAL,6790.197456050815,6786.104457107764,4.092998943051498,0.0603144111459188
M5S,2026-03-25 23:00:00,2026-03-26 20:00:00,21,-2.5C,-2.5,4.3,1.7999999999999998,NORMAL,6778.821697538697,6786.104457107764,-7.282759569066911,-0.10731870714779451
M5S,2026-03-25 23:00:00,2026-03-26 20:00:00,21,Baseline,0.0,4.3,4.3,NORMAL,6786.104457107764,6786.104457107764,0.0,0.0
M5S,2026-03-25 23:00:00,2026-03-26 20:00:00,21,+2.5C,2.5,4.3,6.8,NORMAL,6798.626586742937,6786.104457107764,12.52212963517377,0.18452603720324545
M5S,2026-03-25 23:00:00,2026-03-26 20:00:00,21,+5C,5.0,4.3,9.3,NORMAL,6806.06548656248,6786.104457107764,19.96102945471648,0.2941456262703016
M5S,2026-03-25 23:00:00,2026-03-26 21:00:00,22,-5C,-5.0,4.3,-0.7000000000000002,NORMAL,6378.379725055953,6382.352262651171,-3.972537595218455,-0.06224253115054948
M5S,2026-03-25 23:00:00,2026-03-26 21:00:00,22,-2.5C,-2.5,4.3,1.7999999999999998,NORMAL,6375.493793199798,6382.352262651171,-6.858469451372912,-0.10745990144586544
M5S,2026-03-25 23:00:00,2026-03-26 21:00:00,22,Baseline,0.0,4.3,4.3,NORMAL,6382.352262651171,6382.352262651171,0.0,0.0
M5S,2026-03-25 23:00:00,2026-03-26 21:00:00,22,+2.5C,2.5,4.3,6.8,NORMAL,6417.46156441357,6382.352262651171,35.1093017623989,0.5500997174326259
M5S,2026-03-25 23:00:00,2026-03-26 21:00:00,22,+5C,5.0,4.3,9.3,NORMAL,6425.4842817309745,6382.352262651171,43.132019079803285,0.6758012924514861
M5S,2026-03-25 23:00:00,2026-03-26 22:00:00,23,-5C,-5.0,4.3,-0.7000000000000002,NORMAL,5899.368103201127,5873.407784275568,25.960318925559477,0.4419975571091979
M5S,2026-03-25 23:00:00,2026-03-26 22:00:00,23,-2.5C,-2.5,4.3,1.7999999999999998,NORMAL,5874.722001502784,5873.407784275568,1.3142172272164316,0.022375719096754808
M5S,2026-03-25 23:00:00,2026-03-26 22:00:00,23,Baseline,0.0,4.3,4.3,NORMAL,5873.407784275568,5873.407784275568,0.0,0.0
M5S,2026-03-25 23:00:00,2026-03-26 22:00:00,23,+2.5C,2.5,4.3,6.8,NORMAL,5913.481702203789,5873.407784275568,40.07391792822091,0.6822941535833386
M5S,2026-03-25 23:00:00,2026-03-26 22:00:00,23,+5C,5.0,4.3,9.3,NORMAL,5914.253296564289,5873.407784275568,40.84551228872078,0.695431234965047
M5S,2026-03-25 23:00:00,2026-03-26 23:00:00,24,-5C,-5.0,4.3,-0.7000000000000002,NORMAL,5343.410493954722,5363.392920801334,-19.982426846611816,-0.3725706309733929
M5S,2026-03-25 23:00:00,2026-03-26 23:00:00,24,-2.5C,-2.5,4.3,1.7999999999999998,NORMAL,5342.4273854644125,5363.392920801334,-20.965535336921675,-0.3909006042725144
M5S,2026-03-25 23:00:00,2026-03-26 23:00:00,24,Baseline,0.0,4.3,4.3,NORMAL,5363.392920801334,5363.392920801334,0.0,0.0
M5S,2026-03-25 23:00:00,2026-03-26 23:00:00,24,+2.5C,2.5,4.3,6.8,NORMAL,5398.809161174677,5363.392920801334,35.41624037334259,0.6603327575718826
M5S,2026-03-25 23:00:00,2026-03-26 23:00:00,24,+5C,5.0,4.3,9.3,NORMAL,5424.0771817697005,5363.392920801334,60.68426096836629,1.1314528296632715
M6G,2026-03-25 23:00:00,2026-03-26 00:00:00,1,-5C,-5.0,4.3,-0.7000000000000002,NORMAL,10803.352592624733,10210.494331541857,592.8582610828762,5.806361982410997
M6G,2026-03-25 23:00:00,2026-03-26 00:00:00,1,-2.5C,-2.5,4.3,1.7999999999999998,NORMAL,10389.008370355767,10210.494331541857,178.5140388139098,1.7483388464596787
M6G,2026-03-25 23:00:00,2026-03-26 00:00:00,1,Baseline,0.0,4.3,4.3,NORMAL,10210.494331541857,10210.494331541857,0.0,0.0
M6G,2026-03-25 23:00:00,2026-03-26 00:00:00,1,+2.5C,2.5,4.3,6.8,NORMAL,10053.779411149228,10210.494331541857,-156.7149203926292,-1.5348416570636707
M6G,2026-03-25 23:00:00,2026-03-26 00:00:00,1,+5C,5.0,4.3,9.3,NORMAL,10024.757178914368,10210.494331541857,-185.7371526274892,-1.8190809043761702
M6G,2026-03-25 23:00:00,2026-03-26 01:00:00,2,-5C,-5.0,4.3,-0.7000000000000002,NORMAL,10256.965331543144,9729.620867215037,527.3444643281073,5.419989859060685
M6G,2026-03-25 23:00:00,2026-03-26 01:00:00,2,-2.5C,-2.5,4.3,1.7999999999999998,NORMAL,9932.248069646184,9729.620867215037,202.62720243114745,2.082580659580691
M6G,2026-03-25 23:00:00,2026-03-26 01:00:00,2,Baseline,0.0,4.3,4.3,NORMAL,9729.620867215037,9729.620867215037,0.0,0.0
M6G,2026-03-25 23:00:00,2026-03-26 01:00:00,2,+2.5C,2.5,4.3,6.8,NORMAL,9626.89957163434,9729.620867215037,-102.72129558069719,-1.055758461532938
M6G,2026-03-25 23:00:00,2026-03-26 01:00:00,2,+5C,5.0,4.3,9.3,NORMAL,9522.96978254236,9729.620867215037,-206.65108467267783,-2.123937689792313
M6G,2026-03-25 23:00:00,2026-03-26 02:00:00,3,-5C,-5.0,4.3,-0.7000000000000002,NORMAL,10024.968858418037,9571.405251081265,453.5636073367714,4.738735801470041
M6G,2026-03-25 23:00:00,2026-03-26 02:00:00,3,-2.5C,-2.5,4.3,1.7999999999999998,NORMAL,9756.595354224903,9571.405251081265,185.19010314363732,1.9348266872590805
M6G,2026-03-25 23:00:00,2026-03-26 02:00:00,3,Baseline,0.0,4.3,4.3,NORMAL,9571.405251081265,9571.405251081265,0.0,0.0
M6G,2026-03-25 23:00:00,2026-03-26 02:00:00,3,+2.5C,2.5,4.3,6.8,NORMAL,9396.857078175814,9571.405251081265,-174.5481729054518,-1.823642070590767
M6G,2026-03-25 23:00:00,2026-03-26 02:00:00,3,+5C,5.0,4.3,9.3,NORMAL,9328.349295238262,9571.405251081265,-243.05595584300318,-2.539396770558279
M6G,2026-03-25 23:00:00,2026-03-26 03:00:00,4,-5C,-5.0,4.3,-0.7000000000000002,NORMAL,9721.935567607743,9166.828073335513,555.1074942722298,6.0556114921248225
M6G,2026-03-25 23:00:00,2026-03-26 03:00:00,4,-2.5C,-2.5,4.3,1.7999999999999998,NORMAL,9467.40245397821,9166.828073335513,300.57438064269627,3.278935507877666
M6G,2026-03-25 23:00:00,2026-03-26 03:00:00,4,Baseline,0.0,4.3,4.3,NORMAL,9166.828073335513,9166.828073335513,0.0,0.0
M6G,2026-03-25 23:00:00,2026-03-26 03:00:00,4,+2.5C,2.5,4.3,6.8,NORMAL,9003.280068746355,9166.828073335513,-163.54800458915815,-1.7841286351261119
M6G,2026-03-25 23:00:00,2026-03-26 03:00:00,4,+5C,5.0,4.3,9.3,NORMAL,8931.119156191187,9166.828073335513,-235.70891714432582,-2.571324729324382
M6G,2026-03-25 23:00:00,2026-03-26 04:00:00,5,-5C,-5.0,4.3,-0.7000000000000002,NORMAL,10176.070056447435,9581.730806335461,594.3392501119743,6.202838110615629
M6G,2026-03-25 23:00:00,2026-03-26 04:00:00,5,-2.5C,-2.5,4.3,1.7999999999999998,NORMAL,9800.392005199303,9581.730806335461,218.6611988638415,2.2820636822656533
M6G,2026-03-25 23:00:00,2026-03-26 04:00:00,5,Baseline,0.0,4.3,4.3,NORMAL,9581.730806335461,9581.730806335461,0.0,0.0
M6G,2026-03-25 23:00:00,2026-03-26 04:00:00,5,+2.5C,2.5,4.3,6.8,NORMAL,9521.450331517946,9581.730806335461,-60.280474817514914,-0.6291188516552493
M6G,2026-03-25 23:00:00,2026-03-26 04:00:00,5,+5C,5.0,4.3,9.3,NORMAL,9508.05061348424,9581.730806335461,-73.68019285122136,-0.7689653815206733
M6G,2026-03-25 23:00:00,2026-03-26 05:00:00,6,-5C,-5.0,4.3,-0.7000000000000002,NORMAL,11161.585872198979,10445.34260802372,716.2432641752584,6.857058605479033
M6G,2026-03-25 23:00:00,2026-03-26 05:00:00,6,-2.5C,-2.5,4.3,1.7999999999999998,NORMAL,10661.90846795693,10445.34260802372,216.56585993320914,2.0733246199780115
M6G,2026-03-25 23:00:00,2026-03-26 05:00:00,6,Baseline,0.0,4.3,4.3,NORMAL,10445.34260802372,10445.34260802372,0.0,0.0
M6G,2026-03-25 23:00:00,2026-03-26 05:00:00,6,+2.5C,2.5,4.3,6.8,NORMAL,10336.86980752907,10445.34260802372,-108.47280049465007,-1.0384800629835285
M6G,2026-03-25 23:00:00,2026-03-26 05:00:00,6,+5C,5.0,4.3,9.3,NORMAL,10305.19591238255,10445.34260802372,-140.14669564116957,-1.3417146847200028
M6G,2026-03-25 23:00:00,2026-03-26 06:00:00,7,-5C,-5.0,4.3,-0.7000000000000002,NORMAL,12256.729158940781,11600.473831865052,656.2553270757289,5.657142428726295
M6G,2026-03-25 23:00:00,2026-03-26 06:00:00,7,-2.5C,-2.5,4.3,1.7999999999999998,NORMAL,11861.532523634496,11600.473831865052,261.0586917694436,2.2504140395743835
M6G,2026-03-25 23:00:00,2026-03-26 06:00:00,7,Baseline,0.0,4.3,4.3,NORMAL,11600.473831865052,11600.473831865052,0.0,0.0
M6G,2026-03-25 23:00:00,2026-03-26 06:00:00,7,+2.5C,2.5,4.3,6.8,NORMAL,11507.888908769048,11600.473831865052,-92.58492309600479,-0.7981132877666218
M6G,2026-03-25 23:00:00,2026-03-26 06:00:00,7,+5C,5.0,4.3,9.3,NORMAL,11462.3541749265,11600.473831865052,-138.119656938552,-1.1906380630690667
M6G,2026-03-25 23:00:00,2026-03-26 07:00:00,8,-5C,-5.0,4.3,-0.7000000000000002,NORMAL,12741.82605640733,12341.515566234211,400.3104901731185,3.24360884224259
M6G,2026-03-25 23:00:00,2026-03-26 07:00:00,8,-2.5C,-2.5,4.3,1.7999999999999998,NORMAL,12506.0924975155,12341.515566234211,164.57693128128813,1.3335228594741042
M6G,2026-03-25 23:00:00,2026-03-26 07:00:00,8,Baseline,0.0,4.3,4.3,NORMAL,12341.515566234211,12341.515566234211,0.0,0.0
M6G,2026-03-25 23:00:00,2026-03-26 07:00:00,8,+2.5C,2.5,4.3,6.8,NORMAL,12321.944470461927,12341.515566234211,-19.571095772284025,-0.15857935491998726
M6G,2026-03-25 23:00:00,2026-03-26 07:00:00,8,+5C,5.0,4.3,9.3,NORMAL,12289.057104679177,12341.515566234211,-52.458461555033864,-0.4250568844118114
M6G,2026-03-25 23:00:00,2026-03-26 08:00:00,9,-5C,-5.0,4.3,-0.7000000000000002,NORMAL,13059.032149832838,12557.738039365455,501.2941104673828,3.9919140604458194
M6G,2026-03-25 23:00:00,2026-03-26 08:00:00,9,-2.5C,-2.5,4.3,1.7999999999999998,NORMAL,12718.121951821846,12557.738039365455,160.38391245639104,1.2771719871335625
M6G,2026-03-25 23:00:00,2026-03-26 08:00:00,9,Baseline,0.0,4.3,4.3,NORMAL,12557.738039365455,12557.738039365455,0.0,0.0
M6G,2026-03-25 23:00:00,2026-03-26 08:00:00,9,+2.5C,2.5,4.3,6.8,NORMAL,12485.067270110862,12557.738039365455,-72.67076925459332,-0.578693145427848
M6G,2026-03-25 23:00:00,2026-03-26 08:00:00,9,+5C,5.0,4.3,9.3,NORMAL,12474.30406834214,12557.738039365455,-83.43397102331437,-0.6644028626952494
M6G,2026-03-25 23:00:00,2026-03-26 09:00:00,10,-5C,-5.0,4.3,-0.7000000000000002,NORMAL,13234.62071527028,12685.310211301676,549.3105039686034,4.330288300551044
M6G,2026-03-25 23:00:00,2026-03-26 09:00:00,10,-2.5C,-2.5,4.3,1.7999999999999998,NORMAL,12753.149410173675,12685.310211301676,67.83919887199954,0.5347854939452708
M6G,2026-03-25 23:00:00,2026-03-26 09:00:00,10,Baseline,0.0,4.3,4.3,NORMAL,12685.310211301676,12685.310211301676,0.0,0.0
M6G,2026-03-25 23:00:00,2026-03-26 09:00:00,10,+2.5C,2.5,4.3,6.8,NORMAL,12651.979254390531,12685.310211301676,-33.33095691114431,-0.2627523990816471
M6G,2026-03-25 23:00:00,2026-03-26 09:00:00,10,+5C,5.0,4.3,9.3,NORMAL,12651.87543021124,12685.310211301676,-33.434781090436445,-0.263570858997587
M6G,2026-03-25 23:00:00,2026-03-26 10:00:00,11,-5C,-5.0,4.3,-0.7000000000000002,NORMAL,13173.053005679627,12829.03789046455,344.01511521507746,2.6815347974829344
M6G,2026-03-25 23:00:00,2026-03-26 10:00:00,11,-2.5C,-2.5,4.3,1.7999999999999998,NORMAL,12893.37217114559,12829.03789046455,64.33428068103967,0.5014739314852088
M6G,2026-03-25 23:00:00,2026-03-26 10:00:00,11,Baseline,0.0,4.3,4.3,NORMAL,12829.03789046455,12829.03789046455,0.0,0.0
M6G,2026-03-25 23:00:00,2026-03-26 10:00:00,11,+2.5C,2.5,4.3,6.8,NORMAL,12813.802506017502,12829.03789046455,-15.235384447047181,-0.11875703055153652
M6G,2026-03-25 23:00:00,2026-03-26 10:00:00,11,+5C,5.0,4.3,9.3,NORMAL,12816.82456450089,12829.03789046455,-12.213325963659372,-0.09520063833264676
M6G,2026-03-25 23:00:00,2026-03-26 11:00:00,12,-5C,-5.0,4.3,-0.7000000000000002,NORMAL,13307.786355478023,12940.842971040196,366.94338443782726,2.8355446801958375
M6G,2026-03-25 23:00:00,2026-03-26 11:00:00,12,-2.5C,-2.5,4.3,1.7999999999999998,NORMAL,12981.932544738198,12940.842971040196,41.089573698001914,0.3175185247974545
M6G,2026-03-25 23:00:00,2026-03-26 11:00:00,12,Baseline,0.0,4.3,4.3,NORMAL,12940.842971040196,12940.842971040196,0.0,0.0
M6G,2026-03-25 23:00:00,2026-03-26 11:00:00,12,+2.5C,2.5,4.3,6.8,NORMAL,12923.79368243552,12940.842971040196,-17.049288604675894,-0.13174789805293077
M6G,2026-03-25 23:00:00,2026-03-26 11:00:00,12,+5C,5.0,4.3,9.3,NORMAL,12925.007854119738,12940.842971040196,-15.83511692045795,-0.12236542052086355
M6G,2026-03-25 23:00:00,2026-03-26 12:00:00,13,-5C,-5.0,4.3,-0.7000000000000002,NORMAL,12964.770257227345,12803.005159055405,161.76509817193983,1.2634931889996577
M6G,2026-03-25 23:00:00,2026-03-26 12:00:00,13,-2.5C,-2.5,4.3,1.7999999999999998,NORMAL,12836.974600135158,12803.005159055405,33.96944107975287,0.26532396619184917
M6G,2026-03-25 23:00:00,2026-03-26 12:00:00,13,Baseline,0.0,4.3,4.3,NORMAL,12803.005159055405,12803.005159055405,0.0,0.0
M6G,2026-03-25 23:00:00,2026-03-26 12:00:00,13,+2.5C,2.5,4.3,6.8,NORMAL,12789.931702191088,12803.005159055405,-13.07345686431654,-0.10211240800031895
M6G,2026-03-25 23:00:00,2026-03-26 12:00:00,13,+5C,5.0,4.3,9.3,NORMAL,12798.805503643107,12803.005159055405,-4.199655412297943,-0.03280210669389272
M6G,2026-03-25 23:00:00,2026-03-26 13:00:00,14,-5C,-5.0,4.3,-0.7000000000000002,NORMAL,12766.871529896067,11992.74083276471,774.130697131357,6.454993966153233
M6G,2026-03-25 23:00:00,2026-03-26 13:00:00,14,-2.5C,-2.5,4.3,1.7999999999999998,NORMAL,12529.383660114847,11992.74083276471,536.6428273501369,4.4747304626479085
M6G,2026-03-25 23:00:00,2026-03-26 13:00:00,14,Baseline,0.0,4.3,4.3,NORMAL,11992.74083276471,11992.74083276471,0.0,0.0
M6G,2026-03-25 23:00:00,2026-03-26 13:00:00,14,+2.5C,2.5,4.3,6.8,NORMAL,11975.98725493629,11992.74083276471,-16.75357782842002,-0.13969765595741457
M6G,2026-03-25 23:00:00,2026-03-26 13:00:00,14,+5C,5.0,4.3,9.3,NORMAL,11927.858546027504,11992.74083276471,-64.8822867372055,-0.541012998129203
M6G,2026-03-25 23:00:00,2026-03-26 14:00:00,15,-5C,-5.0,4.3,-0.7000000000000002,NORMAL,12199.52014561861,11950.733993289392,248.78615232921766,2.081764621896167
M6G,2026-03-25 23:00:00,2026-03-26 14:00:00,15,-2.5C,-2.5,4.3,1.7999999999999998,NORMAL,12106.099624545292,11950.733993289392,155.36563125589964,1.3000509537166585
M6G,2026-03-25 23:00:00,2026-03-26 14:00:00,15,Baseline,0.0,4.3,4.3,NORMAL,11950.733993289392,11950.733993289392,0.0,0.0
M6G,2026-03-25 23:00:00,2026-03-26 14:00:00,15,+2.5C,2.5,4.3,6.8,NORMAL,11815.909447206182,11950.733993289392,-134.8245460832095,-1.128169584888397
M6G,2026-03-25 23:00:00,2026-03-26 14:00:00,15,+5C,5.0,4.3,9.3,NORMAL,11774.274635226491,11950.733993289392,-176.45935806290072,-1.476556654695742
M6G,2026-03-25 23:00:00,2026-03-26 15:00:00,16,-5C,-5.0,4.3,-0.7000000000000002,NORMAL,13378.677447269849,13251.113288845247,127.56415842460228,0.962667480414536
M6G,2026-03-25 23:00:00,2026-03-26 15:00:00,16,-2.5C,-2.5,4.3,1.7999999999999998,NORMAL,13284.452394716194,13251.113288845247,33.339105870947606,0.2515947539216375
M6G,2026-03-25 23:00:00,2026-03-26 15:00:00,16,Baseline,0.0,4.3,4.3,NORMAL,13251.113288845247,13251.113288845247,0.0,0.0
M6G,2026-03-25 23:00:00,2026-03-26 15:00:00,16,+2.5C,2.5,4.3,6.8,NORMAL,13235.850399325045,13251.113288845247,-15.262889520201497,-0.11518194122640064
M6G,2026-03-25 23:00:00,2026-03-26 15:00:00,16,+5C,5.0,4.3,9.3,NORMAL,13193.843837433906,13251.113288845247,-57.269451411340924,-0.43218596176028623
M6G,2026-03-25 23:00:00,2026-03-26 16:00:00,17,-5C,-5.0,4.3,-0.7000000000000002,NORMAL,14257.857307855065,14171.00650288002,86.85080497504532,0.6128767561950829
M6G,2026-03-25 23:00:00,2026-03-26 16:00:00,17,-2.5C,-2.5,4.3,1.7999999999999998,NORMAL,14238.37527036044,14171.00650288002,67.3687674804205,0.4753986067731246
M6G,2026-03-25 23:00:00,2026-03-26 16:00:00,17,Baseline,0.0,4.3,4.3,NORMAL,14171.00650288002,14171.00650288002,0.0,0.0
M6G,2026-03-25 23:00:00,2026-03-26 16:00:00,17,+2.5C,2.5,4.3,6.8,NORMAL,14127.453026719537,14171.00650288002,-43.553476160483115,-0.3073421506907897
M6G,2026-03-25 23:00:00,2026-03-26 16:00:00,17,+5C,5.0,4.3,9.3,NORMAL,14120.764904560445,14171.00650288002,-50.24159831957513,-0.35453796672356597
M6G,2026-03-25 23:00:00,2026-03-26 17:00:00,18,-5C,-5.0,4.3,-0.7000000000000002,NORMAL,14956.758620763523,14765.743532049422,191.01508871410078,1.2936367769052581
M6G,2026-03-25 23:00:00,2026-03-26 17:00:00,18,-2.5C,-2.5,4.3,1.7999999999999998,NORMAL,14832.287732524617,14765.743532049422,66.54420047519488,0.45066609975148897
M6G,2026-03-25 23:00:00,2026-03-26 17:00:00,18,Baseline,0.0,4.3,4.3,NORMAL,14765.743532049422,14765.743532049422,0.0,0.0
M6G,2026-03-25 23:00:00,2026-03-26 17:00:00,18,+2.5C,2.5,4.3,6.8,NORMAL,14737.413069994527,14765.743532049422,-28.33046205489518,-0.19186613930685706
M6G,2026-03-25 23:00:00,2026-03-26 17:00:00,18,+5C,5.0,4.3,9.3,NORMAL,14697.205410545468,14765.743532049422,-68.53812150395424,-0.4641697951423205
M6G,2026-03-25 23:00:00,2026-03-26 18:00:00,19,-5C,-5.0,4.3,-0.7000000000000002,NORMAL,15200.67234370194,15066.515910822325,134.15643287961393,0.8904277118457689
M6G,2026-03-25 23:00:00,2026-03-26 18:00:00,19,-2.5C,-2.5,4.3,1.7999999999999998,NORMAL,15120.804579921449,15066.515910822325,54.28866909912358,0.3603266303932143
M6G,2026-03-25 23:00:00,2026-03-26 18:00:00,19,Baseline,0.0,4.3,4.3,NORMAL,15066.515910822325,15066.515910822325,0.0,0.0
M6G,2026-03-25 23:00:00,2026-03-26 18:00:00,19,+2.5C,2.5,4.3,6.8,NORMAL,15057.769495011773,15066.515910822325,-8.746415810552207,-0.05805201323465652
M6G,2026-03-25 23:00:00,2026-03-26 18:00:00,19,+5C,5.0,4.3,9.3,NORMAL,15023.982007932882,15066.515910822325,-42.5339028894432,-0.2823074899412608
M6G,2026-03-25 23:00:00,2026-03-26 19:00:00,20,-5C,-5.0,4.3,-0.7000000000000002,NORMAL,15031.20690765179,14853.756594164774,177.4503134870156,1.194649396346821
M6G,2026-03-25 23:00:00,2026-03-26 19:00:00,20,-2.5C,-2.5,4.3,1.7999999999999998,NORMAL,14964.962981951621,14853.756594164774,111.2063877868477,0.7486751723838978
M6G,2026-03-25 23:00:00,2026-03-26 19:00:00,20,Baseline,0.0,4.3,4.3,NORMAL,14853.756594164774,14853.756594164774,0.0,0.0
M6G,2026-03-25 23:00:00,2026-03-26 19:00:00,20,+2.5C,2.5,4.3,6.8,NORMAL,14847.710303307196,14853.756594164774,-6.046290857577333,-0.04070546611725541
M6G,2026-03-25 23:00:00,2026-03-26 19:00:00,20,+5C,5.0,4.3,9.3,NORMAL,14819.573613064127,14853.756594164774,-34.18298110064643,-0.2301302090413616
M6G,2026-03-25 23:00:00,2026-03-26 20:00:00,21,-5C,-5.0,4.3,-0.7000000000000002,NORMAL,14540.388326932307,14423.31925229672,117.06907463558673,0.8116652802852232
M6G,2026-03-25 23:00:00,2026-03-26 20:00:00,21,-2.5C,-2.5,4.3,1.7999999999999998,NORMAL,14512.41495950633,14423.31925229672,89.09570720960983,0.617719858037688
M6G,2026-03-25 23:00:00,2026-03-26 20:00:00,21,Baseline,0.0,4.3,4.3,NORMAL,14423.31925229672,14423.31925229672,0.0,0.0
M6G,2026-03-25 23:00:00,2026-03-26 20:00:00,21,+2.5C,2.5,4.3,6.8,NORMAL,14393.901132670839,14423.31925229672,-29.418119625881445,-0.20396220253668035
M6G,2026-03-25 23:00:00,2026-03-26 20:00:00,21,+5C,5.0,4.3,9.3,NORMAL,14392.630973387417,14423.31925229672,-30.688278909303335,-0.21276849227626046
M6G,2026-03-25 23:00:00,2026-03-26 21:00:00,22,-5C,-5.0,4.3,-0.7000000000000002,NORMAL,13839.407760817154,13823.035875025225,16.371885791928435,0.11843914708713406
M6G,2026-03-25 23:00:00,2026-03-26 21:00:00,22,-2.5C,-2.5,4.3,1.7999999999999998,NORMAL,13806.013325541344,13823.035875025225,-17.02254948388145,-0.12314624397840813
M6G,2026-03-25 23:00:00,2026-03-26 21:00:00,22,Baseline,0.0,4.3,4.3,NORMAL,13823.035875025225,13823.035875025225,0.0,0.0
M6G,2026-03-25 23:00:00,2026-03-26 21:00:00,22,+2.5C,2.5,4.3,6.8,NORMAL,13875.50050422466,13823.035875025225,52.46462919943406,0.3795449109281742
M6G,2026-03-25 23:00:00,2026-03-26 21:00:00,22,+5C,5.0,4.3,9.3,NORMAL,13886.427333965077,13823.035875025225,63.39145893985187,0.45859288446457996
M6G,2026-03-25 23:00:00,2026-03-26 22:00:00,23,-5C,-5.0,4.3,-0.7000000000000002,NORMAL,12132.96263848869,12132.300343105251,0.6622953834394139,0.005458943190569745
M6G,2026-03-25 23:00:00,2026-03-26 22:00:00,23,-2.5C,-2.5,4.3,1.7999999999999998,NORMAL,12128.654251655034,12132.300343105251,-3.6460914502167725,-0.030052762848793428
M6G,2026-03-25 23:00:00,2026-03-26 22:00:00,23,Baseline,0.0,4.3,4.3,NORMAL,12132.300343105251,12132.300343105251,0.0,0.0
M6G,2026-03-25 23:00:00,2026-03-26 22:00:00,23,+2.5C,2.5,4.3,6.8,NORMAL,12147.509843714015,12132.300343105251,15.209500608763847,0.12536370002913222
M6G,2026-03-25 23:00:00,2026-03-26 22:00:00,23,+5C,5.0,4.3,9.3,NORMAL,12114.331849933993,12132.300343105251,-17.96849317125816,-0.14810458580074304
M6G,2026-03-25 23:00:00,2026-03-26 23:00:00,24,-5C,-5.0,4.3,-0.7000000000000002,NORMAL,10915.610261664131,10953.62984773084,-38.01958606670814,-0.3470957718603601
M6G,2026-03-25 23:00:00,2026-03-26 23:00:00,24,-2.5C,-2.5,4.3,1.7999999999999998,NORMAL,10953.540570606921,10953.62984773084,-0.08927712391778186,-0.0008150460181587802
M6G,2026-03-25 23:00:00,2026-03-26 23:00:00,24,Baseline,0.0,4.3,4.3,NORMAL,10953.62984773084,10953.62984773084,0.0,0.0
M6G,2026-03-25 23:00:00,2026-03-26 23:00:00,24,+2.5C,2.5,4.3,6.8,NORMAL,10974.279246327034,10953.62984773084,20.64939859619517,0.1885164907272534
M6G,2026-03-25 23:00:00,2026-03-26 23:00:00,24,+5C,5.0,4.3,9.3,NORMAL,10966.865632859774,10953.62984773084,13.235785128934367,0.12083469418748252
M9R,2026-03-25 23:00:00,2026-03-26 00:00:00,1,-5C,-5.0,2.7,-2.3,NORMAL,4660.211417366741,4427.226330225073,232.98508714166837,5.262551985450985
M9R,2026-03-25 23:00:00,2026-03-26 00:00:00,1,-2.5C,-2.5,2.7,0.20000000000000018,NORMAL,4522.78495170689,4427.226330225073,95.55862148181677,2.158430908070578
M9R,2026-03-25 23:00:00,2026-03-26 00:00:00,1,Baseline,0.0,2.7,2.7,NORMAL,4427.226330225073,4427.226330225073,0.0,0.0
M9R,2026-03-25 23:00:00,2026-03-26 00:00:00,1,+2.5C,2.5,2.7,5.2,NORMAL,4366.865281893198,4427.226330225073,-60.36104833187528,-1.3634055236748337
M9R,2026-03-25 23:00:00,2026-03-26 00:00:00,1,+5C,5.0,2.7,7.7,NORMAL,4364.575372901148,4427.226330225073,-62.65095732392547,-1.4151288561012059
M9R,2026-03-25 23:00:00,2026-03-26 01:00:00,2,-5C,-5.0,2.7,-2.3,NORMAL,4351.743007894924,4178.175784739461,173.56722315546267,4.154138841869857
M9R,2026-03-25 23:00:00,2026-03-26 01:00:00,2,-2.5C,-2.5,2.7,0.20000000000000018,NORMAL,4242.730151421443,4178.175784739461,64.55436668198217,1.5450371168624155
M9R,2026-03-25 23:00:00,2026-03-26 01:00:00,2,Baseline,0.0,2.7,2.7,NORMAL,4178.175784739461,4178.175784739461,0.0,0.0
M9R,2026-03-25 23:00:00,2026-03-26 01:00:00,2,+2.5C,2.5,2.7,5.2,NORMAL,4112.272799798373,4178.175784739461,-65.9029849410881,-1.5773147980464308
M9R,2026-03-25 23:00:00,2026-03-26 01:00:00,2,+5C,5.0,2.7,7.7,NORMAL,4090.0786342717015,4178.175784739461,-88.09715046775955,-2.108507516355084
M9R,2026-03-25 23:00:00,2026-03-26 02:00:00,3,-5C,-5.0,2.7,-2.3,NORMAL,4208.391521851551,4065.863009131376,142.52851272017506,3.5054922509704673
M9R,2026-03-25 23:00:00,2026-03-26 02:00:00,3,-2.5C,-2.5,2.7,0.20000000000000018,NORMAL,4088.998220307959,4065.863009131376,23.135211176582743,0.5690110838615123
M9R,2026-03-25 23:00:00,2026-03-26 02:00:00,3,Baseline,0.0,2.7,2.7,NORMAL,4065.863009131376,4065.863009131376,0.0,0.0
M9R,2026-03-25 23:00:00,2026-03-26 02:00:00,3,+2.5C,2.5,2.7,5.2,NORMAL,3986.236566051949,4065.863009131376,-79.62644307942719,-1.958414312056186
M9R,2026-03-25 23:00:00,2026-03-26 02:00:00,3,+5C,5.0,2.7,7.7,NORMAL,3969.8419958670784,4065.863009131376,-96.02101326429784,-2.361639166116706
M9R,2026-03-25 23:00:00,2026-03-26 03:00:00,4,-5C,-5.0,2.7,-2.3,NORMAL,4320.305288666881,4115.779388253723,204.52590041315852,4.969311547573897
M9R,2026-03-25 23:00:00,2026-03-26 03:00:00,4,-2.5C,-2.5,2.7,0.20000000000000018,NORMAL,4188.948761766646,4115.779388253723,73.16937351292381,1.777776858539756
M9R,2026-03-25 23:00:00,2026-03-26 03:00:00,4,Baseline,0.0,2.7,2.7,NORMAL,4115.779388253723,4115.779388253723,0.0,0.0
M9R,2026-03-25 23:00:00,2026-03-26 03:00:00,4,+2.5C,2.5,2.7,5.2,NORMAL,4040.0105674787665,4115.779388253723,-75.76882077495611,-1.8409349391077043
M9R,2026-03-25 23:00:00,2026-03-26 03:00:00,4,+5C,5.0,2.7,7.7,NORMAL,4023.1120155324497,4115.779388253723,-92.66737272127284,-2.2515145730536963
M9R,2026-03-25 23:00:00,2026-03-26 04:00:00,5,-5C,-5.0,2.7,-2.3,NORMAL,4596.120614982241,4298.7471584452815,297.37345653695957,6.917677304019667
M9R,2026-03-25 23:00:00,2026-03-26 04:00:00,5,-2.5C,-2.5,2.7,0.20000000000000018,NORMAL,4369.708356418263,4298.7471584452815,70.96119797298161,1.6507413755091842
M9R,2026-03-25 23:00:00,2026-03-26 04:00:00,5,Baseline,0.0,2.7,2.7,NORMAL,4298.7471584452815,4298.7471584452815,0.0,0.0
M9R,2026-03-25 23:00:00,2026-03-26 04:00:00,5,+2.5C,2.5,2.7,5.2,NORMAL,4267.465054676654,4298.7471584452815,-31.282103768627167,-0.7277028077162113
M9R,2026-03-25 23:00:00,2026-03-26 04:00:00,5,+5C,5.0,2.7,7.7,NORMAL,4246.319763861566,4298.7471584452815,-52.427394583715795,-1.2195970744805817
M9R,2026-03-25 23:00:00,2026-03-26 05:00:00,6,-5C,-5.0,2.7,-2.3,NORMAL,4837.021646449037,4633.3592533963065,203.6623930527303,4.3955666270307745
M9R,2026-03-25 23:00:00,2026-03-26 05:00:00,6,-2.5C,-2.5,2.7,0.20000000000000018,NORMAL,4695.0636764541105,4633.3592533963065,61.70442305780398,1.3317426878257694
M9R,2026-03-25 23:00:00,2026-03-26 05:00:00,6,Baseline,0.0,2.7,2.7,NORMAL,4633.3592533963065,4633.3592533963065,0.0,0.0
M9R,2026-03-25 23:00:00,2026-03-26 05:00:00,6,+2.5C,2.5,2.7,5.2,NORMAL,4621.1716122241105,4633.3592533963065,-12.187641172195981,-0.2630411437071774
M9R,2026-03-25 23:00:00,2026-03-26 05:00:00,6,+5C,5.0,2.7,7.7,NORMAL,4581.38822993473,4633.3592533963065,-51.971023461576806,-1.121670490443439
M9R,2026-03-25 23:00:00,2026-03-26 06:00:00,7,-5C,-5.0,2.7,-2.3,NORMAL,5139.196888743507,5090.472431585472,48.724457158034966,0.9571696500251806
M9R,2026-03-25 23:00:00,2026-03-26 06:00:00,7,-2.5C,-2.5,2.7,0.20000000000000018,NORMAL,5105.252584147319,5090.472431585472,14.78015256184699,0.2903493292712634
M9R,2026-03-25 23:00:00,2026-03-26 06:00:00,7,Baseline,0.0,2.7,2.7,NORMAL,5090.472431585472,5090.472431585472,0.0,0.0
M9R,2026-03-25 23:00:00,2026-03-26 06:00:00,7,+2.5C,2.5,2.7,5.2,NORMAL,5065.825476665438,5090.472431585472,-24.64695492003375,-0.48417814360615724
M9R,2026-03-25 23:00:00,2026-03-26 06:00:00,7,+5C,5.0,2.7,7.7,NORMAL,5058.599258492985,5090.472431585472,-31.873173092486468,-0.6261338907312242
M9R,2026-03-25 23:00:00,2026-03-26 07:00:00,8,-5C,-5.0,2.7,-2.3,NORMAL,5111.802003386095,5093.994468349137,17.807535036958143,0.3495790022467224
M9R,2026-03-25 23:00:00,2026-03-26 07:00:00,8,-2.5C,-2.5,2.7,0.20000000000000018,NORMAL,5108.698183863044,5093.994468349137,14.7037155139069,0.28864804634686
M9R,2026-03-25 23:00:00,2026-03-26 07:00:00,8,Baseline,0.0,2.7,2.7,NORMAL,5093.994468349137,5093.994468349137,0.0,0.0
M9R,2026-03-25 23:00:00,2026-03-26 07:00:00,8,+2.5C,2.5,2.7,5.2,NORMAL,5058.7602956986275,5093.994468349137,-35.23417265050921,-0.6916806225336933
M9R,2026-03-25 23:00:00,2026-03-26 07:00:00,8,+5C,5.0,2.7,7.7,NORMAL,5045.807976564351,5093.994468349137,-48.186491784786085,-0.9459470771746319
M9R,2026-03-25 23:00:00,2026-03-26 08:00:00,9,-5C,-5.0,2.7,-2.3,NORMAL,5109.483098352729,5038.229507956147,71.25359039658179,1.414258526414116
M9R,2026-03-25 23:00:00,2026-03-26 08:00:00,9,-2.5C,-2.5,2.7,0.20000000000000018,NORMAL,5078.782099444877,5038.229507956147,40.55259148872938,0.8048976614640229
M9R,2026-03-25 23:00:00,2026-03-26 08:00:00,9,Baseline,0.0,2.7,2.7,NORMAL,5038.229507956147,5038.229507956147,0.0,0.0
M9R,2026-03-25 23:00:00,2026-03-26 08:00:00,9,+2.5C,2.5,2.7,5.2,NORMAL,5027.240322579024,5038.229507956147,-10.989185377123249,-0.2181160139642233
M9R,2026-03-25 23:00:00,2026-03-26 08:00:00,9,+5C,5.0,2.7,7.7,NORMAL,5023.9560950886325,5038.229507956147,-14.273412867514708,-0.28330215693776495
M9R,2026-03-25 23:00:00,2026-03-26 09:00:00,10,-5C,-5.0,2.7,-2.3,NORMAL,5119.543754210134,5016.105688185141,103.43806602499262,2.0621189515330403
M9R,2026-03-25 23:00:00,2026-03-26 09:00:00,10,-2.5C,-2.5,2.7,0.20000000000000018,NORMAL,5091.955619150747,5016.105688185141,75.84993096560629,1.5121278473908966
M9R,2026-03-25 23:00:00,2026-03-26 09:00:00,10,Baseline,0.0,2.7,2.7,NORMAL,5016.105688185141,5016.105688185141,0.0,0.0
M9R,2026-03-25 23:00:00,2026-03-26 09:00:00,10,+2.5C,2.5,2.7,5.2,NORMAL,4994.9486623761095,5016.105688185141,-21.15702580903144,-0.42178189863232696
M9R,2026-03-25 23:00:00,2026-03-26 09:00:00,10,+5C,5.0,2.7,7.7,NORMAL,4978.635207591311,5016.105688185141,-37.47048059382996,-0.7470034110741997
M9R,2026-03-25 23:00:00,2026-03-26 10:00:00,11,-5C,-5.0,2.7,-2.3,NORMAL,5160.300272195034,5079.6173239249,80.68294827013415,1.588366664750886
M9R,2026-03-25 23:00:00,2026-03-26 10:00:00,11,-2.5C,-2.5,2.7,0.20000000000000018,NORMAL,5108.548727655069,5079.6173239249,28.931403730169222,0.5695587262824479
M9R,2026-03-25 23:00:00,2026-03-26 10:00:00,11,Baseline,0.0,2.7,2.7,NORMAL,5079.6173239249,5079.6173239249,0.0,0.0
M9R,2026-03-25 23:00:00,2026-03-26 10:00:00,11,+2.5C,2.5,2.7,5.2,NORMAL,5059.764862919607,5079.6173239249,-19.852461005292753,-0.3908259173735006
M9R,2026-03-25 23:00:00,2026-03-26 10:00:00,11,+5C,5.0,2.7,7.7,NORMAL,5047.996579177308,5079.6173239249,-31.620744747591743,-0.6225024983409408
M9R,2026-03-25 23:00:00,2026-03-26 11:00:00,12,-5C,-5.0,2.7,-2.3,NORMAL,5192.429730673331,5123.657050097578,68.77268057575293,1.342257686322764
M9R,2026-03-25 23:00:00,2026-03-26 11:00:00,12,-2.5C,-2.5,2.7,0.20000000000000018,NORMAL,5152.989606536694,5123.657050097578,29.33255643911616,0.5724925800519286
M9R,2026-03-25 23:00:00,2026-03-26 11:00:00,12,Baseline,0.0,2.7,2.7,NORMAL,5123.657050097578,5123.657050097578,0.0,0.0
M9R,2026-03-25 23:00:00,2026-03-26 11:00:00,12,+2.5C,2.5,2.7,5.2,NORMAL,5120.261521483013,5123.657050097578,-3.3955286145646824,-0.06627158260914469
M9R,2026-03-25 23:00:00,2026-03-26 11:00:00,12,+5C,5.0,2.7,7.7,NORMAL,5104.590434658379,5123.657050097578,-19.066615439198358,-0.3721290330865381
M9R,2026-03-25 23:00:00,2026-03-26 12:00:00,13,-5C,-5.0,2.7,-2.3,NORMAL,5159.062946741948,5014.807917004003,144.25502973794482,2.876581359154572
M9R,2026-03-25 23:00:00,2026-03-26 12:00:00,13,-2.5C,-2.5,2.7,0.20000000000000018,NORMAL,5050.288329045406,5014.807917004003,35.480412041402815,0.7075128824196297
M9R,2026-03-25 23:00:00,2026-03-26 12:00:00,13,Baseline,0.0,2.7,2.7,NORMAL,5014.807917004003,5014.807917004003,0.0,0.0
M9R,2026-03-25 23:00:00,2026-03-26 12:00:00,13,+2.5C,2.5,2.7,5.2,NORMAL,4981.907036892233,5014.807917004003,-32.900880111769766,-0.6560745826417563
M9R,2026-03-25 23:00:00,2026-03-26 12:00:00,13,+5C,5.0,2.7,7.7,NORMAL,4967.531865693641,5014.807917004003,-47.27605131036216,-0.9427290554850664
M9R,2026-03-25 23:00:00,2026-03-26 13:00:00,14,-5C,-5.0,2.7,-2.3,NORMAL,5160.010935809339,5066.99541649833,93.01551931100857,1.8357135080119966
M9R,2026-03-25 23:00:00,2026-03-26 13:00:00,14,-2.5C,-2.5,2.7,0.20000000000000018,NORMAL,5113.324213010846,5066.99541649833,46.32879651251551,0.9143248158793904
M9R,2026-03-25 23:00:00,2026-03-26 13:00:00,14,Baseline,0.0,2.7,2.7,NORMAL,5066.99541649833,5066.99541649833,0.0,0.0
M9R,2026-03-25 23:00:00,2026-03-26 13:00:00,14,+2.5C,2.5,2.7,5.2,NORMAL,5035.157032698715,5066.99541649833,-31.838383799615258,-0.628348383658455
M9R,2026-03-25 23:00:00,2026-03-26 13:00:00,14,+5C,5.0,2.7,7.7,NORMAL,5007.729109476308,5066.99541649833,-59.266307022022374,-1.1696538510583416
M9R,2026-03-25 23:00:00,2026-03-26 14:00:00,15,-5C,-5.0,2.7,-2.3,NORMAL,5253.384449394786,5186.912096814064,66.47235258072214,1.2815399864121697
M9R,2026-03-25 23:00:00,2026-03-26 14:00:00,15,-2.5C,-2.5,2.7,0.20000000000000018,NORMAL,5209.875390505204,5186.912096814064,22.96329369114028,0.4427160758179212
M9R,2026-03-25 23:00:00,2026-03-26 14:00:00,15,Baseline,0.0,2.7,2.7,NORMAL,5186.912096814064,5186.912096814064,0.0,0.0
M9R,2026-03-25 23:00:00,2026-03-26 14:00:00,15,+2.5C,2.5,2.7,5.2,NORMAL,5175.659079090468,5186.912096814064,-11.253017723595804,-0.21695022999344252
M9R,2026-03-25 23:00:00,2026-03-26 14:00:00,15,+5C,5.0,2.7,7.7,NORMAL,5184.416857262817,5186.912096814064,-2.495239551247323,-0.048106455337462994
M9R,2026-03-25 23:00:00,2026-03-26 15:00:00,16,-5C,-5.0,2.7,-2.3,NORMAL,5728.034597846086,5694.604418473222,33.430179372864586,0.5870500725988538
M9R,2026-03-25 23:00:00,2026-03-26 15:00:00,16,-2.5C,-2.5,2.7,0.20000000000000018,NORMAL,5703.477169390708,5694.604418473222,8.872750917485973,0.15580978528908673
M9R,2026-03-25 23:00:00,2026-03-26 15:00:00,16,Baseline,0.0,2.7,2.7,NORMAL,5694.604418473222,5694.604418473222,0.0,0.0
M9R,2026-03-25 23:00:00,2026-03-26 15:00:00,16,+2.5C,2.5,2.7,5.2,NORMAL,5685.152870763987,5694.604418473222,-9.451547709234546,-0.1659737360961167
M9R,2026-03-25 23:00:00,2026-03-26 15:00:00,16,+5C,5.0,2.7,7.7,NORMAL,5678.368875289487,5694.604418473222,-16.23554318373499,-0.28510396843487673
M9R,2026-03-25 23:00:00,2026-03-26 16:00:00,17,-5C,-5.0,2.7,-2.3,NORMAL,6316.617446782383,6322.985291416914,-6.367844634531139,-0.10070946461278533
M9R,2026-03-25 23:00:00,2026-03-26 16:00:00,17,-2.5C,-2.5,2.7,0.20000000000000018,NORMAL,6307.963439730407,6322.985291416914,-15.021851686507034,-0.23757530650748668
M9R,2026-03-25 23:00:00,2026-03-26 16:00:00,17,Baseline,0.0,2.7,2.7,NORMAL,6322.985291416914,6322.985291416914,0.0,0.0
M9R,2026-03-25 23:00:00,2026-03-26 16:00:00,17,+2.5C,2.5,2.7,5.2,NORMAL,6318.087380612441,6322.985291416914,-4.897910804473213,-0.07746199902001738
M9R,2026-03-25 23:00:00,2026-03-26 16:00:00,17,+5C,5.0,2.7,7.7,NORMAL,6299.560892362842,6322.985291416914,-23.424399054071728,-0.3704642344474372
M9R,2026-03-25 23:00:00,2026-03-26 17:00:00,18,-5C,-5.0,2.7,-2.3,NORMAL,6463.516206290522,6419.481973762377,44.03423252814537,0.6859468210693871
M9R,2026-03-25 23:00:00,2026-03-26 17:00:00,18,-2.5C,-2.5,2.7,0.20000000000000018,NORMAL,6430.267825225152,6419.481973762377,10.7858514627751,0.1680174741024103
M9R,2026-03-25 23:00:00,2026-03-26 17:00:00,18,Baseline,0.0,2.7,2.7,NORMAL,6419.481973762377,6419.481973762377,0.0,0.0
M9R,2026-03-25 23:00:00,2026-03-26 17:00:00,18,+2.5C,2.5,2.7,5.2,NORMAL,6415.573906321137,6419.481973762377,-3.9080674412398366,-0.06087823686105576
M9R,2026-03-25 23:00:00,2026-03-26 17:00:00,18,+5C,5.0,2.7,7.7,NORMAL,6388.773194394174,6419.481973762377,-30.70877936820216,-0.47836849598946896
M9R,2026-03-25 23:00:00,2026-03-26 18:00:00,19,-5C,-5.0,2.7,-2.3,NORMAL,6754.738366248898,6726.0830039706025,28.655362278295797,0.42603343225737333
M9R,2026-03-25 23:00:00,2026-03-26 18:00:00,19,-2.5C,-2.5,2.7,0.20000000000000018,NORMAL,6743.444615404306,6726.0830039706025,17.36161143370373,0.25812365716353286
M9R,2026-03-25 23:00:00,2026-03-26 18:00:00,19,Baseline,0.0,2.7,2.7,NORMAL,6726.0830039706025,6726.0830039706025,0.0,0.0
M9R,2026-03-25 23:00:00,2026-03-26 18:00:00,19,+2.5C,2.5,2.7,5.2,NORMAL,6724.431925800253,6726.0830039706025,-1.6510781703491375,-0.024547395109076976
M9R,2026-03-25 23:00:00,2026-03-26 18:00:00,19,+5C,5.0,2.7,7.7,NORMAL,6719.744036415333,6726.0830039706025,-6.338967555269846,-0.0942445633146033
M9R,2026-03-25 23:00:00,2026-03-26 19:00:00,20,-5C,-5.0,2.7,-2.3,NORMAL,6742.513727857631,6695.070352963223,47.44337489440841,0.70863146155604
M9R,2026-03-25 23:00:00,2026-03-26 19:00:00,20,-2.5C,-2.5,2.7,0.20000000000000018,NORMAL,6720.6639863959645,6695.070352963223,25.593633432741626,0.3822757952261688
M9R,2026-03-25 23:00:00,2026-03-26 19:00:00,20,Baseline,0.0,2.7,2.7,NORMAL,6695.070352963223,6695.070352963223,0.0,0.0
M9R,2026-03-25 23:00:00,2026-03-26 19:00:00,20,+2.5C,2.5,2.7,5.2,NORMAL,6685.008749783572,6695.070352963223,-10.061603179650774,-0.15028375579649483
M9R,2026-03-25 23:00:00,2026-03-26 19:00:00,20,+5C,5.0,2.7,7.7,NORMAL,6689.450778973133,6695.070352963223,-5.6195739900895205,-0.08393599609602773
M9R,2026-03-25 23:00:00,2026-03-26 20:00:00,21,-5C,-5.0,2.7,-2.3,NORMAL,6600.820565174863,6548.6063016027565,52.214263572106574,0.7973339847797424
M9R,2026-03-25 23:00:00,2026-03-26 20:00:00,21,-2.5C,-2.5,2.7,0.20000000000000018,NORMAL,6568.684900518239,6548.6063016027565,20.07859891548287,0.30660873460309684
M9R,2026-03-25 23:00:00,2026-03-26 20:00:00,21,Baseline,0.0,2.7,2.7,NORMAL,6548.6063016027565,6548.6063016027565,0.0,0.0
M9R,2026-03-25 23:00:00,2026-03-26 20:00:00,21,+2.5C,2.5,2.7,5.2,NORMAL,6544.374210239719,6548.6063016027565,-4.232091363037398,-0.06462583285853668
M9R,2026-03-25 23:00:00,2026-03-26 20:00:00,21,+5C,5.0,2.7,7.7,NORMAL,6552.629621373723,6548.6063016027565,4.0233197709667365,0.06143780196378637
M9R,2026-03-25 23:00:00,2026-03-26 21:00:00,22,-5C,-5.0,2.7,-2.3,NORMAL,6117.155035714792,6107.03524585918,10.119789855611998,0.16570708123018663
M9R,2026-03-25 23:00:00,2026-03-26 21:00:00,22,-2.5C,-2.5,2.7,0.20000000000000018,NORMAL,6106.920168698493,6107.03524585918,-0.11507716068626905,-0.0018843375885917162
M9R,2026-03-25 23:00:00,2026-03-26 21:00:00,22,Baseline,0.0,2.7,2.7,NORMAL,6107.03524585918,6107.03524585918,0.0,0.0
M9R,2026-03-25 23:00:00,2026-03-26 21:00:00,22,+2.5C,2.5,2.7,5.2,NORMAL,6103.861445019394,6107.03524585918,-3.173800839786054,-0.05196958445487966
M9R,2026-03-25 23:00:00,2026-03-26 21:00:00,22,+5C,5.0,2.7,7.7,NORMAL,6104.633433745334,6107.03524585918,-2.401812113846063,-0.03932861064580542
M9R,2026-03-25 23:00:00,2026-03-26 22:00:00,23,-5C,-5.0,2.7,-2.3,NORMAL,5364.042225309411,5368.260111726303,-4.217886416891815,-0.07857082796115565
M9R,2026-03-25 23:00:00,2026-03-26 22:00:00,23,-2.5C,-2.5,2.7,0.20000000000000018,NORMAL,5353.637333615525,5368.260111726303,-14.6227781107782,-0.2723932485841463
M9R,2026-03-25 23:00:00,2026-03-26 22:00:00,23,Baseline,0.0,2.7,2.7,NORMAL,5368.260111726303,5368.260111726303,0.0,0.0
M9R,2026-03-25 23:00:00,2026-03-26 22:00:00,23,+2.5C,2.5,2.7,5.2,NORMAL,5364.091051610203,5368.260111726303,-4.1690601160998995,-0.07766129116942566
M9R,2026-03-25 23:00:00,2026-03-26 22:00:00,23,+5C,5.0,2.7,7.7,NORMAL,5405.451997554016,5368.260111726303,37.19188582771312,0.6928108000294552
M9R,2026-03-25 23:00:00,2026-03-26 23:00:00,24,-5C,-5.0,2.7,-2.3,NORMAL,4865.001898679858,4857.067603229188,7.934295450670106,0.16335567257484834
M9R,2026-03-25 23:00:00,2026-03-26 23:00:00,24,-2.5C,-2.5,2.7,0.20000000000000018,NORMAL,4854.324513799521,4857.067603229188,-2.7430894296667248,-0.0564762456228322
M9R,2026-03-25 23:00:00,2026-03-26 23:00:00,24,Baseline,0.0,2.7,2.7,NORMAL,4857.067603229188,4857.067603229188,0.0,0.0
M9R,2026-03-25 23:00:00,2026-03-26 23:00:00,24,+2.5C,2.5,2.7,5.2,NORMAL,4871.027779624994,4857.067603229188,13.96017639580623,0.28741984951012217
M9R,2026-03-25 23:00:00,2026-03-26 23:00:00,24,+5C,5.0,2.7,7.7,NORMAL,4891.279980399045,4857.067603229188,34.212377169857064,0.7043833844748466
M9W,2026-03-25 23:00:00,2026-03-26 00:00:00,1,-5C,-5.0,2.7,-2.3,NORMAL,11852.95626440633,11350.976263930103,501.98000047622736,4.422350895679033
M9W,2026-03-25 23:00:00,2026-03-26 00:00:00,1,-2.5C,-2.5,2.7,0.20000000000000018,NORMAL,11579.563427528969,11350.976263930103,228.58716359886603,2.0138106034565983
M9W,2026-03-25 23:00:00,2026-03-26 00:00:00,1,Baseline,0.0,2.7,2.7,NORMAL,11350.976263930103,11350.976263930103,0.0,0.0
M9W,2026-03-25 23:00:00,2026-03-26 00:00:00,1,+2.5C,2.5,2.7,5.2,NORMAL,11207.81532692292,11350.976263930103,-143.16093700718193,-1.2612213582201135
M9W,2026-03-25 23:00:00,2026-03-26 00:00:00,1,+5C,5.0,2.7,7.7,NORMAL,11146.807103191788,11350.976263930103,-204.16916073831453,-1.798692517639219
M9W,2026-03-25 23:00:00,2026-03-26 01:00:00,2,-5C,-5.0,2.7,-2.3,NORMAL,11504.94680139764,10907.403774577957,597.5430268196833,5.478324990703887
M9W,2026-03-25 23:00:00,2026-03-26 01:00:00,2,-2.5C,-2.5,2.7,0.20000000000000018,NORMAL,11274.58744996216,10907.403774577957,367.1836753842035,3.3663709804161077
M9W,2026-03-25 23:00:00,2026-03-26 01:00:00,2,Baseline,0.0,2.7,2.7,NORMAL,10907.403774577957,10907.403774577957,0.0,0.0
M9W,2026-03-25 23:00:00,2026-03-26 01:00:00,2,+2.5C,2.5,2.7,5.2,NORMAL,10778.412400451269,10907.403774577957,-128.99137412668824,-1.1826038239029006
M9W,2026-03-25 23:00:00,2026-03-26 01:00:00,2,+5C,5.0,2.7,7.7,NORMAL,10733.063138638428,10907.403774577957,-174.3406359395285,-1.5983696903736775
M9W,2026-03-25 23:00:00,2026-03-26 02:00:00,3,-5C,-5.0,2.7,-2.3,NORMAL,11180.614496243343,10693.036833431119,487.57766281222393,4.55976791633077
M9W,2026-03-25 23:00:00,2026-03-26 02:00:00,3,-2.5C,-2.5,2.7,0.20000000000000018,NORMAL,11079.697102579,10693.036833431119,386.660269147882,3.6160005354046154
M9W,2026-03-25 23:00:00,2026-03-26 02:00:00,3,Baseline,0.0,2.7,2.7,NORMAL,10693.036833431119,10693.036833431119,0.0,0.0
M9W,2026-03-25 23:00:00,2026-03-26 02:00:00,3,+2.5C,2.5,2.7,5.2,NORMAL,10594.771877666244,10693.036833431119,-98.26495576487468,-0.9189620993135961
M9W,2026-03-25 23:00:00,2026-03-26 02:00:00,3,+5C,5.0,2.7,7.7,NORMAL,10575.83775079485,10693.036833431119,-117.19908263626894,-1.0960317864972957
M9W,2026-03-25 23:00:00,2026-03-26 03:00:00,4,-5C,-5.0,2.7,-2.3,NORMAL,11220.614072903409,10828.77340745825,391.8406654451592,3.6185138491796436
M9W,2026-03-25 23:00:00,2026-03-26 03:00:00,4,-2.5C,-2.5,2.7,0.20000000000000018,NORMAL,11067.617836917787,10828.77340745825,238.84442945953742,2.2056462026902772
M9W,2026-03-25 23:00:00,2026-03-26 03:00:00,4,Baseline,0.0,2.7,2.7,NORMAL,10828.77340745825,10828.77340745825,0.0,0.0
M9W,2026-03-25 23:00:00,2026-03-26 03:00:00,4,+2.5C,2.5,2.7,5.2,NORMAL,10727.729146020292,10828.77340745825,-101.04426143795718,-0.9331090201625567
M9W,2026-03-25 23:00:00,2026-03-26 03:00:00,4,+5C,5.0,2.7,7.7,NORMAL,10644.468010563069,10828.77340745825,-184.30539689518082,-1.7019969848869645
M9W,2026-03-25 23:00:00,2026-03-26 04:00:00,5,-5C,-5.0,2.7,-2.3,NORMAL,11819.298031034905,11343.18002811096,476.118002923944,4.197394396844766
M9W,2026-03-25 23:00:00,2026-03-26 04:00:00,5,-2.5C,-2.5,2.7,0.20000000000000018,NORMAL,11466.708584097823,11343.18002811096,123.52855598686256,1.08901168526578
M9W,2026-03-25 23:00:00,2026-03-26 04:00:00,5,Baseline,0.0,2.7,2.7,NORMAL,11343.18002811096,11343.18002811096,0.0,0.0
M9W,2026-03-25 23:00:00,2026-03-26 04:00:00,5,+2.5C,2.5,2.7,5.2,NORMAL,11290.890806049578,11343.18002811096,-52.28922206138304,-0.46097498172292556
M9W,2026-03-25 23:00:00,2026-03-26 04:00:00,5,+5C,5.0,2.7,7.7,NORMAL,11245.259387934606,11343.18002811096,-97.92064017635494,-0.8632556296707403
M9W,2026-03-25 23:00:00,2026-03-26 05:00:00,6,-5C,-5.0,2.7,-2.3,NORMAL,12649.54437281923,12316.409417207537,333.13495561169293,2.7048057946682293
M9W,2026-03-25 23:00:00,2026-03-26 05:00:00,6,-2.5C,-2.5,2.7,0.20000000000000018,NORMAL,12539.209971610806,12316.409417207537,222.80055440326942,1.8089732718042784
M9W,2026-03-25 23:00:00,2026-03-26 05:00:00,6,Baseline,0.0,2.7,2.7,NORMAL,12316.409417207537,12316.409417207537,0.0,0.0
M9W,2026-03-25 23:00:00,2026-03-26 05:00:00,6,+2.5C,2.5,2.7,5.2,NORMAL,12232.904021925733,12316.409417207537,-83.50539528180343,-0.6780011320924111
M9W,2026-03-25 23:00:00,2026-03-26 05:00:00,6,+5C,5.0,2.7,7.7,NORMAL,12197.116443791554,12316.409417207537,-119.29297341598249,-0.9685694050517316
M9W,2026-03-25 23:00:00,2026-03-26 06:00:00,7,-5C,-5.0,2.7,-2.3,NORMAL,13910.955927741528,13633.520820484064,277.43510725746455,2.0349483520106153
M9W,2026-03-25 23:00:00,2026-03-26 06:00:00,7,-2.5C,-2.5,2.7,0.20000000000000018,NORMAL,13715.912575727087,13633.520820484064,82.391755243023,0.604332192160012
M9W,2026-03-25 23:00:00,2026-03-26 06:00:00,7,Baseline,0.0,2.7,2.7,NORMAL,13633.520820484064,13633.520820484064,0.0,0.0
M9W,2026-03-25 23:00:00,2026-03-26 06:00:00,7,+2.5C,2.5,2.7,5.2,NORMAL,13528.640149979788,13633.520820484064,-104.88067050427526,-0.7692852923706572
M9W,2026-03-25 23:00:00,2026-03-26 06:00:00,7,+5C,5.0,2.7,7.7,NORMAL,13456.838917746743,13633.520820484064,-176.68190273732034,-1.2959374549225735
M9W,2026-03-25 23:00:00,2026-03-26 07:00:00,8,-5C,-5.0,2.7,-2.3,NORMAL,15018.067682416397,14617.365512051605,400.7021703647915,2.7412748900232664
M9W,2026-03-25 23:00:00,2026-03-26 07:00:00,8,-2.5C,-2.5,2.7,0.20000000000000018,NORMAL,14681.371888640879,14617.365512051605,64.00637658927371,0.43787901818903185
M9W,2026-03-25 23:00:00,2026-03-26 07:00:00,8,Baseline,0.0,2.7,2.7,NORMAL,14617.365512051605,14617.365512051605,0.0,0.0
M9W,2026-03-25 23:00:00,2026-03-26 07:00:00,8,+2.5C,2.5,2.7,5.2,NORMAL,14567.169213825011,14617.365512051605,-50.19629822659408,-0.3434018133103989
M9W,2026-03-25 23:00:00,2026-03-26 07:00:00,8,+5C,5.0,2.7,7.7,NORMAL,14479.690661310717,14617.365512051605,-137.67485074088836,-0.9418581660791018
M9W,2026-03-25 23:00:00,2026-03-26 08:00:00,9,-5C,-5.0,2.7,-2.3,NORMAL,15599.61251035918,15169.688305346057,429.92420501312336,2.834100453215052
M9W,2026-03-25 23:00:00,2026-03-26 08:00:00,9,-2.5C,-2.5,2.7,0.20000000000000018,NORMAL,15391.247844134468,15169.688305346057,221.55953878841137,1.460541141839612
M9W,2026-03-25 23:00:00,2026-03-26 08:00:00,9,Baseline,0.0,2.7,2.7,NORMAL,15169.688305346057,15169.688305346057,0.0,0.0
M9W,2026-03-25 23:00:00,2026-03-26 08:00:00,9,+2.5C,2.5,2.7,5.2,NORMAL,15061.03700688115,15169.688305346057,-108.65129846490709,-0.7162394920574374
M9W,2026-03-25 23:00:00,2026-03-26 08:00:00,9,+5C,5.0,2.7,7.7,NORMAL,14985.738444783423,15169.688305346057,-183.94986056263406,-1.2126146355809235
M9W,2026-03-25 23:00:00,2026-03-26 09:00:00,10,-5C,-5.0,2.7,-2.3,NORMAL,16156.624710272987,15692.144002449724,464.4807078232625,2.959956955217539
M9W,2026-03-25 23:00:00,2026-03-26 09:00:00,10,-2.5C,-2.5,2.7,0.20000000000000018,NORMAL,15986.267841368142,15692.144002449724,294.1238389184182,1.874338132969606
M9W,2026-03-25 23:00:00,2026-03-26 09:00:00,10,Baseline,0.0,2.7,2.7,NORMAL,15692.144002449724,15692.144002449724,0.0,0.0
M9W,2026-03-25 23:00:00,2026-03-26 09:00:00,10,+2.5C,2.5,2.7,5.2,NORMAL,15555.564979485027,15692.144002449724,-136.5790229646973,-0.8703655978646113
M9W,2026-03-25 23:00:00,2026-03-26 09:00:00,10,+5C,5.0,2.7,7.7,NORMAL,15515.365493248226,15692.144002449724,-176.7785092014983,-1.126541466697611
M9W,2026-03-25 23:00:00,2026-03-26 10:00:00,11,-5C,-5.0,2.7,-2.3,NORMAL,16080.581568585645,15798.723757202097,281.8578113835483,1.7840543053679194
M9W,2026-03-25 23:00:00,2026-03-26 10:00:00,11,-2.5C,-2.5,2.7,0.20000000000000018,NORMAL,15930.62133818245,15798.723757202097,131.89758098035236,0.8348622522134092
M9W,2026-03-25 23:00:00,2026-03-26 10:00:00,11,Baseline,0.0,2.7,2.7,NORMAL,15798.723757202097,15798.723757202097,0.0,0.0
M9W,2026-03-25 23:00:00,2026-03-26 10:00:00,11,+2.5C,2.5,2.7,5.2,NORMAL,15708.27550531249,15798.723757202097,-90.44825188960749,-0.5725035343337479
M9W,2026-03-25 23:00:00,2026-03-26 10:00:00,11,+5C,5.0,2.7,7.7,NORMAL,15693.01663149758,15798.723757202097,-105.70712570451724,-0.6690864865355278
M9W,2026-03-25 23:00:00,2026-03-26 11:00:00,12,-5C,-5.0,2.7,-2.3,NORMAL,16180.281642726859,15839.80226333322,340.47937939363874,2.1495178647639923
M9W,2026-03-25 23:00:00,2026-03-26 11:00:00,12,-2.5C,-2.5,2.7,0.20000000000000018,NORMAL,15971.367650062413,15839.80226333322,131.56538672919305,0.8305999313750734
M9W,2026-03-25 23:00:00,2026-03-26 11:00:00,12,Baseline,0.0,2.7,2.7,NORMAL,15839.80226333322,15839.80226333322,0.0,0.0
M9W,2026-03-25 23:00:00,2026-03-26 11:00:00,12,+2.5C,2.5,2.7,5.2,NORMAL,15762.538238068146,15839.80226333322,-77.26402526507445,-0.4877840264706407
M9W,2026-03-25 23:00:00,2026-03-26 11:00:00,12,+5C,5.0,2.7,7.7,NORMAL,15735.420062268251,15839.80226333322,-104.3822010649692,-0.6589867684560584
M9W,2026-03-25 23:00:00,2026-03-26 12:00:00,13,-5C,-5.0,2.7,-2.3,NORMAL,15879.538366821213,15571.798285777992,307.7400810432209,1.976265524350425
M9W,2026-03-25 23:00:00,2026-03-26 12:00:00,13,-2.5C,-2.5,2.7,0.20000000000000018,NORMAL,15672.087323076115,15571.798285777992,100.28903729812373,0.6440427461080044
M9W,2026-03-25 23:00:00,2026-03-26 12:00:00,13,Baseline,0.0,2.7,2.7,NORMAL,15571.798285777992,15571.798285777992,0.0,0.0
M9W,2026-03-25 23:00:00,2026-03-26 12:00:00,13,+2.5C,2.5,2.7,5.2,NORMAL,15569.209949459133,15571.798285777992,-2.5883363188586372,-0.016621948675141857
M9W,2026-03-25 23:00:00,2026-03-26 12:00:00,13,+5C,5.0,2.7,7.7,NORMAL,15529.54241662157,15571.798285777992,-42.255869156420886,-0.2713615240894428
M9W,2026-03-25 23:00:00,2026-03-26 13:00:00,14,-5C,-5.0,2.7,-2.3,NORMAL,15707.93234948843,15576.338567377508,131.5937821109219,0.8448312903683727
M9W,2026-03-25 23:00:00,2026-03-26 13:00:00,14,-2.5C,-2.5,2.7,0.20000000000000018,NORMAL,15653.033195878143,15576.338567377508,76.69462850063428,0.4923790540946548
M9W,2026-03-25 23:00:00,2026-03-26 13:00:00,14,Baseline,0.0,2.7,2.7,NORMAL,15576.338567377508,15576.338567377508,0.0,0.0
M9W,2026-03-25 23:00:00,2026-03-26 13:00:00,14,+2.5C,2.5,2.7,5.2,NORMAL,15464.82716011632,15576.338567377508,-111.51140726118865,-0.7159025645136778
M9W,2026-03-25 23:00:00,2026-03-26 13:00:00,14,+5C,5.0,2.7,7.7,NORMAL,15393.923196738911,15576.338567377508,-182.41537063859687,-1.1711055833149435
M9W,2026-03-25 23:00:00,2026-03-26 14:00:00,15,-5C,-5.0,2.7,-2.3,NORMAL,16107.200550891304,15769.705501883387,337.49504900791726,2.1401480767514016
M9W,2026-03-25 23:00:00,2026-03-26 14:00:00,15,-2.5C,-2.5,2.7,0.20000000000000018,NORMAL,15998.748924309964,15769.705501883387,229.0434224265773,1.4524267583768289
M9W,2026-03-25 23:00:00,2026-03-26 14:00:00,15,Baseline,0.0,2.7,2.7,NORMAL,15769.705501883387,15769.705501883387,0.0,0.0
M9W,2026-03-25 23:00:00,2026-03-26 14:00:00,15,+2.5C,2.5,2.7,5.2,NORMAL,15675.838493134579,15769.705501883387,-93.86700874880808,-0.5952362822349312
M9W,2026-03-25 23:00:00,2026-03-26 14:00:00,15,+5C,5.0,2.7,7.7,NORMAL,15620.31635498479,15769.705501883387,-149.38914689859666,-0.9473172906162072
M9W,2026-03-25 23:00:00,2026-03-26 15:00:00,16,-5C,-5.0,2.7,-2.3,NORMAL,16019.092183555525,15805.186608960494,213.9055745950318,1.3533884786514416
M9W,2026-03-25 23:00:00,2026-03-26 15:00:00,16,-2.5C,-2.5,2.7,0.20000000000000018,NORMAL,16001.713641191254,15805.186608960494,196.5270322307606,1.243433798619896
M9W,2026-03-25 23:00:00,2026-03-26 15:00:00,16,Baseline,0.0,2.7,2.7,NORMAL,15805.186608960494,15805.186608960494,0.0,0.0
M9W,2026-03-25 23:00:00,2026-03-26 15:00:00,16,+2.5C,2.5,2.7,5.2,NORMAL,15790.636036162483,15805.186608960494,-14.550572798010762,-0.09206201203446437
M9W,2026-03-25 23:00:00,2026-03-26 15:00:00,16,+5C,5.0,2.7,7.7,NORMAL,15751.816171669518,15805.186608960494,-53.37043729097604,-0.3376767298699184
M9W,2026-03-25 23:00:00,2026-03-26 16:00:00,17,-5C,-5.0,2.7,-2.3,NORMAL,15987.688006397148,15804.743237386498,182.9447690106499,1.1575307884653874
M9W,2026-03-25 23:00:00,2026-03-26 16:00:00,17,-2.5C,-2.5,2.7,0.20000000000000018,NORMAL,15928.414940687482,15804.743237386498,123.67170330098452,0.7824973898243165
M9W,2026-03-25 23:00:00,2026-03-26 16:00:00,17,Baseline,0.0,2.7,2.7,NORMAL,15804.743237386498,15804.743237386498,0.0,0.0
M9W,2026-03-25 23:00:00,2026-03-26 16:00:00,17,+2.5C,2.5,2.7,5.2,NORMAL,15662.269930210376,15804.743237386498,-142.47330717612203,-0.9014591697959257
M9W,2026-03-25 23:00:00,2026-03-26 16:00:00,17,+5C,5.0,2.7,7.7,NORMAL,15612.011391611819,15804.743237386498,-192.73184577467873,-1.2194557221199707
M9W,2026-03-25 23:00:00,2026-03-26 17:00:00,18,-5C,-5.0,2.7,-2.3,NORMAL,16088.169413895648,15924.021090418726,164.1483234769221,1.0308220677733715
M9W,2026-03-25 23:00:00,2026-03-26 17:00:00,18,-2.5C,-2.5,2.7,0.20000000000000018,NORMAL,16008.651248094437,15924.021090418726,84.6301576757105,0.5314622305206024
M9W,2026-03-25 23:00:00,2026-03-26 17:00:00,18,Baseline,0.0,2.7,2.7,NORMAL,15924.021090418726,15924.021090418726,0.0,0.0
M9W,2026-03-25 23:00:00,2026-03-26 17:00:00,18,+2.5C,2.5,2.7,5.2,NORMAL,15777.60838789384,15924.021090418726,-146.4127025248854,-0.9194455451517832
M9W,2026-03-25 23:00:00,2026-03-26 17:00:00,18,+5C,5.0,2.7,7.7,NORMAL,15774.406540575714,15924.021090418726,-149.61454984301236,-0.9395525727671478
M9W,2026-03-25 23:00:00,2026-03-26 18:00:00,19,-5C,-5.0,2.7,-2.3,NORMAL,16251.381827471298,16075.497159270191,175.88466820110625,1.0941165082392463
M9W,2026-03-25 23:00:00,2026-03-26 18:00:00,19,-2.5C,-2.5,2.7,0.20000000000000018,NORMAL,16124.676825342249,16075.497159270191,49.179666072057444,0.3059293630847193
M9W,2026-03-25 23:00:00,2026-03-26 18:00:00,19,Baseline,0.0,2.7,2.7,NORMAL,16075.497159270191,16075.497159270191,0.0,0.0
M9W,2026-03-25 23:00:00,2026-03-26 18:00:00,19,+2.5C,2.5,2.7,5.2,NORMAL,15937.644566505516,16075.497159270191,-137.85259276467514,-0.8575323761304654
M9W,2026-03-25 23:00:00,2026-03-26 18:00:00,19,+5C,5.0,2.7,7.7,NORMAL,15934.108465063042,16075.497159270191,-141.38869420714946,-0.8795292164610624
M9W,2026-03-25 23:00:00,2026-03-26 19:00:00,20,-5C,-5.0,2.7,-2.3,NORMAL,16326.665842556156,16238.514310593266,88.15153196289066,0.5428546619279365
M9W,2026-03-25 23:00:00,2026-03-26 19:00:00,20,-2.5C,-2.5,2.7,0.20000000000000018,NORMAL,16293.170581234957,16238.514310593266,54.65627064169166,0.336584182495294
M9W,2026-03-25 23:00:00,2026-03-26 19:00:00,20,Baseline,0.0,2.7,2.7,NORMAL,16238.514310593266,16238.514310593266,0.0,0.0
M9W,2026-03-25 23:00:00,2026-03-26 19:00:00,20,+2.5C,2.5,2.7,5.2,NORMAL,16070.796305763128,16238.514310593266,-167.71800483013794,-1.0328408228868966
M9W,2026-03-25 23:00:00,2026-03-26 19:00:00,20,+5C,5.0,2.7,7.7,NORMAL,16083.89321963398,16238.514310593266,-154.62109095928645,-0.9521874230724341
M9W,2026-03-25 23:00:00,2026-03-26 20:00:00,21,-5C,-5.0,2.7,-2.3,NORMAL,15631.726879268235,15589.353281863496,42.373597404739485,0.2718111305748425
M9W,2026-03-25 23:00:00,2026-03-26 20:00:00,21,-2.5C,-2.5,2.7,0.20000000000000018,NORMAL,15594.129159316115,15589.353281863496,4.77587745261917,0.03063550723541162
M9W,2026-03-25 23:00:00,2026-03-26 20:00:00,21,Baseline,0.0,2.7,2.7,NORMAL,15589.353281863496,15589.353281863496,0.0,0.0
M9W,2026-03-25 23:00:00,2026-03-26 20:00:00,21,+2.5C,2.5,2.7,5.2,NORMAL,15507.750327588608,15589.353281863496,-81.60295427488745,-0.5234531080248438
M9W,2026-03-25 23:00:00,2026-03-26 20:00:00,21,+5C,5.0,2.7,7.7,NORMAL,15516.670174504257,15589.353281863496,-72.68310735923842,-0.46623555220726987
M9W,2026-03-25 23:00:00,2026-03-26 21:00:00,22,-5C,-5.0,2.7,-2.3,NORMAL,14224.296901970785,14208.177893181328,16.11900878945744,0.11344881033051495
M9W,2026-03-25 23:00:00,2026-03-26 21:00:00,22,-2.5C,-2.5,2.7,0.20000000000000018,NORMAL,14214.321460630372,14208.177893181328,6.143567449043985,0.04323965743694943
M9W,2026-03-25 23:00:00,2026-03-26 21:00:00,22,Baseline,0.0,2.7,2.7,NORMAL,14208.177893181328,14208.177893181328,0.0,0.0
M9W,2026-03-25 23:00:00,2026-03-26 21:00:00,22,+2.5C,2.5,2.7,5.2,NORMAL,14217.076037122457,14208.177893181328,8.898143941129092,0.06262691815957215
M9W,2026-03-25 23:00:00,2026-03-26 21:00:00,22,+5C,5.0,2.7,7.7,NORMAL,14207.11246797459,14208.177893181328,-1.0654252067379275,-0.007498675866447573
M9W,2026-03-25 23:00:00,2026-03-26 22:00:00,23,-5C,-5.0,2.7,-2.3,NORMAL,13163.630122157938,13089.761494400791,73.8686277571469,0.5643237104720705
M9W,2026-03-25 23:00:00,2026-03-26 22:00:00,23,-2.5C,-2.5,2.7,0.20000000000000018,NORMAL,13112.145651804658,13089.761494400791,22.384157403866993,0.17100508220445365
M9W,2026-03-25 23:00:00,2026-03-26 22:00:00,23,Baseline,0.0,2.7,2.7,NORMAL,13089.761494400791,13089.761494400791,0.0,0.0
M9W,2026-03-25 23:00:00,2026-03-26 22:00:00,23,+2.5C,2.5,2.7,5.2,NORMAL,13067.581034150971,13089.761494400791,-22.18046024981959,-0.1694489258594008
M9W,2026-03-25 23:00:00,2026-03-26 22:00:00,23,+5C,5.0,2.7,7.7,NORMAL,13086.41610314708,13089.761494400791,-3.3453912537115684,-0.025557312523551905
M9W,2026-03-25 23:00:00,2026-03-26 23:00:00,24,-5C,-5.0,2.7,-2.3,NORMAL,12104.141301658212,12093.340387554086,10.800914104125695,0.08931290907218244
M9W,2026-03-25 23:00:00,2026-03-26 23:00:00,24,-2.5C,-2.5,2.7,0.20000000000000018,NORMAL,12089.98302197522,12093.340387554086,-3.357365578865938,-0.02776210270506555
M9W,2026-03-25 23:00:00,2026-03-26 23:00:00,24,Baseline,0.0,2.7,2.7,NORMAL,12093.340387554086,12093.340387554086,0.0,0.0
M9W,2026-03-25 23:00:00,2026-03-26 23:00:00,24,+2.5C,2.5,2.7,5.2,NORMAL,12109.837464675751,12093.340387554086,16.497077121664915,0.13641456035292743
M9W,2026-03-25 23:00:00,2026-03-26 23:00:00,24,+5C,5.0,2.7,7.7,NORMAL,12108.689995040353,12093.340387554086,15.349607486266905,0.12692611796542186
