fsa,forecast_origin,target_timestamp,horizon,scenario,temperature_delta_c,baseline_temperature_c,origin__Temp (°C),temperature_domain_status,forecast_consumption_kwh,peak_risk_score,peak_alert,baseline_forecast_kwh,baseline_peak_risk_score,baseline_peak_alert,forecast_delta_kwh,forecast_delta_pct,peak_risk_delta,alert_changed,alert_transition
L4T,2026-03-25 23:00:00,2026-03-26 00:00:00,1,-5C,-5.0,2.7,-2.3,NORMAL,9415.028204201228,9.4075534e-05,False,8867.250247464186,4.4465567e-05,False,547.7779567370417,6.177540290956518,4.9609967e-05,False,No change
L4T,2026-03-25 23:00:00,2026-03-26 00:00:00,1,-2.5C,-2.5,2.7,0.20000000000000018,NORMAL,9045.527913769507,7.0990085e-05,False,8867.250247464186,4.4465567e-05,False,178.27766630532096,2.0105180448279776,2.6524518e-05,False,No change
L4T,2026-03-25 23:00:00,2026-03-26 00:00:00,1,Baseline,0.0,2.7,2.7,NORMAL,8867.250247464186,4.4465567e-05,False,8867.250247464186,4.4465567e-05,False,0.0,0.0,0.0,False,No change
L4T,2026-03-25 23:00:00,2026-03-26 00:00:00,1,+2.5C,2.5,2.7,5.2,NORMAL,8678.755598420688,3.0831325e-05,False,8867.250247464186,4.4465567e-05,False,-188.4946490434977,-2.1257395898734504,-1.3634242e-05,False,No change
L4T,2026-03-25 23:00:00,2026-03-26 00:00:00,1,+5C,5.0,2.7,7.7,NORMAL,8646.913134658758,2.3836266e-05,False,8867.250247464186,4.4465567e-05,False,-220.33711280542775,-2.4848414858759478,-2.06293e-05,False,No change
L4T,2026-03-25 23:00:00,2026-03-26 01:00:00,2,-5C,-5.0,2.7,-2.3,NORMAL,8991.826508586188,6.6696426e-05,False,8454.226383170035,4.7154306e-05,False,537.6001254161529,6.358951145268148,1.954212e-05,False,No change
L4T,2026-03-25 23:00:00,2026-03-26 01:00:00,2,-2.5C,-2.5,2.7,0.20000000000000018,NORMAL,8722.072818343213,6.14641e-05,False,8454.226383170035,4.7154306e-05,False,267.8464351731782,3.1681956814686725,1.4309797e-05,False,No change
L4T,2026-03-25 23:00:00,2026-03-26 01:00:00,2,Baseline,0.0,2.7,2.7,NORMAL,8454.226383170035,4.7154306e-05,False,8454.226383170035,4.7154306e-05,False,0.0,0.0,0.0,False,No change
L4T,2026-03-25 23:00:00,2026-03-26 01:00:00,2,+2.5C,2.5,2.7,5.2,NORMAL,8248.241669813444,2.8243152e-05,False,8454.226383170035,4.7154306e-05,False,-205.98471335659087,-2.4364702814990613,-1.8911154e-05,False,No change
L4T,2026-03-25 23:00:00,2026-03-26 01:00:00,2,+5C,5.0,2.7,7.7,NORMAL,8160.9691790508905,2.1921334e-05,False,8454.226383170035,4.7154306e-05,False,-293.25720411914426,-3.468764506980037,-2.5232972e-05,False,No change
L4T,2026-03-25 23:00:00,2026-03-26 02:00:00,3,-5C,-5.0,2.7,-2.3,NORMAL,8687.815263056338,4.0870993e-05,False,8147.954718737094,2.9230729e-05,False,539.8605443192446,6.625718514092592,1.1640264e-05,False,No change
L4T,2026-03-25 23:00:00,2026-03-26 02:00:00,3,-2.5C,-2.5,2.7,0.20000000000000018,NORMAL,8378.387351415859,3.5028195e-05,False,8147.954718737094,2.9230729e-05,False,230.432632678765,2.8281039921449307,5.7974667e-06,False,No change
L4T,2026-03-25 23:00:00,2026-03-26 02:00:00,3,Baseline,0.0,2.7,2.7,NORMAL,8147.954718737094,2.9230729e-05,False,8147.954718737094,2.9230729e-05,False,0.0,0.0,0.0,False,No change
L4T,2026-03-25 23:00:00,2026-03-26 02:00:00,3,+2.5C,2.5,2.7,5.2,NORMAL,8008.84279237089,1.6979577e-05,False,8147.954718737094,2.9230729e-05,False,-139.111926366204,-1.7073232629324906,-1.2251152e-05,False,No change
L4T,2026-03-25 23:00:00,2026-03-26 02:00:00,3,+5C,5.0,2.7,7.7,NORMAL,7981.668036495261,1.8512372e-05,False,8147.954718737094,2.9230729e-05,False,-166.28668224183275,-2.0408395478614865,-1.0718357e-05,False,No change
L4T,2026-03-25 23:00:00,2026-03-26 03:00:00,4,-5C,-5.0,2.7,-2.3,NORMAL,8641.425085436775,0.000109275345,False,8161.362185913157,4.832891e-05,False,480.0628995236175,5.882141835982057,6.0946433e-05,False,No change
L4T,2026-03-25 23:00:00,2026-03-26 03:00:00,4,-2.5C,-2.5,2.7,0.20000000000000018,NORMAL,8359.462151838605,7.7581375e-05,False,8161.362185913157,4.832891e-05,False,198.09996592544758,2.4272904622144593,2.9252464e-05,False,No change
L4T,2026-03-25 23:00:00,2026-03-26 03:00:00,4,Baseline,0.0,2.7,2.7,NORMAL,8161.362185913157,4.832891e-05,False,8161.362185913157,4.832891e-05,False,0.0,0.0,0.0,False,No change
L4T,2026-03-25 23:00:00,2026-03-26 03:00:00,4,+2.5C,2.5,2.7,5.2,NORMAL,8055.1447061730505,2.2474325e-05,False,8161.362185913157,4.832891e-05,False,-106.21747974010668,-1.301467540840699,-2.5854586e-05,False,No change
L4T,2026-03-25 23:00:00,2026-03-26 03:00:00,4,+5C,5.0,2.7,7.7,NORMAL,7975.8010401900365,2.1715821e-05,False,8161.362185913157,4.832891e-05,False,-185.56114572312072,-2.2736540971482286,-2.661309e-05,False,No change
L4T,2026-03-25 23:00:00,2026-03-26 04:00:00,5,-5C,-5.0,2.7,-2.3,NORMAL,9162.826260765532,0.00013294835,False,8529.098358172878,8.5999505e-05,False,633.7279025926546,7.4301863571006255,4.6948844e-05,False,No change
L4T,2026-03-25 23:00:00,2026-03-26 04:00:00,5,-2.5C,-2.5,2.7,0.20000000000000018,NORMAL,8753.480084073508,0.00010429585,False,8529.098358172878,8.5999505e-05,False,224.38172590063004,2.6307789695685675,1.8296341e-05,False,No change
L4T,2026-03-25 23:00:00,2026-03-26 04:00:00,5,Baseline,0.0,2.7,2.7,NORMAL,8529.098358172878,8.5999505e-05,False,8529.098358172878,8.5999505e-05,False,0.0,0.0,0.0,False,No change
L4T,2026-03-25 23:00:00,2026-03-26 04:00:00,5,+2.5C,2.5,2.7,5.2,NORMAL,8453.048020202532,3.5038887e-05,False,8529.098358172878,8.5999505e-05,False,-76.05033797034594,-0.891657415317199,-5.0960618e-05,False,No change
L4T,2026-03-25 23:00:00,2026-03-26 04:00:00,5,+5C,5.0,2.7,7.7,NORMAL,8415.6838594481,4.032949e-05,False,8529.098358172878,8.5999505e-05,False,-113.41449872477824,-1.3297360865360468,-4.5670015e-05,False,No change
L4T,2026-03-25 23:00:00,2026-03-26 05:00:00,6,-5C,-5.0,2.7,-2.3,NORMAL,9525.071744115357,0.00036518506,False,9163.077918983287,0.00011538722,False,361.9938251320709,3.9505701941279234,0.00024979783,False,No change
L4T,2026-03-25 23:00:00,2026-03-26 05:00:00,6,-2.5C,-2.5,2.7,0.20000000000000018,NORMAL,9362.988283779945,0.00023676637,False,9163.077918983287,0.00011538722,False,199.91036479665854,2.1816944760722947,0.00012137915,False,No change
L4T,2026-03-25 23:00:00,2026-03-26 05:00:00,6,Baseline,0.0,2.7,2.7,NORMAL,9163.077918983287,0.00011538722,False,9163.077918983287,0.00011538722,False,0.0,0.0,0.0,False,No change
L4T,2026-03-25 23:00:00,2026-03-26 05:00:00,6,+2.5C,2.5,2.7,5.2,NORMAL,9096.55510423135,5.5591994e-05,False,9163.077918983287,0.00011538722,False,-66.5228147519374,-0.7259876576419926,-5.9795228e-05,False,No change
L4T,2026-03-25 23:00:00,2026-03-26 05:00:00,6,+5C,5.0,2.7,7.7,NORMAL,9037.835208844564,5.6117016e-05,False,9163.077918983287,0.00011538722,False,-125.24271013872203,-1.3668192199834384,-5.9270205e-05,False,No change
L4T,2026-03-25 23:00:00,2026-03-26 06:00:00,7,-5C,-5.0,2.7,-2.3,NORMAL,10196.895860243752,0.00012691408,False,9868.79231439193,4.351455e-05,False,328.10354585182176,3.324657520387164,8.339953e-05,False,No change
L4T,2026-03-25 23:00:00,2026-03-26 06:00:00,7,-2.5C,-2.5,2.7,0.20000000000000018,NORMAL,10008.574997921078,0.00010409425,False,9868.79231439193,4.351455e-05,False,139.7826835291471,1.4164112393499069,6.0579703e-05,False,No change
L4T,2026-03-25 23:00:00,2026-03-26 06:00:00,7,Baseline,0.0,2.7,2.7,NORMAL,9868.79231439193,4.351455e-05,False,9868.79231439193,4.351455e-05,False,0.0,0.0,0.0,False,No change
L4T,2026-03-25 23:00:00,2026-03-26 06:00:00,7,+2.5C,2.5,2.7,5.2,NORMAL,9734.039189495328,3.5641428e-05,False,9868.79231439193,4.351455e-05,False,-134.75312489660246,-1.365446962543616,-7.873121e-06,False,No change
L4T,2026-03-25 23:00:00,2026-03-26 06:00:00,7,+5C,5.0,2.7,7.7,NORMAL,9654.467192734584,2.9210523e-05,False,9868.79231439193,4.351455e-05,False,-214.32512165734624,-2.1717461957811195,-1.4304025e-05,False,No change
L4T,2026-03-25 23:00:00,2026-03-26 07:00:00,8,-5C,-5.0,2.7,-2.3,NORMAL,10620.180842777936,0.00011193131,False,10357.341409271143,4.58001e-05,False,262.8394335067933,2.537711398327745,6.613121e-05,False,No change
L4T,2026-03-25 23:00:00,2026-03-26 07:00:00,8,-2.5C,-2.5,2.7,0.20000000000000018,NORMAL,10475.284764561886,9.8910605e-05,False,10357.341409271143,4.58001e-05,False,117.94335529074306,1.1387416000902384,5.3110503e-05,False,No change
L4T,2026-03-25 23:00:00,2026-03-26 07:00:00,8,Baseline,0.0,2.7,2.7,NORMAL,10357.341409271143,4.58001e-05,False,10357.341409271143,4.58001e-05,False,0.0,0.0,0.0,False,No change
L4T,2026-03-25 23:00:00,2026-03-26 07:00:00,8,+2.5C,2.5,2.7,5.2,NORMAL,10216.136669049147,3.2994754e-05,False,10357.341409271143,4.58001e-05,False,-141.20474022199596,-1.3633299767023195,-1.2805347e-05,False,No change
L4T,2026-03-25 23:00:00,2026-03-26 07:00:00,8,+5C,5.0,2.7,7.7,NORMAL,10188.76586329674,2.9744991e-05,False,10357.341409271143,4.58001e-05,False,-168.5755459744032,-1.6275947592449407,-1.605511e-05,False,No change
L4T,2026-03-25 23:00:00,2026-03-26 08:00:00,9,-5C,-5.0,2.7,-2.3,NORMAL,11097.805814546615,0.00011204109,False,10744.766504984756,5.783667e-05,False,353.0393095618583,3.285686193348872,5.4204418e-05,False,No change
L4T,2026-03-25 23:00:00,2026-03-26 08:00:00,9,-2.5C,-2.5,2.7,0.20000000000000018,NORMAL,10903.950745996342,0.00011053926,False,10744.766504984756,5.783667e-05,False,159.18424101158598,1.4815048883355126,5.2702588e-05,False,No change
L4T,2026-03-25 23:00:00,2026-03-26 08:00:00,9,Baseline,0.0,2.7,2.7,NORMAL,10744.766504984756,5.783667e-05,False,10744.766504984756,5.783667e-05,False,0.0,0.0,0.0,False,No change
L4T,2026-03-25 23:00:00,2026-03-26 08:00:00,9,+2.5C,2.5,2.7,5.2,NORMAL,10655.66875392728,4.6951533e-05,False,10744.766504984756,5.783667e-05,False,-89.09775105747576,-0.8292199836649886,-1.0885138e-05,False,No change
L4T,2026-03-25 23:00:00,2026-03-26 08:00:00,9,+5C,5.0,2.7,7.7,NORMAL,10593.319118166344,2.6550357e-05,False,10744.766504984756,5.783667e-05,False,-151.44738681841227,-1.4094990965895087,-3.1286312e-05,False,No change
L4T,2026-03-25 23:00:00,2026-03-26 09:00:00,10,-5C,-5.0,2.7,-2.3,NORMAL,11170.980939950223,0.000102518505,False,10955.553126249924,6.825565e-05,False,215.42781370029843,1.9663800742668587,3.4262855e-05,False,No change
L4T,2026-03-25 23:00:00,2026-03-26 09:00:00,10,-2.5C,-2.5,2.7,0.20000000000000018,NORMAL,11046.161662699998,0.00010654148,False,10955.553126249924,6.825565e-05,False,90.6085364500741,0.8270557899351753,3.8285834e-05,False,No change
L4T,2026-03-25 23:00:00,2026-03-26 09:00:00,10,Baseline,0.0,2.7,2.7,NORMAL,10955.553126249924,6.825565e-05,False,10955.553126249924,6.825565e-05,False,0.0,0.0,0.0,False,No change
L4T,2026-03-25 23:00:00,2026-03-26 09:00:00,10,+2.5C,2.5,2.7,5.2,NORMAL,10822.215917550637,7.007923e-05,False,10955.553126249924,6.825565e-05,False,-133.33720869928766,-1.2170741829529959,1.8235805e-06,False,No change
L4T,2026-03-25 23:00:00,2026-03-26 09:00:00,10,+5C,5.0,2.7,7.7,NORMAL,10743.872871404401,3.579778e-05,False,10955.553126249924,6.825565e-05,False,-211.68025484552345,-1.9321731400154454,-3.245787e-05,False,No change
L4T,2026-03-25 23:00:00,2026-03-26 10:00:00,11,-5C,-5.0,2.7,-2.3,NORMAL,11520.596069397105,0.0003970984,False,11207.99578452573,0.00032700485,False,312.60028487137424,2.789082819811232,7.009355e-05,False,No change
L4T,2026-03-25 23:00:00,2026-03-26 10:00:00,11,-2.5C,-2.5,2.7,0.20000000000000018,NORMAL,11344.797311701675,0.00041105048,False,11207.99578452573,0.00032700485,False,136.801527175945,1.2205708300213625,8.4045634e-05,False,No change
L4T,2026-03-25 23:00:00,2026-03-26 10:00:00,11,Baseline,0.0,2.7,2.7,NORMAL,11207.99578452573,0.00032700485,False,11207.99578452573,0.00032700485,False,0.0,0.0,0.0,False,No change
L4T,2026-03-25 23:00:00,2026-03-26 10:00:00,11,+2.5C,2.5,2.7,5.2,NORMAL,11129.128219228005,0.00017456431,False,11207.99578452573,0.00032700485,False,-78.86756529772538,-0.7036723319133786,-0.00015244054,False,No change
L4T,2026-03-25 23:00:00,2026-03-26 10:00:00,11,+5C,5.0,2.7,7.7,NORMAL,11061.868169476533,8.436948e-05,False,11207.99578452573,0.00032700485,False,-146.12761504919763,-1.3037800678953508,-0.00024263537,False,No change
L4T,2026-03-25 23:00:00,2026-03-26 11:00:00,12,-5C,-5.0,2.7,-2.3,NORMAL,11876.81066185753,0.0007969202,False,11331.421431613224,0.00056978216,False,545.3892302443055,4.8130698653810455,0.00022713805,False,No change
L4T,2026-03-25 23:00:00,2026-03-26 11:00:00,12,-2.5C,-2.5,2.7,0.20000000000000018,NORMAL,11435.574689364714,0.00083473977,False,11331.421431613224,0.00056978216,False,104.15325775148995,0.9191543918834014,0.0002649576,False,No change
L4T,2026-03-25 23:00:00,2026-03-26 11:00:00,12,Baseline,0.0,2.7,2.7,NORMAL,11331.421431613224,0.00056978216,False,11331.421431613224,0.00056978216,False,0.0,0.0,0.0,False,No change
L4T,2026-03-25 23:00:00,2026-03-26 11:00:00,12,+2.5C,2.5,2.7,5.2,NORMAL,11280.484596349783,0.00032046047,False,11331.421431613224,0.00056978216,False,-50.936835263441026,-0.44951849660567506,-0.0002493217,False,No change
L4T,2026-03-25 23:00:00,2026-03-26 11:00:00,12,+5C,5.0,2.7,7.7,NORMAL,11183.102570477624,9.740031e-05,False,11331.421431613224,0.00056978216,False,-148.31886113559995,-1.3089166441361821,-0.00047238186,False,No change
L4T,2026-03-25 23:00:00,2026-03-26 12:00:00,13,-5C,-5.0,2.7,-2.3,NORMAL,11611.315813302894,0.0017394677,False,11161.368128842865,0.0010957156,False,449.94768446002854,4.031295081982714,0.00064375217,False,No change
L4T,2026-03-25 23:00:00,2026-03-26 12:00:00,13,-2.5C,-2.5,2.7,0.20000000000000018,NORMAL,11316.526044288055,0.0013759382,False,11161.368128842865,0.0010957156,False,155.15791544519016,1.3901334823303233,0.00028022262,False,No change
L4T,2026-03-25 23:00:00,2026-03-26 12:00:00,13,Baseline,0.0,2.7,2.7,NORMAL,11161.368128842865,0.0010957156,False,11161.368128842865,0.0010957156,False,0.0,0.0,0.0,False,No change
L4T,2026-03-25 23:00:00,2026-03-26 12:00:00,13,+2.5C,2.5,2.7,5.2,NORMAL,11129.100977594415,0.0008562595,False,11161.368128842865,0.0010957156,False,-32.26715124845032,-0.2890967386432362,-0.00023945607,False,No change
L4T,2026-03-25 23:00:00,2026-03-26 12:00:00,13,+5C,5.0,2.7,7.7,NORMAL,11056.039594372949,0.00014412402,False,11161.368128842865,0.0010957156,False,-105.32853446991612,-0.9436883834852589,-0.00095159153,False,No change
L4T,2026-03-25 23:00:00,2026-03-26 13:00:00,14,-5C,-5.0,2.7,-2.3,NORMAL,11555.830969093413,0.0019033517,False,11150.50409943362,0.001259224,False,405.3268696597934,3.6350542185835493,0.0006441277,False,No change
L4T,2026-03-25 23:00:00,2026-03-26 13:00:00,14,-2.5C,-2.5,2.7,0.20000000000000018,NORMAL,11282.165890530086,0.001985098,False,11150.50409943362,0.001259224,False,131.6617910964669,1.1807698550880275,0.000725874,False,No change
L4T,2026-03-25 23:00:00,2026-03-26 13:00:00,14,Baseline,0.0,2.7,2.7,NORMAL,11150.50409943362,0.001259224,False,11150.50409943362,0.001259224,False,0.0,0.0,0.0,False,No change
L4T,2026-03-25 23:00:00,2026-03-26 13:00:00,14,+2.5C,2.5,2.7,5.2,NORMAL,11029.749508196208,0.000891052,False,11150.50409943362,0.001259224,False,-120.75459123741166,-1.0829518572487256,-0.000368172,False,No change
L4T,2026-03-25 23:00:00,2026-03-26 13:00:00,14,+5C,5.0,2.7,7.7,NORMAL,10975.797614225694,0.00021458654,False,11150.50409943362,0.001259224,False,-174.70648520792565,-1.5668034704978022,-0.0010446375,False,No change
L4T,2026-03-25 23:00:00,2026-03-26 14:00:00,15,-5C,-5.0,2.7,-2.3,NORMAL,11654.588650805385,0.001953215,False,11281.229546878982,0.0020129383,False,373.3591039264029,3.309560384131133,-5.9723156e-05,False,No change
L4T,2026-03-25 23:00:00,2026-03-26 14:00:00,15,-2.5C,-2.5,2.7,0.20000000000000018,NORMAL,11376.227218141743,0.0019133249,False,11281.229546878982,0.0020129383,False,94.99767126276129,0.8420861473299508,-9.961333e-05,False,No change
L4T,2026-03-25 23:00:00,2026-03-26 14:00:00,15,Baseline,0.0,2.7,2.7,NORMAL,11281.229546878982,0.0020129383,False,11281.229546878982,0.0020129383,False,0.0,0.0,0.0,False,No change
L4T,2026-03-25 23:00:00,2026-03-26 14:00:00,15,+2.5C,2.5,2.7,5.2,NORMAL,11248.32859108809,0.0013754901,False,11281.229546878982,0.0020129383,False,-32.90095579089211,-0.2916433501700562,-0.00063744816,False,No change
L4T,2026-03-25 23:00:00,2026-03-26 14:00:00,15,+5C,5.0,2.7,7.7,NORMAL,11214.746676725248,0.00030909185,False,11281.229546878982,0.0020129383,False,-66.48287015373353,-0.5893229091515686,-0.0017038464,False,No change
L4T,2026-03-25 23:00:00,2026-03-26 15:00:00,16,-5C,-5.0,2.7,-2.3,NORMAL,11794.11773307901,0.004087006,False,11616.229246236928,0.004897577,False,177.88848684208278,1.5313789274579759,-0.000810571,False,No change
L4T,2026-03-25 23:00:00,2026-03-26 15:00:00,16,-2.5C,-2.5,2.7,0.20000000000000018,NORMAL,11691.693031670704,0.0039372374,False,11616.229246236928,0.004897577,False,75.46378543377614,0.649640979306797,-0.0009603398,False,No change
L4T,2026-03-25 23:00:00,2026-03-26 15:00:00,16,Baseline,0.0,2.7,2.7,NORMAL,11616.229246236928,0.004897577,False,11616.229246236928,0.004897577,False,0.0,0.0,0.0,False,No change
L4T,2026-03-25 23:00:00,2026-03-26 15:00:00,16,+2.5C,2.5,2.7,5.2,NORMAL,11564.583468040299,0.0034176656,False,11616.229246236928,0.004897577,False,-51.64577819662918,-0.44460019772216364,-0.0014799116,False,No change
L4T,2026-03-25 23:00:00,2026-03-26 15:00:00,16,+5C,5.0,2.7,7.7,NORMAL,11509.004603634743,0.0006676211,False,11616.229246236928,0.004897577,False,-107.22464260218476,-0.9230589404640076,-0.0042299563,False,No change
L4T,2026-03-25 23:00:00,2026-03-26 16:00:00,17,-5C,-5.0,2.7,-2.3,NORMAL,12076.295408604563,0.013918502,False,12029.858298480873,0.019324277,False,46.43711012369022,0.3860154373518621,-0.0054057743,False,No change
L4T,2026-03-25 23:00:00,2026-03-26 16:00:00,17,-2.5C,-2.5,2.7,0.20000000000000018,NORMAL,12051.899025561952,0.018355181,False,12029.858298480873,0.019324277,False,22.04072708107924,0.18321684706678995,-0.00096909516,False,No change
L4T,2026-03-25 23:00:00,2026-03-26 16:00:00,17,Baseline,0.0,2.7,2.7,NORMAL,12029.858298480873,0.019324277,False,12029.858298480873,0.019324277,False,0.0,0.0,0.0,False,No change
L4T,2026-03-25 23:00:00,2026-03-26 16:00:00,17,+2.5C,2.5,2.7,5.2,NORMAL,12045.939873222102,0.016590199,False,12029.858298480873,0.019324277,False,16.081574741228906,0.1336805001540183,-0.002734078,False,No change
L4T,2026-03-25 23:00:00,2026-03-26 16:00:00,17,+5C,5.0,2.7,7.7,NORMAL,12078.936802790795,0.002697006,False,12029.858298480873,0.019324277,False,49.07850430992221,0.40797242238605447,-0.01662727,False,No change
L4T,2026-03-25 23:00:00,2026-03-26 17:00:00,18,-5C,-5.0,2.7,-2.3,NORMAL,12499.604354942956,0.046058457,False,12437.300370371762,0.054492604,False,62.30398457119372,0.5009445998394859,-0.008434147,False,No change
L4T,2026-03-25 23:00:00,2026-03-26 17:00:00,18,-2.5C,-2.5,2.7,0.20000000000000018,NORMAL,12442.482037451417,0.044080455,False,12437.300370371762,0.054492604,False,5.181667079654289,0.04166231356764607,-0.010412149,False,No change
L4T,2026-03-25 23:00:00,2026-03-26 17:00:00,18,Baseline,0.0,2.7,2.7,NORMAL,12437.300370371762,0.054492604,False,12437.300370371762,0.054492604,False,0.0,0.0,0.0,False,No change
L4T,2026-03-25 23:00:00,2026-03-26 17:00:00,18,+2.5C,2.5,2.7,5.2,NORMAL,12448.193002347427,0.047152687,False,12437.300370371762,0.054492604,False,10.892631975664699,0.08758035627742188,-0.007339917,False,No change
L4T,2026-03-25 23:00:00,2026-03-26 17:00:00,18,+5C,5.0,2.7,7.7,NORMAL,12373.936651402719,0.007163922,False,12437.300370371762,0.054492604,False,-63.363718969043475,-0.5094652141713087,-0.04732868,False,No change
L4T,2026-03-25 23:00:00,2026-03-26 18:00:00,19,-5C,-5.0,2.7,-2.3,NORMAL,12777.756179309103,0.12465403,True,12664.370484622757,0.13483499,True,113.38569468634523,0.8953125212502241,-0.010180958,False,No change
L4T,2026-03-25 23:00:00,2026-03-26 18:00:00,19,-2.5C,-2.5,2.7,0.20000000000000018,NORMAL,12738.141775158614,0.119797125,True,12664.370484622757,0.13483499,True,73.77129053585668,0.5825105213514619,-0.015037864,False,No change
L4T,2026-03-25 23:00:00,2026-03-26 18:00:00,19,Baseline,0.0,2.7,2.7,NORMAL,12664.370484622757,0.13483499,True,12664.370484622757,0.13483499,True,0.0,0.0,0.0,False,No change
L4T,2026-03-25 23:00:00,2026-03-26 18:00:00,19,+2.5C,2.5,2.7,5.2,NORMAL,12672.978494219931,0.102214836,True,12664.370484622757,0.13483499,True,8.608009597173805,0.06797029199063437,-0.032620154,False,No change
L4T,2026-03-25 23:00:00,2026-03-26 18:00:00,19,+5C,5.0,2.7,7.7,NORMAL,12718.79310174027,0.02909588,False,12664.370484622757,0.13483499,True,54.422617117512345,0.4297301408198141,-0.10573911,True,Alert -> No Alert
L4T,2026-03-25 23:00:00,2026-03-26 19:00:00,20,-5C,-5.0,2.7,-2.3,NORMAL,13183.821525446625,0.18013357,True,13131.002207619944,0.19869481,True,52.81931782668107,0.4022489448370508,-0.018561244,False,No change
L4T,2026-03-25 23:00:00,2026-03-26 19:00:00,20,-2.5C,-2.5,2.7,0.20000000000000018,NORMAL,13163.570619893842,0.16780339,True,13131.002207619944,0.19869481,True,32.5684122738985,0.24802685856681217,-0.030891418,False,No change
L4T,2026-03-25 23:00:00,2026-03-26 19:00:00,20,Baseline,0.0,2.7,2.7,NORMAL,13131.002207619944,0.19869481,True,13131.002207619944,0.19869481,True,0.0,0.0,0.0,False,No change
L4T,2026-03-25 23:00:00,2026-03-26 19:00:00,20,+2.5C,2.5,2.7,5.2,NORMAL,13106.153589411764,0.18850031,True,13131.002207619944,0.19869481,True,-24.848618208179687,-0.18923626555907508,-0.010194495,False,No change
L4T,2026-03-25 23:00:00,2026-03-26 19:00:00,20,+5C,5.0,2.7,7.7,NORMAL,13135.04032887716,0.04779632,False,13131.002207619944,0.19869481,True,4.038121257215607,0.030752574657799375,-0.15089849,True,Alert -> No Alert
L4T,2026-03-25 23:00:00,2026-03-26 20:00:00,21,-5C,-5.0,2.7,-2.3,NORMAL,12841.448335565725,0.14477558,True,12756.610043854536,0.09968124,True,84.8382917111885,0.6650535794347584,0.04509434,False,No change
L4T,2026-03-25 23:00:00,2026-03-26 20:00:00,21,-2.5C,-2.5,2.7,0.20000000000000018,NORMAL,12811.792838469075,0.1543411,True,12756.610043854536,0.09968124,True,55.18279461453858,0.4325819667202475,0.05465986,False,No change
L4T,2026-03-25 23:00:00,2026-03-26 20:00:00,21,Baseline,0.0,2.7,2.7,NORMAL,12756.610043854536,0.09968124,True,12756.610043854536,0.09968124,True,0.0,0.0,0.0,False,No change
L4T,2026-03-25 23:00:00,2026-03-26 20:00:00,21,+2.5C,2.5,2.7,5.2,NORMAL,12758.85854603684,0.07650208,True,12756.610043854536,0.09968124,True,2.2485021823031275,0.01762617321195248,-0.023179166,False,No change
L4T,2026-03-25 23:00:00,2026-03-26 20:00:00,21,+5C,5.0,2.7,7.7,NORMAL,12787.744379389254,0.017194517,False,12756.610043854536,0.09968124,True,31.134335534718048,0.24406433549104947,-0.08248673,True,Alert -> No Alert
L4T,2026-03-25 23:00:00,2026-03-26 21:00:00,22,-5C,-5.0,2.7,-2.3,NORMAL,11673.848012178742,0.017920744,False,11626.184441832422,0.013037168,False,47.66357034631983,0.40996743673548236,0.0048835753,False,No change
L4T,2026-03-25 23:00:00,2026-03-26 21:00:00,22,-2.5C,-2.5,2.7,0.20000000000000018,NORMAL,11656.776163693894,0.014914305,False,11626.184441832422,0.013037168,False,30.59172186147225,0.26312778723344116,0.0018771365,False,No change
L4T,2026-03-25 23:00:00,2026-03-26 21:00:00,22,Baseline,0.0,2.7,2.7,NORMAL,11626.184441832422,0.013037168,False,11626.184441832422,0.013037168,False,0.0,0.0,0.0,False,No change
L4T,2026-03-25 23:00:00,2026-03-26 21:00:00,22,+2.5C,2.5,2.7,5.2,NORMAL,11593.225366221555,0.010573291,False,11626.184441832422,0.013037168,False,-32.95907561086642,-0.28349004590255483,-0.0024638772,False,No change
L4T,2026-03-25 23:00:00,2026-03-26 21:00:00,22,+5C,5.0,2.7,7.7,NORMAL,11576.662851869587,0.0044690548,False,11626.184441832422,0.013037168,False,-49.521589962834696,-0.42594877288072264,-0.008568114,False,No change
L4T,2026-03-25 23:00:00,2026-03-26 22:00:00,23,-5C,-5.0,2.7,-2.3,NORMAL,10693.516028660428,0.0077367867,False,10699.181031392682,0.0057833656,False,-5.6650027322539245,-0.05294800336242677,0.0019534212,False,No change
L4T,2026-03-25 23:00:00,2026-03-26 22:00:00,23,-2.5C,-2.5,2.7,0.20000000000000018,NORMAL,10673.980572734408,0.0072895777,False,10699.181031392682,0.0057833656,False,-25.20045865827342,-0.2355363329616748,0.0015062122,False,No change
L4T,2026-03-25 23:00:00,2026-03-26 22:00:00,23,Baseline,0.0,2.7,2.7,NORMAL,10699.181031392682,0.0057833656,False,10699.181031392682,0.0057833656,False,0.0,0.0,0.0,False,No change
L4T,2026-03-25 23:00:00,2026-03-26 22:00:00,23,+2.5C,2.5,2.7,5.2,NORMAL,10729.84255048817,0.0067194207,False,10699.181031392682,0.0057833656,False,30.661519095488984,0.28657818767178916,0.0009360551,False,No change
L4T,2026-03-25 23:00:00,2026-03-26 22:00:00,23,+5C,5.0,2.7,7.7,NORMAL,10736.675916762522,0.0017104327,False,10699.181031392682,0.0057833656,False,37.49488536984063,0.35044631229087664,-0.004072933,False,No change
L4T,2026-03-25 23:00:00,2026-03-26 23:00:00,24,-5C,-5.0,2.7,-2.3,NORMAL,9616.94896875024,0.002435466,False,9679.988880782053,0.0017222426,False,-63.03991203181431,-0.651239508724738,0.0007132235,False,No change
L4T,2026-03-25 23:00:00,2026-03-26 23:00:00,24,-2.5C,-2.5,2.7,0.20000000000000018,NORMAL,9617.282408308944,0.002539033,False,9679.988880782053,0.0017222426,False,-62.7064724731099,-0.6477948812276301,0.0008167905,False,No change
L4T,2026-03-25 23:00:00,2026-03-26 23:00:00,24,Baseline,0.0,2.7,2.7,NORMAL,9679.988880782053,0.0017222426,False,9679.988880782053,0.0017222426,False,0.0,0.0,0.0,False,No change
L4T,2026-03-25 23:00:00,2026-03-26 23:00:00,24,+2.5C,2.5,2.7,5.2,NORMAL,9760.617435925538,0.0023754318,False,9679.988880782053,0.0017222426,False,80.62855514348485,0.8329405760326741,0.00065318926,False,No change
L4T,2026-03-25 23:00:00,2026-03-26 23:00:00,24,+5C,5.0,2.7,7.7,NORMAL,9770.677542307003,0.0015873989,False,9679.988880782053,0.0017222426,False,90.68866152494957,0.9368674142280912,-0.00013484363,False,No change
M5R,2026-03-25 23:00:00,2026-03-26 00:00:00,1,-5C,-5.0,4.3,-0.7000000000000002,NORMAL,9454.502210008792,0.002038433,False,8955.55920109573,0.0003757046,False,498.94300891306193,5.571321652946198,0.0016627284,False,No change
M5R,2026-03-25 23:00:00,2026-03-26 00:00:00,1,-2.5C,-2.5,4.3,1.7999999999999998,NORMAL,9178.253595579708,0.0007561341,False,8955.55920109573,0.0003757046,False,222.6943944839786,2.486660960900482,0.0003804295,False,No change
M5R,2026-03-25 23:00:00,2026-03-26 00:00:00,1,Baseline,0.0,4.3,4.3,NORMAL,8955.55920109573,0.0003757046,False,8955.55920109573,0.0003757046,False,0.0,0.0,0.0,False,No change
M5R,2026-03-25 23:00:00,2026-03-26 00:00:00,1,+2.5C,2.5,4.3,6.8,NORMAL,8850.804155018728,0.00027178435,False,8955.55920109573,0.0003757046,False,-104.75504607700168,-1.169720882021356,-0.00010392026,False,No change
M5R,2026-03-25 23:00:00,2026-03-26 00:00:00,1,+5C,5.0,4.3,9.3,NORMAL,8796.671104286172,0.00022529237,False,8955.55920109573,0.0003757046,False,-158.8880968095582,-1.7741839816113094,-0.00015041223,False,No change
M5R,2026-03-25 23:00:00,2026-03-26 01:00:00,2,-5C,-5.0,4.3,-0.7000000000000002,NORMAL,9315.903592530678,0.0007156272,False,8617.292154645706,0.00029321457,False,698.6114378849725,8.107087764319806,0.00042241265,False,No change
M5R,2026-03-25 23:00:00,2026-03-26 01:00:00,2,-2.5C,-2.5,4.3,1.7999999999999998,NORMAL,8761.100282332996,0.0006404988,False,8617.292154645706,0.00029321457,False,143.80812768729083,1.668831984648006,0.00034728425,False,No change
M5R,2026-03-25 23:00:00,2026-03-26 01:00:00,2,Baseline,0.0,4.3,4.3,NORMAL,8617.292154645706,0.00029321457,False,8617.292154645706,0.00029321457,False,0.0,0.0,0.0,False,No change
M5R,2026-03-25 23:00:00,2026-03-26 01:00:00,2,+2.5C,2.5,4.3,6.8,NORMAL,8561.957343377982,0.00019439915,False,8617.292154645706,0.00029321457,False,-55.334811267723126,-0.6421368833119037,-9.881542e-05,False,No change
M5R,2026-03-25 23:00:00,2026-03-26 01:00:00,2,+5C,5.0,4.3,9.3,NORMAL,8467.287345476578,8.880367e-05,False,8617.292154645706,0.00029321457,False,-150.00480916912784,-1.7407418302309514,-0.0002044109,False,No change
M5R,2026-03-25 23:00:00,2026-03-26 02:00:00,3,-5C,-5.0,4.3,-0.7000000000000002,NORMAL,9045.086337427143,0.00057610444,False,8567.935003467046,0.0002801808,False,477.15133396009696,5.569035406629672,0.00029592364,False,No change
M5R,2026-03-25 23:00:00,2026-03-26 02:00:00,3,-2.5C,-2.5,4.3,1.7999999999999998,NORMAL,8693.437875462081,0.0006146922,False,8567.935003467046,0.0002801808,False,125.5028719950351,1.4647971996081892,0.00033451142,False,No change
M5R,2026-03-25 23:00:00,2026-03-26 02:00:00,3,Baseline,0.0,4.3,4.3,NORMAL,8567.935003467046,0.0002801808,False,8567.935003467046,0.0002801808,False,0.0,0.0,0.0,False,No change
M5R,2026-03-25 23:00:00,2026-03-26 02:00:00,3,+2.5C,2.5,4.3,6.8,NORMAL,8535.561230639743,0.00024602585,False,8567.935003467046,0.0002801808,False,-32.37377282730267,-0.377848020721475,-3.4154946e-05,False,No change
M5R,2026-03-25 23:00:00,2026-03-26 02:00:00,3,+5C,5.0,4.3,9.3,NORMAL,8494.702157681455,0.00019756611,False,8567.935003467046,0.0002801808,False,-73.23284578559105,-0.8547315748305411,-8.2614686e-05,False,No change
M5R,2026-03-25 23:00:00,2026-03-26 03:00:00,4,-5C,-5.0,4.3,-0.7000000000000002,NORMAL,9039.65057198337,0.0016136904,False,8544.776988480475,0.00038120852,False,494.8735835028947,5.791533051945672,0.0012324819,False,No change
M5R,2026-03-25 23:00:00,2026-03-26 03:00:00,4,-2.5C,-2.5,4.3,1.7999999999999998,NORMAL,8663.829082230488,0.0010822193,False,8544.776988480475,0.00038120852,False,119.05209375001323,1.393273269864289,0.0007010108,False,No change
M5R,2026-03-25 23:00:00,2026-03-26 03:00:00,4,Baseline,0.0,4.3,4.3,NORMAL,8544.776988480475,0.00038120852,False,8544.776988480475,0.00038120852,False,0.0,0.0,0.0,False,No change
M5R,2026-03-25 23:00:00,2026-03-26 03:00:00,4,+2.5C,2.5,4.3,6.8,NORMAL,8517.092954337839,0.0003382318,False,8544.776988480475,0.00038120852,False,-27.684034142635937,-0.3239877902016377,-4.2976724e-05,False,No change
M5R,2026-03-25 23:00:00,2026-03-26 03:00:00,4,+5C,5.0,4.3,9.3,NORMAL,8460.098500888664,0.00020139705,False,8544.776988480475,0.00038120852,False,-84.67848759181106,-0.9909970465697258,-0.00017981147,False,No change
M5R,2026-03-25 23:00:00,2026-03-26 04:00:00,5,-5C,-5.0,4.3,-0.7000000000000002,NORMAL,9196.36112070257,0.004040821,False,8720.445945557178,0.0006983468,False,475.9151751453919,5.45746373656335,0.003342474,False,No change
M5R,2026-03-25 23:00:00,2026-03-26 04:00:00,5,-2.5C,-2.5,4.3,1.7999999999999998,NORMAL,8914.131537629397,0.0031217025,False,8720.445945557178,0.0006983468,False,193.68559207221915,2.22105146091636,0.0024233556,False,No change
M5R,2026-03-25 23:00:00,2026-03-26 04:00:00,5,Baseline,0.0,4.3,4.3,NORMAL,8720.445945557178,0.0006983468,False,8720.445945557178,0.0006983468,False,0.0,0.0,0.0,False,No change
M5R,2026-03-25 23:00:00,2026-03-26 04:00:00,5,+2.5C,2.5,4.3,6.8,NORMAL,8681.026413023737,0.0006042997,False,8720.445945557178,0.0006983468,False,-39.41953253344036,-0.4520357419739928,-9.404711e-05,False,No change
M5R,2026-03-25 23:00:00,2026-03-26 04:00:00,5,+5C,5.0,4.3,9.3,NORMAL,8630.689629178212,0.00035969564,False,8720.445945557178,0.0006983468,False,-89.7563163789655,-1.0292629177375248,-0.00033865118,False,No change
M5R,2026-03-25 23:00:00,2026-03-26 05:00:00,6,-5C,-5.0,4.3,-0.7000000000000002,NORMAL,9945.49532550951,0.015095148,False,9558.579928155075,0.0019247815,False,386.9153973544344,4.047833467550591,0.013170367,False,No change
M5R,2026-03-25 23:00:00,2026-03-26 05:00:00,6,-2.5C,-2.5,4.3,1.7999999999999998,NORMAL,9717.062074771125,0.007982661,False,9558.579928155075,0.0019247815,False,158.48214661605016,1.6580093257287767,0.0060578794,False,No change
M5R,2026-03-25 23:00:00,2026-03-26 05:00:00,6,Baseline,0.0,4.3,4.3,NORMAL,9558.579928155075,0.0019247815,False,9558.579928155075,0.0019247815,False,0.0,0.0,0.0,False,No change
M5R,2026-03-25 23:00:00,2026-03-26 05:00:00,6,+2.5C,2.5,4.3,6.8,NORMAL,9490.939460352096,0.0016420409,False,9558.579928155075,0.0019247815,False,-67.6404678029794,-0.7076413893212572,-0.00028274057,False,No change
M5R,2026-03-25 23:00:00,2026-03-26 05:00:00,6,+5C,5.0,4.3,9.3,NORMAL,9446.435983598407,0.001343982,False,9558.579928155075,0.0019247815,False,-112.14394455666843,-1.1732280882680615,-0.00058079953,False,No change
M5R,2026-03-25 23:00:00,2026-03-26 06:00:00,7,-5C,-5.0,4.3,-0.7000000000000002,NORMAL,10994.42846925823,0.011226915,False,10478.892596379479,0.002704747,False,515.5358728787505,4.919755290333554,0.008522168,False,No change
M5R,2026-03-25 23:00:00,2026-03-26 06:00:00,7,-2.5C,-2.5,4.3,1.7999999999999998,NORMAL,10581.548597943258,0.00899412,False,10478.892596379479,0.002704747,False,102.65600156377877,0.9796455171154922,0.006289373,False,No change
M5R,2026-03-25 23:00:00,2026-03-26 06:00:00,7,Baseline,0.0,4.3,4.3,NORMAL,10478.892596379479,0.002704747,False,10478.892596379479,0.002704747,False,0.0,0.0,0.0,False,No change
M5R,2026-03-25 23:00:00,2026-03-26 06:00:00,7,+2.5C,2.5,4.3,6.8,NORMAL,10456.48681078818,0.0024219102,False,10478.892596379479,0.002704747,False,-22.40578559129972,-0.21381825784759978,-0.00028283685,False,No change
M5R,2026-03-25 23:00:00,2026-03-26 06:00:00,7,+5C,5.0,4.3,9.3,NORMAL,10435.717527992849,0.0014023028,False,10478.892596379479,0.002704747,False,-43.1750683866303,-0.41201938076498223,-0.0013024443,False,No change
M5R,2026-03-25 23:00:00,2026-03-26 07:00:00,8,-5C,-5.0,4.3,-0.7000000000000002,NORMAL,11358.22900915724,0.01196328,False,10969.809334175632,0.002663222,False,388.4196749816074,3.5408060719115193,0.009300058,False,No change
M5R,2026-03-25 23:00:00,2026-03-26 07:00:00,8,-2.5C,-2.5,4.3,1.7999999999999998,NORMAL,11114.352854386681,0.010103388,False,10969.809334175632,0.002663222,False,144.54352021104933,1.3176484276780878,0.0074401656,False,No change
M5R,2026-03-25 23:00:00,2026-03-26 07:00:00,8,Baseline,0.0,4.3,4.3,NORMAL,10969.809334175632,0.002663222,False,10969.809334175632,0.002663222,False,0.0,0.0,0.0,False,No change
M5R,2026-03-25 23:00:00,2026-03-26 07:00:00,8,+2.5C,2.5,4.3,6.8,NORMAL,10976.967721598978,0.0023035607,False,10969.809334175632,0.002663222,False,7.15838742334563,0.06525534952594118,-0.00035966118,False,No change
M5R,2026-03-25 23:00:00,2026-03-26 07:00:00,8,+5C,5.0,4.3,9.3,NORMAL,10946.006231105095,0.0018663085,False,10969.809334175632,0.002663222,False,-23.803103070536963,-0.21698739098755482,-0.0007969134,False,No change
M5R,2026-03-25 23:00:00,2026-03-26 08:00:00,9,-5C,-5.0,4.3,-0.7000000000000002,NORMAL,11403.016647107572,0.011618907,False,11108.645232492947,0.0030215958,False,294.3714146146249,2.649930828230829,0.008597311,False,No change
M5R,2026-03-25 23:00:00,2026-03-26 08:00:00,9,-2.5C,-2.5,4.3,1.7999999999999998,NORMAL,11172.597706405044,0.008535327,False,11108.645232492947,0.0030215958,False,63.95247391209705,0.5757000297843263,0.0055137314,False,No change
M5R,2026-03-25 23:00:00,2026-03-26 08:00:00,9,Baseline,0.0,4.3,4.3,NORMAL,11108.645232492947,0.0030215958,False,11108.645232492947,0.0030215958,False,0.0,0.0,0.0,False,No change
M5R,2026-03-25 23:00:00,2026-03-26 08:00:00,9,+2.5C,2.5,4.3,6.8,NORMAL,11070.377455235788,0.0021562232,False,11108.645232492947,0.0030215958,False,-38.26777725715874,-0.34448644687315194,-0.0008653726,False,No change
M5R,2026-03-25 23:00:00,2026-03-26 08:00:00,9,+5C,5.0,4.3,9.3,NORMAL,10951.538772890988,0.0014704178,False,11108.645232492947,0.0030215958,False,-157.1064596019587,-1.4142720044962824,-0.0015511779,False,No change
M5R,2026-03-25 23:00:00,2026-03-26 09:00:00,10,-5C,-5.0,4.3,-0.7000000000000002,NORMAL,11445.834269729914,0.0074385335,False,11157.077445988603,0.0037385677,False,288.75682374131065,2.5881045026278793,0.0036999658,False,No change
M5R,2026-03-25 23:00:00,2026-03-26 09:00:00,10,-2.5C,-2.5,4.3,1.7999999999999998,NORMAL,11258.011697967277,0.0052760057,False,11157.077445988603,0.0037385677,False,100.93425197867327,0.9046656928509804,0.001537438,False,No change
M5R,2026-03-25 23:00:00,2026-03-26 09:00:00,10,Baseline,0.0,4.3,4.3,NORMAL,11157.077445988603,0.0037385677,False,11157.077445988603,0.0037385677,False,0.0,0.0,0.0,False,No change
M5R,2026-03-25 23:00:00,2026-03-26 09:00:00,10,+2.5C,2.5,4.3,6.8,NORMAL,11089.820759529737,0.0014784201,False,11157.077445988603,0.0037385677,False,-67.25668645886617,-0.6028163449116105,-0.0022601476,False,No change
M5R,2026-03-25 23:00:00,2026-03-26 09:00:00,10,+5C,5.0,4.3,9.3,NORMAL,11031.944374162142,0.0012843375,False,11157.077445988603,0.0037385677,False,-125.13307182646167,-1.121557795329742,-0.00245423,False,No change
M5R,2026-03-25 23:00:00,2026-03-26 10:00:00,11,-5C,-5.0,4.3,-0.7000000000000002,NORMAL,11630.785498825151,0.03986397,False,11181.266594265993,0.012832306,False,449.5189045591578,4.020286080913958,0.027031664,False,No change
M5R,2026-03-25 23:00:00,2026-03-26 10:00:00,11,-2.5C,-2.5,4.3,1.7999999999999998,NORMAL,11362.298842352535,0.029137425,False,11181.266594265993,0.012832306,False,181.03224808654159,1.619067451440421,0.016305119,False,No change
M5R,2026-03-25 23:00:00,2026-03-26 10:00:00,11,Baseline,0.0,4.3,4.3,NORMAL,11181.266594265993,0.012832306,False,11181.266594265993,0.012832306,False,0.0,0.0,0.0,False,No change
M5R,2026-03-25 23:00:00,2026-03-26 10:00:00,11,+2.5C,2.5,4.3,6.8,NORMAL,11154.355880288338,0.0039413557,False,11181.266594265993,0.012832306,False,-26.910713977655178,-0.24067679408928144,-0.008890951,False,No change
M5R,2026-03-25 23:00:00,2026-03-26 10:00:00,11,+5C,5.0,4.3,9.3,NORMAL,11111.151800678306,0.0038685454,False,11181.266594265993,0.012832306,False,-70.11479358768702,-0.6270738023869628,-0.008963761,False,No change
M5R,2026-03-25 23:00:00,2026-03-26 11:00:00,12,-5C,-5.0,4.3,-0.7000000000000002,NORMAL,11533.076255317705,0.09942984,True,11126.083806850773,0.020829475,False,406.9924484669318,3.6580027216434443,0.07860036,True,No Alert -> Alert
M5R,2026-03-25 23:00:00,2026-03-26 11:00:00,12,-2.5C,-2.5,4.3,1.7999999999999998,NORMAL,11231.26338942241,0.054507233,False,11126.083806850773,0.020829475,False,105.17958257163627,0.9453423540354156,0.033677757,False,No change
M5R,2026-03-25 23:00:00,2026-03-26 11:00:00,12,Baseline,0.0,4.3,4.3,NORMAL,11126.083806850773,0.020829475,False,11126.083806850773,0.020829475,False,0.0,0.0,0.0,False,No change
M5R,2026-03-25 23:00:00,2026-03-26 11:00:00,12,+2.5C,2.5,4.3,6.8,NORMAL,11151.420186391002,0.007350585,False,11126.083806850773,0.020829475,False,25.336379540229245,0.22772055271261418,-0.01347889,False,No change
M5R,2026-03-25 23:00:00,2026-03-26 11:00:00,12,+5C,5.0,4.3,9.3,NORMAL,11048.687923435618,0.0049223984,False,11126.083806850773,0.020829475,False,-77.39588341515446,-0.6956255656415129,-0.015907075,False,No change
M5R,2026-03-25 23:00:00,2026-03-26 12:00:00,13,-5C,-5.0,4.3,-0.7000000000000002,NORMAL,10781.82984794884,0.20374075,True,10507.426506739703,0.05204273,False,274.4033412091376,2.6115180632777113,0.15169802,True,No Alert -> Alert
M5R,2026-03-25 23:00:00,2026-03-26 12:00:00,13,-2.5C,-2.5,4.3,1.7999999999999998,NORMAL,10493.700139997072,0.13021693,True,10507.426506739703,0.05204273,False,-13.72636674263049,-0.1306349060240972,0.078174196,True,No Alert -> Alert
M5R,2026-03-25 23:00:00,2026-03-26 12:00:00,13,Baseline,0.0,4.3,4.3,NORMAL,10507.426506739703,0.05204273,False,10507.426506739703,0.05204273,False,0.0,0.0,0.0,False,No change
M5R,2026-03-25 23:00:00,2026-03-26 12:00:00,13,+2.5C,2.5,4.3,6.8,NORMAL,10483.186250445651,0.008243595,False,10507.426506739703,0.05204273,False,-24.240256294051505,-0.23069641532589596,-0.043799136,False,No change
M5R,2026-03-25 23:00:00,2026-03-26 12:00:00,13,+5C,5.0,4.3,9.3,NORMAL,10482.04031964208,0.007521872,False,10507.426506739703,0.05204273,False,-25.386187097623406,-0.2416023284230456,-0.04452086,False,No change
M5R,2026-03-25 23:00:00,2026-03-26 13:00:00,14,-5C,-5.0,4.3,-0.7000000000000002,NORMAL,10897.930649128404,0.20563959,True,10579.18476579628,0.053507145,False,318.7458833321234,3.012953175396515,0.15213244,True,No Alert -> Alert
M5R,2026-03-25 23:00:00,2026-03-26 13:00:00,14,-2.5C,-2.5,4.3,1.7999999999999998,NORMAL,10617.552900754203,0.082795694,True,10579.18476579628,0.053507145,False,38.36813495792194,0.3626757241443644,0.029288549,True,No Alert -> Alert
M5R,2026-03-25 23:00:00,2026-03-26 13:00:00,14,Baseline,0.0,4.3,4.3,NORMAL,10579.18476579628,0.053507145,False,10579.18476579628,0.053507145,False,0.0,0.0,0.0,False,No change
M5R,2026-03-25 23:00:00,2026-03-26 13:00:00,14,+2.5C,2.5,4.3,6.8,NORMAL,10563.919149803765,0.009561278,False,10579.18476579628,0.053507145,False,-15.26561599251545,-0.14429860457557125,-0.043945868,False,No change
M5R,2026-03-25 23:00:00,2026-03-26 13:00:00,14,+5C,5.0,4.3,9.3,NORMAL,10556.82273410743,0.009561278,False,10579.18476579628,0.053507145,False,-22.36203168885004,-0.21137764566839834,-0.043945868,False,No change
M5R,2026-03-25 23:00:00,2026-03-26 14:00:00,15,-5C,-5.0,4.3,-0.7000000000000002,NORMAL,10985.43166535573,0.18727143,True,10688.902329481054,0.04362355,False,296.5293358746767,2.774179487605751,0.14364788,True,No Alert -> Alert
M5R,2026-03-25 23:00:00,2026-03-26 14:00:00,15,-2.5C,-2.5,4.3,1.7999999999999998,NORMAL,10793.805399266656,0.0992667,True,10688.902329481054,0.04362355,False,104.90306978560147,0.9814204167276221,0.05564315,True,No Alert -> Alert
M5R,2026-03-25 23:00:00,2026-03-26 14:00:00,15,Baseline,0.0,4.3,4.3,NORMAL,10688.902329481054,0.04362355,False,10688.902329481054,0.04362355,False,0.0,0.0,0.0,False,No change
M5R,2026-03-25 23:00:00,2026-03-26 14:00:00,15,+2.5C,2.5,4.3,6.8,NORMAL,10671.68592748548,0.008438618,False,10688.902329481054,0.04362355,False,-17.216401995574415,-0.16106800740511837,-0.035184935,False,No change
M5R,2026-03-25 23:00:00,2026-03-26 14:00:00,15,+5C,5.0,4.3,9.3,NORMAL,10634.99545784314,0.0071791895,False,10688.902329481054,0.04362355,False,-53.906871637913355,-0.5043256077776372,-0.036444362,False,No change
M5R,2026-03-25 23:00:00,2026-03-26 15:00:00,16,-5C,-5.0,4.3,-0.7000000000000002,NORMAL,11367.66923965361,0.46958867,True,11233.427676968853,0.15565006,True,134.241562684756,1.1950187115192143,0.31393862,False,No change
M5R,2026-03-25 23:00:00,2026-03-26 15:00:00,16,-2.5C,-2.5,4.3,1.7999999999999998,NORMAL,11303.974235612464,0.36336696,True,11233.427676968853,0.15565006,True,70.5465586436112,0.6280056334741719,0.2077169,False,No change
M5R,2026-03-25 23:00:00,2026-03-26 15:00:00,16,Baseline,0.0,4.3,4.3,NORMAL,11233.427676968853,0.15565006,True,11233.427676968853,0.15565006,True,0.0,0.0,0.0,False,No change
M5R,2026-03-25 23:00:00,2026-03-26 15:00:00,16,+2.5C,2.5,4.3,6.8,NORMAL,11262.206033953882,0.035834547,False,11233.427676968853,0.15565006,True,28.77835698502895,0.2561850025885803,-0.11981551,True,Alert -> No Alert
M5R,2026-03-25 23:00:00,2026-03-26 15:00:00,16,+5C,5.0,4.3,9.3,NORMAL,11222.395933242962,0.034186535,False,11233.427676968853,0.15565006,True,-11.03174372589092,-0.09820460898598712,-0.12146353,True,Alert -> No Alert
M5R,2026-03-25 23:00:00,2026-03-26 16:00:00,17,-5C,-5.0,4.3,-0.7000000000000002,NORMAL,11771.806135998195,0.59654206,True,11688.229401143488,0.33131853,True,83.57673485470696,0.7150504322453702,0.26522353,False,No change
M5R,2026-03-25 23:00:00,2026-03-26 16:00:00,17,-2.5C,-2.5,4.3,1.7999999999999998,NORMAL,11682.069968951295,0.53460145,True,11688.229401143488,0.33131853,True,-6.15943219219298,-0.05269773530959607,0.20328292,False,No change
M5R,2026-03-25 23:00:00,2026-03-26 16:00:00,17,Baseline,0.0,4.3,4.3,NORMAL,11688.229401143488,0.33131853,True,11688.229401143488,0.33131853,True,0.0,0.0,0.0,False,No change
M5R,2026-03-25 23:00:00,2026-03-26 16:00:00,17,+2.5C,2.5,4.3,6.8,NORMAL,11689.689366500177,0.051844575,False,11688.229401143488,0.33131853,True,1.4599653566892812,0.012490902655850074,-0.27947396,True,Alert -> No Alert
M5R,2026-03-25 23:00:00,2026-03-26 16:00:00,17,+5C,5.0,4.3,9.3,NORMAL,11642.130126888842,0.039048195,False,11688.229401143488,0.33131853,True,-46.099274254645934,-0.3944076786355334,-0.29227033,True,Alert -> No Alert
M5R,2026-03-25 23:00:00,2026-03-26 17:00:00,18,-5C,-5.0,4.3,-0.7000000000000002,NORMAL,12136.620887012588,0.9292409,True,12037.498859121111,0.6648983,True,99.12202789147705,0.8234437157713193,0.2643426,False,No change
M5R,2026-03-25 23:00:00,2026-03-26 17:00:00,18,-2.5C,-2.5,4.3,1.7999999999999998,NORMAL,12035.05807874697,0.8579482,True,12037.498859121111,0.6648983,True,-2.440780374141468,-0.020276474396440158,0.19304991,False,No change
M5R,2026-03-25 23:00:00,2026-03-26 17:00:00,18,Baseline,0.0,4.3,4.3,NORMAL,12037.498859121111,0.6648983,True,12037.498859121111,0.6648983,True,0.0,0.0,0.0,False,No change
M5R,2026-03-25 23:00:00,2026-03-26 17:00:00,18,+2.5C,2.5,4.3,6.8,NORMAL,12030.386518078474,0.2786915,True,12037.498859121111,0.6648983,True,-7.1123410426371265,-0.05908487407455021,-0.38620678,False,No change
M5R,2026-03-25 23:00:00,2026-03-26 17:00:00,18,+5C,5.0,4.3,9.3,NORMAL,11991.53477397449,0.17674781,True,12037.498859121111,0.6648983,True,-45.96408514662107,-0.3818408266082031,-0.48815048,False,No change
M5R,2026-03-25 23:00:00,2026-03-26 18:00:00,19,-5C,-5.0,4.3,-0.7000000000000002,NORMAL,12462.871747653953,0.98301125,True,12365.274338937666,0.92385745,True,97.59740871628674,0.7892862385507865,0.059153795,False,No change
M5R,2026-03-25 23:00:00,2026-03-26 18:00:00,19,-2.5C,-2.5,4.3,1.7999999999999998,NORMAL,12370.81047100612,0.96994406,True,12365.274338937666,0.92385745,True,5.536132068453298,0.04477160729883913,0.04608661,False,No change
M5R,2026-03-25 23:00:00,2026-03-26 18:00:00,19,Baseline,0.0,4.3,4.3,NORMAL,12365.274338937666,0.92385745,True,12365.274338937666,0.92385745,True,0.0,0.0,0.0,False,No change
M5R,2026-03-25 23:00:00,2026-03-26 18:00:00,19,+2.5C,2.5,4.3,6.8,NORMAL,12383.204541603262,0.7288511,True,12365.274338937666,0.92385745,True,17.93020266559506,0.14500448735806612,-0.19500637,False,No change
M5R,2026-03-25 23:00:00,2026-03-26 18:00:00,19,+5C,5.0,4.3,9.3,NORMAL,12339.945178453647,0.5646715,True,12365.274338937666,0.92385745,True,-25.329160484019667,-0.20484107177678487,-0.35918593,False,No change
M5R,2026-03-25 23:00:00,2026-03-26 19:00:00,20,-5C,-5.0,4.3,-0.7000000000000002,NORMAL,12118.369679699306,0.970159,True,12074.013711408916,0.88542604,True,44.35596829039059,0.3673672181478308,0.08473295,False,No change
M5R,2026-03-25 23:00:00,2026-03-26 19:00:00,20,-2.5C,-2.5,4.3,1.7999999999999998,NORMAL,12086.786594591707,0.9495247,True,12074.013711408916,0.88542604,True,12.772883182791702,0.10578821167581096,0.064098656,False,No change
M5R,2026-03-25 23:00:00,2026-03-26 19:00:00,20,Baseline,0.0,4.3,4.3,NORMAL,12074.013711408916,0.88542604,True,12074.013711408916,0.88542604,True,0.0,0.0,0.0,False,No change
M5R,2026-03-25 23:00:00,2026-03-26 19:00:00,20,+2.5C,2.5,4.3,6.8,NORMAL,12085.666357250055,0.6415592,True,12074.013711408916,0.88542604,True,11.65264584113902,0.09651012595859702,-0.24386686,False,No change
M5R,2026-03-25 23:00:00,2026-03-26 19:00:00,20,+5C,5.0,4.3,9.3,NORMAL,12064.085484975125,0.48657143,True,12074.013711408916,0.88542604,True,-9.928226433790769,-0.08222805333084424,-0.3988546,False,No change
M5R,2026-03-25 23:00:00,2026-03-26 20:00:00,21,-5C,-5.0,4.3,-0.7000000000000002,NORMAL,11735.220286485255,0.9656497,True,11755.51552356415,0.87670946,True,-20.295237078895298,-0.17264438159443637,0.08894026,False,No change
M5R,2026-03-25 23:00:00,2026-03-26 20:00:00,21,-2.5C,-2.5,4.3,1.7999999999999998,NORMAL,11750.660156710517,0.94402486,True,11755.51552356415,0.87670946,True,-4.855366853633313,-0.04130288326275985,0.0673154,False,No change
M5R,2026-03-25 23:00:00,2026-03-26 20:00:00,21,Baseline,0.0,4.3,4.3,NORMAL,11755.51552356415,0.87670946,True,11755.51552356415,0.87670946,True,0.0,0.0,0.0,False,No change
M5R,2026-03-25 23:00:00,2026-03-26 20:00:00,21,+2.5C,2.5,4.3,6.8,NORMAL,11774.350611693037,0.62692785,True,11755.51552356415,0.87670946,True,18.835088128886127,0.16022341250054786,-0.24978161,False,No change
M5R,2026-03-25 23:00:00,2026-03-26 20:00:00,21,+5C,5.0,4.3,9.3,NORMAL,11728.1778169149,0.3815278,True,11755.51552356415,0.87670946,True,-27.337706649250322,-0.2325521717397368,-0.49518165,False,No change
M5R,2026-03-25 23:00:00,2026-03-26 21:00:00,22,-5C,-5.0,4.3,-0.7000000000000002,NORMAL,10896.682478359931,0.8872394,True,10877.779185808731,0.7680165,True,18.90329255120014,0.17377896929422487,0.11922288,False,No change
M5R,2026-03-25 23:00:00,2026-03-26 21:00:00,22,-2.5C,-2.5,4.3,1.7999999999999998,NORMAL,10883.892111310317,0.84896165,True,10877.779185808731,0.7680165,True,6.112925501585778,0.056196447796630834,0.080945134,False,No change
M5R,2026-03-25 23:00:00,2026-03-26 21:00:00,22,Baseline,0.0,4.3,4.3,NORMAL,10877.779185808731,0.7680165,True,10877.779185808731,0.7680165,True,0.0,0.0,0.0,False,No change
M5R,2026-03-25 23:00:00,2026-03-26 21:00:00,22,+2.5C,2.5,4.3,6.8,NORMAL,10883.884317831018,0.63023907,True,10877.779185808731,0.7680165,True,6.105132022286853,0.05612480192879512,-0.13777745,False,No change
M5R,2026-03-25 23:00:00,2026-03-26 21:00:00,22,+5C,5.0,4.3,9.3,NORMAL,10893.715478714406,0.35042843,True,10877.779185808731,0.7680165,True,15.936292905675145,0.14650318445943272,-0.41758808,False,No change
M5R,2026-03-25 23:00:00,2026-03-26 22:00:00,23,-5C,-5.0,4.3,-0.7000000000000002,NORMAL,10065.401670997457,0.26591355,True,10156.10367157276,0.18719587,True,-90.70200057530383,-0.8930787190483438,0.07871768,False,No change
M5R,2026-03-25 23:00:00,2026-03-26 22:00:00,23,-2.5C,-2.5,4.3,1.7999999999999998,NORMAL,10064.824672313338,0.22882926,True,10156.10367157276,0.18719587,True,-91.27899925942256,-0.8987600187157918,0.041633397,False,No change
M5R,2026-03-25 23:00:00,2026-03-26 22:00:00,23,Baseline,0.0,4.3,4.3,NORMAL,10156.10367157276,0.18719587,True,10156.10367157276,0.18719587,True,0.0,0.0,0.0,False,No change
M5R,2026-03-25 23:00:00,2026-03-26 22:00:00,23,+2.5C,2.5,4.3,6.8,NORMAL,10159.53691830346,0.09076185,True,10156.10367157276,0.18719587,True,3.433246730699466,0.03380476255189504,-0.09643402,False,No change
M5R,2026-03-25 23:00:00,2026-03-26 22:00:00,23,+5C,5.0,4.3,9.3,NORMAL,10177.306948346331,0.030430391,False,10156.10367157276,0.18719587,True,21.203276773570906,0.20877373310908115,-0.15676548,True,Alert -> No Alert
M5R,2026-03-25 23:00:00,2026-03-26 23:00:00,24,-5C,-5.0,4.3,-0.7000000000000002,NORMAL,9201.674998264538,0.046439417,False,9200.503948983085,0.028092664,False,1.1710492814527242,0.01272809932962594,0.018346753,False,No change
M5R,2026-03-25 23:00:00,2026-03-26 23:00:00,24,-2.5C,-2.5,4.3,1.7999999999999998,NORMAL,9193.338949819923,0.03201779,False,9200.503948983085,0.028092664,False,-7.164999163162065,-0.07787615985919988,0.003925126,False,No change
M5R,2026-03-25 23:00:00,2026-03-26 23:00:00,24,Baseline,0.0,4.3,4.3,NORMAL,9200.503948983085,0.028092664,False,9200.503948983085,0.028092664,False,0.0,0.0,0.0,False,No change
M5R,2026-03-25 23:00:00,2026-03-26 23:00:00,24,+2.5C,2.5,4.3,6.8,NORMAL,9178.921043393882,0.024640005,False,9200.503948983085,0.028092664,False,-21.58290558920271,-0.2345839500627379,-0.0034526587,False,No change
M5R,2026-03-25 23:00:00,2026-03-26 23:00:00,24,+5C,5.0,4.3,9.3,NORMAL,9191.344417769507,0.012063152,False,9200.503948983085,0.028092664,False,-9.159531213577793,-0.09955466857432499,-0.01602951,False,No change
M5S,2026-03-25 23:00:00,2026-03-26 00:00:00,1,-5C,-5.0,4.3,-0.7000000000000002,NORMAL,5259.520423634319,0.0043261647,False,5076.646013894907,0.00047515225,False,182.87440973941193,3.6022682936505737,0.0038510126,False,No change
M5S,2026-03-25 23:00:00,2026-03-26 00:00:00,1,-2.5C,-2.5,4.3,1.7999999999999998,NORMAL,5121.104514340745,0.0017937784,False,5076.646013894907,0.00047515225,False,44.45850044583767,0.8757455281332133,0.0013186261,False,No change
M5S,2026-03-25 23:00:00,2026-03-26 00:00:00,1,Baseline,0.0,4.3,4.3,NORMAL,5076.646013894907,0.00047515225,False,5076.646013894907,0.00047515225,False,0.0,0.0,0.0,False,No change
M5S,2026-03-25 23:00:00,2026-03-26 00:00:00,1,+2.5C,2.5,4.3,6.8,NORMAL,5032.220471849738,0.0003284336,False,5076.646013894907,0.00047515225,False,-44.425542045169095,-0.8750963120843028,-0.00014671864,False,No change
M5S,2026-03-25 23:00:00,2026-03-26 00:00:00,1,+5C,5.0,4.3,9.3,NORMAL,4930.13046381315,0.00032220205,False,5076.646013894907,0.00047515225,False,-146.51555008175728,-2.886069851644975,-0.0001529502,False,No change
M5S,2026-03-25 23:00:00,2026-03-26 01:00:00,2,-5C,-5.0,4.3,-0.7000000000000002,NORMAL,5031.538019647785,0.000999565,False,4859.372653019214,0.00036199464,False,172.16536662857106,3.5429545935646996,0.0006375704,False,No change
M5S,2026-03-25 23:00:00,2026-03-26 01:00:00,2,-2.5C,-2.5,4.3,1.7999999999999998,NORMAL,4893.988232154386,0.0010234285,False,4859.372653019214,0.00036199464,False,34.615579135172084,0.712346667088082,0.0006614339,False,No change
M5S,2026-03-25 23:00:00,2026-03-26 01:00:00,2,Baseline,0.0,4.3,4.3,NORMAL,4859.372653019214,0.00036199464,False,4859.372653019214,0.00036199464,False,0.0,0.0,0.0,False,No change
M5S,2026-03-25 23:00:00,2026-03-26 01:00:00,2,+2.5C,2.5,4.3,6.8,NORMAL,4827.434621776255,0.00023887468,False,4859.372653019214,0.00036199464,False,-31.93803124295937,-0.6572459764557407,-0.00012311996,False,No change
M5S,2026-03-25 23:00:00,2026-03-26 01:00:00,2,+5C,5.0,4.3,9.3,NORMAL,4732.537426916222,0.00011857532,False,4859.372653019214,0.00036199464,False,-126.83522610299224,-2.6101152383155317,-0.00024341932,False,No change
M5S,2026-03-25 23:00:00,2026-03-26 02:00:00,3,-5C,-5.0,4.3,-0.7000000000000002,NORMAL,4909.650384949508,0.00061663176,False,4751.539616379642,0.00020939118,False,158.1107685698662,3.3275691951472375,0.0004072406,False,No change
M5S,2026-03-25 23:00:00,2026-03-26 02:00:00,3,-2.5C,-2.5,4.3,1.7999999999999998,NORMAL,4809.046071295742,0.00061516167,False,4751.539616379642,0.00020939118,False,57.506454916099756,1.2102699242549062,0.0004057705,False,No change
M5S,2026-03-25 23:00:00,2026-03-26 02:00:00,3,Baseline,0.0,4.3,4.3,NORMAL,4751.539616379642,0.00020939118,False,4751.539616379642,0.00020939118,False,0.0,0.0,0.0,False,No change
M5S,2026-03-25 23:00:00,2026-03-26 02:00:00,3,+2.5C,2.5,4.3,6.8,NORMAL,4724.562025161986,0.00016280485,False,4751.539616379642,0.00020939118,False,-26.97759121765648,-0.5677652591732281,-4.6586327e-05,False,No change
M5S,2026-03-25 23:00:00,2026-03-26 02:00:00,3,+5C,5.0,4.3,9.3,NORMAL,4645.418961722005,0.00015834122,False,4751.539616379642,0.00020939118,False,-106.1206546576368,-2.2333951355854147,-5.1049952e-05,False,No change
M5S,2026-03-25 23:00:00,2026-03-26 03:00:00,4,-5C,-5.0,4.3,-0.7000000000000002,NORMAL,4744.4286327531045,0.0015300704,False,4493.9431038084385,0.00024084761,False,250.48552894466593,5.573847357622071,0.0012892229,False,No change
M5S,2026-03-25 23:00:00,2026-03-26 03:00:00,4,-2.5C,-2.5,4.3,1.7999999999999998,NORMAL,4646.9576267349885,0.0011159137,False,4493.9431038084385,0.00024084761,False,153.01452292654994,3.4049056561681033,0.00087506615,False,No change
M5S,2026-03-25 23:00:00,2026-03-26 03:00:00,4,Baseline,0.0,4.3,4.3,NORMAL,4493.9431038084385,0.00024084761,False,4493.9431038084385,0.00024084761,False,0.0,0.0,0.0,False,No change
M5S,2026-03-25 23:00:00,2026-03-26 03:00:00,4,+2.5C,2.5,4.3,6.8,NORMAL,4480.348030402472,0.00017317981,False,4493.9431038084385,0.00024084761,False,-13.595073405966104,-0.3025199271981174,-6.76678e-05,False,No change
M5S,2026-03-25 23:00:00,2026-03-26 03:00:00,4,+5C,5.0,4.3,9.3,NORMAL,4406.221282825397,0.00010889047,False,4493.9431038084385,0.00024084761,False,-87.72182098304165,-1.9520011481387223,-0.00013195715,False,No change
M5S,2026-03-25 23:00:00,2026-03-26 04:00:00,5,-5C,-5.0,4.3,-0.7000000000000002,NORMAL,4882.046089391204,0.0060050273,False,4717.503629493721,0.0011040564,False,164.54245989748324,3.4879137955245585,0.004900971,False,No change
M5S,2026-03-25 23:00:00,2026-03-26 04:00:00,5,-2.5C,-2.5,4.3,1.7999999999999998,NORMAL,4752.95882773533,0.0041733445,False,4717.503629493721,0.0011040564,False,35.45519824160874,0.7515669520621814,0.003069288,False,No change
M5S,2026-03-25 23:00:00,2026-03-26 04:00:00,5,Baseline,0.0,4.3,4.3,NORMAL,4717.503629493721,0.0011040564,False,4717.503629493721,0.0011040564,False,0.0,0.0,0.0,False,No change
M5S,2026-03-25 23:00:00,2026-03-26 04:00:00,5,+2.5C,2.5,4.3,6.8,NORMAL,4717.889243094529,0.0006585634,False,4717.503629493721,0.0011040564,False,0.3856136008080284,0.008174102896226328,-0.00044549297,False,No change
M5S,2026-03-25 23:00:00,2026-03-26 04:00:00,5,+5C,5.0,4.3,9.3,NORMAL,4676.280538713535,0.00042241463,False,4717.503629493721,0.0011040564,False,-41.223090780185885,-0.8738327305666518,-0.00068164174,False,No change
M5S,2026-03-25 23:00:00,2026-03-26 05:00:00,6,-5C,-5.0,4.3,-0.7000000000000002,NORMAL,5016.86855591488,0.006834919,False,4905.899102904704,0.00069311546,False,110.96945301017604,2.261959544672919,0.0061418037,False,No change
M5S,2026-03-25 23:00:00,2026-03-26 05:00:00,6,-2.5C,-2.5,4.3,1.7999999999999998,NORMAL,4923.915632515564,0.003515044,False,4905.899102904704,0.00069311546,False,18.016529610859834,0.367242155473449,0.0028219286,False,No change
M5S,2026-03-25 23:00:00,2026-03-26 05:00:00,6,Baseline,0.0,4.3,4.3,NORMAL,4905.899102904704,0.00069311546,False,4905.899102904704,0.00069311546,False,0.0,0.0,0.0,False,No change
M5S,2026-03-25 23:00:00,2026-03-26 05:00:00,6,+2.5C,2.5,4.3,6.8,NORMAL,4864.923229382393,0.00050470285,False,4905.899102904704,0.00069311546,False,-40.975873522310394,-0.8352367764361326,-0.00018841261,False,No change
M5S,2026-03-25 23:00:00,2026-03-26 05:00:00,6,+5C,5.0,4.3,9.3,NORMAL,4804.25905699764,0.00038562113,False,4905.899102904704,0.00069311546,False,-101.64004590706372,-2.0717924232661917,-0.00030749434,False,No change
M5S,2026-03-25 23:00:00,2026-03-26 06:00:00,7,-5C,-5.0,4.3,-0.7000000000000002,NORMAL,5555.3556093836205,0.003546488,False,5472.856581411593,0.00070164463,False,82.49902797202776,1.5074217046401954,0.0028448433,False,No change
M5S,2026-03-25 23:00:00,2026-03-26 06:00:00,7,-2.5C,-2.5,4.3,1.7999999999999998,NORMAL,5503.696139393541,0.0029919085,False,5472.856581411593,0.00070164463,False,30.83955798194802,0.563500203654043,0.0022902638,False,No change
M5S,2026-03-25 23:00:00,2026-03-26 06:00:00,7,Baseline,0.0,4.3,4.3,NORMAL,5472.856581411593,0.00070164463,False,5472.856581411593,0.00070164463,False,0.0,0.0,0.0,False,No change
M5S,2026-03-25 23:00:00,2026-03-26 06:00:00,7,+2.5C,2.5,4.3,6.8,NORMAL,5423.2581608582395,0.0005426862,False,5472.856581411593,0.00070164463,False,-49.59842055335321,-0.9062620190306627,-0.00015895843,False,No change
M5S,2026-03-25 23:00:00,2026-03-26 06:00:00,7,+5C,5.0,4.3,9.3,NORMAL,5341.664818315059,0.00027729291,False,5472.856581411593,0.00070164463,False,-131.19176309653358,-2.397135045382384,-0.00042435172,False,No change
M5S,2026-03-25 23:00:00,2026-03-26 07:00:00,8,-5C,-5.0,4.3,-0.7000000000000002,NORMAL,5981.561640751509,0.0086110765,False,5906.978433314847,0.0018665014,False,74.58320743666172,1.2626287412193498,0.006744575,False,No change
M5S,2026-03-25 23:00:00,2026-03-26 07:00:00,8,-2.5C,-2.5,4.3,1.7999999999999998,NORMAL,5908.4807374233715,0.0074717565,False,5906.978433314847,0.0018665014,False,1.5023041085241857,0.025432700076426902,0.0056052553,False,No change
M5S,2026-03-25 23:00:00,2026-03-26 07:00:00,8,Baseline,0.0,4.3,4.3,NORMAL,5906.978433314847,0.0018665014,False,5906.978433314847,0.0018665014,False,0.0,0.0,0.0,False,No change
M5S,2026-03-25 23:00:00,2026-03-26 07:00:00,8,+2.5C,2.5,4.3,6.8,NORMAL,5904.059126113369,0.0015190113,False,5906.978433314847,0.0018665014,False,-2.9193072014786594,-0.04942132825496737,-0.00034749007,False,No change
M5S,2026-03-25 23:00:00,2026-03-26 07:00:00,8,+5C,5.0,4.3,9.3,NORMAL,5838.970025387654,0.0013713117,False,5906.978433314847,0.0018665014,False,-68.00840792719373,-1.1513231120606806,-0.0004951897,False,No change
M5S,2026-03-25 23:00:00,2026-03-26 08:00:00,9,-5C,-5.0,4.3,-0.7000000000000002,NORMAL,6021.526629405574,0.0036486695,False,5947.2414299170105,0.0010606535,False,74.2851994885632,1.2490698479950526,0.002588016,False,No change
M5S,2026-03-25 23:00:00,2026-03-26 08:00:00,9,-2.5C,-2.5,4.3,1.7999999999999998,NORMAL,5948.7653489717595,0.0028257805,False,5947.2414299170105,0.0010606535,False,1.523919054749058,0.02562396487021922,0.0017651271,False,No change
M5S,2026-03-25 23:00:00,2026-03-26 08:00:00,9,Baseline,0.0,4.3,4.3,NORMAL,5947.2414299170105,0.0010606535,False,5947.2414299170105,0.0010606535,False,0.0,0.0,0.0,False,No change
M5S,2026-03-25 23:00:00,2026-03-26 08:00:00,9,+2.5C,2.5,4.3,6.8,NORMAL,5944.795556781465,0.0007761636,False,5947.2414299170105,0.0010606535,False,-2.4458731355452983,-0.04112617865556248,-0.00028448988,False,No change
M5S,2026-03-25 23:00:00,2026-03-26 08:00:00,9,+5C,5.0,4.3,9.3,NORMAL,5893.243436056745,0.00051442086,False,5947.2414299170105,0.0010606535,False,-53.997993860265524,-0.9079502572173033,-0.0005462326,False,No change
M5S,2026-03-25 23:00:00,2026-03-26 09:00:00,10,-5C,-5.0,4.3,-0.7000000000000002,NORMAL,6086.59702313985,0.0027109822,False,6084.164721459097,0.0010648252,False,2.432301680752971,0.03997757773017131,0.001646157,False,No change
M5S,2026-03-25 23:00:00,2026-03-26 09:00:00,10,-2.5C,-2.5,4.3,1.7999999999999998,NORMAL,6079.844968589672,0.0017912205,False,6084.164721459097,0.0010648252,False,-4.319752869424519,-0.07099993289446249,0.0007263953,False,No change
M5S,2026-03-25 23:00:00,2026-03-26 09:00:00,10,Baseline,0.0,4.3,4.3,NORMAL,6084.164721459097,0.0010648252,False,6084.164721459097,0.0010648252,False,0.0,0.0,0.0,False,No change
M5S,2026-03-25 23:00:00,2026-03-26 09:00:00,10,+2.5C,2.5,4.3,6.8,NORMAL,6097.714452531947,0.00039246303,False,6084.164721459097,0.0010648252,False,13.54973107285059,0.2227048690029732,-0.00067236216,False,No change
M5S,2026-03-25 23:00:00,2026-03-26 09:00:00,10,+5C,5.0,4.3,9.3,NORMAL,6071.127922931239,0.00034089296,False,6084.164721459097,0.0010648252,False,-13.036798527858082,-0.21427425332316796,-0.0007239323,False,No change
M5S,2026-03-25 23:00:00,2026-03-26 10:00:00,11,-5C,-5.0,4.3,-0.7000000000000002,NORMAL,6188.43307142862,0.028844014,False,6173.078927979188,0.008254897,False,15.354143449431831,0.24872747665415232,0.020589117,False,No change
M5S,2026-03-25 23:00:00,2026-03-26 10:00:00,11,-2.5C,-2.5,4.3,1.7999999999999998,NORMAL,6179.555043047281,0.022256877,False,6173.078927979188,0.008254897,False,6.47611506809335,0.10490899506793384,0.01400198,False,No change
M5S,2026-03-25 23:00:00,2026-03-26 10:00:00,11,Baseline,0.0,4.3,4.3,NORMAL,6173.078927979188,0.008254897,False,6173.078927979188,0.008254897,False,0.0,0.0,0.0,False,No change
M5S,2026-03-25 23:00:00,2026-03-26 10:00:00,11,+2.5C,2.5,4.3,6.8,NORMAL,6161.941555859223,0.0024808308,False,6173.078927979188,0.008254897,False,-11.137372119965221,-0.18041843057417603,-0.005774066,False,No change
M5S,2026-03-25 23:00:00,2026-03-26 10:00:00,11,+5C,5.0,4.3,9.3,NORMAL,6110.958051163397,0.0024808308,False,6173.078927979188,0.008254897,False,-62.120876815791235,-1.0063191729856442,-0.005774066,False,No change
M5S,2026-03-25 23:00:00,2026-03-26 11:00:00,12,-5C,-5.0,4.3,-0.7000000000000002,NORMAL,6222.975639506597,0.046920426,False,6217.111507767678,0.010494725,False,5.864131738919241,0.0943224475159015,0.036425702,False,No change
M5S,2026-03-25 23:00:00,2026-03-26 11:00:00,12,-2.5C,-2.5,4.3,1.7999999999999998,NORMAL,6229.326131653084,0.03257658,False,6217.111507767678,0.010494725,False,12.214623885406581,0.19646782706318833,0.022081856,False,No change
M5S,2026-03-25 23:00:00,2026-03-26 11:00:00,12,Baseline,0.0,4.3,4.3,NORMAL,6217.111507767678,0.010494725,False,6217.111507767678,0.010494725,False,0.0,0.0,0.0,False,No change
M5S,2026-03-25 23:00:00,2026-03-26 11:00:00,12,+2.5C,2.5,4.3,6.8,NORMAL,6211.589281870312,0.003808852,False,6217.111507767678,0.010494725,False,-5.522225897365388,-0.08882301516493475,-0.0066858726,False,No change
M5S,2026-03-25 23:00:00,2026-03-26 11:00:00,12,+5C,5.0,4.3,9.3,NORMAL,6169.958061729035,0.0023871786,False,6217.111507767678,0.010494725,False,-47.15344603864287,-0.7584462009363868,-0.008107547,False,No change
M5S,2026-03-25 23:00:00,2026-03-26 12:00:00,13,-5C,-5.0,4.3,-0.7000000000000002,NORMAL,6246.22409896532,0.15950453,True,6273.492655926631,0.047163077,False,-27.268556961311333,-0.43466308891826716,0.112341456,True,No Alert -> Alert
M5S,2026-03-25 23:00:00,2026-03-26 12:00:00,13,-2.5C,-2.5,4.3,1.7999999999999998,NORMAL,6263.8986815910275,0.11902021,True,6273.492655926631,0.047163077,False,-9.593974335603889,-0.15292875694275923,0.07185713,True,No Alert -> Alert
M5S,2026-03-25 23:00:00,2026-03-26 12:00:00,13,Baseline,0.0,4.3,4.3,NORMAL,6273.492655926631,0.047163077,False,6273.492655926631,0.047163077,False,0.0,0.0,0.0,False,No change
M5S,2026-03-25 23:00:00,2026-03-26 12:00:00,13,+2.5C,2.5,4.3,6.8,NORMAL,6277.775852478344,0.0068425173,False,6273.492655926631,0.047163077,False,4.283196551712535,0.06827451288503791,-0.04032056,False,No change
M5S,2026-03-25 23:00:00,2026-03-26 12:00:00,13,+5C,5.0,4.3,9.3,NORMAL,6242.837340213653,0.006242685,False,6273.492655926631,0.047163077,False,-30.655315712978336,-0.4886483079567799,-0.04092039,False,No change
M5S,2026-03-25 23:00:00,2026-03-26 13:00:00,14,-5C,-5.0,4.3,-0.7000000000000002,NORMAL,6143.999062278869,0.114091285,True,6163.5639593123915,0.036949385,False,-19.564897033522357,-0.3174283119746359,0.077141896,True,No Alert -> Alert
M5S,2026-03-25 23:00:00,2026-03-26 13:00:00,14,-2.5C,-2.5,4.3,1.7999999999999998,NORMAL,6132.260710172643,0.051449955,False,6163.5639593123915,0.036949385,False,-31.303249139748914,-0.507875789825358,0.01450057,False,No change
M5S,2026-03-25 23:00:00,2026-03-26 13:00:00,14,Baseline,0.0,4.3,4.3,NORMAL,6163.5639593123915,0.036949385,False,6163.5639593123915,0.036949385,False,0.0,0.0,0.0,False,No change
M5S,2026-03-25 23:00:00,2026-03-26 13:00:00,14,+2.5C,2.5,4.3,6.8,NORMAL,6172.065084052439,0.006548155,False,6163.5639593123915,0.036949385,False,8.50112474004709,0.1379254729271192,-0.03040123,False,No change
M5S,2026-03-25 23:00:00,2026-03-26 13:00:00,14,+5C,5.0,4.3,9.3,NORMAL,6179.092258293996,0.006548155,False,6163.5639593123915,0.036949385,False,15.528298981604166,0.2519370137814958,-0.03040123,False,No change
M5S,2026-03-25 23:00:00,2026-03-26 14:00:00,15,-5C,-5.0,4.3,-0.7000000000000002,NORMAL,6171.3404986548685,0.23598155,True,6181.914744266435,0.052295562,False,-10.574245611566766,-0.17105130123921725,0.18368599,True,No Alert -> Alert
M5S,2026-03-25 23:00:00,2026-03-26 14:00:00,15,-2.5C,-2.5,4.3,1.7999999999999998,NORMAL,6167.814232792871,0.14988008,True,6181.914744266435,0.052295562,False,-14.100511473564438,-0.2280929462290352,0.097584516,True,No Alert -> Alert
M5S,2026-03-25 23:00:00,2026-03-26 14:00:00,15,Baseline,0.0,4.3,4.3,NORMAL,6181.914744266435,0.052295562,False,6181.914744266435,0.052295562,False,0.0,0.0,0.0,False,No change
M5S,2026-03-25 23:00:00,2026-03-26 14:00:00,15,+2.5C,2.5,4.3,6.8,NORMAL,6191.2184933832295,0.011018127,False,6181.914744266435,0.052295562,False,9.303749116794279,0.15049947308676917,-0.041277435,False,No change
M5S,2026-03-25 23:00:00,2026-03-26 14:00:00,15,+5C,5.0,4.3,9.3,NORMAL,6208.6392701951645,0.009278019,False,6181.914744266435,0.052295562,False,26.724525928729236,0.43230175494599854,-0.043017544,False,No change
M5S,2026-03-25 23:00:00,2026-03-26 15:00:00,16,-5C,-5.0,4.3,-0.7000000000000002,NORMAL,6380.087075444561,0.5966924,True,6385.607724571439,0.1889434,True,-5.520649126877288,-0.08645456102218993,0.407749,False,No change
M5S,2026-03-25 23:00:00,2026-03-26 15:00:00,16,-2.5C,-2.5,4.3,1.7999999999999998,NORMAL,6379.477321425974,0.46201017,True,6385.607724571439,0.1889434,True,-6.1304031454646974,-0.0960034410174504,0.27306676,False,No change
M5S,2026-03-25 23:00:00,2026-03-26 15:00:00,16,Baseline,0.0,4.3,4.3,NORMAL,6385.607724571439,0.1889434,True,6385.607724571439,0.1889434,True,0.0,0.0,0.0,False,No change
M5S,2026-03-25 23:00:00,2026-03-26 15:00:00,16,+2.5C,2.5,4.3,6.8,NORMAL,6387.413262314944,0.046586145,False,6385.607724571439,0.1889434,True,1.805537743505738,0.028275112117490966,-0.14235726,True,Alert -> No Alert
M5S,2026-03-25 23:00:00,2026-03-26 15:00:00,16,+5C,5.0,4.3,9.3,NORMAL,6388.373149936565,0.04446648,False,6385.607724571439,0.1889434,True,2.765425365126248,0.043307160170285054,-0.14447692,True,Alert -> No Alert
M5S,2026-03-25 23:00:00,2026-03-26 16:00:00,17,-5C,-5.0,4.3,-0.7000000000000002,NORMAL,6677.978490495026,0.732741,True,6692.045103161567,0.39366716,True,-14.066612666541005,-0.21019901165781776,0.33907384,False,No change
M5S,2026-03-25 23:00:00,2026-03-26 16:00:00,17,-2.5C,-2.5,4.3,1.7999999999999998,NORMAL,6686.905949234203,0.65628827,True,6692.045103161567,0.39366716,True,-5.139153927363623,-0.07679496847586545,0.2626211,False,No change
M5S,2026-03-25 23:00:00,2026-03-26 16:00:00,17,Baseline,0.0,4.3,4.3,NORMAL,6692.045103161567,0.39366716,True,6692.045103161567,0.39366716,True,0.0,0.0,0.0,False,No change
M5S,2026-03-25 23:00:00,2026-03-26 16:00:00,17,+2.5C,2.5,4.3,6.8,NORMAL,6688.516162256424,0.079410374,True,6692.045103161567,0.39366716,True,-3.5289409051429175,-0.05273337000486917,-0.3142568,False,No change
M5S,2026-03-25 23:00:00,2026-03-26 16:00:00,17,+5C,5.0,4.3,9.3,NORMAL,6687.6287455333895,0.06232528,True,6692.045103161567,0.39366716,True,-4.416357628177138,-0.06599414020821064,-0.3313419,False,No change
M5S,2026-03-25 23:00:00,2026-03-26 17:00:00,18,-5C,-5.0,4.3,-0.7000000000000002,NORMAL,6807.370688979268,0.9474888,True,6794.122185840502,0.77027863,True,13.248503138765955,0.19499948302927053,0.17721015,False,No change
M5S,2026-03-25 23:00:00,2026-03-26 17:00:00,18,-2.5C,-2.5,4.3,1.7999999999999998,NORMAL,6796.423408676237,0.90188044,True,6794.122185840502,0.77027863,True,2.301222835734734,0.03387078967361917,0.13160181,False,No change
M5S,2026-03-25 23:00:00,2026-03-26 17:00:00,18,Baseline,0.0,4.3,4.3,NORMAL,6794.122185840502,0.77027863,True,6794.122185840502,0.77027863,True,0.0,0.0,0.0,False,No change
M5S,2026-03-25 23:00:00,2026-03-26 17:00:00,18,+2.5C,2.5,4.3,6.8,NORMAL,6799.14570344963,0.37085748,True,6794.122185840502,0.77027863,True,5.023517609127339,0.07393917082617021,-0.39942116,False,No change
M5S,2026-03-25 23:00:00,2026-03-26 17:00:00,18,+5C,5.0,4.3,9.3,NORMAL,6812.365079802445,0.25824887,True,6794.122185840502,0.77027863,True,18.242893961942173,0.26850994820142965,-0.51202977,False,No change
M5S,2026-03-25 23:00:00,2026-03-26 18:00:00,19,-5C,-5.0,4.3,-0.7000000000000002,NORMAL,6998.782214289696,0.9762631,True,6980.4394678811805,0.89741826,True,18.342746408515268,0.26277351867192633,0.078844845,False,No change
M5S,2026-03-25 23:00:00,2026-03-26 18:00:00,19,-2.5C,-2.5,4.3,1.7999999999999998,NORMAL,6983.7262080715445,0.9602585,True,6980.4394678811805,0.89741826,True,3.286740190364071,0.047085003823716526,0.06284022,False,No change
M5S,2026-03-25 23:00:00,2026-03-26 18:00:00,19,Baseline,0.0,4.3,4.3,NORMAL,6980.4394678811805,0.89741826,True,6980.4394678811805,0.89741826,True,0.0,0.0,0.0,False,No change
M5S,2026-03-25 23:00:00,2026-03-26 18:00:00,19,+2.5C,2.5,4.3,6.8,NORMAL,6973.976251419689,0.6274119,True,6980.4394678811805,0.89741826,True,-6.463216461491356,-0.09259039479147836,-0.27000636,False,No change
M5S,2026-03-25 23:00:00,2026-03-26 18:00:00,19,+5C,5.0,4.3,9.3,NORMAL,6974.1550994882855,0.44830328,True,6980.4394678811805,0.89741826,True,-6.284368392894976,-0.09002826285953759,-0.44911498,False,No change
M5S,2026-03-25 23:00:00,2026-03-26 19:00:00,20,-5C,-5.0,4.3,-0.7000000000000002,NORMAL,7002.399112287019,0.96668965,True,6963.153420458014,0.8570794,True,39.24569182900541,0.5636195191922678,0.10961026,False,No change
M5S,2026-03-25 23:00:00,2026-03-26 19:00:00,20,-2.5C,-2.5,4.3,1.7999999999999998,NORMAL,6985.703160256409,0.94504297,True,6963.153420458014,0.8570794,True,22.54973979839542,0.32384378796169294,0.08796358,False,No change
M5S,2026-03-25 23:00:00,2026-03-26 19:00:00,20,Baseline,0.0,4.3,4.3,NORMAL,6963.153420458014,0.8570794,True,6963.153420458014,0.8570794,True,0.0,0.0,0.0,False,No change
M5S,2026-03-25 23:00:00,2026-03-26 19:00:00,20,+2.5C,2.5,4.3,6.8,NORMAL,6957.905853865751,0.57285863,True,6963.153420458014,0.8570794,True,-5.247566592262956,-0.07536192692301454,-0.28422076,False,No change
M5S,2026-03-25 23:00:00,2026-03-26 19:00:00,20,+5C,5.0,4.3,9.3,NORMAL,6947.694990503418,0.4109274,True,6963.153420458014,0.8570794,True,-15.458429954595886,-0.22200329392683524,-0.44615197,False,No change
M5S,2026-03-25 23:00:00,2026-03-26 20:00:00,21,-5C,-5.0,4.3,-0.7000000000000002,NORMAL,6790.197456050815,0.97476476,True,6786.104457107764,0.8964162,True,4.092998943051498,0.0603144111459188,0.07834858,False,No change
M5S,2026-03-25 23:00:00,2026-03-26 20:00:00,21,-2.5C,-2.5,4.3,1.7999999999999998,NORMAL,6778.821697538697,0.9538305,True,6786.104457107764,0.8964162,True,-7.282759569066911,-0.10731870714779451,0.057414293,False,No change
M5S,2026-03-25 23:00:00,2026-03-26 20:00:00,21,Baseline,0.0,4.3,4.3,NORMAL,6786.104457107764,0.8964162,True,6786.104457107764,0.8964162,True,0.0,0.0,0.0,False,No change
M5S,2026-03-25 23:00:00,2026-03-26 20:00:00,21,+2.5C,2.5,4.3,6.8,NORMAL,6798.626586742937,0.64470303,True,6786.104457107764,0.8964162,True,12.52212963517377,0.18452603720324545,-0.25171316,False,No change
M5S,2026-03-25 23:00:00,2026-03-26 20:00:00,21,+5C,5.0,4.3,9.3,NORMAL,6806.06548656248,0.39818832,True,6786.104457107764,0.8964162,True,19.96102945471648,0.2941456262703016,-0.49822786,False,No change
M5S,2026-03-25 23:00:00,2026-03-26 21:00:00,22,-5C,-5.0,4.3,-0.7000000000000002,NORMAL,6378.379725055953,0.89273554,True,6382.352262651171,0.75529,True,-3.972537595218455,-0.06224253115054948,0.13744557,False,No change
M5S,2026-03-25 23:00:00,2026-03-26 21:00:00,22,-2.5C,-2.5,4.3,1.7999999999999998,NORMAL,6375.493793199798,0.84866863,True,6382.352262651171,0.75529,True,-6.858469451372912,-0.10745990144586544,0.09337866,False,No change
M5S,2026-03-25 23:00:00,2026-03-26 21:00:00,22,Baseline,0.0,4.3,4.3,NORMAL,6382.352262651171,0.75529,True,6382.352262651171,0.75529,True,0.0,0.0,0.0,False,No change
M5S,2026-03-25 23:00:00,2026-03-26 21:00:00,22,+2.5C,2.5,4.3,6.8,NORMAL,6417.46156441357,0.5903126,True,6382.352262651171,0.75529,True,35.1093017623989,0.5500997174326259,-0.16497737,False,No change
M5S,2026-03-25 23:00:00,2026-03-26 21:00:00,22,+5C,5.0,4.3,9.3,NORMAL,6425.4842817309745,0.29720452,True,6382.352262651171,0.75529,True,43.132019079803285,0.6758012924514861,-0.45808545,False,No change
M5S,2026-03-25 23:00:00,2026-03-26 22:00:00,23,-5C,-5.0,4.3,-0.7000000000000002,NORMAL,5899.368103201127,0.5934651,True,5873.407784275568,0.4130697,True,25.960318925559477,0.4419975571091979,0.1803954,False,No change
M5S,2026-03-25 23:00:00,2026-03-26 22:00:00,23,-2.5C,-2.5,4.3,1.7999999999999998,NORMAL,5874.722001502784,0.50405693,True,5873.407784275568,0.4130697,True,1.3142172272164316,0.022375719096754808,0.090987235,False,No change
M5S,2026-03-25 23:00:00,2026-03-26 22:00:00,23,Baseline,0.0,4.3,4.3,NORMAL,5873.407784275568,0.4130697,True,5873.407784275568,0.4130697,True,0.0,0.0,0.0,False,No change
M5S,2026-03-25 23:00:00,2026-03-26 22:00:00,23,+2.5C,2.5,4.3,6.8,NORMAL,5913.481702203789,0.23226209,True,5873.407784275568,0.4130697,True,40.07391792822091,0.6822941535833386,-0.1808076,False,No change
M5S,2026-03-25 23:00:00,2026-03-26 22:00:00,23,+5C,5.0,4.3,9.3,NORMAL,5914.253296564289,0.095260225,True,5873.407784275568,0.4130697,True,40.84551228872078,0.695431234965047,-0.31780946,False,No change
M5S,2026-03-25 23:00:00,2026-03-26 23:00:00,24,-5C,-5.0,4.3,-0.7000000000000002,NORMAL,5343.410493954722,0.47981986,True,5363.392920801334,0.235142,True,-19.982426846611816,-0.3725706309733929,0.24467787,False,No change
M5S,2026-03-25 23:00:00,2026-03-26 23:00:00,24,-2.5C,-2.5,4.3,1.7999999999999998,NORMAL,5342.4273854644125,0.30167422,True,5363.392920801334,0.235142,True,-20.965535336921675,-0.3909006042725144,0.066532224,False,No change
M5S,2026-03-25 23:00:00,2026-03-26 23:00:00,24,Baseline,0.0,4.3,4.3,NORMAL,5363.392920801334,0.235142,True,5363.392920801334,0.235142,True,0.0,0.0,0.0,False,No change
M5S,2026-03-25 23:00:00,2026-03-26 23:00:00,24,+2.5C,2.5,4.3,6.8,NORMAL,5398.809161174677,0.16193306,True,5363.392920801334,0.235142,True,35.41624037334259,0.6603327575718826,-0.07320893,False,No change
M5S,2026-03-25 23:00:00,2026-03-26 23:00:00,24,+5C,5.0,4.3,9.3,NORMAL,5424.0771817697005,0.08576387,True,5363.392920801334,0.235142,True,60.68426096836629,1.1314528296632715,-0.14937812,False,No change
M6G,2026-03-25 23:00:00,2026-03-26 00:00:00,1,-5C,-5.0,4.3,-0.7000000000000002,NORMAL,10803.352592624733,0.0003875982,False,10210.494331541857,0.00014225148,False,592.8582610828762,5.806361982410997,0.00024534675,False,No change
M6G,2026-03-25 23:00:00,2026-03-26 00:00:00,1,-2.5C,-2.5,4.3,1.7999999999999998,NORMAL,10389.008370355767,0.00023155348,False,10210.494331541857,0.00014225148,False,178.5140388139098,1.7483388464596787,8.9302004e-05,False,No change
M6G,2026-03-25 23:00:00,2026-03-26 00:00:00,1,Baseline,0.0,4.3,4.3,NORMAL,10210.494331541857,0.00014225148,False,10210.494331541857,0.00014225148,False,0.0,0.0,0.0,False,No change
M6G,2026-03-25 23:00:00,2026-03-26 00:00:00,1,+2.5C,2.5,4.3,6.8,NORMAL,10053.779411149228,0.00012263599,False,10210.494331541857,0.00014225148,False,-156.7149203926292,-1.5348416570636707,-1.9615487e-05,False,No change
M6G,2026-03-25 23:00:00,2026-03-26 00:00:00,1,+5C,5.0,4.3,9.3,NORMAL,10024.757178914368,0.00010317745,False,10210.494331541857,0.00014225148,False,-185.7371526274892,-1.8190809043761702,-3.9074024e-05,False,No change
M6G,2026-03-25 23:00:00,2026-03-26 01:00:00,2,-5C,-5.0,4.3,-0.7000000000000002,NORMAL,10256.965331543144,0.00013076456,False,9729.620867215037,6.2708044e-05,False,527.3444643281073,5.419989859060685,6.805651e-05,False,No change
M6G,2026-03-25 23:00:00,2026-03-26 01:00:00,2,-2.5C,-2.5,4.3,1.7999999999999998,NORMAL,9932.248069646184,0.00014499947,False,9729.620867215037,6.2708044e-05,False,202.62720243114745,2.082580659580691,8.229143e-05,False,No change
M6G,2026-03-25 23:00:00,2026-03-26 01:00:00,2,Baseline,0.0,4.3,4.3,NORMAL,9729.620867215037,6.2708044e-05,False,9729.620867215037,6.2708044e-05,False,0.0,0.0,0.0,False,No change
M6G,2026-03-25 23:00:00,2026-03-26 01:00:00,2,+2.5C,2.5,4.3,6.8,NORMAL,9626.89957163434,4.68694e-05,False,9729.620867215037,6.2708044e-05,False,-102.72129558069719,-1.055758461532938,-1.5838643e-05,False,No change
M6G,2026-03-25 23:00:00,2026-03-26 01:00:00,2,+5C,5.0,4.3,9.3,NORMAL,9522.96978254236,2.6592825e-05,False,9729.620867215037,6.2708044e-05,False,-206.65108467267783,-2.123937689792313,-3.611522e-05,False,No change
M6G,2026-03-25 23:00:00,2026-03-26 02:00:00,3,-5C,-5.0,4.3,-0.7000000000000002,NORMAL,10024.968858418037,6.1031955e-05,False,9571.405251081265,4.2226107e-05,False,453.5636073367714,4.738735801470041,1.8805848e-05,False,No change
M6G,2026-03-25 23:00:00,2026-03-26 02:00:00,3,-2.5C,-2.5,4.3,1.7999999999999998,NORMAL,9756.595354224903,8.760745e-05,False,9571.405251081265,4.2226107e-05,False,185.19010314363732,1.9348266872590805,4.538134e-05,False,No change
M6G,2026-03-25 23:00:00,2026-03-26 02:00:00,3,Baseline,0.0,4.3,4.3,NORMAL,9571.405251081265,4.2226107e-05,False,9571.405251081265,4.2226107e-05,False,0.0,0.0,0.0,False,No change
M6G,2026-03-25 23:00:00,2026-03-26 02:00:00,3,+2.5C,2.5,4.3,6.8,NORMAL,9396.857078175814,3.960262e-05,False,9571.405251081265,4.2226107e-05,False,-174.5481729054518,-1.823642070590767,-2.6234884e-06,False,No change
M6G,2026-03-25 23:00:00,2026-03-26 02:00:00,3,+5C,5.0,4.3,9.3,NORMAL,9328.349295238262,3.807975e-05,False,9571.405251081265,4.2226107e-05,False,-243.05595584300318,-2.539396770558279,-4.1463572e-06,False,No change
M6G,2026-03-25 23:00:00,2026-03-26 03:00:00,4,-5C,-5.0,4.3,-0.7000000000000002,NORMAL,9721.935567607743,0.00018830181,False,9166.828073335513,5.674296e-05,False,555.1074942722298,6.0556114921248225,0.00013155886,False,No change
M6G,2026-03-25 23:00:00,2026-03-26 03:00:00,4,-2.5C,-2.5,4.3,1.7999999999999998,NORMAL,9467.40245397821,0.00013684791,False,9166.828073335513,5.674296e-05,False,300.57438064269627,3.278935507877666,8.0104954e-05,False,No change
M6G,2026-03-25 23:00:00,2026-03-26 03:00:00,4,Baseline,0.0,4.3,4.3,NORMAL,9166.828073335513,5.674296e-05,False,9166.828073335513,5.674296e-05,False,0.0,0.0,0.0,False,No change
M6G,2026-03-25 23:00:00,2026-03-26 03:00:00,4,+2.5C,2.5,4.3,6.8,NORMAL,9003.280068746355,4.9552757e-05,False,9166.828073335513,5.674296e-05,False,-163.54800458915815,-1.7841286351261119,-7.190203e-06,False,No change
M6G,2026-03-25 23:00:00,2026-03-26 03:00:00,4,+5C,5.0,4.3,9.3,NORMAL,8931.119156191187,2.8104274e-05,False,9166.828073335513,5.674296e-05,False,-235.70891714432582,-2.571324729324382,-2.8638686e-05,False,No change
M6G,2026-03-25 23:00:00,2026-03-26 04:00:00,5,-5C,-5.0,4.3,-0.7000000000000002,NORMAL,10176.070056447435,0.00028024652,False,9581.730806335461,9.073618e-05,False,594.3392501119743,6.202838110615629,0.00018951033,False,No change
M6G,2026-03-25 23:00:00,2026-03-26 04:00:00,5,-2.5C,-2.5,4.3,1.7999999999999998,NORMAL,9800.392005199303,0.00024146015,False,9581.730806335461,9.073618e-05,False,218.6611988638415,2.2820636822656533,0.00015072396,False,No change
M6G,2026-03-25 23:00:00,2026-03-26 04:00:00,5,Baseline,0.0,4.3,4.3,NORMAL,9581.730806335461,9.073618e-05,False,9581.730806335461,9.073618e-05,False,0.0,0.0,0.0,False,No change
M6G,2026-03-25 23:00:00,2026-03-26 04:00:00,5,+2.5C,2.5,4.3,6.8,NORMAL,9521.450331517946,7.9334044e-05,False,9581.730806335461,9.073618e-05,False,-60.280474817514914,-0.6291188516552493,-1.1402139e-05,False,No change
M6G,2026-03-25 23:00:00,2026-03-26 04:00:00,5,+5C,5.0,4.3,9.3,NORMAL,9508.05061348424,5.1900963e-05,False,9581.730806335461,9.073618e-05,False,-73.68019285122136,-0.7689653815206733,-3.883522e-05,False,No change
M6G,2026-03-25 23:00:00,2026-03-26 05:00:00,6,-5C,-5.0,4.3,-0.7000000000000002,NORMAL,11161.585872198979,0.00072667934,False,10445.34260802372,0.00018931951,False,716.2432641752584,6.857058605479033,0.00053735985,False,No change
M6G,2026-03-25 23:00:00,2026-03-26 05:00:00,6,-2.5C,-2.5,4.3,1.7999999999999998,NORMAL,10661.90846795693,0.00045688997,False,10445.34260802372,0.00018931951,False,216.56585993320914,2.0733246199780115,0.00026757046,False,No change
M6G,2026-03-25 23:00:00,2026-03-26 05:00:00,6,Baseline,0.0,4.3,4.3,NORMAL,10445.34260802372,0.00018931951,False,10445.34260802372,0.00018931951,False,0.0,0.0,0.0,False,No change
M6G,2026-03-25 23:00:00,2026-03-26 05:00:00,6,+2.5C,2.5,4.3,6.8,NORMAL,10336.86980752907,0.00017496341,False,10445.34260802372,0.00018931951,False,-108.47280049465007,-1.0384800629835285,-1.4356105e-05,False,No change
M6G,2026-03-25 23:00:00,2026-03-26 05:00:00,6,+5C,5.0,4.3,9.3,NORMAL,10305.19591238255,0.00013991904,False,10445.34260802372,0.00018931951,False,-140.14669564116957,-1.3417146847200028,-4.9400478e-05,False,No change
M6G,2026-03-25 23:00:00,2026-03-26 06:00:00,7,-5C,-5.0,4.3,-0.7000000000000002,NORMAL,12256.729158940781,0.00078828057,False,11600.473831865052,0.00029439692,False,656.2553270757289,5.657142428726295,0.0004938836,False,No change
M6G,2026-03-25 23:00:00,2026-03-26 06:00:00,7,-2.5C,-2.5,4.3,1.7999999999999998,NORMAL,11861.532523634496,0.0006762326,False,11600.473831865052,0.00029439692,False,261.0586917694436,2.2504140395743835,0.0003818357,False,No change
M6G,2026-03-25 23:00:00,2026-03-26 06:00:00,7,Baseline,0.0,4.3,4.3,NORMAL,11600.473831865052,0.00029439692,False,11600.473831865052,0.00029439692,False,0.0,0.0,0.0,False,No change
M6G,2026-03-25 23:00:00,2026-03-26 06:00:00,7,+2.5C,2.5,4.3,6.8,NORMAL,11507.888908769048,0.00020985868,False,11600.473831865052,0.00029439692,False,-92.58492309600479,-0.7981132877666218,-8.453823e-05,False,No change
M6G,2026-03-25 23:00:00,2026-03-26 06:00:00,7,+5C,5.0,4.3,9.3,NORMAL,11462.3541749265,0.0001173224,False,11600.473831865052,0.00029439692,False,-138.119656938552,-1.1906380630690667,-0.00017707451,False,No change
M6G,2026-03-25 23:00:00,2026-03-26 07:00:00,8,-5C,-5.0,4.3,-0.7000000000000002,NORMAL,12741.82605640733,0.00077104854,False,12341.515566234211,0.00028962936,False,400.3104901731185,3.24360884224259,0.00048141918,False,No change
M6G,2026-03-25 23:00:00,2026-03-26 07:00:00,8,-2.5C,-2.5,4.3,1.7999999999999998,NORMAL,12506.0924975155,0.00077598455,False,12341.515566234211,0.00028962936,False,164.57693128128813,1.3335228594741042,0.0004863552,False,No change
M6G,2026-03-25 23:00:00,2026-03-26 07:00:00,8,Baseline,0.0,4.3,4.3,NORMAL,12341.515566234211,0.00028962936,False,12341.515566234211,0.00028962936,False,0.0,0.0,0.0,False,No change
M6G,2026-03-25 23:00:00,2026-03-26 07:00:00,8,+2.5C,2.5,4.3,6.8,NORMAL,12321.944470461927,0.00023362317,False,12341.515566234211,0.00028962936,False,-19.571095772284025,-0.15857935491998726,-5.600619e-05,False,No change
M6G,2026-03-25 23:00:00,2026-03-26 07:00:00,8,+5C,5.0,4.3,9.3,NORMAL,12289.057104679177,0.00016747427,False,12341.515566234211,0.00028962936,False,-52.458461555033864,-0.4250568844118114,-0.00012215509,False,No change
M6G,2026-03-25 23:00:00,2026-03-26 08:00:00,9,-5C,-5.0,4.3,-0.7000000000000002,NORMAL,13059.032149832838,0.001361632,False,12557.738039365455,0.0008087931,False,501.2941104673828,3.9919140604458194,0.0005528389,False,No change
M6G,2026-03-25 23:00:00,2026-03-26 08:00:00,9,-2.5C,-2.5,4.3,1.7999999999999998,NORMAL,12718.121951821846,0.0014861106,False,12557.738039365455,0.0008087931,False,160.38391245639104,1.2771719871335625,0.0006773175,False,No change
M6G,2026-03-25 23:00:00,2026-03-26 08:00:00,9,Baseline,0.0,4.3,4.3,NORMAL,12557.738039365455,0.0008087931,False,12557.738039365455,0.0008087931,False,0.0,0.0,0.0,False,No change
M6G,2026-03-25 23:00:00,2026-03-26 08:00:00,9,+2.5C,2.5,4.3,6.8,NORMAL,12485.067270110862,0.00059171545,False,12557.738039365455,0.0008087931,False,-72.67076925459332,-0.578693145427848,-0.00021707767,False,No change
M6G,2026-03-25 23:00:00,2026-03-26 08:00:00,9,+5C,5.0,4.3,9.3,NORMAL,12474.30406834214,0.00031950654,False,12557.738039365455,0.0008087931,False,-83.43397102331437,-0.6644028626952494,-0.0004892866,False,No change
M6G,2026-03-25 23:00:00,2026-03-26 09:00:00,10,-5C,-5.0,4.3,-0.7000000000000002,NORMAL,13234.62071527028,0.0043007415,False,12685.310211301676,0.00176164,False,549.3105039686034,4.330288300551044,0.0025391015,False,No change
M6G,2026-03-25 23:00:00,2026-03-26 09:00:00,10,-2.5C,-2.5,4.3,1.7999999999999998,NORMAL,12753.149410173675,0.0035912984,False,12685.310211301676,0.00176164,False,67.83919887199954,0.5347854939452708,0.0018296584,False,No change
M6G,2026-03-25 23:00:00,2026-03-26 09:00:00,10,Baseline,0.0,4.3,4.3,NORMAL,12685.310211301676,0.00176164,False,12685.310211301676,0.00176164,False,0.0,0.0,0.0,False,No change
M6G,2026-03-25 23:00:00,2026-03-26 09:00:00,10,+2.5C,2.5,4.3,6.8,NORMAL,12651.979254390531,0.00070798397,False,12685.310211301676,0.00176164,False,-33.33095691114431,-0.2627523990816471,-0.001053656,False,No change
M6G,2026-03-25 23:00:00,2026-03-26 09:00:00,10,+5C,5.0,4.3,9.3,NORMAL,12651.87543021124,0.00060979207,False,12685.310211301676,0.00176164,False,-33.434781090436445,-0.263570858997587,-0.0011518479,False,No change
M6G,2026-03-25 23:00:00,2026-03-26 10:00:00,11,-5C,-5.0,4.3,-0.7000000000000002,NORMAL,13173.053005679627,0.01138346,False,12829.03789046455,0.004203242,False,344.01511521507746,2.6815347974829344,0.007180218,False,No change
M6G,2026-03-25 23:00:00,2026-03-26 10:00:00,11,-2.5C,-2.5,4.3,1.7999999999999998,NORMAL,12893.37217114559,0.008637969,False,12829.03789046455,0.004203242,False,64.33428068103967,0.5014739314852088,0.0044347276,False,No change
M6G,2026-03-25 23:00:00,2026-03-26 10:00:00,11,Baseline,0.0,4.3,4.3,NORMAL,12829.03789046455,0.004203242,False,12829.03789046455,0.004203242,False,0.0,0.0,0.0,False,No change
M6G,2026-03-25 23:00:00,2026-03-26 10:00:00,11,+2.5C,2.5,4.3,6.8,NORMAL,12813.802506017502,0.0012555443,False,12829.03789046455,0.004203242,False,-15.235384447047181,-0.11875703055153652,-0.0029476974,False,No change
M6G,2026-03-25 23:00:00,2026-03-26 10:00:00,11,+5C,5.0,4.3,9.3,NORMAL,12816.82456450089,0.0011447159,False,12829.03789046455,0.004203242,False,-12.213325963659372,-0.09520063833264676,-0.0030585257,False,No change
M6G,2026-03-25 23:00:00,2026-03-26 11:00:00,12,-5C,-5.0,4.3,-0.7000000000000002,NORMAL,13307.786355478023,0.038311396,False,12940.842971040196,0.008373161,False,366.94338443782726,2.8355446801958375,0.029938236,False,No change
M6G,2026-03-25 23:00:00,2026-03-26 11:00:00,12,-2.5C,-2.5,4.3,1.7999999999999998,NORMAL,12981.932544738198,0.02374006,False,12940.842971040196,0.008373161,False,41.089573698001914,0.3175185247974545,0.0153669,False,No change
M6G,2026-03-25 23:00:00,2026-03-26 11:00:00,12,Baseline,0.0,4.3,4.3,NORMAL,12940.842971040196,0.008373161,False,12940.842971040196,0.008373161,False,0.0,0.0,0.0,False,No change
M6G,2026-03-25 23:00:00,2026-03-26 11:00:00,12,+2.5C,2.5,4.3,6.8,NORMAL,12923.79368243552,0.002577337,False,12940.842971040196,0.008373161,False,-17.049288604675894,-0.13174789805293077,-0.005795824,False,No change
M6G,2026-03-25 23:00:00,2026-03-26 11:00:00,12,+5C,5.0,4.3,9.3,NORMAL,12925.007854119738,0.001765015,False,12940.842971040196,0.008373161,False,-15.83511692045795,-0.12236542052086355,-0.006608146,False,No change
M6G,2026-03-25 23:00:00,2026-03-26 12:00:00,13,-5C,-5.0,4.3,-0.7000000000000002,NORMAL,12964.770257227345,0.037504807,False,12803.005159055405,0.009973725,False,161.76509817193983,1.2634931889996577,0.027531082,False,No change
M6G,2026-03-25 23:00:00,2026-03-26 12:00:00,13,-2.5C,-2.5,4.3,1.7999999999999998,NORMAL,12836.974600135158,0.02637636,False,12803.005159055405,0.009973725,False,33.96944107975287,0.26532396619184917,0.016402634,False,No change
M6G,2026-03-25 23:00:00,2026-03-26 12:00:00,13,Baseline,0.0,4.3,4.3,NORMAL,12803.005159055405,0.009973725,False,12803.005159055405,0.009973725,False,0.0,0.0,0.0,False,No change
M6G,2026-03-25 23:00:00,2026-03-26 12:00:00,13,+2.5C,2.5,4.3,6.8,NORMAL,12789.931702191088,0.0014782582,False,12803.005159055405,0.009973725,False,-13.07345686431654,-0.10211240800031895,-0.008495467,False,No change
M6G,2026-03-25 23:00:00,2026-03-26 12:00:00,13,+5C,5.0,4.3,9.3,NORMAL,12798.805503643107,0.0013480323,False,12803.005159055405,0.009973725,False,-4.199655412297943,-0.03280210669389272,-0.008625693,False,No change
M6G,2026-03-25 23:00:00,2026-03-26 13:00:00,14,-5C,-5.0,4.3,-0.7000000000000002,NORMAL,12766.871529896067,0.020394936,False,11992.74083276471,0.0060882354,False,774.130697131357,6.454993966153233,0.014306701,False,No change
M6G,2026-03-25 23:00:00,2026-03-26 13:00:00,14,-2.5C,-2.5,4.3,1.7999999999999998,NORMAL,12529.383660114847,0.009360116,False,11992.74083276471,0.0060882354,False,536.6428273501369,4.4747304626479085,0.0032718806,False,No change
M6G,2026-03-25 23:00:00,2026-03-26 13:00:00,14,Baseline,0.0,4.3,4.3,NORMAL,11992.74083276471,0.0060882354,False,11992.74083276471,0.0060882354,False,0.0,0.0,0.0,False,No change
M6G,2026-03-25 23:00:00,2026-03-26 13:00:00,14,+2.5C,2.5,4.3,6.8,NORMAL,11975.98725493629,0.00089169363,False,11992.74083276471,0.0060882354,False,-16.75357782842002,-0.13969765595741457,-0.0051965415,False,No change
M6G,2026-03-25 23:00:00,2026-03-26 13:00:00,14,+5C,5.0,4.3,9.3,NORMAL,11927.858546027504,0.00089169363,False,11992.74083276471,0.0060882354,False,-64.8822867372055,-0.541012998129203,-0.0051965415,False,No change
M6G,2026-03-25 23:00:00,2026-03-26 14:00:00,15,-5C,-5.0,4.3,-0.7000000000000002,NORMAL,12199.52014561861,0.0143273845,False,11950.733993289392,0.00285562,False,248.78615232921766,2.081764621896167,0.011471764,False,No change
M6G,2026-03-25 23:00:00,2026-03-26 14:00:00,15,-2.5C,-2.5,4.3,1.7999999999999998,NORMAL,12106.099624545292,0.0089086555,False,11950.733993289392,0.00285562,False,155.36563125589964,1.3000509537166585,0.006053035,False,No change
M6G,2026-03-25 23:00:00,2026-03-26 14:00:00,15,Baseline,0.0,4.3,4.3,NORMAL,11950.733993289392,0.00285562,False,11950.733993289392,0.00285562,False,0.0,0.0,0.0,False,No change
M6G,2026-03-25 23:00:00,2026-03-26 14:00:00,15,+2.5C,2.5,4.3,6.8,NORMAL,11815.909447206182,0.00043870145,False,11950.733993289392,0.00285562,False,-134.8245460832095,-1.128169584888397,-0.0024169188,False,No change
M6G,2026-03-25 23:00:00,2026-03-26 14:00:00,15,+5C,5.0,4.3,9.3,NORMAL,11774.274635226491,0.00037277804,False,11950.733993289392,0.00285562,False,-176.45935806290072,-1.476556654695742,-0.0024828422,False,No change
M6G,2026-03-25 23:00:00,2026-03-26 15:00:00,16,-5C,-5.0,4.3,-0.7000000000000002,NORMAL,13378.677447269849,0.21773158,True,13251.113288845247,0.06421748,True,127.56415842460228,0.962667480414536,0.1535141,False,No change
M6G,2026-03-25 23:00:00,2026-03-26 15:00:00,16,-2.5C,-2.5,4.3,1.7999999999999998,NORMAL,13284.452394716194,0.17834987,True,13251.113288845247,0.06421748,True,33.339105870947606,0.2515947539216375,0.11413239,False,No change
M6G,2026-03-25 23:00:00,2026-03-26 15:00:00,16,Baseline,0.0,4.3,4.3,NORMAL,13251.113288845247,0.06421748,True,13251.113288845247,0.06421748,True,0.0,0.0,0.0,False,No change
M6G,2026-03-25 23:00:00,2026-03-26 15:00:00,16,+2.5C,2.5,4.3,6.8,NORMAL,13235.850399325045,0.009353575,False,13251.113288845247,0.06421748,True,-15.262889520201497,-0.11518194122640064,-0.054863904,True,Alert -> No Alert
M6G,2026-03-25 23:00:00,2026-03-26 15:00:00,16,+5C,5.0,4.3,9.3,NORMAL,13193.843837433906,0.00891215,False,13251.113288845247,0.06421748,True,-57.269451411340924,-0.43218596176028623,-0.05530533,True,Alert -> No Alert
M6G,2026-03-25 23:00:00,2026-03-26 16:00:00,17,-5C,-5.0,4.3,-0.7000000000000002,NORMAL,14257.857307855065,0.60588336,True,14171.00650288002,0.3270204,True,86.85080497504532,0.6128767561950829,0.27886295,False,No change
M6G,2026-03-25 23:00:00,2026-03-26 16:00:00,17,-2.5C,-2.5,4.3,1.7999999999999998,NORMAL,14238.37527036044,0.55060303,True,14171.00650288002,0.3270204,True,67.3687674804205,0.4753986067731246,0.22358263,False,No change
M6G,2026-03-25 23:00:00,2026-03-26 16:00:00,17,Baseline,0.0,4.3,4.3,NORMAL,14171.00650288002,0.3270204,True,14171.00650288002,0.3270204,True,0.0,0.0,0.0,False,No change
M6G,2026-03-25 23:00:00,2026-03-26 16:00:00,17,+2.5C,2.5,4.3,6.8,NORMAL,14127.453026719537,0.047476176,False,14171.00650288002,0.3270204,True,-43.553476160483115,-0.3073421506907897,-0.27954423,True,Alert -> No Alert
M6G,2026-03-25 23:00:00,2026-03-26 16:00:00,17,+5C,5.0,4.3,9.3,NORMAL,14120.764904560445,0.036423914,False,14171.00650288002,0.3270204,True,-50.24159831957513,-0.35453796672356597,-0.2905965,True,Alert -> No Alert
M6G,2026-03-25 23:00:00,2026-03-26 17:00:00,18,-5C,-5.0,4.3,-0.7000000000000002,NORMAL,14956.758620763523,0.9614942,True,14765.743532049422,0.8456882,True,191.01508871410078,1.2936367769052581,0.11580598,False,No change
M6G,2026-03-25 23:00:00,2026-03-26 17:00:00,18,-2.5C,-2.5,4.3,1.7999999999999998,NORMAL,14832.287732524617,0.9351208,True,14765.743532049422,0.8456882,True,66.54420047519488,0.45066609975148897,0.0894326,False,No change
M6G,2026-03-25 23:00:00,2026-03-26 17:00:00,18,Baseline,0.0,4.3,4.3,NORMAL,14765.743532049422,0.8456882,True,14765.743532049422,0.8456882,True,0.0,0.0,0.0,False,No change
M6G,2026-03-25 23:00:00,2026-03-26 17:00:00,18,+2.5C,2.5,4.3,6.8,NORMAL,14737.413069994527,0.42054003,True,14765.743532049422,0.8456882,True,-28.33046205489518,-0.19186613930685706,-0.4251482,False,No change
M6G,2026-03-25 23:00:00,2026-03-26 17:00:00,18,+5C,5.0,4.3,9.3,NORMAL,14697.205410545468,0.27819738,True,14765.743532049422,0.8456882,True,-68.53812150395424,-0.4641697951423205,-0.5674908,False,No change
M6G,2026-03-25 23:00:00,2026-03-26 18:00:00,19,-5C,-5.0,4.3,-0.7000000000000002,NORMAL,15200.67234370194,0.9876759,True,15066.515910822325,0.94861466,True,134.15643287961393,0.8904277118457689,0.03906125,False,No change
M6G,2026-03-25 23:00:00,2026-03-26 18:00:00,19,-2.5C,-2.5,4.3,1.7999999999999998,NORMAL,15120.804579921449,0.9807374,True,15066.515910822325,0.94861466,True,54.28866909912358,0.3603266303932143,0.03212273,False,No change
M6G,2026-03-25 23:00:00,2026-03-26 18:00:00,19,Baseline,0.0,4.3,4.3,NORMAL,15066.515910822325,0.94861466,True,15066.515910822325,0.94861466,True,0.0,0.0,0.0,False,No change
M6G,2026-03-25 23:00:00,2026-03-26 18:00:00,19,+2.5C,2.5,4.3,6.8,NORMAL,15057.769495011773,0.7924051,True,15066.515910822325,0.94861466,True,-8.746415810552207,-0.05805201323465652,-0.15620953,False,No change
M6G,2026-03-25 23:00:00,2026-03-26 18:00:00,19,+5C,5.0,4.3,9.3,NORMAL,15023.982007932882,0.62183106,True,15066.515910822325,0.94861466,True,-42.5339028894432,-0.2823074899412608,-0.3267836,False,No change
M6G,2026-03-25 23:00:00,2026-03-26 19:00:00,20,-5C,-5.0,4.3,-0.7000000000000002,NORMAL,15031.20690765179,0.98347014,True,14853.756594164774,0.9334539,True,177.4503134870156,1.194649396346821,0.050016224,False,No change
M6G,2026-03-25 23:00:00,2026-03-26 19:00:00,20,-2.5C,-2.5,4.3,1.7999999999999998,NORMAL,14964.962981951621,0.9760207,True,14853.756594164774,0.9334539,True,111.2063877868477,0.7486751723838978,0.042566776,False,No change
M6G,2026-03-25 23:00:00,2026-03-26 19:00:00,20,Baseline,0.0,4.3,4.3,NORMAL,14853.756594164774,0.9334539,True,14853.756594164774,0.9334539,True,0.0,0.0,0.0,False,No change
M6G,2026-03-25 23:00:00,2026-03-26 19:00:00,20,+2.5C,2.5,4.3,6.8,NORMAL,14847.710303307196,0.8401408,True,14853.756594164774,0.9334539,True,-6.046290857577333,-0.04070546611725541,-0.0933131,False,No change
M6G,2026-03-25 23:00:00,2026-03-26 19:00:00,20,+5C,5.0,4.3,9.3,NORMAL,14819.573613064127,0.7566548,True,14853.756594164774,0.9334539,True,-34.18298110064643,-0.2301302090413616,-0.17679912,False,No change
M6G,2026-03-25 23:00:00,2026-03-26 20:00:00,21,-5C,-5.0,4.3,-0.7000000000000002,NORMAL,14540.388326932307,0.9679832,True,14423.31925229672,0.8999544,True,117.06907463558673,0.8116652802852232,0.06802881,False,No change
M6G,2026-03-25 23:00:00,2026-03-26 20:00:00,21,-2.5C,-2.5,4.3,1.7999999999999998,NORMAL,14512.41495950633,0.95043856,True,14423.31925229672,0.8999544,True,89.09570720960983,0.617719858037688,0.05048418,False,No change
M6G,2026-03-25 23:00:00,2026-03-26 20:00:00,21,Baseline,0.0,4.3,4.3,NORMAL,14423.31925229672,0.8999544,True,14423.31925229672,0.8999544,True,0.0,0.0,0.0,False,No change
M6G,2026-03-25 23:00:00,2026-03-26 20:00:00,21,+2.5C,2.5,4.3,6.8,NORMAL,14393.901132670839,0.7878647,True,14423.31925229672,0.8999544,True,-29.418119625881445,-0.20396220253668035,-0.11208969,False,No change
M6G,2026-03-25 23:00:00,2026-03-26 20:00:00,21,+5C,5.0,4.3,9.3,NORMAL,14392.630973387417,0.6004122,True,14423.31925229672,0.8999544,True,-30.688278909303335,-0.21276849227626046,-0.2995422,False,No change
M6G,2026-03-25 23:00:00,2026-03-26 21:00:00,22,-5C,-5.0,4.3,-0.7000000000000002,NORMAL,13839.407760817154,0.58382004,True,13823.035875025225,0.39810905,True,16.371885791928435,0.11843914708713406,0.185711,False,No change
M6G,2026-03-25 23:00:00,2026-03-26 21:00:00,22,-2.5C,-2.5,4.3,1.7999999999999998,NORMAL,13806.013325541344,0.5087909,True,13823.035875025225,0.39810905,True,-17.02254948388145,-0.12314624397840813,0.11068186,False,No change
M6G,2026-03-25 23:00:00,2026-03-26 21:00:00,22,Baseline,0.0,4.3,4.3,NORMAL,13823.035875025225,0.39810905,True,13823.035875025225,0.39810905,True,0.0,0.0,0.0,False,No change
M6G,2026-03-25 23:00:00,2026-03-26 21:00:00,22,+2.5C,2.5,4.3,6.8,NORMAL,13875.50050422466,0.32147753,True,13823.035875025225,0.39810905,True,52.46462919943406,0.3795449109281742,-0.076631516,False,No change
M6G,2026-03-25 23:00:00,2026-03-26 21:00:00,22,+5C,5.0,4.3,9.3,NORMAL,13886.427333965077,0.16925217,True,13823.035875025225,0.39810905,True,63.39145893985187,0.45859288446457996,-0.22885688,False,No change
M6G,2026-03-25 23:00:00,2026-03-26 22:00:00,23,-5C,-5.0,4.3,-0.7000000000000002,NORMAL,12132.96263848869,0.024262762,False,12132.300343105251,0.018436378,False,0.6622953834394139,0.005458943190569745,0.005826384,False,No change
M6G,2026-03-25 23:00:00,2026-03-26 22:00:00,23,-2.5C,-2.5,4.3,1.7999999999999998,NORMAL,12128.654251655034,0.019331712,False,12132.300343105251,0.018436378,False,-3.6460914502167725,-0.030052762848793428,0.0008953344,False,No change
M6G,2026-03-25 23:00:00,2026-03-26 22:00:00,23,Baseline,0.0,4.3,4.3,NORMAL,12132.300343105251,0.018436378,False,12132.300343105251,0.018436378,False,0.0,0.0,0.0,False,No change
M6G,2026-03-25 23:00:00,2026-03-26 22:00:00,23,+2.5C,2.5,4.3,6.8,NORMAL,12147.509843714015,0.0076539433,False,12132.300343105251,0.018436378,False,15.209500608763847,0.12536370002913222,-0.010782435,False,No change
M6G,2026-03-25 23:00:00,2026-03-26 22:00:00,23,+5C,5.0,4.3,9.3,NORMAL,12114.331849933993,0.0044793235,False,12132.300343105251,0.018436378,False,-17.96849317125816,-0.14810458580074304,-0.013957054,False,No change
M6G,2026-03-25 23:00:00,2026-03-26 23:00:00,24,-5C,-5.0,4.3,-0.7000000000000002,NORMAL,10915.610261664131,0.004709217,False,10953.62984773084,0.0030728679,False,-38.01958606670814,-0.3470957718603601,0.0016363494,False,No change
M6G,2026-03-25 23:00:00,2026-03-26 23:00:00,24,-2.5C,-2.5,4.3,1.7999999999999998,NORMAL,10953.540570606921,0.0032983173,False,10953.62984773084,0.0030728679,False,-0.08927712391778186,-0.0008150460181587802,0.00022544945,False,No change
M6G,2026-03-25 23:00:00,2026-03-26 23:00:00,24,Baseline,0.0,4.3,4.3,NORMAL,10953.62984773084,0.0030728679,False,10953.62984773084,0.0030728679,False,0.0,0.0,0.0,False,No change
M6G,2026-03-25 23:00:00,2026-03-26 23:00:00,24,+2.5C,2.5,4.3,6.8,NORMAL,10974.279246327034,0.0026789184,False,10953.62984773084,0.0030728679,False,20.64939859619517,0.1885164907272534,-0.00039394945,False,No change
M6G,2026-03-25 23:00:00,2026-03-26 23:00:00,24,+5C,5.0,4.3,9.3,NORMAL,10966.865632859774,0.0011655221,False,10953.62984773084,0.0030728679,False,13.235785128934367,0.12083469418748252,-0.0019073457,False,No change
M9R,2026-03-25 23:00:00,2026-03-26 00:00:00,1,-5C,-5.0,2.7,-2.3,NORMAL,4660.211417366741,0.00012068463,False,4427.226330225073,4.8017857e-05,False,232.98508714166837,5.262551985450985,7.266677e-05,False,No change
M9R,2026-03-25 23:00:00,2026-03-26 00:00:00,1,-2.5C,-2.5,2.7,0.20000000000000018,NORMAL,4522.78495170689,0.00010059249,False,4427.226330225073,4.8017857e-05,False,95.55862148181677,2.158430908070578,5.2574636e-05,False,No change
M9R,2026-03-25 23:00:00,2026-03-26 00:00:00,1,Baseline,0.0,2.7,2.7,NORMAL,4427.226330225073,4.8017857e-05,False,4427.226330225073,4.8017857e-05,False,0.0,0.0,0.0,False,No change
M9R,2026-03-25 23:00:00,2026-03-26 00:00:00,1,+2.5C,2.5,2.7,5.2,NORMAL,4366.865281893198,2.9218605e-05,False,4427.226330225073,4.8017857e-05,False,-60.36104833187528,-1.3634055236748337,-1.8799252e-05,False,No change
M9R,2026-03-25 23:00:00,2026-03-26 00:00:00,1,+5C,5.0,2.7,7.7,NORMAL,4364.575372901148,2.4939724e-05,False,4427.226330225073,4.8017857e-05,False,-62.65095732392547,-1.4151288561012059,-2.3078133e-05,False,No change
M9R,2026-03-25 23:00:00,2026-03-26 01:00:00,2,-5C,-5.0,2.7,-2.3,NORMAL,4351.743007894924,4.243388e-05,False,4178.175784739461,3.9864863e-05,False,173.56722315546267,4.154138841869857,2.569017e-06,False,No change
M9R,2026-03-25 23:00:00,2026-03-26 01:00:00,2,-2.5C,-2.5,2.7,0.20000000000000018,NORMAL,4242.730151421443,5.791941e-05,False,4178.175784739461,3.9864863e-05,False,64.55436668198217,1.5450371168624155,1.8054547e-05,False,No change
M9R,2026-03-25 23:00:00,2026-03-26 01:00:00,2,Baseline,0.0,2.7,2.7,NORMAL,4178.175784739461,3.9864863e-05,False,4178.175784739461,3.9864863e-05,False,0.0,0.0,0.0,False,No change
M9R,2026-03-25 23:00:00,2026-03-26 01:00:00,2,+2.5C,2.5,2.7,5.2,NORMAL,4112.272799798373,1.8699298e-05,False,4178.175784739461,3.9864863e-05,False,-65.9029849410881,-1.5773147980464308,-2.1165564e-05,False,No change
M9R,2026-03-25 23:00:00,2026-03-26 01:00:00,2,+5C,5.0,2.7,7.7,NORMAL,4090.0786342717015,1.5246599e-05,False,4178.175784739461,3.9864863e-05,False,-88.09715046775955,-2.108507516355084,-2.4618264e-05,False,No change
M9R,2026-03-25 23:00:00,2026-03-26 02:00:00,3,-5C,-5.0,2.7,-2.3,NORMAL,4208.391521851551,3.7803966e-05,False,4065.863009131376,2.9693974e-05,False,142.52851272017506,3.5054922509704673,8.1099915e-06,False,No change
M9R,2026-03-25 23:00:00,2026-03-26 02:00:00,3,-2.5C,-2.5,2.7,0.20000000000000018,NORMAL,4088.998220307959,3.472878e-05,False,4065.863009131376,2.9693974e-05,False,23.135211176582743,0.5690110838615123,5.0348044e-06,False,No change
M9R,2026-03-25 23:00:00,2026-03-26 02:00:00,3,Baseline,0.0,2.7,2.7,NORMAL,4065.863009131376,2.9693974e-05,False,4065.863009131376,2.9693974e-05,False,0.0,0.0,0.0,False,No change
M9R,2026-03-25 23:00:00,2026-03-26 02:00:00,3,+2.5C,2.5,2.7,5.2,NORMAL,3986.236566051949,1.4980109e-05,False,4065.863009131376,2.9693974e-05,False,-79.62644307942719,-1.958414312056186,-1.4713865e-05,False,No change
M9R,2026-03-25 23:00:00,2026-03-26 02:00:00,3,+5C,5.0,2.7,7.7,NORMAL,3969.8419958670784,1.50863e-05,False,4065.863009131376,2.9693974e-05,False,-96.02101326429784,-2.361639166116706,-1.46076745e-05,False,No change
M9R,2026-03-25 23:00:00,2026-03-26 03:00:00,4,-5C,-5.0,2.7,-2.3,NORMAL,4320.305288666881,0.00012702898,False,4115.779388253723,5.3593194e-05,False,204.52590041315852,4.969311547573897,7.343579e-05,False,No change
M9R,2026-03-25 23:00:00,2026-03-26 03:00:00,4,-2.5C,-2.5,2.7,0.20000000000000018,NORMAL,4188.948761766646,7.8794896e-05,False,4115.779388253723,5.3593194e-05,False,73.16937351292381,1.777776858539756,2.5201702e-05,False,No change
M9R,2026-03-25 23:00:00,2026-03-26 03:00:00,4,Baseline,0.0,2.7,2.7,NORMAL,4115.779388253723,5.3593194e-05,False,4115.779388253723,5.3593194e-05,False,0.0,0.0,0.0,False,No change
M9R,2026-03-25 23:00:00,2026-03-26 03:00:00,4,+2.5C,2.5,2.7,5.2,NORMAL,4040.0105674787665,2.581819e-05,False,4115.779388253723,5.3593194e-05,False,-75.76882077495611,-1.8409349391077043,-2.7775004e-05,False,No change
M9R,2026-03-25 23:00:00,2026-03-26 03:00:00,4,+5C,5.0,2.7,7.7,NORMAL,4023.1120155324497,2.5564783e-05,False,4115.779388253723,5.3593194e-05,False,-92.66737272127284,-2.2515145730536963,-2.8028411e-05,False,No change
M9R,2026-03-25 23:00:00,2026-03-26 04:00:00,5,-5C,-5.0,2.7,-2.3,NORMAL,4596.120614982241,0.00018449267,False,4298.7471584452815,0.00011580721,False,297.37345653695957,6.917677304019667,6.868546e-05,False,No change
M9R,2026-03-25 23:00:00,2026-03-26 04:00:00,5,-2.5C,-2.5,2.7,0.20000000000000018,NORMAL,4369.708356418263,0.00014115,False,4298.7471584452815,0.00011580721,False,70.96119797298161,1.6507413755091842,2.5342786e-05,False,No change
M9R,2026-03-25 23:00:00,2026-03-26 04:00:00,5,Baseline,0.0,2.7,2.7,NORMAL,4298.7471584452815,0.00011580721,False,4298.7471584452815,0.00011580721,False,0.0,0.0,0.0,False,No change
M9R,2026-03-25 23:00:00,2026-03-26 04:00:00,5,+2.5C,2.5,2.7,5.2,NORMAL,4267.465054676654,4.9472153e-05,False,4298.7471584452815,0.00011580721,False,-31.282103768627167,-0.7277028077162113,-6.633506e-05,False,No change
M9R,2026-03-25 23:00:00,2026-03-26 04:00:00,5,+5C,5.0,2.7,7.7,NORMAL,4246.319763861566,5.288183e-05,False,4298.7471584452815,0.00011580721,False,-52.427394583715795,-1.2195970744805817,-6.292538e-05,False,No change
M9R,2026-03-25 23:00:00,2026-03-26 05:00:00,6,-5C,-5.0,2.7,-2.3,NORMAL,4837.021646449037,0.00034877763,False,4633.3592533963065,8.6930544e-05,False,203.6623930527303,4.3955666270307745,0.00026184708,False,No change
M9R,2026-03-25 23:00:00,2026-03-26 05:00:00,6,-2.5C,-2.5,2.7,0.20000000000000018,NORMAL,4695.0636764541105,0.00023738504,False,4633.3592533963065,8.6930544e-05,False,61.70442305780398,1.3317426878257694,0.00015045449,False,No change
M9R,2026-03-25 23:00:00,2026-03-26 05:00:00,6,Baseline,0.0,2.7,2.7,NORMAL,4633.3592533963065,8.6930544e-05,False,4633.3592533963065,8.6930544e-05,False,0.0,0.0,0.0,False,No change
M9R,2026-03-25 23:00:00,2026-03-26 05:00:00,6,+2.5C,2.5,2.7,5.2,NORMAL,4621.1716122241105,4.735109e-05,False,4633.3592533963065,8.6930544e-05,False,-12.187641172195981,-0.2630411437071774,-3.9579452e-05,False,No change
M9R,2026-03-25 23:00:00,2026-03-26 05:00:00,6,+5C,5.0,2.7,7.7,NORMAL,4581.38822993473,4.477013e-05,False,4633.3592533963065,8.6930544e-05,False,-51.971023461576806,-1.121670490443439,-4.2160413e-05,False,No change
M9R,2026-03-25 23:00:00,2026-03-26 06:00:00,7,-5C,-5.0,2.7,-2.3,NORMAL,5139.196888743507,0.00055784284,False,5090.472431585472,0.00012860278,False,48.724457158034966,0.9571696500251806,0.00042924006,False,No change
M9R,2026-03-25 23:00:00,2026-03-26 06:00:00,7,-2.5C,-2.5,2.7,0.20000000000000018,NORMAL,5105.252584147319,0.00047599446,False,5090.472431585472,0.00012860278,False,14.78015256184699,0.2903493292712634,0.00034739167,False,No change
M9R,2026-03-25 23:00:00,2026-03-26 06:00:00,7,Baseline,0.0,2.7,2.7,NORMAL,5090.472431585472,0.00012860278,False,5090.472431585472,0.00012860278,False,0.0,0.0,0.0,False,No change
M9R,2026-03-25 23:00:00,2026-03-26 06:00:00,7,+2.5C,2.5,2.7,5.2,NORMAL,5065.825476665438,0.00010837471,False,5090.472431585472,0.00012860278,False,-24.64695492003375,-0.48417814360615724,-2.0228072e-05,False,No change
M9R,2026-03-25 23:00:00,2026-03-26 06:00:00,7,+5C,5.0,2.7,7.7,NORMAL,5058.599258492985,9.1166185e-05,False,5090.472431585472,0.00012860278,False,-31.873173092486468,-0.6261338907312242,-3.74366e-05,False,No change
M9R,2026-03-25 23:00:00,2026-03-26 07:00:00,8,-5C,-5.0,2.7,-2.3,NORMAL,5111.802003386095,0.0005677647,False,5093.994468349137,0.00014374302,False,17.807535036958143,0.3495790022467224,0.00042402168,False,No change
M9R,2026-03-25 23:00:00,2026-03-26 07:00:00,8,-2.5C,-2.5,2.7,0.20000000000000018,NORMAL,5108.698183863044,0.0005379369,False,5093.994468349137,0.00014374302,False,14.7037155139069,0.28864804634686,0.00039419392,False,No change
M9R,2026-03-25 23:00:00,2026-03-26 07:00:00,8,Baseline,0.0,2.7,2.7,NORMAL,5093.994468349137,0.00014374302,False,5093.994468349137,0.00014374302,False,0.0,0.0,0.0,False,No change
M9R,2026-03-25 23:00:00,2026-03-26 07:00:00,8,+2.5C,2.5,2.7,5.2,NORMAL,5058.7602956986275,9.814029e-05,False,5093.994468349137,0.00014374302,False,-35.23417265050921,-0.6916806225336933,-4.5602726e-05,False,No change
M9R,2026-03-25 23:00:00,2026-03-26 07:00:00,8,+5C,5.0,2.7,7.7,NORMAL,5045.807976564351,8.551595e-05,False,5093.994468349137,0.00014374302,False,-48.186491784786085,-0.9459470771746319,-5.8227066e-05,False,No change
M9R,2026-03-25 23:00:00,2026-03-26 08:00:00,9,-5C,-5.0,2.7,-2.3,NORMAL,5109.483098352729,0.00050986314,False,5038.229507956147,0.00021662479,False,71.25359039658179,1.414258526414116,0.00029323835,False,No change
M9R,2026-03-25 23:00:00,2026-03-26 08:00:00,9,-2.5C,-2.5,2.7,0.20000000000000018,NORMAL,5078.782099444877,0.0005415791,False,5038.229507956147,0.00021662479,False,40.55259148872938,0.8048976614640229,0.0003249543,False,No change
M9R,2026-03-25 23:00:00,2026-03-26 08:00:00,9,Baseline,0.0,2.7,2.7,NORMAL,5038.229507956147,0.00021662479,False,5038.229507956147,0.00021662479,False,0.0,0.0,0.0,False,No change
M9R,2026-03-25 23:00:00,2026-03-26 08:00:00,9,+2.5C,2.5,2.7,5.2,NORMAL,5027.240322579024,0.00015964851,False,5038.229507956147,0.00021662479,False,-10.989185377123249,-0.2181160139642233,-5.6976278e-05,False,No change
M9R,2026-03-25 23:00:00,2026-03-26 08:00:00,9,+5C,5.0,2.7,7.7,NORMAL,5023.9560950886325,8.6426844e-05,False,5038.229507956147,0.00021662479,False,-14.273412867514708,-0.28330215693776495,-0.00013019794,False,No change
M9R,2026-03-25 23:00:00,2026-03-26 09:00:00,10,-5C,-5.0,2.7,-2.3,NORMAL,5119.543754210134,0.00041448994,False,5016.105688185141,0.00019195002,False,103.43806602499262,2.0621189515330403,0.00022253992,False,No change
M9R,2026-03-25 23:00:00,2026-03-26 09:00:00,10,-2.5C,-2.5,2.7,0.20000000000000018,NORMAL,5091.955619150747,0.0003891026,False,5016.105688185141,0.00019195002,False,75.84993096560629,1.5121278473908966,0.00019715259,False,No change
M9R,2026-03-25 23:00:00,2026-03-26 09:00:00,10,Baseline,0.0,2.7,2.7,NORMAL,5016.105688185141,0.00019195002,False,5016.105688185141,0.00019195002,False,0.0,0.0,0.0,False,No change
M9R,2026-03-25 23:00:00,2026-03-26 09:00:00,10,+2.5C,2.5,2.7,5.2,NORMAL,4994.9486623761095,0.00018448845,False,5016.105688185141,0.00019195002,False,-21.15702580903144,-0.42178189863232696,-7.4615673e-06,False,No change
M9R,2026-03-25 23:00:00,2026-03-26 09:00:00,10,+5C,5.0,2.7,7.7,NORMAL,4978.635207591311,6.955891e-05,False,5016.105688185141,0.00019195002,False,-37.47048059382996,-0.7470034110741997,-0.00012239111,False,No change
M9R,2026-03-25 23:00:00,2026-03-26 10:00:00,11,-5C,-5.0,2.7,-2.3,NORMAL,5160.300272195034,0.0012444456,False,5079.6173239249,0.0007983153,False,80.68294827013415,1.588366664750886,0.0004461303,False,No change
M9R,2026-03-25 23:00:00,2026-03-26 10:00:00,11,-2.5C,-2.5,2.7,0.20000000000000018,NORMAL,5108.548727655069,0.0014920222,False,5079.6173239249,0.0007983153,False,28.931403730169222,0.5695587262824479,0.0006937069,False,No change
M9R,2026-03-25 23:00:00,2026-03-26 10:00:00,11,Baseline,0.0,2.7,2.7,NORMAL,5079.6173239249,0.0007983153,False,5079.6173239249,0.0007983153,False,0.0,0.0,0.0,False,No change
M9R,2026-03-25 23:00:00,2026-03-26 10:00:00,11,+2.5C,2.5,2.7,5.2,NORMAL,5059.764862919607,0.00043655696,False,5079.6173239249,0.0007983153,False,-19.852461005292753,-0.3908259173735006,-0.0003617583,False,No change
M9R,2026-03-25 23:00:00,2026-03-26 10:00:00,11,+5C,5.0,2.7,7.7,NORMAL,5047.996579177308,0.0001971262,False,5079.6173239249,0.0007983153,False,-31.620744747591743,-0.6225024983409408,-0.0006011891,False,No change
M9R,2026-03-25 23:00:00,2026-03-26 11:00:00,12,-5C,-5.0,2.7,-2.3,NORMAL,5192.429730673331,0.0023587316,False,5123.657050097578,0.0024737455,False,68.77268057575293,1.342257686322764,-0.000115013914,False,No change
M9R,2026-03-25 23:00:00,2026-03-26 11:00:00,12,-2.5C,-2.5,2.7,0.20000000000000018,NORMAL,5152.989606536694,0.0036277387,False,5123.657050097578,0.0024737455,False,29.33255643911616,0.5724925800519286,0.0011539932,False,No change
M9R,2026-03-25 23:00:00,2026-03-26 11:00:00,12,Baseline,0.0,2.7,2.7,NORMAL,5123.657050097578,0.0024737455,False,5123.657050097578,0.0024737455,False,0.0,0.0,0.0,False,No change
M9R,2026-03-25 23:00:00,2026-03-26 11:00:00,12,+2.5C,2.5,2.7,5.2,NORMAL,5120.261521483013,0.0012682037,False,5123.657050097578,0.0024737455,False,-3.3955286145646824,-0.06627158260914469,-0.0012055418,False,No change
M9R,2026-03-25 23:00:00,2026-03-26 11:00:00,12,+5C,5.0,2.7,7.7,NORMAL,5104.590434658379,0.00029070466,False,5123.657050097578,0.0024737455,False,-19.066615439198358,-0.3721290330865381,-0.0021830408,False,No change
M9R,2026-03-25 23:00:00,2026-03-26 12:00:00,13,-5C,-5.0,2.7,-2.3,NORMAL,5159.062946741948,0.0050765583,False,5014.807917004003,0.0032965278,False,144.25502973794482,2.876581359154572,0.0017800306,False,No change
M9R,2026-03-25 23:00:00,2026-03-26 12:00:00,13,-2.5C,-2.5,2.7,0.20000000000000018,NORMAL,5050.288329045406,0.0053505925,False,5014.807917004003,0.0032965278,False,35.480412041402815,0.7075128824196297,0.0020540648,False,No change
M9R,2026-03-25 23:00:00,2026-03-26 12:00:00,13,Baseline,0.0,2.7,2.7,NORMAL,5014.807917004003,0.0032965278,False,5014.807917004003,0.0032965278,False,0.0,0.0,0.0,False,No change
M9R,2026-03-25 23:00:00,2026-03-26 12:00:00,13,+2.5C,2.5,2.7,5.2,NORMAL,4981.907036892233,0.0020904227,False,5014.807917004003,0.0032965278,False,-32.900880111769766,-0.6560745826417563,-0.0012061051,False,No change
M9R,2026-03-25 23:00:00,2026-03-26 12:00:00,13,+5C,5.0,2.7,7.7,NORMAL,4967.531865693641,0.00032093006,False,5014.807917004003,0.0032965278,False,-47.27605131036216,-0.9427290554850664,-0.0029755977,False,No change
M9R,2026-03-25 23:00:00,2026-03-26 13:00:00,14,-5C,-5.0,2.7,-2.3,NORMAL,5160.010935809339,0.0029034202,False,5066.99541649833,0.0019695687,False,93.01551931100857,1.8357135080119966,0.0009338516,False,No change
M9R,2026-03-25 23:00:00,2026-03-26 13:00:00,14,-2.5C,-2.5,2.7,0.20000000000000018,NORMAL,5113.324213010846,0.0037972217,False,5066.99541649833,0.0019695687,False,46.32879651251551,0.9143248158793904,0.001827653,False,No change
M9R,2026-03-25 23:00:00,2026-03-26 13:00:00,14,Baseline,0.0,2.7,2.7,NORMAL,5066.99541649833,0.0019695687,False,5066.99541649833,0.0019695687,False,0.0,0.0,0.0,False,No change
M9R,2026-03-25 23:00:00,2026-03-26 13:00:00,14,+2.5C,2.5,2.7,5.2,NORMAL,5035.157032698715,0.0012166012,False,5066.99541649833,0.0019695687,False,-31.838383799615258,-0.628348383658455,-0.00075296743,False,No change
M9R,2026-03-25 23:00:00,2026-03-26 13:00:00,14,+5C,5.0,2.7,7.7,NORMAL,5007.729109476308,0.00024028498,False,5066.99541649833,0.0019695687,False,-59.266307022022374,-1.1696538510583416,-0.0017292837,False,No change
M9R,2026-03-25 23:00:00,2026-03-26 14:00:00,15,-5C,-5.0,2.7,-2.3,NORMAL,5253.384449394786,0.011424164,False,5186.912096814064,0.0077564353,False,66.47235258072214,1.2815399864121697,0.003667729,False,No change
M9R,2026-03-25 23:00:00,2026-03-26 14:00:00,15,-2.5C,-2.5,2.7,0.20000000000000018,NORMAL,5209.875390505204,0.011202095,False,5186.912096814064,0.0077564353,False,22.96329369114028,0.4427160758179212,0.0034456598,False,No change
M9R,2026-03-25 23:00:00,2026-03-26 14:00:00,15,Baseline,0.0,2.7,2.7,NORMAL,5186.912096814064,0.0077564353,False,5186.912096814064,0.0077564353,False,0.0,0.0,0.0,False,No change
M9R,2026-03-25 23:00:00,2026-03-26 14:00:00,15,+2.5C,2.5,2.7,5.2,NORMAL,5175.659079090468,0.004873507,False,5186.912096814064,0.0077564353,False,-11.253017723595804,-0.21695022999344252,-0.0028829281,False,No change
M9R,2026-03-25 23:00:00,2026-03-26 14:00:00,15,+5C,5.0,2.7,7.7,NORMAL,5184.416857262817,0.0009128324,False,5186.912096814064,0.0077564353,False,-2.495239551247323,-0.048106455337462994,-0.0068436028,False,No change
M9R,2026-03-25 23:00:00,2026-03-26 15:00:00,16,-5C,-5.0,2.7,-2.3,NORMAL,5728.034597846086,0.038438197,False,5694.604418473222,0.032301266,False,33.430179372864586,0.5870500725988538,0.0061369315,False,No change
M9R,2026-03-25 23:00:00,2026-03-26 15:00:00,16,-2.5C,-2.5,2.7,0.20000000000000018,NORMAL,5703.477169390708,0.040203363,False,5694.604418473222,0.032301266,False,8.872750917485973,0.15580978528908673,0.007902097,False,No change
M9R,2026-03-25 23:00:00,2026-03-26 15:00:00,16,Baseline,0.0,2.7,2.7,NORMAL,5694.604418473222,0.032301266,False,5694.604418473222,0.032301266,False,0.0,0.0,0.0,False,No change
M9R,2026-03-25 23:00:00,2026-03-26 15:00:00,16,+2.5C,2.5,2.7,5.2,NORMAL,5685.152870763987,0.014641005,False,5694.604418473222,0.032301266,False,-9.451547709234546,-0.1659737360961167,-0.01766026,False,No change
M9R,2026-03-25 23:00:00,2026-03-26 15:00:00,16,+5C,5.0,2.7,7.7,NORMAL,5678.368875289487,0.0025801482,False,5694.604418473222,0.032301266,False,-16.23554318373499,-0.28510396843487673,-0.029721119,False,No change
M9R,2026-03-25 23:00:00,2026-03-26 16:00:00,17,-5C,-5.0,2.7,-2.3,NORMAL,6316.617446782383,0.19346237,True,6322.985291416914,0.18326597,True,-6.367844634531139,-0.10070946461278533,0.010196403,False,No change
M9R,2026-03-25 23:00:00,2026-03-26 16:00:00,17,-2.5C,-2.5,2.7,0.20000000000000018,NORMAL,6307.963439730407,0.1996765,True,6322.985291416914,0.18326597,True,-15.021851686507034,-0.23757530650748668,0.01641053,False,No change
M9R,2026-03-25 23:00:00,2026-03-26 16:00:00,17,Baseline,0.0,2.7,2.7,NORMAL,6322.985291416914,0.18326597,True,6322.985291416914,0.18326597,True,0.0,0.0,0.0,False,No change
M9R,2026-03-25 23:00:00,2026-03-26 16:00:00,17,+2.5C,2.5,2.7,5.2,NORMAL,6318.087380612441,0.0980003,True,6322.985291416914,0.18326597,True,-4.897910804473213,-0.07746199902001738,-0.085265666,False,No change
M9R,2026-03-25 23:00:00,2026-03-26 16:00:00,17,+5C,5.0,2.7,7.7,NORMAL,6299.560892362842,0.014104878,False,6322.985291416914,0.18326597,True,-23.424399054071728,-0.3704642344474372,-0.1691611,True,Alert -> No Alert
M9R,2026-03-25 23:00:00,2026-03-26 17:00:00,18,-5C,-5.0,2.7,-2.3,NORMAL,6463.516206290522,0.5343895,True,6419.481973762377,0.37682426,True,44.03423252814537,0.6859468210693871,0.15756524,False,No change
M9R,2026-03-25 23:00:00,2026-03-26 17:00:00,18,-2.5C,-2.5,2.7,0.20000000000000018,NORMAL,6430.267825225152,0.43501508,True,6419.481973762377,0.37682426,True,10.7858514627751,0.1680174741024103,0.058190823,False,No change
M9R,2026-03-25 23:00:00,2026-03-26 17:00:00,18,Baseline,0.0,2.7,2.7,NORMAL,6419.481973762377,0.37682426,True,6419.481973762377,0.37682426,True,0.0,0.0,0.0,False,No change
M9R,2026-03-25 23:00:00,2026-03-26 17:00:00,18,+2.5C,2.5,2.7,5.2,NORMAL,6415.573906321137,0.22838394,True,6419.481973762377,0.37682426,True,-3.9080674412398366,-0.06087823686105576,-0.14844032,False,No change
M9R,2026-03-25 23:00:00,2026-03-26 17:00:00,18,+5C,5.0,2.7,7.7,NORMAL,6388.773194394174,0.034309536,False,6419.481973762377,0.37682426,True,-30.70877936820216,-0.47836849598946896,-0.34251472,True,Alert -> No Alert
M9R,2026-03-25 23:00:00,2026-03-26 18:00:00,19,-5C,-5.0,2.7,-2.3,NORMAL,6754.738366248898,0.8127181,True,6726.0830039706025,0.6188924,True,28.655362278295797,0.42603343225737333,0.19382572,False,No change
M9R,2026-03-25 23:00:00,2026-03-26 18:00:00,19,-2.5C,-2.5,2.7,0.20000000000000018,NORMAL,6743.444615404306,0.7363698,True,6726.0830039706025,0.6188924,True,17.36161143370373,0.25812365716353286,0.11747742,False,No change
M9R,2026-03-25 23:00:00,2026-03-26 18:00:00,19,Baseline,0.0,2.7,2.7,NORMAL,6726.0830039706025,0.6188924,True,6726.0830039706025,0.6188924,True,0.0,0.0,0.0,False,No change
M9R,2026-03-25 23:00:00,2026-03-26 18:00:00,19,+2.5C,2.5,2.7,5.2,NORMAL,6724.431925800253,0.4455482,True,6726.0830039706025,0.6188924,True,-1.6510781703491375,-0.024547395109076976,-0.17334417,False,No change
M9R,2026-03-25 23:00:00,2026-03-26 18:00:00,19,+5C,5.0,2.7,7.7,NORMAL,6719.744036415333,0.1412473,True,6726.0830039706025,0.6188924,True,-6.338967555269846,-0.0942445633146033,-0.47764507,False,No change
M9R,2026-03-25 23:00:00,2026-03-26 19:00:00,20,-5C,-5.0,2.7,-2.3,NORMAL,6742.513727857631,0.84216404,True,6695.070352963223,0.66092515,True,47.44337489440841,0.70863146155604,0.18123889,False,No change
M9R,2026-03-25 23:00:00,2026-03-26 19:00:00,20,-2.5C,-2.5,2.7,0.20000000000000018,NORMAL,6720.6639863959645,0.77144796,True,6695.070352963223,0.66092515,True,25.593633432741626,0.3822757952261688,0.11052281,False,No change
M9R,2026-03-25 23:00:00,2026-03-26 19:00:00,20,Baseline,0.0,2.7,2.7,NORMAL,6695.070352963223,0.66092515,True,6695.070352963223,0.66092515,True,0.0,0.0,0.0,False,No change
M9R,2026-03-25 23:00:00,2026-03-26 19:00:00,20,+2.5C,2.5,2.7,5.2,NORMAL,6685.008749783572,0.5643433,True,6695.070352963223,0.66092515,True,-10.061603179650774,-0.15028375579649483,-0.09658188,False,No change
M9R,2026-03-25 23:00:00,2026-03-26 19:00:00,20,+5C,5.0,2.7,7.7,NORMAL,6689.450778973133,0.17377476,True,6695.070352963223,0.66092515,True,-5.6195739900895205,-0.08393599609602773,-0.48715037,False,No change
M9R,2026-03-25 23:00:00,2026-03-26 20:00:00,21,-5C,-5.0,2.7,-2.3,NORMAL,6600.820565174863,0.65556335,True,6548.6063016027565,0.49308845,True,52.214263572106574,0.7973339847797424,0.1624749,False,No change
M9R,2026-03-25 23:00:00,2026-03-26 20:00:00,21,-2.5C,-2.5,2.7,0.20000000000000018,NORMAL,6568.684900518239,0.62564695,True,6548.6063016027565,0.49308845,True,20.07859891548287,0.30660873460309684,0.1325585,False,No change
M9R,2026-03-25 23:00:00,2026-03-26 20:00:00,21,Baseline,0.0,2.7,2.7,NORMAL,6548.6063016027565,0.49308845,True,6548.6063016027565,0.49308845,True,0.0,0.0,0.0,False,No change
M9R,2026-03-25 23:00:00,2026-03-26 20:00:00,21,+2.5C,2.5,2.7,5.2,NORMAL,6544.374210239719,0.36138728,True,6548.6063016027565,0.49308845,True,-4.232091363037398,-0.06462583285853668,-0.13170117,False,No change
M9R,2026-03-25 23:00:00,2026-03-26 20:00:00,21,+5C,5.0,2.7,7.7,NORMAL,6552.629621373723,0.09300086,True,6548.6063016027565,0.49308845,True,4.0233197709667365,0.06143780196378637,-0.4000876,False,No change
M9R,2026-03-25 23:00:00,2026-03-26 21:00:00,22,-5C,-5.0,2.7,-2.3,NORMAL,6117.155035714792,0.17631154,True,6107.03524585918,0.109318964,True,10.119789855611998,0.16570708123018663,0.06699257,False,No change
M9R,2026-03-25 23:00:00,2026-03-26 21:00:00,22,-2.5C,-2.5,2.7,0.20000000000000018,NORMAL,6106.920168698493,0.14351349,True,6107.03524585918,0.109318964,True,-0.11507716068626905,-0.0018843375885917162,0.03419452,False,No change
M9R,2026-03-25 23:00:00,2026-03-26 21:00:00,22,Baseline,0.0,2.7,2.7,NORMAL,6107.03524585918,0.109318964,True,6107.03524585918,0.109318964,True,0.0,0.0,0.0,False,No change
M9R,2026-03-25 23:00:00,2026-03-26 21:00:00,22,+2.5C,2.5,2.7,5.2,NORMAL,6103.861445019394,0.098937705,True,6107.03524585918,0.109318964,True,-3.173800839786054,-0.05196958445487966,-0.010381259,False,No change
M9R,2026-03-25 23:00:00,2026-03-26 21:00:00,22,+5C,5.0,2.7,7.7,NORMAL,6104.633433745334,0.033186328,False,6107.03524585918,0.109318964,True,-2.401812113846063,-0.03932861064580542,-0.07613264,True,Alert -> No Alert
M9R,2026-03-25 23:00:00,2026-03-26 22:00:00,23,-5C,-5.0,2.7,-2.3,NORMAL,5364.042225309411,0.057761416,False,5368.260111726303,0.05154052,False,-4.217886416891815,-0.07857082796115565,0.006220896,False,No change
M9R,2026-03-25 23:00:00,2026-03-26 22:00:00,23,-2.5C,-2.5,2.7,0.20000000000000018,NORMAL,5353.637333615525,0.05458163,False,5368.260111726303,0.05154052,False,-14.6227781107782,-0.2723932485841463,0.003041111,False,No change
M9R,2026-03-25 23:00:00,2026-03-26 22:00:00,23,Baseline,0.0,2.7,2.7,NORMAL,5368.260111726303,0.05154052,False,5368.260111726303,0.05154052,False,0.0,0.0,0.0,False,No change
M9R,2026-03-25 23:00:00,2026-03-26 22:00:00,23,+2.5C,2.5,2.7,5.2,NORMAL,5364.091051610203,0.054750647,False,5368.260111726303,0.05154052,False,-4.1690601160998995,-0.07766129116942566,0.0032101274,False,No change
M9R,2026-03-25 23:00:00,2026-03-26 22:00:00,23,+5C,5.0,2.7,7.7,NORMAL,5405.451997554016,0.0120767355,False,5368.260111726303,0.05154052,False,37.19188582771312,0.6928108000294552,-0.039463785,False,No change
M9R,2026-03-25 23:00:00,2026-03-26 23:00:00,24,-5C,-5.0,2.7,-2.3,NORMAL,4865.001898679858,0.008745219,False,4857.067603229188,0.0071181557,False,7.934295450670106,0.16335567257484834,0.0016270629,False,No change
M9R,2026-03-25 23:00:00,2026-03-26 23:00:00,24,-2.5C,-2.5,2.7,0.20000000000000018,NORMAL,4854.324513799521,0.009114654,False,4857.067603229188,0.0071181557,False,-2.7430894296667248,-0.0564762456228322,0.001996498,False,No change
M9R,2026-03-25 23:00:00,2026-03-26 23:00:00,24,Baseline,0.0,2.7,2.7,NORMAL,4857.067603229188,0.0071181557,False,4857.067603229188,0.0071181557,False,0.0,0.0,0.0,False,No change
M9R,2026-03-25 23:00:00,2026-03-26 23:00:00,24,+2.5C,2.5,2.7,5.2,NORMAL,4871.027779624994,0.0063638906,False,4857.067603229188,0.0071181557,False,13.96017639580623,0.28741984951012217,-0.0007542651,False,No change
M9R,2026-03-25 23:00:00,2026-03-26 23:00:00,24,+5C,5.0,2.7,7.7,NORMAL,4891.279980399045,0.0047999094,False,4857.067603229188,0.0071181557,False,34.212377169857064,0.7043833844748466,-0.0023182463,False,No change
M9W,2026-03-25 23:00:00,2026-03-26 00:00:00,1,-5C,-5.0,2.7,-2.3,NORMAL,11852.95626440633,0.00031761476,False,11350.976263930103,0.00012257928,False,501.98000047622736,4.422350895679033,0.00019503548,False,No change
M9W,2026-03-25 23:00:00,2026-03-26 00:00:00,1,-2.5C,-2.5,2.7,0.20000000000000018,NORMAL,11579.563427528969,0.00023628783,False,11350.976263930103,0.00012257928,False,228.58716359886603,2.0138106034565983,0.00011370855,False,No change
M9W,2026-03-25 23:00:00,2026-03-26 00:00:00,1,Baseline,0.0,2.7,2.7,NORMAL,11350.976263930103,0.00012257928,False,11350.976263930103,0.00012257928,False,0.0,0.0,0.0,False,No change
M9W,2026-03-25 23:00:00,2026-03-26 00:00:00,1,+2.5C,2.5,2.7,5.2,NORMAL,11207.81532692292,6.165907e-05,False,11350.976263930103,0.00012257928,False,-143.16093700718193,-1.2612213582201135,-6.092021e-05,False,No change
M9W,2026-03-25 23:00:00,2026-03-26 00:00:00,1,+5C,5.0,2.7,7.7,NORMAL,11146.807103191788,5.283798e-05,False,11350.976263930103,0.00012257928,False,-204.16916073831453,-1.798692517639219,-6.9741305e-05,False,No change
M9W,2026-03-25 23:00:00,2026-03-26 01:00:00,2,-5C,-5.0,2.7,-2.3,NORMAL,11504.94680139764,9.0474736e-05,False,10907.403774577957,5.3212214e-05,False,597.5430268196833,5.478324990703887,3.726252e-05,False,No change
M9W,2026-03-25 23:00:00,2026-03-26 01:00:00,2,-2.5C,-2.5,2.7,0.20000000000000018,NORMAL,11274.58744996216,7.2956886e-05,False,10907.403774577957,5.3212214e-05,False,367.1836753842035,3.3663709804161077,1.9744672e-05,False,No change
M9W,2026-03-25 23:00:00,2026-03-26 01:00:00,2,Baseline,0.0,2.7,2.7,NORMAL,10907.403774577957,5.3212214e-05,False,10907.403774577957,5.3212214e-05,False,0.0,0.0,0.0,False,No change
M9W,2026-03-25 23:00:00,2026-03-26 01:00:00,2,+2.5C,2.5,2.7,5.2,NORMAL,10778.412400451269,2.005395e-05,False,10907.403774577957,5.3212214e-05,False,-128.99137412668824,-1.1826038239029006,-3.3158263e-05,False,No change
M9W,2026-03-25 23:00:00,2026-03-26 01:00:00,2,+5C,5.0,2.7,7.7,NORMAL,10733.063138638428,1.6351112e-05,False,10907.403774577957,5.3212214e-05,False,-174.3406359395285,-1.5983696903736775,-3.68611e-05,False,No change
M9W,2026-03-25 23:00:00,2026-03-26 02:00:00,3,-5C,-5.0,2.7,-2.3,NORMAL,11180.614496243343,6.4818785e-05,False,10693.036833431119,6.139791e-05,False,487.57766281222393,4.55976791633077,3.4208788e-06,False,No change
M9W,2026-03-25 23:00:00,2026-03-26 02:00:00,3,-2.5C,-2.5,2.7,0.20000000000000018,NORMAL,11079.697102579,7.639624e-05,False,10693.036833431119,6.139791e-05,False,386.660269147882,3.6160005354046154,1.4998332e-05,False,No change
M9W,2026-03-25 23:00:00,2026-03-26 02:00:00,3,Baseline,0.0,2.7,2.7,NORMAL,10693.036833431119,6.139791e-05,False,10693.036833431119,6.139791e-05,False,0.0,0.0,0.0,False,No change
M9W,2026-03-25 23:00:00,2026-03-26 02:00:00,3,+2.5C,2.5,2.7,5.2,NORMAL,10594.771877666244,3.460134e-05,False,10693.036833431119,6.139791e-05,False,-98.26495576487468,-0.9189620993135961,-2.6796566e-05,False,No change
M9W,2026-03-25 23:00:00,2026-03-26 02:00:00,3,+5C,5.0,2.7,7.7,NORMAL,10575.83775079485,3.4692104e-05,False,10693.036833431119,6.139791e-05,False,-117.19908263626894,-1.0960317864972957,-2.6705802e-05,False,No change
M9W,2026-03-25 23:00:00,2026-03-26 03:00:00,4,-5C,-5.0,2.7,-2.3,NORMAL,11220.614072903409,0.0001530347,False,10828.77340745825,5.321536e-05,False,391.8406654451592,3.6185138491796436,9.981934e-05,False,No change
M9W,2026-03-25 23:00:00,2026-03-26 03:00:00,4,-2.5C,-2.5,2.7,0.20000000000000018,NORMAL,11067.617836917787,0.000119610435,False,10828.77340745825,5.321536e-05,False,238.84442945953742,2.2056462026902772,6.639508e-05,False,No change
M9W,2026-03-25 23:00:00,2026-03-26 03:00:00,4,Baseline,0.0,2.7,2.7,NORMAL,10828.77340745825,5.321536e-05,False,10828.77340745825,5.321536e-05,False,0.0,0.0,0.0,False,No change
M9W,2026-03-25 23:00:00,2026-03-26 03:00:00,4,+2.5C,2.5,2.7,5.2,NORMAL,10727.729146020292,3.2481254e-05,False,10828.77340745825,5.321536e-05,False,-101.04426143795718,-0.9331090201625567,-2.0734107e-05,False,No change
M9W,2026-03-25 23:00:00,2026-03-26 03:00:00,4,+5C,5.0,2.7,7.7,NORMAL,10644.468010563069,3.0128656e-05,False,10828.77340745825,5.321536e-05,False,-184.30539689518082,-1.7019969848869645,-2.3086704e-05,False,No change
M9W,2026-03-25 23:00:00,2026-03-26 04:00:00,5,-5C,-5.0,2.7,-2.3,NORMAL,11819.298031034905,0.00041301714,False,11343.18002811096,0.00017476766,False,476.118002923944,4.197394396844766,0.00023824949,False,No change
M9W,2026-03-25 23:00:00,2026-03-26 04:00:00,5,-2.5C,-2.5,2.7,0.20000000000000018,NORMAL,11466.708584097823,0.00031370498,False,11343.18002811096,0.00017476766,False,123.52855598686256,1.08901168526578,0.00013893732,False,No change
M9W,2026-03-25 23:00:00,2026-03-26 04:00:00,5,Baseline,0.0,2.7,2.7,NORMAL,11343.18002811096,0.00017476766,False,11343.18002811096,0.00017476766,False,0.0,0.0,0.0,False,No change
M9W,2026-03-25 23:00:00,2026-03-26 04:00:00,5,+2.5C,2.5,2.7,5.2,NORMAL,11290.890806049578,7.066992e-05,False,11343.18002811096,0.00017476766,False,-52.28922206138304,-0.46097498172292556,-0.00010409774,False,No change
M9W,2026-03-25 23:00:00,2026-03-26 04:00:00,5,+5C,5.0,2.7,7.7,NORMAL,11245.259387934606,7.0552895e-05,False,11343.18002811096,0.00017476766,False,-97.92064017635494,-0.8632556296707403,-0.00010421476,False,No change
M9W,2026-03-25 23:00:00,2026-03-26 05:00:00,6,-5C,-5.0,2.7,-2.3,NORMAL,12649.54437281923,0.0013601882,False,12316.409417207537,0.00037052133,False,333.13495561169293,2.7048057946682293,0.0009896669,False,No change
M9W,2026-03-25 23:00:00,2026-03-26 05:00:00,6,-2.5C,-2.5,2.7,0.20000000000000018,NORMAL,12539.209971610806,0.0009915872,False,12316.409417207537,0.00037052133,False,222.80055440326942,1.8089732718042784,0.00062106585,False,No change
M9W,2026-03-25 23:00:00,2026-03-26 05:00:00,6,Baseline,0.0,2.7,2.7,NORMAL,12316.409417207537,0.00037052133,False,12316.409417207537,0.00037052133,False,0.0,0.0,0.0,False,No change
M9W,2026-03-25 23:00:00,2026-03-26 05:00:00,6,+2.5C,2.5,2.7,5.2,NORMAL,12232.904021925733,0.00021156861,False,12316.409417207537,0.00037052133,False,-83.50539528180343,-0.6780011320924111,-0.00015895272,False,No change
M9W,2026-03-25 23:00:00,2026-03-26 05:00:00,6,+5C,5.0,2.7,7.7,NORMAL,12197.116443791554,0.00019560829,False,12316.409417207537,0.00037052133,False,-119.29297341598249,-0.9685694050517316,-0.00017491305,False,No change
M9W,2026-03-25 23:00:00,2026-03-26 06:00:00,7,-5C,-5.0,2.7,-2.3,NORMAL,13910.955927741528,0.0023198547,False,13633.520820484064,0.00037112655,False,277.43510725746455,2.0349483520106153,0.0019487281,False,No change
M9W,2026-03-25 23:00:00,2026-03-26 06:00:00,7,-2.5C,-2.5,2.7,0.20000000000000018,NORMAL,13715.912575727087,0.0019972392,False,13633.520820484064,0.00037112655,False,82.391755243023,0.604332192160012,0.0016261126,False,No change
M9W,2026-03-25 23:00:00,2026-03-26 06:00:00,7,Baseline,0.0,2.7,2.7,NORMAL,13633.520820484064,0.00037112655,False,13633.520820484064,0.00037112655,False,0.0,0.0,0.0,False,No change
M9W,2026-03-25 23:00:00,2026-03-26 06:00:00,7,+2.5C,2.5,2.7,5.2,NORMAL,13528.640149979788,0.00035796384,False,13633.520820484064,0.00037112655,False,-104.88067050427526,-0.7692852923706572,-1.3162702e-05,False,No change
M9W,2026-03-25 23:00:00,2026-03-26 06:00:00,7,+5C,5.0,2.7,7.7,NORMAL,13456.838917746743,0.00025222567,False,13633.520820484064,0.00037112655,False,-176.68190273732034,-1.2959374549225735,-0.000118900876,False,No change
M9W,2026-03-25 23:00:00,2026-03-26 07:00:00,8,-5C,-5.0,2.7,-2.3,NORMAL,15018.067682416397,0.003801481,False,14617.365512051605,0.00065007573,False,400.7021703647915,2.7412748900232664,0.0031514054,False,No change
M9W,2026-03-25 23:00:00,2026-03-26 07:00:00,8,-2.5C,-2.5,2.7,0.20000000000000018,NORMAL,14681.371888640879,0.0032449733,False,14617.365512051605,0.00065007573,False,64.00637658927371,0.43787901818903185,0.0025948975,False,No change
M9W,2026-03-25 23:00:00,2026-03-26 07:00:00,8,Baseline,0.0,2.7,2.7,NORMAL,14617.365512051605,0.00065007573,False,14617.365512051605,0.00065007573,False,0.0,0.0,0.0,False,No change
M9W,2026-03-25 23:00:00,2026-03-26 07:00:00,8,+2.5C,2.5,2.7,5.2,NORMAL,14567.169213825011,0.00043097365,False,14617.365512051605,0.00065007573,False,-50.19629822659408,-0.3434018133103989,-0.00021910208,False,No change
M9W,2026-03-25 23:00:00,2026-03-26 07:00:00,8,+5C,5.0,2.7,7.7,NORMAL,14479.690661310717,0.00038854012,False,14617.365512051605,0.00065007573,False,-137.67485074088836,-0.9418581660791018,-0.0002615356,False,No change
M9W,2026-03-25 23:00:00,2026-03-26 08:00:00,9,-5C,-5.0,2.7,-2.3,NORMAL,15599.61251035918,0.005967319,False,15169.688305346057,0.0020666262,False,429.92420501312336,2.834100453215052,0.0039006928,False,No change
M9W,2026-03-25 23:00:00,2026-03-26 08:00:00,9,-2.5C,-2.5,2.7,0.20000000000000018,NORMAL,15391.247844134468,0.0055253697,False,15169.688305346057,0.0020666262,False,221.55953878841137,1.460541141839612,0.0034587434,False,No change
M9W,2026-03-25 23:00:00,2026-03-26 08:00:00,9,Baseline,0.0,2.7,2.7,NORMAL,15169.688305346057,0.0020666262,False,15169.688305346057,0.0020666262,False,0.0,0.0,0.0,False,No change
M9W,2026-03-25 23:00:00,2026-03-26 08:00:00,9,+2.5C,2.5,2.7,5.2,NORMAL,15061.03700688115,0.0013710022,False,15169.688305346057,0.0020666262,False,-108.65129846490709,-0.7162394920574374,-0.00069562404,False,No change
M9W,2026-03-25 23:00:00,2026-03-26 08:00:00,9,+5C,5.0,2.7,7.7,NORMAL,14985.738444783423,0.00059451646,False,15169.688305346057,0.0020666262,False,-183.94986056263406,-1.2126146355809235,-0.0014721097,False,No change
M9W,2026-03-25 23:00:00,2026-03-26 09:00:00,10,-5C,-5.0,2.7,-2.3,NORMAL,16156.624710272987,0.07680357,True,15692.144002449724,0.022108015,False,464.4807078232625,2.959956955217539,0.054695558,True,No Alert -> Alert
M9W,2026-03-25 23:00:00,2026-03-26 09:00:00,10,-2.5C,-2.5,2.7,0.20000000000000018,NORMAL,15986.267841368142,0.060278993,True,15692.144002449724,0.022108015,False,294.1238389184182,1.874338132969606,0.03817098,True,No Alert -> Alert
M9W,2026-03-25 23:00:00,2026-03-26 09:00:00,10,Baseline,0.0,2.7,2.7,NORMAL,15692.144002449724,0.022108015,False,15692.144002449724,0.022108015,False,0.0,0.0,0.0,False,No change
M9W,2026-03-25 23:00:00,2026-03-26 09:00:00,10,+2.5C,2.5,2.7,5.2,NORMAL,15555.564979485027,0.01737324,False,15692.144002449724,0.022108015,False,-136.5790229646973,-0.8703655978646113,-0.004734775,False,No change
M9W,2026-03-25 23:00:00,2026-03-26 09:00:00,10,+5C,5.0,2.7,7.7,NORMAL,15515.365493248226,0.005984064,False,15692.144002449724,0.022108015,False,-176.7785092014983,-1.126541466697611,-0.01612395,False,No change
M9W,2026-03-25 23:00:00,2026-03-26 10:00:00,11,-5C,-5.0,2.7,-2.3,NORMAL,16080.581568585645,0.48264647,True,15798.723757202097,0.19417429,True,281.8578113835483,1.7840543053679194,0.28847218,False,No change
M9W,2026-03-25 23:00:00,2026-03-26 10:00:00,11,-2.5C,-2.5,2.7,0.20000000000000018,NORMAL,15930.62133818245,0.4167324,True,15798.723757202097,0.19417429,True,131.89758098035236,0.8348622522134092,0.22255811,False,No change
M9W,2026-03-25 23:00:00,2026-03-26 10:00:00,11,Baseline,0.0,2.7,2.7,NORMAL,15798.723757202097,0.19417429,True,15798.723757202097,0.19417429,True,0.0,0.0,0.0,False,No change
M9W,2026-03-25 23:00:00,2026-03-26 10:00:00,11,+2.5C,2.5,2.7,5.2,NORMAL,15708.27550531249,0.098181725,True,15798.723757202097,0.19417429,True,-90.44825188960749,-0.5725035343337479,-0.095992565,False,No change
M9W,2026-03-25 23:00:00,2026-03-26 10:00:00,11,+5C,5.0,2.7,7.7,NORMAL,15693.01663149758,0.039417956,False,15798.723757202097,0.19417429,True,-105.70712570451724,-0.6690864865355278,-0.15475634,True,Alert -> No Alert
M9W,2026-03-25 23:00:00,2026-03-26 11:00:00,12,-5C,-5.0,2.7,-2.3,NORMAL,16180.281642726859,0.70566684,True,15839.80226333322,0.35267845,True,340.47937939363874,2.1495178647639923,0.3529884,False,No change
M9W,2026-03-25 23:00:00,2026-03-26 11:00:00,12,-2.5C,-2.5,2.7,0.20000000000000018,NORMAL,15971.367650062413,0.599701,True,15839.80226333322,0.35267845,True,131.56538672919305,0.8305999313750734,0.24702254,False,No change
M9W,2026-03-25 23:00:00,2026-03-26 11:00:00,12,Baseline,0.0,2.7,2.7,NORMAL,15839.80226333322,0.35267845,True,15839.80226333322,0.35267845,True,0.0,0.0,0.0,False,No change
M9W,2026-03-25 23:00:00,2026-03-26 11:00:00,12,+2.5C,2.5,2.7,5.2,NORMAL,15762.538238068146,0.17134848,True,15839.80226333322,0.35267845,True,-77.26402526507445,-0.4877840264706407,-0.18132997,False,No change
M9W,2026-03-25 23:00:00,2026-03-26 11:00:00,12,+5C,5.0,2.7,7.7,NORMAL,15735.420062268251,0.04103993,False,15839.80226333322,0.35267845,True,-104.3822010649692,-0.6589867684560584,-0.31163853,True,Alert -> No Alert
M9W,2026-03-25 23:00:00,2026-03-26 12:00:00,13,-5C,-5.0,2.7,-2.3,NORMAL,15879.538366821213,0.5468042,True,15571.798285777992,0.20056617,True,307.7400810432209,1.976265524350425,0.34623802,False,No change
M9W,2026-03-25 23:00:00,2026-03-26 12:00:00,13,-2.5C,-2.5,2.7,0.20000000000000018,NORMAL,15672.087323076115,0.46352616,True,15571.798285777992,0.20056617,True,100.28903729812373,0.6440427461080044,0.26296,False,No change
M9W,2026-03-25 23:00:00,2026-03-26 12:00:00,13,Baseline,0.0,2.7,2.7,NORMAL,15571.798285777992,0.20056617,True,15571.798285777992,0.20056617,True,0.0,0.0,0.0,False,No change
M9W,2026-03-25 23:00:00,2026-03-26 12:00:00,13,+2.5C,2.5,2.7,5.2,NORMAL,15569.209949459133,0.15742595,True,15571.798285777992,0.20056617,True,-2.5883363188586372,-0.016621948675141857,-0.043140218,False,No change
M9W,2026-03-25 23:00:00,2026-03-26 12:00:00,13,+5C,5.0,2.7,7.7,NORMAL,15529.54241662157,0.023490801,False,15571.798285777992,0.20056617,True,-42.255869156420886,-0.2713615240894428,-0.17707537,True,Alert -> No Alert
M9W,2026-03-25 23:00:00,2026-03-26 13:00:00,14,-5C,-5.0,2.7,-2.3,NORMAL,15707.93234948843,0.38961077,True,15576.338567377508,0.12629136,True,131.5937821109219,0.8448312903683727,0.2633194,False,No change
M9W,2026-03-25 23:00:00,2026-03-26 13:00:00,14,-2.5C,-2.5,2.7,0.20000000000000018,NORMAL,15653.033195878143,0.34825444,True,15576.338567377508,0.12629136,True,76.69462850063428,0.4923790540946548,0.22196308,False,No change
M9W,2026-03-25 23:00:00,2026-03-26 13:00:00,14,Baseline,0.0,2.7,2.7,NORMAL,15576.338567377508,0.12629136,True,15576.338567377508,0.12629136,True,0.0,0.0,0.0,False,No change
M9W,2026-03-25 23:00:00,2026-03-26 13:00:00,14,+2.5C,2.5,2.7,5.2,NORMAL,15464.82716011632,0.07737496,True,15576.338567377508,0.12629136,True,-111.51140726118865,-0.7159025645136778,-0.048916407,False,No change
M9W,2026-03-25 23:00:00,2026-03-26 13:00:00,14,+5C,5.0,2.7,7.7,NORMAL,15393.923196738911,0.0140123395,False,15576.338567377508,0.12629136,True,-182.41537063859687,-1.1711055833149435,-0.11227903,True,Alert -> No Alert
M9W,2026-03-25 23:00:00,2026-03-26 14:00:00,15,-5C,-5.0,2.7,-2.3,NORMAL,16107.200550891304,0.6737519,True,15769.705501883387,0.51755935,True,337.49504900791726,2.1401480767514016,0.15619254,False,No change
M9W,2026-03-25 23:00:00,2026-03-26 14:00:00,15,-2.5C,-2.5,2.7,0.20000000000000018,NORMAL,15998.748924309964,0.6455382,True,15769.705501883387,0.51755935,True,229.0434224265773,1.4524267583768289,0.12797886,False,No change
M9W,2026-03-25 23:00:00,2026-03-26 14:00:00,15,Baseline,0.0,2.7,2.7,NORMAL,15769.705501883387,0.51755935,True,15769.705501883387,0.51755935,True,0.0,0.0,0.0,False,No change
M9W,2026-03-25 23:00:00,2026-03-26 14:00:00,15,+2.5C,2.5,2.7,5.2,NORMAL,15675.838493134579,0.34423655,True,15769.705501883387,0.51755935,True,-93.86700874880808,-0.5952362822349312,-0.1733228,False,No change
M9W,2026-03-25 23:00:00,2026-03-26 14:00:00,15,+5C,5.0,2.7,7.7,NORMAL,15620.31635498479,0.063439496,True,15769.705501883387,0.51755935,True,-149.38914689859666,-0.9473172906162072,-0.45411986,False,No change
M9W,2026-03-25 23:00:00,2026-03-26 15:00:00,16,-5C,-5.0,2.7,-2.3,NORMAL,16019.092183555525,0.7016301,True,15805.186608960494,0.6229481,True,213.9055745950318,1.3533884786514416,0.078682005,False,No change
M9W,2026-03-25 23:00:00,2026-03-26 15:00:00,16,-2.5C,-2.5,2.7,0.20000000000000018,NORMAL,16001.713641191254,0.72618115,True,15805.186608960494,0.6229481,True,196.5270322307606,1.243433798619896,0.10323304,False,No change
M9W,2026-03-25 23:00:00,2026-03-26 15:00:00,16,Baseline,0.0,2.7,2.7,NORMAL,15805.186608960494,0.6229481,True,15805.186608960494,0.6229481,True,0.0,0.0,0.0,False,No change
M9W,2026-03-25 23:00:00,2026-03-26 15:00:00,16,+2.5C,2.5,2.7,5.2,NORMAL,15790.636036162483,0.3397189,True,15805.186608960494,0.6229481,True,-14.550572798010762,-0.09206201203446437,-0.2832292,False,No change
M9W,2026-03-25 23:00:00,2026-03-26 15:00:00,16,+5C,5.0,2.7,7.7,NORMAL,15751.816171669518,0.07552464,True,15805.186608960494,0.6229481,True,-53.37043729097604,-0.3376767298699184,-0.5474235,False,No change
M9W,2026-03-25 23:00:00,2026-03-26 16:00:00,17,-5C,-5.0,2.7,-2.3,NORMAL,15987.688006397148,0.8016423,True,15804.743237386498,0.696141,True,182.9447690106499,1.1575307884653874,0.105501294,False,No change
M9W,2026-03-25 23:00:00,2026-03-26 16:00:00,17,-2.5C,-2.5,2.7,0.20000000000000018,NORMAL,15928.414940687482,0.77515644,True,15804.743237386498,0.696141,True,123.67170330098452,0.7824973898243165,0.079015434,False,No change
M9W,2026-03-25 23:00:00,2026-03-26 16:00:00,17,Baseline,0.0,2.7,2.7,NORMAL,15804.743237386498,0.696141,True,15804.743237386498,0.696141,True,0.0,0.0,0.0,False,No change
M9W,2026-03-25 23:00:00,2026-03-26 16:00:00,17,+2.5C,2.5,2.7,5.2,NORMAL,15662.269930210376,0.47654563,True,15804.743237386498,0.696141,True,-142.47330717612203,-0.9014591697959257,-0.21959537,False,No change
M9W,2026-03-25 23:00:00,2026-03-26 16:00:00,17,+5C,5.0,2.7,7.7,NORMAL,15612.011391611819,0.10870945,True,15804.743237386498,0.696141,True,-192.73184577467873,-1.2194557221199707,-0.58743155,False,No change
M9W,2026-03-25 23:00:00,2026-03-26 17:00:00,18,-5C,-5.0,2.7,-2.3,NORMAL,16088.169413895648,0.8755025,True,15924.021090418726,0.7588861,True,164.1483234769221,1.0308220677733715,0.11661643,False,No change
M9W,2026-03-25 23:00:00,2026-03-26 17:00:00,18,-2.5C,-2.5,2.7,0.20000000000000018,NORMAL,16008.651248094437,0.83768165,True,15924.021090418726,0.7588861,True,84.6301576757105,0.5314622305206024,0.07879555,False,No change
M9W,2026-03-25 23:00:00,2026-03-26 17:00:00,18,Baseline,0.0,2.7,2.7,NORMAL,15924.021090418726,0.7588861,True,15924.021090418726,0.7588861,True,0.0,0.0,0.0,False,No change
M9W,2026-03-25 23:00:00,2026-03-26 17:00:00,18,+2.5C,2.5,2.7,5.2,NORMAL,15777.60838789384,0.6178441,True,15924.021090418726,0.7588861,True,-146.4127025248854,-0.9194455451517832,-0.141042,False,No change
M9W,2026-03-25 23:00:00,2026-03-26 17:00:00,18,+5C,5.0,2.7,7.7,NORMAL,15774.406540575714,0.16256295,True,15924.021090418726,0.7588861,True,-149.61454984301236,-0.9395525727671478,-0.59632313,False,No change
M9W,2026-03-25 23:00:00,2026-03-26 18:00:00,19,-5C,-5.0,2.7,-2.3,NORMAL,16251.381827471298,0.9443378,True,16075.497159270191,0.8626735,True,175.88466820110625,1.0941165082392463,0.081664264,False,No change
M9W,2026-03-25 23:00:00,2026-03-26 18:00:00,19,-2.5C,-2.5,2.7,0.20000000000000018,NORMAL,16124.676825342249,0.9225155,True,16075.497159270191,0.8626735,True,49.179666072057444,0.3059293630847193,0.05984199,False,No change
M9W,2026-03-25 23:00:00,2026-03-26 18:00:00,19,Baseline,0.0,2.7,2.7,NORMAL,16075.497159270191,0.8626735,True,16075.497159270191,0.8626735,True,0.0,0.0,0.0,False,No change
M9W,2026-03-25 23:00:00,2026-03-26 18:00:00,19,+2.5C,2.5,2.7,5.2,NORMAL,15937.644566505516,0.75592726,True,16075.497159270191,0.8626735,True,-137.85259276467514,-0.8575323761304654,-0.10674626,False,No change
M9W,2026-03-25 23:00:00,2026-03-26 18:00:00,19,+5C,5.0,2.7,7.7,NORMAL,15934.108465063042,0.33335197,True,16075.497159270191,0.8626735,True,-141.38869420714946,-0.8795292164610624,-0.52932155,False,No change
M9W,2026-03-25 23:00:00,2026-03-26 19:00:00,20,-5C,-5.0,2.7,-2.3,NORMAL,16326.665842556156,0.9335785,True,16238.514310593266,0.8620837,True,88.15153196289066,0.5428546619279365,0.07149482,False,No change
M9W,2026-03-25 23:00:00,2026-03-26 19:00:00,20,-2.5C,-2.5,2.7,0.20000000000000018,NORMAL,16293.170581234957,0.9036122,True,16238.514310593266,0.8620837,True,54.65627064169166,0.336584182495294,0.041528523,False,No change
M9W,2026-03-25 23:00:00,2026-03-26 19:00:00,20,Baseline,0.0,2.7,2.7,NORMAL,16238.514310593266,0.8620837,True,16238.514310593266,0.8620837,True,0.0,0.0,0.0,False,No change
M9W,2026-03-25 23:00:00,2026-03-26 19:00:00,20,+2.5C,2.5,2.7,5.2,NORMAL,16070.796305763128,0.788306,True,16238.514310593266,0.8620837,True,-167.71800483013794,-1.0328408228868966,-0.073777676,False,No change
M9W,2026-03-25 23:00:00,2026-03-26 19:00:00,20,+5C,5.0,2.7,7.7,NORMAL,16083.89321963398,0.31387916,True,16238.514310593266,0.8620837,True,-154.62109095928645,-0.9521874230724341,-0.54820454,False,No change
M9W,2026-03-25 23:00:00,2026-03-26 20:00:00,21,-5C,-5.0,2.7,-2.3,NORMAL,15631.726879268235,0.59906715,True,15589.353281863496,0.40659234,True,42.373597404739485,0.2718111305748425,0.19247481,False,No change
M9W,2026-03-25 23:00:00,2026-03-26 20:00:00,21,-2.5C,-2.5,2.7,0.20000000000000018,NORMAL,15594.129159316115,0.52888954,True,15589.353281863496,0.40659234,True,4.77587745261917,0.03063550723541162,0.1222972,False,No change
M9W,2026-03-25 23:00:00,2026-03-26 20:00:00,21,Baseline,0.0,2.7,2.7,NORMAL,15589.353281863496,0.40659234,True,15589.353281863496,0.40659234,True,0.0,0.0,0.0,False,No change
M9W,2026-03-25 23:00:00,2026-03-26 20:00:00,21,+2.5C,2.5,2.7,5.2,NORMAL,15507.750327588608,0.3049513,True,15589.353281863496,0.40659234,True,-81.60295427488745,-0.5234531080248438,-0.10164103,False,No change
M9W,2026-03-25 23:00:00,2026-03-26 20:00:00,21,+5C,5.0,2.7,7.7,NORMAL,15516.670174504257,0.05372123,False,15589.353281863496,0.40659234,True,-72.68310735923842,-0.46623555220726987,-0.35287112,True,Alert -> No Alert
M9W,2026-03-25 23:00:00,2026-03-26 21:00:00,22,-5C,-5.0,2.7,-2.3,NORMAL,14224.296901970785,0.048789263,False,14208.177893181328,0.033446528,False,16.11900878945744,0.11344881033051495,0.015342735,False,No change
M9W,2026-03-25 23:00:00,2026-03-26 21:00:00,22,-2.5C,-2.5,2.7,0.20000000000000018,NORMAL,14214.321460630372,0.042348836,False,14208.177893181328,0.033446528,False,6.143567449043985,0.04323965743694943,0.008902308,False,No change
M9W,2026-03-25 23:00:00,2026-03-26 21:00:00,22,Baseline,0.0,2.7,2.7,NORMAL,14208.177893181328,0.033446528,False,14208.177893181328,0.033446528,False,0.0,0.0,0.0,False,No change
M9W,2026-03-25 23:00:00,2026-03-26 21:00:00,22,+2.5C,2.5,2.7,5.2,NORMAL,14217.076037122457,0.02456382,False,14208.177893181328,0.033446528,False,8.898143941129092,0.06262691815957215,-0.008882709,False,No change
M9W,2026-03-25 23:00:00,2026-03-26 21:00:00,22,+5C,5.0,2.7,7.7,NORMAL,14207.11246797459,0.005984813,False,14208.177893181328,0.033446528,False,-1.0654252067379275,-0.007498675866447573,-0.027461715,False,No change
M9W,2026-03-25 23:00:00,2026-03-26 22:00:00,23,-5C,-5.0,2.7,-2.3,NORMAL,13163.630122157938,0.01721235,False,13089.761494400791,0.016248524,False,73.8686277571469,0.5643237104720705,0.00096382573,False,No change
M9W,2026-03-25 23:00:00,2026-03-26 22:00:00,23,-2.5C,-2.5,2.7,0.20000000000000018,NORMAL,13112.145651804658,0.015613676,False,13089.761494400791,0.016248524,False,22.384157403866993,0.17100508220445365,-0.00063484814,False,No change
M9W,2026-03-25 23:00:00,2026-03-26 22:00:00,23,Baseline,0.0,2.7,2.7,NORMAL,13089.761494400791,0.016248524,False,13089.761494400791,0.016248524,False,0.0,0.0,0.0,False,No change
M9W,2026-03-25 23:00:00,2026-03-26 22:00:00,23,+2.5C,2.5,2.7,5.2,NORMAL,13067.581034150971,0.015713492,False,13089.761494400791,0.016248524,False,-22.18046024981959,-0.1694489258594008,-0.0005350318,False,No change
M9W,2026-03-25 23:00:00,2026-03-26 22:00:00,23,+5C,5.0,2.7,7.7,NORMAL,13086.41610314708,0.0029607813,False,13089.761494400791,0.016248524,False,-3.3453912537115684,-0.025557312523551905,-0.013287743,False,No change
M9W,2026-03-25 23:00:00,2026-03-26 23:00:00,24,-5C,-5.0,2.7,-2.3,NORMAL,12104.141301658212,0.00081355846,False,12093.340387554086,0.00064711354,False,10.800914104125695,0.08931290907218244,0.00016644492,False,No change
M9W,2026-03-25 23:00:00,2026-03-26 23:00:00,24,-2.5C,-2.5,2.7,0.20000000000000018,NORMAL,12089.98302197522,0.0008482137,False,12093.340387554086,0.00064711354,False,-3.357365578865938,-0.02776210270506555,0.00020110013,False,No change
M9W,2026-03-25 23:00:00,2026-03-26 23:00:00,24,Baseline,0.0,2.7,2.7,NORMAL,12093.340387554086,0.00064711354,False,12093.340387554086,0.00064711354,False,0.0,0.0,0.0,False,No change
M9W,2026-03-25 23:00:00,2026-03-26 23:00:00,24,+2.5C,2.5,2.7,5.2,NORMAL,12109.837464675751,0.0006368804,False,12093.340387554086,0.00064711354,False,16.497077121664915,0.13641456035292743,-1.023314e-05,False,No change
M9W,2026-03-25 23:00:00,2026-03-26 23:00:00,24,+5C,5.0,2.7,7.7,NORMAL,12108.689995040353,0.0004035008,False,12093.340387554086,0.00064711354,False,15.349607486266905,0.12692611796542186,-0.00024361274,False,No change
