{"type": "FeatureCollection", "features": [{"type": "Feature", "geometry": {"type": "MultiPolygon", "coordinates": [[[[-79.66962058451963, 43.6549322714872], [-79.66953075798887, 43.655066370942386], [-79.66972936874028, 43.65505965928354], [-79.67032028374662, 43.6547668654359], [-79.67016678437653, 43.65465427664117], [-79.66962058451963, 43.6549322714872]]], [[[-79.62835105515998, 43.73289787446942], [-79.62895172940301, 43.73366588267674], [-79.62897785616379, 43.73371392087683], [-79.62903749255634, 43.73384333580484], [-79.6291816160661, 43.73409664134416], [-79.62990979439935, 43.735362293805984], [-79.63047727114555, 43.73640517871009], [-79.63049298180816, 43.73626130187949], [-79.63046317129866, 43.735936878885504], [-79.63040398698826, 43.73581008731693], [-79.63027357800134, 43.73553840134618], [-79.63031286499513, 43.73544877962086], [-79.63053271440394, 43.73540421004879], [-79.63282736402881, 43.734967642115386], [-79.63382201490928, 43.73428703311455], [-79.63450899467401, 43.73375244666317], [-79.63475565746191, 43.73392627649335], [-79.63512218262825, 43.73419180082498], [-79.63553758629625, 43.73449388312055], [-79.63769848070562, 43.736122399656026], [-79.63840508500185, 43.73672499757123], [-79.63936554858407, 43.73733360340049], [-79.63951450624853, 43.73720008743059], [-79.64096139743643, 43.735903173263566], [-79.64282528197676, 43.73423247695593], [-79.64622470989782, 43.73116977540692], [-79.64624752167705, 43.7311491961814], [-79.64895309083218, 43.72871127471967], [-79.64932070056354, 43.72837996383934], [-79.64943141387054, 43.728280277824794], [-79.65039489680078, 43.72742137022028], [-79.65039837250112, 43.727418278062835], [-79.650653910369, 43.72719047749635], [-79.6507488855925, 43.727103668529374], [-79.65074990526892, 43.72710276270924], [-79.65080341774305, 43.72705386269152], [-79.65167940775848, 43.72625367131243], [-79.65231572177646, 43.725663661131634], [-79.65294169016192, 43.725094273379675], [-79.65330038943652, 43.72476807440952], [-79.65521331832905, 43.72304857012069], [-79.65612421608564, 43.72222757809227], [-79.65662597999774, 43.7217711196884], [-79.65669861424796, 43.72170505873376], [-79.65670810537377, 43.72169636662398], [-79.66104049595697, 43.71781706454105], [-79.66108901263047, 43.717773164775146], [-79.66109269533213, 43.71776981962902], [-79.6612133903146, 43.717660459383524], [-79.66121697189675, 43.717657228939615], [-79.66124938864077, 43.71762786992194], [-79.66168191547001, 43.71723656431133], [-79.66376729542858, 43.715349973145976], [-79.66435230963171, 43.71483165171909], [-79.66546459232936, 43.71383136617484], [-79.66702921145946, 43.712424265056754], [-79.66749559340158, 43.71200216092775], [-79.67003150049467, 43.7097071712032], [-79.67157951894013, 43.70830895000749], [-79.67158291058387, 43.708305897800116], [-79.67175182020988, 43.70815335835299], [-79.67177391273084, 43.70813405837314], [-79.67229339487122, 43.70768266328432], [-79.67234589424713, 43.70763487119058], [-79.67253119597035, 43.70746665490749], [-79.67298869845509, 43.70704795184012], [-79.6735075199942, 43.70658825044616], [-79.67385970569809, 43.7063001606228], [-79.67388429174011, 43.706282080149684], [-79.67387339687045, 43.70616488449336], [-79.6736981771912, 43.70427901176541], [-79.67367615721848, 43.704041928920084], [-79.6736150748123, 43.70338444070357], [-79.67340628295727, 43.70113698406507], [-79.67415767186226, 43.700101311068074], [-79.67510116049148, 43.69880079373083], [-79.67760840640267, 43.695344433005204], [-79.67699835622126, 43.694889920754704], [-79.67357468585189, 43.69233932927173], [-79.67332113223833, 43.692150439044056], [-79.6699537751818, 43.68964179050339], [-79.66714437101136, 43.69229668675593], [-79.66580238275108, 43.69349657654056], [-79.66345897505823, 43.695648069526506], [-79.6619903783154, 43.696954488742904], [-79.65940757043661, 43.699256289535434], [-79.65729628165136, 43.6976557730353], [-79.65693055852596, 43.69736338503622], [-79.65501308467594, 43.695981191880904], [-79.65332736189248, 43.69473418027377], [-79.6529665779775, 43.694467874725234], [-79.6528049720108, 43.694342385302015], [-79.65642469144422, 43.69111767900612], [-79.65798087132515, 43.68977636544183], [-79.65942446919655, 43.688469773779495], [-79.65965236848481, 43.688265375195286], [-79.6634529713401, 43.68474437614814], [-79.66655256272784, 43.68204337120713], [-79.66755278811534, 43.68113667069838], [-79.66823527453013, 43.68056836514107], [-79.66847688565963, 43.680301072824335], [-79.6687553761571, 43.68005217787069], [-79.66903379493142, 43.67980327175573], [-79.67128706163805, 43.67776768307842], [-79.67314707749593, 43.67611448380011], [-79.67379267668407, 43.67552777358557], [-79.67394447888711, 43.67539447717556], [-79.67416837883503, 43.67537007324789], [-79.67429496930566, 43.675254482770285], [-79.67439638931005, 43.67515657748102], [-79.67399378103876, 43.674845786181535], [-79.67292006091142, 43.67403197383959], [-79.67039427026425, 43.67212978197966], [-79.67023027394126, 43.67225398450079], [-79.6648232607803, 43.66827416891765], [-79.66183427607784, 43.66602427017618], [-79.66132187565013, 43.66564016987129], [-79.66108997431394, 43.665475372258044], [-79.660943564725, 43.66536557969539], [-79.65828497959814, 43.66341156193213], [-79.6579797626046, 43.663676170502676], [-79.65505787368635, 43.66621486906209], [-79.65410838476753, 43.66707706848961], [-79.65153777243845, 43.66933702046625], [-79.65094517205708, 43.66985797410946], [-79.65070687295687, 43.670063593388655], [-79.64856716971178, 43.67190977925189], [-79.64774607425448, 43.672566384266176], [-79.64715227762149, 43.67304556846691], [-79.64678758109919, 43.67326636534611], [-79.64395386241539, 43.674610382489746], [-79.64373682114498, 43.6746946711797], [-79.64343280685117, 43.67479389492893], [-79.64305238789132, 43.6747520144275], [-79.6427942371539, 43.674680022303534], [-79.63508353483421, 43.66868682832934], [-79.63221986539126, 43.666588191057585], [-79.63276455191327, 43.66636233500285], [-79.6330816136752, 43.66626917109674], [-79.633277985977, 43.666256896636604], [-79.63454543334969, 43.666130463126066], [-79.63526645653525, 43.66595748020303], [-79.63618536505697, 43.66555066098627], [-79.63624576700096, 43.665496779872754], [-79.63757505081568, 43.664306078429114], [-79.63791697493514, 43.66399498619328], [-79.63860056101996, 43.66338187129425], [-79.6386081979808, 43.66337507159841], [-79.64025865525817, 43.661906969999485], [-79.64061376509731, 43.66156008485999], [-79.64108188174012, 43.661151376855514], [-79.64296746819663, 43.659481069964386], [-79.64409447127537, 43.658449967053166], [-79.64756376867471, 43.655371261095766], [-79.64379655117125, 43.65256697093041], [-79.64340805192533, 43.65227867781011], [-79.64330976487855, 43.65228906615274], [-79.64272927964475, 43.65188798144266], [-79.64228987954523, 43.651576580264866], [-79.64119115108626, 43.650807178953784], [-79.64080055617079, 43.65053246533464], [-79.64048286557474, 43.65032156402025], [-79.6399453676085, 43.64996397969191], [-79.639212347456, 43.649478080105915], [-79.63818626900874, 43.648790574794646], [-79.63796636772625, 43.648643874950324], [-79.63779995732642, 43.648534560368006], [-79.63777086660232, 43.648515484875496], [-79.63452904930213, 43.64985437629608], [-79.63332737516973, 43.6503532644964], [-79.6325673066368, 43.65040893272392], [-79.62715910405281, 43.652610448127376], [-79.62454186131265, 43.65388548690824], [-79.62407757132958, 43.65412297147597], [-79.62365094877815, 43.6543429673422], [-79.62314904705161, 43.65459807289075], [-79.62205727317898, 43.655161086138584], [-79.61916805575872, 43.65677398549821], [-79.61880377615452, 43.65697667305742], [-79.61704677764546, 43.65788276928616], [-79.61656804180538, 43.658210176919205], [-79.61546205532517, 43.65884508658306], [-79.61428234987963, 43.65945207720564], [-79.61291535215089, 43.66011076423816], [-79.61286516177375, 43.66013716947538], [-79.61225054750714, 43.660435779223924], [-79.61029434700797, 43.66136648495845], [-79.61013155285448, 43.66143646927917], [-79.60832696666725, 43.662242876905935], [-79.60614825793942, 43.663134783270834], [-79.6033579565786, 43.664190182598276], [-79.59875536299364, 43.665835583276404], [-79.59623242582529, 43.66676208940974], [-79.59553424635831, 43.66727268650544], [-79.59142329038765, 43.6688706788603], [-79.59140293789474, 43.6688785885574], [-79.59138631174142, 43.668885620052585], [-79.59129450699515, 43.668924329797754], [-79.59131025619664, 43.668950537689135], [-79.59141149373868, 43.66911899735452], [-79.59145450592995, 43.66919057181763], [-79.59155418262928, 43.66935645663307], [-79.59158256939845, 43.669403670582426], [-79.59185592699055, 43.66987245628879], [-79.59208984097116, 43.67027357710451], [-79.59314455705359, 43.6720421854714], [-79.59323793377162, 43.67219878292621], [-79.59379047186259, 43.67312389421238], [-79.59462749579936, 43.67428095437679], [-79.59474297977339, 43.67448379723626], [-79.59997087912456, 43.68380232909769], [-79.60006875507338, 43.68456278398909], [-79.60044912188515, 43.68520806484393], [-79.60049243748676, 43.68545983324472], [-79.60060249211055, 43.68613013555916], [-79.60084100292194, 43.68643955208899], [-79.60100228428462, 43.6866698873988], [-79.60156860220495, 43.68748369870829], [-79.60187234824764, 43.687955644975645], [-79.60249182146846, 43.68905690258918], [-79.602667955553, 43.6893698349395], [-79.60282581949387, 43.6896825331201], [-79.60471465510082, 43.693424370211545], [-79.60520405389858, 43.69425869147085], [-79.60605234800201, 43.69567367310108], [-79.60607616565906, 43.69571898407358], [-79.60668750458666, 43.69669904108221], [-79.60682943871892, 43.696926551262166], [-79.6068626283502, 43.696979765307766], [-79.60692788216625, 43.69708434408206], [-79.60700946088903, 43.6972151584515], [-79.60701727283144, 43.69722767675988], [-79.6070962014528, 43.697352743343025], [-79.60747631499852, 43.69728006202272], [-79.60753887863876, 43.6972687841641], [-79.60757159534725, 43.69721755893909], [-79.60811806571971, 43.69708557977584], [-79.60859924521823, 43.69691587408549], [-79.60912655195334, 43.696688985675], [-79.6095329406712, 43.69646309146191], [-79.60962468675577, 43.696397579130235], [-79.60991458718841, 43.696190579972736], [-79.61013417270553, 43.69603378082101], [-79.61064105095488, 43.69564607193366], [-79.61109894977618, 43.69513477738683], [-79.6114466723384, 43.6947501762467], [-79.6117091026657, 43.694436734679876], [-79.61140450799363, 43.6942195006392], [-79.61129801434575, 43.69414355431271], [-79.61119566154106, 43.69407057434529], [-79.61118887633434, 43.694065775567985], [-79.61087930056034, 43.69384688679673], [-79.61108414909724, 43.69342916883411], [-79.61139415627575, 43.69273298794365], [-79.61155377330306, 43.69225828476425], [-79.61167315892588, 43.691880872019546], [-79.61194596306943, 43.69111669321245], [-79.61207824835998, 43.69070938255716], [-79.61229787374984, 43.69013129109878], [-79.61230098475086, 43.6900120397482], [-79.61230456194528, 43.68987479016763], [-79.61238006485891, 43.689565217794176], [-79.61217709389464, 43.68951215274277], [-79.6124557723851, 43.68866558474036], [-79.61261624988336, 43.688095783713116], [-79.6127425479569, 43.687795682147026], [-79.61297325365679, 43.68724017459822], [-79.61303547239329, 43.6870653786297], [-79.61305117156284, 43.687025077266696], [-79.61319541949604, 43.6867599604033], [-79.61325296655933, 43.68677987591525], [-79.61338618822894, 43.686820865072804], [-79.61360336073622, 43.68688768186238], [-79.61362689572435, 43.68689456922542], [-79.61399246750906, 43.68700140098676], [-79.61406935336521, 43.68702387408069], [-79.61450347422374, 43.68715534740959], [-79.61504505725705, 43.687319374219534], [-79.61646666909722, 43.68778678091364], [-79.6212452579757, 43.68917258281681], [-79.62134265291172, 43.68930668686333], [-79.62339474932438, 43.689968277166464], [-79.62398445259244, 43.69022757195764], [-79.62457247798528, 43.69055877571312], [-79.62575647010152, 43.691419375472165], [-79.62678156998926, 43.692169990384514], [-79.62758675206113, 43.69277388342792], [-79.63053958061575, 43.69497929011844], [-79.63174767819234, 43.69587618144073], [-79.6322727587826, 43.69625157059961], [-79.63357835395121, 43.69723057357264], [-79.63592115531236, 43.69898739169749], [-79.63473557119362, 43.69982857070516], [-79.63351206492047, 43.700696290541856], [-79.63130477805242, 43.70225457416849], [-79.63115335880029, 43.70236077653798], [-79.63091457992213, 43.702492987542236], [-79.63060066169353, 43.70265127144732], [-79.6304007552544, 43.7027119859929], [-79.63017576106459, 43.70278128204606], [-79.62975186335643, 43.70286617125586], [-79.62951544924806, 43.70289038157692], [-79.62699457423557, 43.70295918197114], [-79.62444916616674, 43.70300957562417], [-79.6236546682872, 43.703018090768126], [-79.6234066730271, 43.70300607986829], [-79.62283776530535, 43.70291819198445], [-79.6225778782162, 43.70288809526664], [-79.62213366022377, 43.70277469490244], [-79.62177636486538, 43.70266227350062], [-79.6213333636394, 43.70249487283382], [-79.61784297587081, 43.701003085667054], [-79.61762125735254, 43.70092837546867], [-79.61713965286246, 43.700823473990134], [-79.6144945554328, 43.700359279859256], [-79.61422155034819, 43.700355983345595], [-79.61397155102115, 43.70043398289641], [-79.61415007780303, 43.700769287599215], [-79.61424326618956, 43.701031490217616], [-79.61428745545899, 43.70126618739054], [-79.61425645783633, 43.70153589287987], [-79.61418775313295, 43.70182318931916], [-79.6140194479979, 43.70212727640767], [-79.61387796522199, 43.702341688670565], [-79.61371255698594, 43.70251968072598], [-79.61352355206755, 43.70264349232073], [-79.61330966171212, 43.70276697925212], [-79.61271184752017, 43.70231847018528], [-79.61257566393991, 43.70230787146628], [-79.61227065967107, 43.70207909283819], [-79.61206305297284, 43.70193249315617], [-79.61183046614893, 43.70179458900572], [-79.61159694678125, 43.701692681097185], [-79.6113132610308, 43.701617192071026], [-79.61111576805025, 43.70156979214148], [-79.6110482118863, 43.70155529093108], [-79.61089345929092, 43.70152207722049], [-79.61076301382371, 43.701509037525724], [-79.61017535638955, 43.70145029038641], [-79.60980297204118, 43.70145479028284], [-79.60969989524115, 43.70143689857208], [-79.6099212989855, 43.70177805594449], [-79.61038934369516, 43.70249928008915], [-79.61161505976663, 43.70441978203278], [-79.61205453341456, 43.705119042895056], [-79.61221715291603, 43.705377774097556], [-79.61222837080149, 43.70539561019581], [-79.6122751806254, 43.70547009474463], [-79.61227527771848, 43.705470261629706], [-79.61240465756046, 43.705676055140515], [-79.61259324987213, 43.70597607587165], [-79.61342270354292, 43.70730824777579], [-79.61352724656005, 43.70747618607364], [-79.6135278304454, 43.70747716428059], [-79.61367301764582, 43.707710268637555], [-79.61378067188447, 43.70788317681922], [-79.61514698100146, 43.710190775607494], [-79.61709827368378, 43.71350109313431], [-79.61711516319549, 43.713529991911685], [-79.61885596982911, 43.716501859891416], [-79.61946120244005, 43.717535031130055], [-79.61950937361871, 43.717617279544186], [-79.61980059411464, 43.7181432933237], [-79.61998617851853, 43.71847849752059], [-79.61999817783001, 43.71849659653034], [-79.62003396586664, 43.71856007708658], [-79.62004576738312, 43.71858718131969], [-79.62039196111166, 43.71918568248231], [-79.62169217096945, 43.72149727601163], [-79.62218572799158, 43.72238915693516], [-79.62238736208491, 43.72275352087772], [-79.62257247701532, 43.723087989134406], [-79.62283315025844, 43.723561187737914], [-79.62283407146772, 43.7235628790385], [-79.62286866757046, 43.72362675287076], [-79.6230613515747, 43.723982583666064], [-79.62399735672498, 43.7256567027207], [-79.62400065057341, 43.72566269522999], [-79.6241746828406, 43.72596325101221], [-79.62464437189051, 43.72677439245926], [-79.62481755895976, 43.72711607851384], [-79.62502967036428, 43.72753458333743], [-79.62507287887308, 43.727606480647225], [-79.62511647290586, 43.72768298766297], [-79.62516046064844, 43.72775947327688], [-79.62520557307444, 43.72783138343884], [-79.62525146319024, 43.72790788259488], [-79.62530095999827, 43.728011273492996], [-79.62540717454512, 43.728217848630536], [-79.62567097092881, 43.72873099426891], [-79.62570807857539, 43.72880748019779], [-79.62574426354534, 43.72888398979414], [-79.62577938138232, 43.72896039875244], [-79.62578304069622, 43.728968976652034], [-79.62581408308708, 43.7290413811941], [-79.62582177222988, 43.72905938289207], [-79.62665530801638, 43.73031842013085], [-79.62684943593187, 43.730619047829514], [-79.62835105515998, 43.73289787446942]]]]}, "properties": {"CFSAUID": "L4T", "PRUID": "35", "PRNAME": "Ontario", "LANDAREA": 33.75660000000003}}, {"type": "Feature", "geometry": {"type": "Polygon", "coordinates": [[[-79.41104718991939, 43.68453907717215], [-79.41115648616625, 43.68463069349889], [-79.41229229079788, 43.684392581421235], [-79.4125231038844, 43.68434149935385], [-79.41338959037607, 43.68416647701257], [-79.41350190197281, 43.684141091488975], [-79.41436289235226, 43.683954900809034], [-79.41456039265209, 43.683993692232995], [-79.4158948006145, 43.683733098891544], [-79.4158495129835, 43.683570390510866], [-79.41581240310214, 43.683428495460014], [-79.4158047949684, 43.68340159499666], [-79.415794680931, 43.68332228808344], [-79.41579590890755, 43.68325349566193], [-79.41581750793294, 43.68319329311057], [-79.41585890338126, 43.683133200153094], [-79.41589771330287, 43.683082181072635], [-79.41592900534575, 43.6830201987843], [-79.41593128143342, 43.68301548347334], [-79.4159504071386, 43.68295349144491], [-79.41594849053374, 43.68289259226436], [-79.41594990792979, 43.68284738112302], [-79.41594259424872, 43.68283037940777], [-79.41591878375645, 43.682738578879295], [-79.41587568590155, 43.68266689006839], [-79.41580901287965, 43.682628290397076], [-79.41578059379988, 43.68261649497863], [-79.41572388915678, 43.68259279519171], [-79.41521058371342, 43.68243078377313], [-79.41331389969612, 43.68186048016576], [-79.41329048983552, 43.681806088073095], [-79.41284961619412, 43.68064747943579], [-79.41438000146142, 43.6803460897362], [-79.41584290153271, 43.68004978771107], [-79.41664391101928, 43.68214079892509], [-79.4178033884827, 43.68192267842695], [-79.41768949655837, 43.68163338980555], [-79.41766378648887, 43.681569580413836], [-79.41746650416036, 43.68105368593435], [-79.41708210822843, 43.680103001907746], [-79.41697781332492, 43.67982239080552], [-79.41674470765321, 43.679251882356844], [-79.41657098006411, 43.6787812845878], [-79.41643379739983, 43.67833819389957], [-79.41578118159167, 43.67673548227008], [-79.41552568864712, 43.67607468690306], [-79.41552391303993, 43.67607007949137], [-79.41483950302602, 43.67433638227487], [-79.41472421401309, 43.67400962170749], [-79.41469293314911, 43.673920921160246], [-79.41468949270659, 43.673911184701865], [-79.41466913150111, 43.67385997259932], [-79.41438698652853, 43.67315059396662], [-79.41397910263662, 43.67215457620782], [-79.41325839751717, 43.670316793156616], [-79.41317730613615, 43.67009947925553], [-79.41296738768256, 43.669592392780245], [-79.41244156749279, 43.668285210224624], [-79.41237368982306, 43.66811649183329], [-79.4117804792683, 43.666622691783616], [-79.41140940110203, 43.6656450832815], [-79.41140890941982, 43.665643784114565], [-79.41135230056771, 43.66549348171772], [-79.4113514132935, 43.66549117765754], [-79.41119999233156, 43.66511989668469], [-79.41058868342603, 43.66525547259109], [-79.41058618799936, 43.66525608624992], [-79.41058382178666, 43.665256615480494], [-79.40998970851858, 43.665391183276775], [-79.4093287824732, 43.665526083005176], [-79.40866740817307, 43.665678987372644], [-79.4074704920934, 43.665914384386674], [-79.4066597835247, 43.666083190945656], [-79.4062605828078, 43.66616758271059], [-79.40535008264256, 43.66636198897218], [-79.40451478198646, 43.666521475106975], [-79.40386629823882, 43.6666564937749], [-79.40269358069676, 43.66691019482651], [-79.40153327841496, 43.66716408380498], [-79.4009338778528, 43.66728833923131], [-79.40070107608952, 43.66733660577089], [-79.39982467517888, 43.66751828998842], [-79.39959227966227, 43.66756763665655], [-79.39835270533807, 43.66783087693856], [-79.39736750899964, 43.668033082163156], [-79.39598560417835, 43.66831614704959], [-79.39547313832593, 43.66842568974907], [-79.39543326502367, 43.66843466159105], [-79.39520197125105, 43.66848663990153], [-79.39413639586769, 43.6687260952648], [-79.3910185849564, 43.669357495774456], [-79.39058199552429, 43.66945038443303], [-79.38949697070191, 43.66966919406822], [-79.38801279172921, 43.66997249586552], [-79.38740159893746, 43.67009888637857], [-79.38677800172292, 43.670225096408586], [-79.3871508895955, 43.6711218001616], [-79.3872080895704, 43.67130268387982], [-79.38748910320382, 43.67192788978629], [-79.38756959709525, 43.67216308134818], [-79.38771651161646, 43.672498997653314], [-79.3878034062166, 43.672697683352816], [-79.38786060290403, 43.6728785920012], [-79.3881944272156, 43.673686506891606], [-79.38826402146323, 43.673854867982136], [-79.38856584806231, 43.67458530393865], [-79.38857253105843, 43.67460147597872], [-79.38862720149747, 43.67473378711272], [-79.38868767088215, 43.67488009436494], [-79.38886239436802, 43.675305685316424], [-79.38892077832443, 43.67544157875609], [-79.38897898760983, 43.675586484766285], [-79.38908177632386, 43.67587338375372], [-79.38908279920484, 43.67587609136542], [-79.38923419196102, 43.6762473954562], [-79.38926899001835, 43.6763378998063], [-79.38952518092361, 43.67696277683815], [-79.38956018259671, 43.677044298770376], [-79.3895835889885, 43.67709859766203], [-79.38970008781348, 43.677379383705706], [-79.38989817023288, 43.67785939531277], [-79.39003759675816, 43.678212486096065], [-79.3904219725666, 43.679145283818286], [-79.39072428569017, 43.67990589986845], [-79.39097978905355, 43.68055779245801], [-79.39118692432936, 43.6810775137798], [-79.39120346702097, 43.681119659534396], [-79.39133172592187, 43.681060681118076], [-79.3932277409386, 43.680221075376565], [-79.39778262020793, 43.67812666649032], [-79.39794286279347, 43.678052962579336], [-79.39814533996308, 43.67795987154567], [-79.39844284496795, 43.677823076312244], [-79.39946832815004, 43.677401871375515], [-79.4002801306025, 43.67710667454162], [-79.4021917214004, 43.67654367701602], [-79.40266723340183, 43.67641987262598], [-79.40274542548867, 43.67640287438366], [-79.40288145658509, 43.67637313968655], [-79.40288224349874, 43.676372970807385], [-79.40300932212553, 43.676345274016974], [-79.4031193430639, 43.67632126458972], [-79.4032596429573, 43.67629216947573], [-79.40716293935225, 43.67548278299399], [-79.40733618843517, 43.6754469335133], [-79.40733645285017, 43.67544686944849], [-79.40742323756592, 43.675428877614834], [-79.41185982795717, 43.67450866606879], [-79.41201492781116, 43.67447646762984], [-79.41218067515558, 43.67444208969859], [-79.41230730622917, 43.674868487061005], [-79.41153419896237, 43.675019790595584], [-79.4116728829423, 43.67538968469489], [-79.41167329261482, 43.675390895938676], [-79.41221909206331, 43.67680309022098], [-79.4103572841058, 43.67684027770345], [-79.41013309483023, 43.676873177184646], [-79.4098707955384, 43.67694149826844], [-79.40924600701625, 43.67711289072329], [-79.40812130233701, 43.67742139556401], [-79.40697158376622, 43.67773849809364], [-79.40617170890351, 43.67796148396792], [-79.40608470868463, 43.67796928080254], [-79.4060100918458, 43.67797719720665], [-79.40586118269881, 43.677975077956525], [-79.40578677838703, 43.67797408954161], [-79.40556428392017, 43.67794398885972], [-79.40539208486909, 43.67788759347147], [-79.40524498641733, 43.67782247479619], [-79.40487029843113, 43.67791629871482], [-79.40433540923013, 43.677971887945404], [-79.4038129031102, 43.678027594925695], [-79.40387368413586, 43.678073497896314], [-79.40391019049483, 43.67810097860602], [-79.40395768941659, 43.678182678871714], [-79.40402938956667, 43.678282687678596], [-79.40407668355006, 43.678373395832956], [-79.40409878024231, 43.67847278764793], [-79.40412008824026, 43.67860808761955], [-79.40412958203899, 43.67871628841255], [-79.4041257932845, 43.6788602876136], [-79.40410930059356, 43.679013080394604], [-79.40407929308141, 43.67921077702394], [-79.40406330587797, 43.679345594786916], [-79.40402178437459, 43.67950709691596], [-79.40396770661886, 43.67967749193816], [-79.40388970903027, 43.6798113907602], [-79.40382428903091, 43.67993657830477], [-79.40377108049566, 43.68007089859587], [-79.40374348875336, 43.68017849544564], [-79.40372869533036, 43.6802828912268], [-79.40372819953917, 43.68028637891534], [-79.40373748735306, 43.6804035886059], [-79.40374848062372, 43.68045768073186], [-79.40374680209212, 43.68052070008458], [-79.40374509570961, 43.68058369035592], [-79.40374369831328, 43.6806376866913], [-79.40374217136294, 43.68064133319243], [-79.40454462080724, 43.680826456247736], [-79.40529742746594, 43.680893079960406], [-79.40530544131029, 43.68089318493694], [-79.40531843725337, 43.68089339280381], [-79.40533173142735, 43.680893796847485], [-79.40534543935625, 43.680893979123795], [-79.40535903152575, 43.680894580204125], [-79.40537203487796, 43.68089527568387], [-79.40538573062874, 43.68089589078282], [-79.40540063229298, 43.680896091760914], [-79.40541554278983, 43.68089677966635], [-79.40543045841385, 43.6808971869487], [-79.40544375235422, 43.680897591837486], [-79.40545685610466, 43.6808977892257], [-79.40546914571293, 43.680897997485964], [-79.40548153137895, 43.680898373699776], [-79.40549523152114, 43.68089857992019], [-79.40550792930689, 43.68089897509929], [-79.40552093778862, 43.680899389936485], [-79.40553393499444, 43.680899981460996], [-79.40554724928235, 43.68090069571255], [-79.40556023134106, 43.68090108075274], [-79.40557413227111, 43.68090249418164], [-79.4055868444298, 43.68090399266085], [-79.4055992440585, 43.680904575167325], [-79.40561254581212, 43.68090508240865], [-79.40562645870696, 43.68090619020804], [-79.40564103160239, 43.68090798176627], [-79.40565493237438, 43.68090977956305], [-79.40566764470023, 43.6809108936499], [-79.40568035526347, 43.68091149494231], [-79.40569335862526, 43.68091219037443], [-79.40570764541611, 43.68091309574221], [-79.40572122547265, 43.68091438676831], [-79.40573486093736, 43.6809154796817], [-79.40575133207427, 43.680916393198125], [-79.4057659571232, 43.68091709100486], [-79.40577823468959, 43.68091837274226], [-79.40579183247527, 43.68092089479002], [-79.40580425222288, 43.680921787508105], [-79.40581755382254, 43.68092267909901], [-79.40583215376545, 43.68092398796618], [-79.40584764355147, 43.68092629594762], [-79.40586094875836, 43.68092859663591], [-79.40587324029188, 43.680930084669384], [-79.40588653808724, 43.680931897732926], [-79.40590173529358, 43.680933984356216], [-79.40591725895669, 43.68093578466526], [-79.40593114602204, 43.68093737524706], [-79.40594705508906, 43.680938795579586], [-79.4059613536171, 43.68093939614698], [-79.40597495280423, 43.68093958775045], [-79.4059883426076, 43.680940287719245], [-79.40600285228722, 43.68094089270515], [-79.40601583517574, 43.68094178943749], [-79.40602893894123, 43.680941986740216], [-79.4060428510421, 43.680942582714174], [-79.40605554965994, 43.68094348957353], [-79.40606824811898, 43.6809447808118], [-79.40608056191715, 43.68094658026107], [-79.40609254392596, 43.680949073849256], [-79.40610745196066, 43.68095247540088], [-79.40612153331541, 43.68095568082974], [-79.40613612820502, 43.68095867885799], [-79.40615135304365, 43.68096079540031], [-79.40616715358082, 43.68096209791115], [-79.40618303399903, 43.68096297734148], [-79.40619884211316, 43.68096438308677], [-79.40621464323416, 43.680966198210776], [-79.40622793297445, 43.68096777887959], [-79.40624155017473, 43.68097048285772], [-79.40625453299815, 43.68097099603619], [-79.4062669258953, 43.68097198696785], [-79.40628114928539, 43.680975187735605], [-79.40629505857447, 43.6809779839499], [-79.40631054758362, 43.680979780090524], [-79.40632294864244, 43.68098138687621], [-79.40633585270082, 43.680983091190996], [-79.40634944118965, 43.68098499711999], [-79.40636245957693, 43.68098628331427], [-79.40637834713476, 43.68098739401938], [-79.40639422772205, 43.68098788903078], [-79.40641075110756, 43.68098809221074], [-79.40642724099682, 43.68098829145947], [-79.40643995834763, 43.68098848412246], [-79.40645644847297, 43.68098868250366], [-79.40647195509247, 43.680988996404345], [-79.4064868570272, 43.68098919633577], [-79.40650114184947, 43.68098958964384], [-79.40651573610958, 43.6809916914689], [-79.40652935274902, 43.68099388278084], [-79.40654385383606, 43.680997097510506], [-79.40655642564484, 43.681002595284916], [-79.406568038936, 43.681007083163436], [-79.40658222976333, 43.681011175233365], [-79.40659703762476, 43.68101469040243], [-79.40661094055646, 43.68101738349803], [-79.40662615155269, 43.68101967716797], [-79.40663853333736, 43.68102148542855], [-79.40665423620281, 43.681024694003995], [-79.40666752841699, 43.68102768354014], [-79.4066817442755, 43.68103078100357], [-79.40669403310473, 43.68103357495821], [-79.40670665603065, 43.68103759442807], [-79.40671953124043, 43.681041982660915], [-79.40673213389897, 43.68104607626768], [-79.40674574291185, 43.68105087841363], [-79.40675823867487, 43.68105587775516], [-79.40676954878288, 43.68106109074678], [-79.40677993509652, 43.681066580189785], [-79.40679123005634, 43.681071586698515], [-79.40680474346702, 43.681076092811935], [-79.40681895505514, 43.681079982634564], [-79.4068321553147, 43.68108408522762], [-79.40684504672683, 43.681090089548384], [-79.40685504922583, 43.68109659895976], [-79.40686755421373, 43.68110259870115], [-79.40688112904438, 43.681107395004254], [-79.40689494746549, 43.68111168875854], [-79.40690694692857, 43.68111579851405], [-79.40691852642283, 43.6811207940097], [-79.40692954479866, 43.681126297396844], [-79.40694044066383, 43.681131476692265], [-79.40695214280595, 43.68113628554748], [-79.40696403360651, 43.681140788241436], [-79.40697604074447, 43.68114538474724], [-79.40698984048136, 43.68115039262898], [-79.40700244319353, 43.681154486199], [-79.40701403576406, 43.68115879271329], [-79.4070260408978, 43.68116287728148], [-79.40703863820451, 43.681166995156424], [-79.40705083750288, 43.68117307897931], [-79.4070605289042, 43.681179696785335], [-79.40706825295487, 43.681187183584335], [-79.40707502306076, 43.68119609570574], [-79.4070827315501, 43.68120557664845], [-79.4070904561997, 43.68121357606873], [-79.4070997441942, 43.68122218413191], [-79.40715273915072, 43.681285883171235], [-79.40720705585812, 43.68134268032931], [-79.40727803916329, 43.68141219461568], [-79.40731953767131, 43.68146568702436], [-79.40738706232851, 43.6815101775091], [-79.40743794943187, 43.681532687200495], [-79.40751034883885, 43.68154928319968], [-79.4076033353995, 43.68160038360608], [-79.40767964859633, 43.68163569421109], [-79.40775215724652, 43.68165227972902], [-79.40787173423098, 43.68166947374483], [-79.40798743087025, 43.681677377775294], [-79.40810774438636, 43.681666592824314], [-79.40816403632272, 43.681648687421784], [-79.40822064131717, 43.681618283368074], [-79.40829014901455, 43.68158197927985], [-79.40836815073689, 43.68155498860931], [-79.40859515913692, 43.68156747663935], [-79.40878762689101, 43.68158579417106], [-79.40892013134983, 43.68160318418157], [-79.4090438415163, 43.6816297779595], [-79.40924765273836, 43.6817104792346], [-79.40936984664494, 43.68179307442636], [-79.40938017464728, 43.68180252278298], [-79.40954858700738, 43.681792056453304], [-79.40992940557776, 43.681768392547724], [-79.40999930308257, 43.68194048489282], [-79.4100337999324, 43.68203999620404], [-79.41008060468688, 43.682148679020784], [-79.41008065971558, 43.68214886615133], [-79.41018421523536, 43.68238947513659], [-79.41023260984056, 43.68250189305428], [-79.41023580949953, 43.682509804287555], [-79.41037229541188, 43.68284598683772], [-79.41053728209958, 43.68325987621312], [-79.41104718991939, 43.68453907717215]]]}, "properties": {"CFSAUID": "M5R", "PRUID": "35", "PRNAME": "Ontario", "LANDAREA": 2.8276000000000003}}, {"type": "Feature", "geometry": {"type": "Polygon", "coordinates": [[[-79.38949697070191, 43.66966919406822], [-79.39058199552429, 43.66945038443303], [-79.3910185849564, 43.669357495774456], [-79.39413639586769, 43.6687260952648], [-79.39520197125105, 43.66848663990153], [-79.39543326502367, 43.66843466159105], [-79.39547313832593, 43.66842568974907], [-79.39598560417835, 43.66831614704959], [-79.39736750899964, 43.668033082163156], [-79.39835270533807, 43.66783087693856], [-79.39959227966227, 43.66756763665655], [-79.39982467517888, 43.66751828998842], [-79.40070107608952, 43.66733660577089], [-79.4009338778528, 43.66728833923131], [-79.40153327841496, 43.66716408380498], [-79.40269358069676, 43.66691019482651], [-79.40386629823882, 43.6666564937749], [-79.40451478198646, 43.666521475106975], [-79.40535008264256, 43.66636198897218], [-79.4062605828078, 43.66616758271059], [-79.4066597835247, 43.666083190945656], [-79.4074704920934, 43.665914384386674], [-79.40866740817307, 43.665678987372644], [-79.4093287824732, 43.665526083005176], [-79.40998970851858, 43.665391183276775], [-79.41058382178666, 43.665256615480494], [-79.41058618799936, 43.66525608624992], [-79.41058868342603, 43.66525547259109], [-79.41119999233156, 43.66511989668469], [-79.41071297852812, 43.6638345864464], [-79.41024768487897, 43.66266667839289], [-79.40975717809334, 43.66151628422952], [-79.40943119499961, 43.660710490349516], [-79.40908298081315, 43.6598051931227], [-79.4084656908582, 43.65829298243637], [-79.40775459081708, 43.65657227701204], [-79.40771980586027, 43.65648179369703], [-79.40769670182839, 43.65641848876414], [-79.40686158274089, 43.6565778864698], [-79.40667257346223, 43.65669229050264], [-79.40651039064558, 43.656726084886884], [-79.40582478755125, 43.65686058100631], [-79.40521399002135, 43.65697807609317], [-79.40451577449285, 43.657121394199365], [-79.40406678782921, 43.65721417706808], [-79.40380511029447, 43.65726457730685], [-79.40319429426145, 43.65738208337073], [-79.40282017987525, 43.657457876277824], [-79.40183537679424, 43.65765118300367], [-79.4010498974187, 43.6578112870742], [-79.4010467040709, 43.65781187685481], [-79.40083790589786, 43.65785338051182], [-79.40083589954486, 43.65785388513524], [-79.40027127711436, 43.65796807400725], [-79.40021467550318, 43.65797069166847], [-79.40017747278249, 43.65797019315547], [-79.40004160244449, 43.657950274309144], [-79.39989237124375, 43.65796618869155], [-79.39982717961385, 43.657970691167556], [-79.39974889458388, 43.657969697205495], [-79.3996205005843, 43.6579863866335], [-79.39904377541622, 43.65809749226498], [-79.39818538364501, 43.65826639016185], [-79.39702616983185, 43.65848419259186], [-79.39620348422426, 43.65864378309223], [-79.39589190548143, 43.65870237870496], [-79.39528599659744, 43.65882778768771], [-79.3952807954623, 43.65882888158851], [-79.39466978443578, 43.65895539415014], [-79.39460727982733, 43.65897249187074], [-79.39408368696174, 43.65907318338034], [-79.39347266918743, 43.65919968860593], [-79.39258688014321, 43.659394282854805], [-79.39062827222551, 43.659825893516064], [-79.39049098002083, 43.65985997601502], [-79.39031647684459, 43.659893579734366], [-79.38742247209964, 43.660519091993464], [-79.3866734011954, 43.66066357565481], [-79.38584588369245, 43.660817776796854], [-79.38587500160742, 43.660875381287305], [-79.38607227734279, 43.66138237317669], [-79.38609469936677, 43.661472675629454], [-79.38609228220294, 43.6615627734288], [-79.38609009409633, 43.66164379003592], [-79.38610078459809, 43.66170687658924], [-79.38612038651995, 43.6617859689041], [-79.38612317969476, 43.661797278303254], [-79.38618264669523, 43.66195577605446], [-79.38637787616815, 43.66247619604162], [-79.38644498197245, 43.66262599101682], [-79.38651989742905, 43.66279311834439], [-79.38659477899515, 43.662960240775725], [-79.38677577889776, 43.6633641982727], [-79.38681249980353, 43.663461402840646], [-79.3868765741053, 43.66363090925612], [-79.38692628105571, 43.66376247476679], [-79.38692669732195, 43.66376353300129], [-79.38705637413275, 43.66408100468692], [-79.38712519647193, 43.66424953145101], [-79.3871742896107, 43.66436969343645], [-79.38743769749954, 43.66497749527856], [-79.3857050826646, 43.66537148401106], [-79.38591238526921, 43.6658676946007], [-79.38599678285907, 43.66584848572729], [-79.3861250683577, 43.66584879479434], [-79.38615067197563, 43.665845576367325], [-79.38617868026977, 43.665845291770324], [-79.38636498324313, 43.66584378238737], [-79.38654439247622, 43.66584529751787], [-79.3867039729214, 43.66584297811711], [-79.3868053872456, 43.66582537978002], [-79.38685388833142, 43.665816581699815], [-79.38694938673808, 43.66579907673118], [-79.38700869049272, 43.665787280920604], [-79.38743502263867, 43.66570253494354], [-79.38748152860519, 43.665693295479045], [-79.38771507280192, 43.66564688577056], [-79.38809649168466, 43.66648799049315], [-79.38811699014443, 43.666535493195894], [-79.38793869920875, 43.66658398846547], [-79.38791150386946, 43.666588385494855], [-79.38785648980509, 43.666597396036515], [-79.3878285958638, 43.66660189654888], [-79.38780069438516, 43.666606293817935], [-79.38777237885614, 43.66660627930378], [-79.38774448407031, 43.66660627440909], [-79.38771618966565, 43.66661069112653], [-79.38768748098255, 43.666610696921985], [-79.38765919988658, 43.66661068733949], [-79.38763087774687, 43.666610696915214], [-79.38760269123912, 43.66661059881333], [-79.38757479587231, 43.666606087622114], [-79.38754647373547, 43.66660609717056], [-79.38621249215944, 43.666484794906616], [-79.38616948102309, 43.66649517793774], [-79.38633047389264, 43.66680429537403], [-79.38647977166097, 43.667158575559924], [-79.38747717826656, 43.666963397927155], [-79.38748548643989, 43.66696178036125], [-79.38823367551345, 43.66681519842937], [-79.38830531947563, 43.666981827776844], [-79.38850228857694, 43.667440289368095], [-79.38790397786477, 43.66754887344509], [-79.3882309837012, 43.668309783533275], [-79.38864247983045, 43.66822557629863], [-79.38886637897279, 43.66820168064859], [-79.38949697070191, 43.66966919406822]]]}, "properties": {"CFSAUID": "M5S", "PRUID": "35", "PRNAME": "Ontario", "LANDAREA": 1.8915000000000004}}, {"type": "Feature", "geometry": {"type": "Polygon", "coordinates": [[[-79.41920728748443, 43.682310954831436], [-79.4192412882936, 43.682326598477836], [-79.4202155820914, 43.68277429446695], [-79.42028673574683, 43.68282968903038], [-79.42034660463767, 43.682876292115466], [-79.42050471248969, 43.68299549864636], [-79.42066310543058, 43.683105784811914], [-79.42068660092914, 43.68313238381909], [-79.42213438498608, 43.682828978162824], [-79.42335811566802, 43.68257878384897], [-79.42470459266718, 43.68229845612333], [-79.42599552786417, 43.682085439104306], [-79.4263356904019, 43.682020274674294], [-79.42784810968038, 43.68169617982049], [-79.42903208914338, 43.68144928965624], [-79.43093861494172, 43.681209165148694], [-79.43240592329634, 43.68097254371764], [-79.43240778401683, 43.6809008260309], [-79.43240779382191, 43.680899496025575], [-79.43245830293424, 43.680864081346925], [-79.4325213192787, 43.68082897854064], [-79.43269580956715, 43.680795380659504], [-79.43249670263971, 43.680277977107735], [-79.43182218901673, 43.678613481459834], [-79.43105161038778, 43.67676609847541], [-79.43030458555882, 43.67496408486793], [-79.43022371458675, 43.674737891788006], [-79.43098079574085, 43.67472118450515], [-79.43147799115508, 43.67468298694665], [-79.43216239192157, 43.67460237252728], [-79.43198740117933, 43.67417678500184], [-79.43198610456882, 43.674173782686715], [-79.43155528743108, 43.67314439564135], [-79.43095578876215, 43.67163838948963], [-79.43094990888586, 43.67162349061289], [-79.43078710757652, 43.671207079601416], [-79.42978990587063, 43.671391482604626], [-79.4295903146079, 43.671433695506785], [-79.42939961521313, 43.670990588948825], [-79.42937349638792, 43.67092759986485], [-79.42917001178414, 43.67042848958715], [-79.4290066932877, 43.67003007320334], [-79.42959609667493, 43.67026328231211], [-79.42967001297887, 43.67028227988053], [-79.42971941348226, 43.670291992846735], [-79.42975220962917, 43.670292381409496], [-79.4297565931915, 43.670292474063], [-79.42979369037211, 43.6702929953626], [-79.42985599699519, 43.67028487917984], [-79.42993111313518, 43.67025889400813], [-79.43035458605006, 43.6701926795436], [-79.43017909073797, 43.66978509202546], [-79.43017870208816, 43.66978419129014], [-79.42982849387461, 43.66896088714987], [-79.42949210567713, 43.66812239434129], [-79.42949069960154, 43.66811888980487], [-79.42932768900543, 43.667711485723785], [-79.42915251712986, 43.667285079508986], [-79.42852221468198, 43.66578258445267], [-79.42852050313203, 43.66577877976266], [-79.42830001687244, 43.66526637756214], [-79.42762281265573, 43.663673792740376], [-79.42762219777254, 43.66367229684019], [-79.42724880070693, 43.66277577815218], [-79.42666541583722, 43.66289327674979], [-79.42666280561036, 43.66289379725132], [-79.42608890489488, 43.66302097596885], [-79.42583218375049, 43.662405190403426], [-79.42582999430897, 43.662400678153695], [-79.42579660730858, 43.662332189379995], [-79.42565699979373, 43.661988583789515], [-79.42548208919148, 43.6615629795253], [-79.42548180163548, 43.66156209332342], [-79.42478478649603, 43.65977059471769], [-79.42468010689197, 43.65950808857494], [-79.42431978491666, 43.65858467266289], [-79.42430829391175, 43.658548489009455], [-79.42386671257347, 43.65741687519816], [-79.42386639159369, 43.657415985088015], [-79.42375068917744, 43.657109171976636], [-79.42369199689759, 43.65698229095278], [-79.42308928129795, 43.65540007895996], [-79.42308860543577, 43.6553982920734], [-79.42286739297879, 43.654846081647314], [-79.42284429582467, 43.654782682945196], [-79.42284288305146, 43.65477907530484], [-79.42269300695835, 43.65440248368757], [-79.42148348274596, 43.65465587796383], [-79.42026158164944, 43.654909088229765], [-79.41969999753825, 43.65504537836585], [-79.41902718089912, 43.65516217426686], [-79.41886538503991, 43.65518688075605], [-79.41875328203673, 43.65520338201387], [-79.41857879602246, 43.65523698716596], [-79.41831799851941, 43.65525138469253], [-79.41824370481503, 43.655250392566266], [-79.41816930283446, 43.655249281762735], [-79.41808227975304, 43.65525707990071], [-79.41800788536304, 43.655256072186255], [-79.4178965870631, 43.65524547886295], [-79.41707039155796, 43.65517277707365], [-79.41672170979945, 43.65512117372376], [-79.41559771268912, 43.65495257407239], [-79.41554829054277, 43.654942873052484], [-79.41542460971539, 43.6549321824467], [-79.41528799488715, 43.65493928834283], [-79.41516349976348, 43.65495558756575], [-79.41505149074641, 43.65497199468007], [-79.41386699838252, 43.655216686354805], [-79.41260800899823, 43.6554602859966], [-79.41139849651653, 43.65571629391564], [-79.41015138968854, 43.655975371258606], [-79.40895419489998, 43.656228875651365], [-79.40866740481674, 43.65628788181875], [-79.40845720056477, 43.656266996081506], [-79.4083205890776, 43.65629418631696], [-79.40769670182839, 43.65641848876414], [-79.40771980586027, 43.65648179369703], [-79.40775459081708, 43.65657227701204], [-79.4084656908582, 43.65829298243637], [-79.40908298081315, 43.6598051931227], [-79.40943119499961, 43.660710490349516], [-79.40975717809334, 43.66151628422952], [-79.41024768487897, 43.66266667839289], [-79.41071297852812, 43.6638345864464], [-79.41119999233156, 43.66511989668469], [-79.4113514132935, 43.66549117765754], [-79.41135230056771, 43.66549348171772], [-79.41140890941982, 43.665643784114565], [-79.41140940110203, 43.6656450832815], [-79.4117804792683, 43.666622691783616], [-79.41237368982306, 43.66811649183329], [-79.41244156749279, 43.668285210224624], [-79.41296738768256, 43.669592392780245], [-79.41317730613615, 43.67009947925553], [-79.41325839751717, 43.670316793156616], [-79.41397910263662, 43.67215457620782], [-79.41438698652853, 43.67315059396662], [-79.41466913150111, 43.67385997259932], [-79.41468949270659, 43.673911184701865], [-79.41469293314911, 43.673920921160246], [-79.41472421401309, 43.67400962170749], [-79.41483950302602, 43.67433638227487], [-79.41552391303993, 43.67607007949137], [-79.41552568864712, 43.67607468690306], [-79.41578118159167, 43.67673548227008], [-79.41643379739983, 43.67833819389957], [-79.41657098006411, 43.6787812845878], [-79.41674470765321, 43.679251882356844], [-79.41697781332492, 43.67982239080552], [-79.41708210822843, 43.680103001907746], [-79.41746650416036, 43.68105368593435], [-79.41810440410617, 43.681581085043405], [-79.41838839159364, 43.68181317970923], [-79.41862019640898, 43.68201549259518], [-79.41864110618147, 43.68203347690559], [-79.41866239439251, 43.68205149056801], [-79.41868449435219, 43.682064986819235], [-79.41870691666959, 43.68208298443011], [-79.41872979714131, 43.68209659296015], [-79.41875338564208, 43.68211457913235], [-79.4187778066769, 43.68212810285015], [-79.4188025829182, 43.68213709454433], [-79.41882779438468, 43.682155083014855], [-79.41885370794567, 43.682168693304966], [-79.41887968601405, 43.68217767867519], [-79.4189047889892, 43.682190378461], [-79.41893350759435, 43.682204698715], [-79.41896099820019, 43.6822136973702], [-79.41898889333713, 43.682227285363076], [-79.41901719153621, 43.68223629714178], [-79.41904799681619, 43.6822460790716], [-79.41907411082337, 43.6822497848994], [-79.41920728748443, 43.682310954831436]]]}, "properties": {"CFSAUID": "M6G", "PRUID": "35", "PRNAME": "Ontario", "LANDAREA": 3.861500000000001}}, {"type": "Feature", "geometry": {"type": "Polygon", "coordinates": [[[-79.55985875422677, 43.696928682354425], [-79.55980894017074, 43.69693708357458], [-79.5592097505131, 43.69708257817856], [-79.55832334605958, 43.69730549061303], [-79.55781215382184, 43.697407085685846], [-79.55648974005248, 43.69771393508661], [-79.55564075312704, 43.69791089876465], [-79.55222063126472, 43.69873199333603], [-79.54977383586962, 43.69933117347854], [-79.54871323514138, 43.69956988602339], [-79.5479646270521, 43.699731471604515], [-79.54835597780193, 43.70061458662811], [-79.5486708602921, 43.70132507611212], [-79.54906565954816, 43.70218705575751], [-79.54914206124585, 43.70235386193649], [-79.54956684432639, 43.703281298917176], [-79.54963943865341, 43.70344902164376], [-79.5497403221287, 43.70368201286761], [-79.54999985529146, 43.704281463800996], [-79.5500724527659, 43.704449186986466], [-79.55033493203176, 43.70488467441475], [-79.5504287412484, 43.7051109774405], [-79.55042983411575, 43.70511358994758], [-79.55080454864972, 43.70599817577558], [-79.55077604502333, 43.706150878065195], [-79.55090605821336, 43.70642258907454], [-79.55098383885505, 43.70659192025765], [-79.55104657917309, 43.70672852827714], [-79.55104753994098, 43.70673058364745], [-79.5511540269441, 43.70694799219527], [-79.55140001149223, 43.70749433075007], [-79.55168405161668, 43.708125189185864], [-79.55171942461523, 43.708206692257875], [-79.55196664894977, 43.70876807664823], [-79.55208345150109, 43.70902841245325], [-79.55208446100531, 43.70903068077878], [-79.55214343697729, 43.709157488441974], [-79.55214422108023, 43.70915941656756], [-79.55222548884676, 43.709356474770985], [-79.55222555005646, 43.70935663665196], [-79.55228286485189, 43.709498205832595], [-79.55235105659546, 43.7094719974119], [-79.55245886673971, 43.709430001274306], [-79.55255954190135, 43.70939077760298], [-79.55292515271576, 43.70923769488692], [-79.55301543686456, 43.709197096107175], [-79.5531053420842, 43.70915659655179], [-79.55319453342743, 43.70911599630913], [-79.55320609379027, 43.709110166996446], [-79.55328364678653, 43.70907098225757], [-79.5533724513625, 43.70903037705693], [-79.5534604476684, 43.708989887959575], [-79.55354803244093, 43.70894478445393], [-79.55363483391336, 43.70890427850388], [-79.55370962867175, 43.708863677437975], [-79.55378485237001, 43.7088231883906], [-79.55393323222624, 43.7087375905639], [-79.55415263812486, 43.70861149586649], [-79.55422473348861, 43.70856639022223], [-79.55428658122835, 43.708527351676935], [-79.55429606185272, 43.70852138060928], [-79.55436735025522, 43.708476390366656], [-79.55443743610307, 43.70843128015257], [-79.55450764745369, 43.70839079551268], [-79.55457693484844, 43.70834119505743], [-79.55464554667878, 43.708296182407516], [-79.55471374780531, 43.70824668452601], [-79.55478195944073, 43.70820158894638], [-79.55484904952674, 43.7081565900499], [-79.55491565439011, 43.708106993218635], [-79.55498152602235, 43.70805749544446], [-79.55504704509507, 43.708007999475164], [-79.55511213496047, 43.70795839140159], [-79.55516795761191, 43.707917881373035], [-79.55522373926253, 43.707868382929995], [-79.55527873921379, 43.70782778187487], [-79.55533294873183, 43.707782793905025], [-79.55538644191097, 43.707733277284994], [-79.55543955107785, 43.70768818390084], [-79.55549185881503, 43.70764318168191], [-79.5555433518743, 43.70759819171136], [-79.55559454205158, 43.70754857782098], [-79.55564484973131, 43.70749909463287], [-79.55569444245046, 43.70745408973466], [-79.55569542092594, 43.70745307782637], [-79.55574322864224, 43.7074044923239], [-79.55579174357918, 43.70735498443616], [-79.55583935882665, 43.707309980523256], [-79.55588625420434, 43.70725589083203], [-79.55593233188394, 43.707206394705246], [-79.55597763518361, 43.70715688969557], [-79.55602255149068, 43.7071073816178], [-79.55606674748289, 43.70705779710333], [-79.55648164867738, 43.70659848582153], [-79.5565873454389, 43.706481481547264], [-79.55669044416052, 43.706359987511995], [-79.55678212587964, 43.706251893596686], [-79.55703855100617, 43.70596818843454], [-79.55729423273965, 43.70568448068351], [-79.55777685876772, 43.70517117644134], [-79.55853604274438, 43.704347189527745], [-79.55901123278795, 43.70383387757448], [-79.55958982688743, 43.70317198897793], [-79.56050370018976, 43.70212789363873], [-79.56059874896462, 43.70201928031043], [-79.56151603590376, 43.70098340100607], [-79.56156765391596, 43.70092509520069], [-79.56161755928096, 43.70086646984488], [-79.5617516527969, 43.70070899865589], [-79.56319146336185, 43.69910138380585], [-79.5644758511697, 43.69765599144124], [-79.56577495060235, 43.69619708168279], [-79.56600719050509, 43.69593486893992], [-79.5664950364988, 43.69538407878687], [-79.56701945362742, 43.694792090881535], [-79.5677909470121, 43.693904479484914], [-79.56834234519435, 43.693274587891395], [-79.56841946097192, 43.69318459062436], [-79.56849643275402, 43.693094471706324], [-79.56857276014952, 43.693004388438474], [-79.56864825291706, 43.69291439171612], [-79.56872296436205, 43.69282428401055], [-79.56879723622545, 43.69272978880096], [-79.56887083783377, 43.69264418081771], [-79.56894355500089, 43.692549694963816], [-79.5690155501352, 43.69245958567477], [-79.56908713243993, 43.69236498969895], [-79.56915804166867, 43.69227498234125], [-79.56922764829143, 43.692180386979054], [-79.5692552055963, 43.692142821063875], [-79.5692969500767, 43.69208587731249], [-79.5693654479023, 43.691995782718884], [-79.56937275420856, 43.69198556155828], [-79.56937864132671, 43.69197733848068], [-79.56938684444074, 43.691965888721896], [-79.56943326161704, 43.691901291892094], [-79.5695005462471, 43.69180667488288], [-79.56953100224268, 43.69176319937763], [-79.56956673757308, 43.6917121838219], [-79.56961978989187, 43.69163593963734], [-79.5696325355733, 43.69161758497081], [-79.56969755858397, 43.69152297995289], [-79.56976135302276, 43.69142848077517], [-79.56982483753929, 43.6913293832934], [-79.56988753938425, 43.6912348830269], [-79.56994984673233, 43.69114027480815], [-79.57001095953832, 43.69104577905909], [-79.57007134022095, 43.69094667609634], [-79.57013135950936, 43.690852178238025], [-79.57018095447106, 43.69077357577855], [-79.57019375777553, 43.69075579271183], [-79.57024573236187, 43.690657389125995], [-79.57032876647504, 43.690512090525274], [-79.57042592278212, 43.690342159368186], [-79.57059094771974, 43.690053461004794], [-79.57063415130051, 43.68997789169138], [-79.57068615735581, 43.689879492945664], [-79.5707383372359, 43.68977208564352], [-79.5707902497422, 43.68967377581209], [-79.57084225535475, 43.689575376257096], [-79.57218703435944, 43.6872690751209], [-79.57293635008834, 43.68603598136197], [-79.57371185620998, 43.68472209473528], [-79.57438475101097, 43.68355098552994], [-79.57441066305178, 43.68350627866103], [-79.57512863541157, 43.682050180482996], [-79.57525354078237, 43.68181446966184], [-79.57527143169013, 43.681780675868545], [-79.57532437646697, 43.68167990671133], [-79.57609994656436, 43.680204290809606], [-79.57650685956511, 43.67941187397244], [-79.57671963655932, 43.67899768417584], [-79.5773729922734, 43.67777711064326], [-79.57760253112498, 43.67734828884417], [-79.5775871563231, 43.677327376036274], [-79.57754674986208, 43.67727338056338], [-79.57750563817511, 43.67721938791969], [-79.57746375256941, 43.67716538745388], [-79.57742083803272, 43.67711167520297], [-79.57741355089833, 43.67710247835045], [-79.57737793205682, 43.67706198249447], [-79.57733365141358, 43.677007974117934], [-79.57728905338969, 43.676953971696236], [-79.5772436593467, 43.676904488014245], [-79.57720916149344, 43.67686427933409], [-79.57719744556364, 43.67685058924636], [-79.57715045623706, 43.67680558689733], [-79.57710275680465, 43.676751579199816], [-79.57705465568603, 43.67670206921377], [-79.57700574741453, 43.67665267473461], [-79.57695605847444, 43.67660316936443], [-79.57690555561847, 43.67655367644432], [-79.57685434779373, 43.67650418547286], [-79.57680276020675, 43.676454794572955], [-79.5767503577299, 43.67640528702061], [-79.57578023547359, 43.675474284530644], [-79.57545795316354, 43.67520687662713], [-79.57403776215483, 43.673877683018155], [-79.57400163699388, 43.67384627340226], [-79.57396713527123, 43.67381028438649], [-79.57393295106506, 43.673774289412734], [-79.57390004293597, 43.6737382706111], [-79.57389493636161, 43.67373263224127], [-79.57386744818541, 43.67370227034097], [-79.57383512974253, 43.67366628423227], [-79.57380412978057, 43.67363038241547], [-79.57377344033522, 43.67359437245346], [-79.5737439462001, 43.6735583773475], [-79.57371485278561, 43.673517885293535], [-79.57371267732917, 43.67351471050957], [-79.57368654011893, 43.673477376075255], [-79.57365895246252, 43.673441371456825], [-79.57363175027487, 43.67340536964565], [-79.57362073657578, 43.67338817152445], [-79.57360575864566, 43.67336488294435], [-79.57358013344233, 43.67332447426042], [-79.57356975056567, 43.67330728872864], [-79.57354524353975, 43.67331097175094], [-79.57336626002751, 43.673338076995805], [-79.57265334485827, 43.67345109053088], [-79.57247504970873, 43.673482692657196], [-79.57229763743881, 43.67351429093146], [-79.5721201557724, 43.67354587992219], [-79.57194306047836, 43.67357747154421], [-79.57176484003169, 43.67360918508985], [-79.57143475194499, 43.67366338240928], [-79.57138074305806, 43.673681167658955], [-79.57110466331591, 43.673717577637134], [-79.57077404508327, 43.67377177440959], [-79.5704435285006, 43.67382598360726], [-79.57011263821191, 43.67387568675511], [-79.5698688407874, 43.673912381641756], [-79.56978175610655, 43.673925492919174], [-79.56945125871306, 43.67397517260805], [-79.56940445233886, 43.67398297834413], [-79.56931563979313, 43.67399778703549], [-79.56918003665969, 43.67401577256327], [-79.56890805612036, 43.67405199123355], [-79.56877164543756, 43.67407009157939], [-79.5687514623381, 43.67407277584608], [-79.56863524116235, 43.674088167564456], [-79.5685040208467, 43.67410127352508], [-79.5684988397406, 43.67410179101073], [-79.56836164803956, 43.6741197797732], [-79.56822483211072, 43.674133369883506], [-79.56808804285879, 43.67414698865971], [-79.56795083919324, 43.67416057430975], [-79.56781373764034, 43.67417417426978], [-79.56777223124072, 43.6741782796894], [-79.56775764383566, 43.674179686671806], [-79.56767533344261, 43.674187768005275], [-79.56753892938146, 43.674192382944], [-79.5674029600949, 43.67419237654053], [-79.56726693159779, 43.674201471235534], [-79.56713045853424, 43.67420607574315], [-79.56699443113139, 43.674215170184674], [-79.56685196288134, 43.67422017596351], [-79.5653877510988, 43.67432196998652], [-79.56319994550326, 43.67454877898833], [-79.56258784802431, 43.67463337128858], [-79.56248944655339, 43.67459617122956], [-79.56130875931115, 43.67479338069986], [-79.56129512702087, 43.674795689999605], [-79.5612519249381, 43.67480528404219], [-79.56121013877411, 43.67481459220763], [-79.5600958404578, 43.675062271574355], [-79.55766405343081, 43.67562487922763], [-79.55089624710197, 43.677201890294526], [-79.5482559562501, 43.677806176182315], [-79.54487813445358, 43.678542091889675], [-79.54200514421561, 43.67918547818207], [-79.53900861988195, 43.67983818378258], [-79.53984204812274, 43.681584184847374], [-79.54049772849177, 43.68319528907555], [-79.54114435191099, 43.68467118699413], [-79.5414039405208, 43.68522368677737], [-79.54286753462746, 43.68862327314317], [-79.54409663846432, 43.69136268784413], [-79.54459175524893, 43.69244038299636], [-79.54488643672984, 43.69308348188291], [-79.54576593021365, 43.69500488714838], [-79.54583892553791, 43.69516437547423], [-79.54584302157278, 43.695173096976795], [-79.54590343724088, 43.695301747523324], [-79.54672575490237, 43.697052683730405], [-79.54763272302836, 43.696867791218615], [-79.54875064957875, 43.69662428468643], [-79.5495116468929, 43.69643910483075], [-79.55033875209926, 43.69623780884351], [-79.5521547336497, 43.695795895893134], [-79.55217462631312, 43.69600317759857], [-79.5521848515362, 43.69609338319094], [-79.55212043695974, 43.69619157658913], [-79.55200515129377, 43.69634318615248], [-79.55161074099773, 43.69674337747877], [-79.55154782809785, 43.69677857348634], [-79.55148523517298, 43.69680488295802], [-79.55195841996878, 43.69784514578135], [-79.55430564337469, 43.69729942679788], [-79.55557703041964, 43.69700380542105], [-79.5594755844309, 43.696097187990425], [-79.55985875422677, 43.696928682354425]]]}, "properties": {"CFSAUID": "M9R", "PRUID": "35", "PRNAME": "Ontario", "LANDAREA": 6.568100000000001}}, {"type": "Feature", "geometry": {"type": "Polygon", "coordinates": [[[-79.53879905321274, 43.72940798261781], [-79.53867325055421, 43.72962354532838], [-79.53861788091703, 43.729825891223534], [-79.53860444802285, 43.73018758308609], [-79.53856563554005, 43.730586438978854], [-79.5385238529998, 43.73078109617638], [-79.53855149023003, 43.73087799780923], [-79.53849154844153, 43.731534093577636], [-79.53848894416427, 43.731763840824726], [-79.53861427567911, 43.73189615018094], [-79.53868799958451, 43.731962854661234], [-79.53881013062974, 43.73203004930534], [-79.5389635567051, 43.73208308818959], [-79.53913039656908, 43.732117738363286], [-79.5392149477135, 43.73212723737603], [-79.53929308692645, 43.732115295126256], [-79.53937820538421, 43.73208174437322], [-79.53943655054682, 43.732022036823174], [-79.53949145393321, 43.73189574730001], [-79.53948484857109, 43.73177173606706], [-79.53931307755157, 43.731351534536174], [-79.53927108978772, 43.731306343590724], [-79.53925244514035, 43.731243895291165], [-79.5393211386446, 43.73098579954731], [-79.53932653979743, 43.73089933420449], [-79.53946997295843, 43.730697796855736], [-79.53954687670307, 43.73052999902174], [-79.53966373072093, 43.730388440608344], [-79.53973675413546, 43.73024384439151], [-79.53993792602577, 43.73001950204432], [-79.54007879887224, 43.72980144901364], [-79.54029157959248, 43.72966489207383], [-79.54050904724838, 43.72958208841516], [-79.54066488152013, 43.729552381216294], [-79.540811605928, 43.72954328797552], [-79.5412093388687, 43.729565229899194], [-79.5414780327755, 43.72959430267457], [-79.54204329274884, 43.729683287194135], [-79.54246058802735, 43.72975594890494], [-79.54264725423768, 43.72980339577501], [-79.54275549586465, 43.72982094715635], [-79.54298664588248, 43.72982009999421], [-79.54322600790506, 43.7298704365998], [-79.54360723992271, 43.73000203003021], [-79.54366074805121, 43.730003089529696], [-79.54433411621318, 43.730499321589576], [-79.54473862524101, 43.730675379203916], [-79.54492897591776, 43.73088002114477], [-79.54477669896619, 43.73107989676537], [-79.54448951013863, 43.73122013712589], [-79.54440333980072, 43.73131318289078], [-79.5441521424589, 43.73149442925717], [-79.54401223273788, 43.731643488496054], [-79.54390105979965, 43.731841328157806], [-79.5438966499451, 43.73204158334671], [-79.54407075192064, 43.732250187804205], [-79.54417562771866, 43.732318681771225], [-79.54425679838681, 43.73235802772768], [-79.54428738284969, 43.73237284714285], [-79.54444380079647, 43.73241980055025], [-79.54450755662688, 43.7324343988872], [-79.54464942365071, 43.732432849044194], [-79.54494059257514, 43.73232724208344], [-79.54506114880841, 43.73220273981469], [-79.54510417719429, 43.73200964146968], [-79.54516603484593, 43.7318913797118], [-79.54522599568662, 43.73182214673825], [-79.54529438181362, 43.731657049906104], [-79.54537391063377, 43.73153113922734], [-79.54551958568769, 43.73143329812053], [-79.54578387492924, 43.73138435071971], [-79.54605363912701, 43.73140088967416], [-79.54643780594023, 43.731469893637225], [-79.54661278500579, 43.731521043798345], [-79.54680584766432, 43.7315217808908], [-79.54718745124445, 43.731721239558645], [-79.54739513756752, 43.73185923101754], [-79.54746228600871, 43.73192184211305], [-79.54752783595973, 43.732054693589596], [-79.54776624001812, 43.73234784038484], [-79.54835673487895, 43.73262934645219], [-79.54854649752687, 43.732676886895995], [-79.54865041106379, 43.73279033880207], [-79.54881631854744, 43.73289658288678], [-79.54881527927368, 43.73279509901841], [-79.54882308214948, 43.73278778740919], [-79.54882299136617, 43.73277820117526], [-79.54881780390285, 43.732769579781525], [-79.54881169920823, 43.732760699841016], [-79.54882687724078, 43.73275978630033], [-79.54884058706699, 43.73276247860553], [-79.5488527829569, 43.73276659327726], [-79.5488647885978, 43.7327708860479], [-79.54887820552756, 43.73277100226414], [-79.54888938334456, 43.73276609044844], [-79.54889908750756, 43.73275879298944], [-79.54890570158197, 43.73275039046731], [-79.54891188972994, 43.732742388751866], [-79.54891910429825, 43.73273437890866], [-79.54893090155475, 43.732731091603384], [-79.5489435082513, 43.732726894522635], [-79.54895280331246, 43.73272058885024], [-79.54896130338949, 43.73271278689628], [-79.54897278252884, 43.73270858355898], [-79.54898099431266, 43.73271228574327], [-79.54903019822237, 43.73269089608071], [-79.54903128712532, 43.73260307608311], [-79.54893281073069, 43.732367586284106], [-79.54891149293967, 43.732208084281325], [-79.54894768862663, 43.73209617956323], [-79.54911470117561, 43.73197188067471], [-79.54928818244893, 43.731922986876484], [-79.54932119822114, 43.73191368025608], [-79.54931760402154, 43.73192148820213], [-79.54931519980742, 43.731930898759956], [-79.54931818713808, 43.73193969278646], [-79.54933020018855, 43.73194278340045], [-79.54934290941318, 43.7319410842462], [-79.54935510247896, 43.73193828771175], [-79.54936778718677, 43.73193589345614], [-79.54937999917615, 43.73193289445544], [-79.54939210213385, 43.731929777819616], [-79.54940400360026, 43.73192558346624], [-79.5494167802143, 43.73192128242448], [-79.54942898084929, 43.731917283804485], [-79.54944088111935, 43.731913089277164], [-79.54945269488057, 43.731909086705286], [-79.54946519046851, 43.73190699880834], [-79.5494778836177, 43.73190757465182], [-79.54948910232696, 43.73190289887258], [-79.54949909876592, 43.73189700022149], [-79.54950970671634, 43.731891188527015], [-79.54952070967124, 43.73188548317025], [-79.54953230635007, 43.73188019550376], [-79.54954378282153, 43.731875480224815], [-79.54955438214891, 43.731870486125445], [-79.54956539517363, 43.73186539676339], [-79.54957750321623, 43.73186069424597], [-79.54958908005119, 43.731855479901505], [-79.54960070761744, 43.73184968507985], [-79.54961098858409, 43.73184377581632], [-79.54962138757567, 43.73183678141637], [-79.5496313982721, 43.73182978376099], [-79.54964010023713, 43.73182318948655], [-79.54965137565509, 43.73181739475461], [-79.54966389169765, 43.7318128783558], [-79.5496758871854, 43.73181629879181], [-79.54967627485678, 43.73182569693385], [-79.54967129139852, 43.73183538037136], [-79.54966438967485, 43.73184328059945], [-79.54965368298532, 43.73185128031232], [-79.5496456080563, 43.73185829701668], [-79.54963779449844, 43.73186578627994], [-79.54963129648073, 43.73187428143612], [-79.54963228671551, 43.73188327880918], [-79.54964497550411, 43.731884391530464], [-79.54965749085977, 43.73188079598416], [-79.5496677919411, 43.731874684419445], [-79.54967807650456, 43.73186928720044], [-79.54968839437767, 43.731863894717364], [-79.5496986990511, 43.731858295202564], [-79.54970779464695, 43.73185167984998], [-79.54971650474357, 43.73184518795765], [-79.54972488427715, 43.73183808645402], [-79.54973339518158, 43.731831284933655], [-79.54974240421117, 43.73182498963749], [-79.54975088179864, 43.731818183378984], [-79.5497560902176, 43.73180988827423], [-79.54976079477976, 43.73180149643821], [-79.54976259632654, 43.73179248664659], [-79.54976349030079, 43.73178278519535], [-79.54976080103042, 43.731773802450846], [-79.54975718228245, 43.73176499481966], [-79.54975240718503, 43.7317558946489], [-79.54974299296872, 43.731749590168526], [-79.54972899230509, 43.731748495168894], [-79.54971598690776, 43.731747900039544], [-79.54970197872406, 43.73174787900825], [-79.5496892959818, 43.73174779023231], [-79.54967689963684, 43.7317468982718], [-79.54966358706413, 43.73174469795575], [-79.54965127907695, 43.731739696664796], [-79.54964198474603, 43.731733076852045], [-79.54963580000619, 43.73172449291722], [-79.54963220021132, 43.73171548282034], [-79.54963090171317, 43.731706186296705], [-79.54963177909966, 43.73169589300707], [-79.5496347837279, 43.7316868751236], [-79.54963848409399, 43.73167749569786], [-79.54964380567039, 43.73166878219967], [-79.54964950332507, 43.731660377502344], [-79.54965540545568, 43.73165238620904], [-79.54966251064353, 43.731644386816164], [-79.54966940803257, 43.73163689539531], [-79.5496778955787, 43.73162939895955], [-79.54968780423924, 43.73162369208253], [-79.54969880257016, 43.73161839637298], [-79.54971001125527, 43.73161428266067], [-79.54972239960978, 43.731615199464855], [-79.54972949821914, 43.731622889362754], [-79.54973528932982, 43.731631494357366], [-79.54973797669311, 43.73164139777924], [-79.54973867671427, 43.73165068713359], [-79.54973779494702, 43.73166008303184], [-79.54973949041552, 43.73166999949828], [-79.5497449915378, 43.731678895624306], [-79.54975737801963, 43.73167669005515], [-79.54976980042422, 43.73168009414225], [-79.54976978903657, 43.731689793876875], [-79.54976870137264, 43.73169877706683], [-79.54976748044183, 43.73170838095678], [-79.54977331037625, 43.73171658205886], [-79.54978459360763, 43.73171258106187], [-79.5497920015565, 43.73170528944396], [-79.54979448786246, 43.731696095725844], [-79.54979469705927, 43.73168657820888], [-79.5497955790487, 43.73167718144619], [-79.54979449839696, 43.731667992953156], [-79.54979259048196, 43.73165768793302], [-79.54979219057904, 43.731648595345725], [-79.54979191054342, 43.73163918743673], [-79.54979187640528, 43.73162978851408], [-79.54979088031546, 43.73161989445743], [-79.54978770163385, 43.73161089408742], [-79.5497833915935, 43.7316022945496], [-79.54977920686531, 43.7315930991616], [-79.5497755755835, 43.7315832917587], [-79.549772179263, 43.73157418250067], [-79.54976880396421, 43.7315650000832], [-79.54976637919326, 43.73155608093822], [-79.54976297611083, 43.731546996699066], [-79.54976078062369, 43.73153749469734], [-79.54975750754384, 43.73152858303379], [-79.54975387556799, 43.73151969648461], [-79.54975039889912, 43.73150957780574], [-79.54974670559491, 43.73150078556058], [-79.54974297802387, 43.73149198754683], [-79.54973869426529, 43.73148198433899], [-79.54973550793173, 43.731472879857506], [-79.5497324082556, 43.73146319911406], [-79.54972978142989, 43.73145437845191], [-79.54972750564743, 43.73144530132134], [-79.54972508742374, 43.73143479563312], [-79.54972301181674, 43.73142497831399], [-79.5497213829026, 43.73141468789018], [-79.54971968314271, 43.73140518023466], [-79.5497199022849, 43.73139510064338], [-79.54971918627872, 43.731385477555584], [-79.54971658719555, 43.731376686820504], [-79.54971570484585, 43.73136767883242], [-79.54971709046204, 43.731358379679165], [-79.54971700939518, 43.731349282272], [-79.54971808475092, 43.731339298456255], [-79.54971639266614, 43.73132989491977], [-79.54971268380626, 43.73132089531246], [-79.54970968228697, 43.73131189326397], [-79.54970670495483, 43.73130228098651], [-79.54970288053714, 43.73129318790263], [-79.54969941190124, 43.73128447867312], [-79.54969819365762, 43.73127488540437], [-79.54969737544475, 43.73126499156961], [-79.54969440483349, 43.731255482377605], [-79.54969079404377, 43.7312467780187], [-79.5496869761156, 43.7312377888829], [-79.5496832073608, 43.731228882888225], [-79.54968169889501, 43.731219581613786], [-79.54968029922577, 43.73121039883516], [-79.54967721098218, 43.73120158960959], [-79.54967309194764, 43.731191891132546], [-79.54966921170944, 43.731182483725966], [-79.54966509731557, 43.73117368177489], [-79.54965769194547, 43.731165692038026], [-79.54965330379295, 43.73115659583616], [-79.54964940368033, 43.73114738986062], [-79.54964370464596, 43.7311381842949], [-79.54963788152274, 43.73113008629087], [-79.5496340037065, 43.73112119076761], [-79.54963027737736, 43.73111239293455], [-79.5496264038696, 43.7311030886133], [-79.54962118635052, 43.73109379742971], [-79.54961497614086, 43.73108569634065], [-79.54960790205375, 43.731077395362355], [-79.54960020648257, 43.731069697615894], [-79.54959250754833, 43.73106148695524], [-79.54958609385933, 43.73105348503786], [-79.5495779004115, 43.73104528020382], [-79.54956980028214, 43.731038292682456], [-79.54956068380586, 43.731030495005584], [-79.54955108398167, 43.73102357552457], [-79.54954160207872, 43.7310173895035], [-79.5495324880709, 43.731009975604735], [-79.54952488475756, 43.73100167640626], [-79.54951688335953, 43.7309941913798], [-79.54951279560814, 43.73098529108307], [-79.54950899904136, 43.73097609982736], [-79.54950489330945, 43.73096648028128], [-79.54950100659211, 43.73095709703289], [-79.54949807948265, 43.73094808048091], [-79.54949550914378, 43.730938397970554], [-79.54949559493383, 43.73092868375929], [-79.54949418338391, 43.73091967757186], [-79.5494940946907, 43.73091047606857], [-79.54949549472362, 43.73090138413831], [-79.54949789231479, 43.73089199777796], [-79.54949978251392, 43.73088187453345], [-79.5495009866336, 43.730871679707086], [-79.5495030038427, 43.730862393345625], [-79.54950579482355, 43.730852986779986], [-79.54950869242292, 43.730843185966], [-79.54950909661179, 43.73084129851998], [-79.5495104925586, 43.73083417691513], [-79.54951300443399, 43.730824500424106], [-79.54951500611422, 43.73081487859518], [-79.54951520637289, 43.73080500149512], [-79.54951670516466, 43.73079528396665], [-79.54951889358009, 43.73078627817255], [-79.54952377927833, 43.73077747676763], [-79.54952839263855, 43.730768380418475], [-79.54952998847679, 43.730759085206614], [-79.54952889110518, 43.730749177671534], [-79.54953017764628, 43.730739198830406], [-79.54953148108308, 43.730729682866794], [-79.54953349827983, 43.73072039651106], [-79.54953360085582, 43.7307114013897], [-79.54953448477757, 43.73070108399559], [-79.54953727791741, 43.73069219017999], [-79.54954189126643, 43.73068309383396], [-79.54954579080284, 43.730673895982044], [-79.54954920093247, 43.73066468049572], [-79.54955488404342, 43.73065619674832], [-79.54956110629865, 43.73064819997475], [-79.54956670578457, 43.73063950007915], [-79.54957429214974, 43.730631287876356], [-79.54958337881327, 43.7306241839879], [-79.54959249670613, 43.730617878275346], [-79.54960229263516, 43.73061128555114], [-79.5496125022496, 43.7306045975649], [-79.54962228051866, 43.730598590910766], [-79.54963318638076, 43.73059389668273], [-79.54964319136143, 43.73058717959531], [-79.54965500012845, 43.73058228049916], [-79.54966580693814, 43.73057677844805], [-79.54967560062062, 43.73056980107484], [-79.54968539538855, 43.73056308007247], [-79.54969710434223, 43.73055998448565], [-79.54970848279477, 43.73055458880392], [-79.54972160378706, 43.730551488855525], [-79.54973360088113, 43.73054889471227], [-79.54974598488253, 43.73054617641357], [-79.54975891005535, 43.730543279747344], [-79.54977269536109, 43.73054229622098], [-79.54978609777655, 43.730539594627885], [-79.54979819603724, 43.73053688675451], [-79.54981098695319, 43.73053409820276], [-79.54982307815908, 43.73052998192278], [-79.54983288075188, 43.73052349225888], [-79.54984470817303, 43.73051839153987], [-79.54985629506224, 43.73051509850967], [-79.54986748542602, 43.73051039365245], [-79.54987989670131, 43.73050509375709], [-79.54989258821588, 43.730500192055324], [-79.54990469586666, 43.73049548952396], [-79.54991639796698, 43.73049098464328], [-79.5499284090824, 43.730487292352905], [-79.54993929619678, 43.73048279968821], [-79.5499488098159, 43.730476985614644], [-79.54996010114289, 43.730470477401724], [-79.54997097811501, 43.73046549683916], [-79.54998369620438, 43.7304604967787], [-79.54999520701054, 43.73045578551655], [-79.55000578584986, 43.730450993689466], [-79.5500188986942, 43.73044610082287], [-79.55003009905131, 43.730440577658726], [-79.55004079911916, 43.73043559791485], [-79.55005138556133, 43.73042947591473], [-79.55006320422103, 43.73042388658086], [-79.55007500717727, 43.73041939692266], [-79.55008720053118, 43.73041398897531], [-79.55009789633496, 43.730409289921056], [-79.55010949568795, 43.730403593250024], [-79.5501202901948, 43.73039839669238], [-79.5501305065644, 43.73039298981652], [-79.55014099852883, 43.73038708461183], [-79.55015148400766, 43.730381075460194], [-79.55016137767032, 43.73037529033], [-79.55017168951316, 43.73036848873368], [-79.55018029088184, 43.73036108646539], [-79.55018990794748, 43.7303552870867], [-79.55020178149778, 43.73035249615328], [-79.55021499255491, 43.73034958812608], [-79.55022739534739, 43.73034679540166], [-79.55024029502904, 43.730343997183], [-79.55025348739247, 43.73034129074886], [-79.55026679424122, 43.730339983801194], [-79.55028020017535, 43.73033779418455], [-79.55029311344954, 43.73033638020477], [-79.55030640021393, 43.73033358505875], [-79.55031960449368, 43.730330702034024], [-79.55033180567281, 43.73032708779187], [-79.55034379548844, 43.730321778985], [-79.5503552869012, 43.7303160929228], [-79.55036519638547, 43.730310386174956], [-79.5503746887605, 43.73030438987993], [-79.55038698575744, 43.73030068623298], [-79.55039851087206, 43.73029618211963], [-79.5504101838124, 43.73029139174508], [-79.55042309555188, 43.73028698177465], [-79.55043567822504, 43.73028339578763], [-79.55044819921383, 43.73027859878404], [-79.55046099538515, 43.73027409533241], [-79.55047430080924, 43.730271098563016], [-79.55048610615371, 43.7302669926317], [-79.55049798944839, 43.730263384234966], [-79.55051080684024, 43.73026049723831], [-79.55052417498646, 43.73025909594867], [-79.55053737880336, 43.730258695258286], [-79.55055050224755, 43.73025728515003], [-79.55056358342821, 43.730255382578655], [-79.55057460709442, 43.730251293597014], [-79.55058660370435, 43.7302473940228], [-79.55059838061037, 43.730244178998916], [-79.5506116982203, 43.73024087666465], [-79.55062418193096, 43.73023778901517], [-79.55063628006322, 43.730235081030145], [-79.55064930763851, 43.730232197922305], [-79.55066158242354, 43.73022948996862], [-79.55067398515678, 43.730226697182715], [-79.55068529736936, 43.73022428684904], [-79.55069670362471, 43.73022048249158], [-79.55070730450679, 43.73021469485498], [-79.55071699787868, 43.73020808747142], [-79.55072740505392, 43.730201581583096], [-79.55073748563782, 43.73019628345851], [-79.55074778190435, 43.73019058061372], [-79.55075929032866, 43.73018548461612], [-79.55077058283257, 43.73018079419898], [-79.55078288301297, 43.73017629722991], [-79.55079409006126, 43.73017218323882], [-79.55080660020342, 43.73016769103754], [-79.55081840325491, 43.73016320042225], [-79.55083070566293, 43.73015908808817], [-79.55083628217757, 43.730157782010664], [-79.55088420312175, 43.730147779668236], [-79.5508941020373, 43.73014550161771], [-79.55090540713354, 43.730141682856164], [-79.55091749869253, 43.73013899898893], [-79.55092998363648, 43.730136294906885], [-79.55094219728578, 43.73013368035621], [-79.55095458896487, 43.73013119324548], [-79.55096620047877, 43.730126497104486], [-79.55097539809665, 43.73011989536102], [-79.55098729127772, 43.73011559671492], [-79.55099850620063, 43.73011158595104], [-79.5510089047281, 43.73010589762545], [-79.55102040661411, 43.73010238813273], [-79.55103340058372, 43.73009950109608], [-79.55104590521789, 43.73009907706999], [-79.55105861305313, 43.730098682830395], [-79.5510714127283, 43.73009638182493], [-79.55108467926843, 43.73009378885656], [-79.55109688732256, 43.730091199472064], [-79.55110841359839, 43.730087078879336], [-79.55112168804163, 43.73008458915764], [-79.55113500570846, 43.73008259292621], [-79.5511491873341, 43.7300794895234], [-79.55116308523245, 43.730076782059186], [-79.55117808297155, 43.73007379469157], [-79.55119178167709, 43.73007077760204], [-79.55120470804886, 43.73006788003597], [-79.55121759991835, 43.730064977562584], [-79.55123098095257, 43.730062093575334], [-79.55124440506775, 43.73005839689868], [-79.5512565106476, 43.73005448676568], [-79.55126949691406, 43.730051495579914], [-79.55128150032246, 43.73004887707596], [-79.55129370067877, 43.73004618354988], [-79.55130700598299, 43.730043186657525], [-79.55131991003783, 43.73003997862514], [-79.55133157957891, 43.730035981402246], [-79.55134480100804, 43.73003107873904], [-79.5513561015562, 43.730026490639425], [-79.5513687773457, 43.73002268754806], [-79.55138099637364, 43.73001979241142], [-79.55139318232241, 43.730016891674204], [-79.55140578357593, 43.73001297585315], [-79.5514184895687, 43.73000958645656], [-79.55143060403607, 43.73000629212527], [-79.55144208346648, 43.73000208868932], [-79.55145430233482, 43.72999788736356], [-79.5514677777838, 43.72999478653512], [-79.55147927832127, 43.72999089337507], [-79.55149209542542, 43.72998670005974], [-79.55150360272341, 43.7299827818786], [-79.55151600834168, 43.72997919657156], [-79.55152928030125, 43.729976194910314], [-79.55154111025585, 43.72997278307074], [-79.55155208606243, 43.72996848203817], [-79.55156529015979, 43.729965598831015], [-79.55157830182854, 43.7299623809841], [-79.55159080793601, 43.72995960278809], [-79.55160298028132, 43.72995688015952], [-79.55161570192611, 43.72995408154189], [-79.55162260278136, 43.729961589012035], [-79.55162320935622, 43.72996848375533], [-79.55163578861574, 43.7299656908698], [-79.55164619677115, 43.72996310082898], [-79.55165738500817, 43.729959188330575], [-79.55166810594821, 43.729954390579366], [-79.55167818637014, 43.72994909235305], [-79.5516805889656, 43.72994869128875], [-79.55169330442978, 43.72994840107223], [-79.55170618651665, 43.729946187851134], [-79.55171940423897, 43.72994468886477], [-79.55173289896057, 43.72994269085114], [-79.55174710257448, 43.72993989866597], [-79.55176027930679, 43.72993829082272], [-79.55177259556027, 43.729936996021614], [-79.55177491023798, 43.72993678760572], [-79.55178769051203, 43.72993729942206], [-79.55180020925776, 43.729937083348965], [-79.55181280147913, 43.72993659552642], [-79.55182508830242, 43.72993749764878], [-79.55183740520712, 43.72993919777345], [-79.55184878734524, 43.72993718157521], [-79.55185829954797, 43.72993489861743], [-79.55186938844444, 43.72993017914082], [-79.55188239694175, 43.729927498315575], [-79.55189631185978, 43.7299253808501], [-79.55190857673006, 43.72992349014922], [-79.55192259072903, 43.72992218049391], [-79.55193579195792, 43.729921395815516], [-79.55194919670934, 43.72992038385697], [-79.55196318671463, 43.7299209905997], [-79.55197599565952, 43.72992048250386], [-79.55198940583966, 43.729919190013], [-79.55200298160473, 43.72991728052664], [-79.55201568170506, 43.72991678203413], [-79.55202959792508, 43.729916098996306], [-79.55204349069228, 43.729914977236916], [-79.55205669215042, 43.7299141916777], [-79.55207020349279, 43.72991278545072], [-79.5520827995877, 43.72991058347734], [-79.55209670529027, 43.729907979119375], [-79.55210970755056, 43.729906883933666], [-79.55212230404358, 43.72990598727063], [-79.55213549877735, 43.72990509861677], [-79.5521489992131, 43.72990438153092], [-79.55216300868328, 43.72990348149617], [-79.55217660714736, 43.72990318774838], [-79.55218938497866, 43.729903187627116], [-79.55218079253952, 43.72990990058441], [-79.55216809193313, 43.729911575284085], [-79.5521554956088, 43.72991377813238], [-79.55214250719068, 43.72991638480652], [-79.55212938066713, 43.72991858841848], [-79.55211630755664, 43.729920594472176], [-79.55210391131224, 43.72992218522464], [-79.55209147522514, 43.72992379539477], [-79.55207828516926, 43.72992558056189], [-79.55206581006276, 43.729927595482195], [-79.55205319956553, 43.729929590255864], [-79.5520406755595, 43.7299313930701], [-79.55202838386866, 43.72993338299904], [-79.5520160001663, 43.72993610161189], [-79.55200348760391, 43.729938775922676], [-79.55199117943084, 43.729941480187016], [-79.55197670997111, 43.72994408142175], [-79.55196278313429, 43.72994637548088], [-79.55194880283676, 43.72994899519499], [-79.55193498365055, 43.7299512794716], [-79.55191970169217, 43.72995427671273], [-79.55190611072237, 43.72995728413612], [-79.55189178883737, 43.729959599957866], [-79.55187868707414, 43.72996249776054], [-79.55186658794118, 43.72996507764329], [-79.55185399893493, 43.72996868798538], [-79.5518427906523, 43.729972674700484], [-79.55183180267662, 43.72997728131383], [-79.55182388637996, 43.729984499785864], [-79.5518245072313, 43.72998637976674], [-79.55183778852263, 43.72998908687909], [-79.55184340432874, 43.729989988343114], [-79.55185500602994, 43.72999368486984], [-79.55186547777069, 43.72999699140154], [-79.55187968735738, 43.72999939510381], [-79.55189259804892, 43.73000138479211], [-79.55190560660631, 43.73000249164204], [-79.55191959769223, 43.7300034828638], [-79.55193480756984, 43.73000480055759], [-79.55194717989419, 43.73000499813276], [-79.55196058568212, 43.73000449874483], [-79.5519745836671, 43.730005080637035], [-79.55198818361708, 43.73000647670669], [-79.55200118426833, 43.73000748029047], [-79.5520155920295, 43.73000758381927], [-79.55202859347239, 43.730007282251556], [-79.55204097883899, 43.73000638066263], [-79.55205367991988, 43.73000588319623], [-79.55206849243484, 43.730005275619206], [-79.55208340702842, 43.73000468344859], [-79.55209760257564, 43.730004397555106], [-79.55211169432981, 43.73000358626578], [-79.5521246923335, 43.73000289987368], [-79.55213840639077, 43.73000269960523], [-79.55215269638289, 43.73000219689604], [-79.55216689964952, 43.730001887005095], [-79.5521807026796, 43.730001878550446], [-79.55219429122805, 43.73000227498511], [-79.5522082988827, 43.73000229561826], [-79.55222148577566, 43.73000117559819], [-79.5522353064265, 43.73000058106424], [-79.55224949671512, 43.730001881851685], [-79.55226189912835, 43.73000287738658], [-79.55227520839168, 43.730001697712844], [-79.552288703759, 43.72999877876851], [-79.55230079496677, 43.72999609557513], [-79.55231448708815, 43.72999297436591], [-79.55232810035059, 43.72999027732811], [-79.55234099175365, 43.72998998515447], [-79.55235470152502, 43.72999019364856], [-79.5523672055116, 43.72999238076081], [-79.55237998879511, 43.729992100085504], [-79.55239277825724, 43.72998918289464], [-79.55240608816409, 43.729987082356516], [-79.55241919150082, 43.729985489960285], [-79.55243227924842, 43.729983690195574], [-79.55244431142631, 43.729980178886436], [-79.5524566982917, 43.72997679504531], [-79.55246479114261, 43.72996957654755], [-79.55246999886481, 43.72996128135632], [-79.55248099178797, 43.72995508882087], [-79.55249378017233, 43.72995178714406], [-79.5525065915134, 43.72994787507026], [-79.55251938936705, 43.72994388493], [-79.55253281035966, 43.72994098046358], [-79.55254569290429, 43.72993759093582], [-79.55255749572764, 43.72993310009155], [-79.55256888735745, 43.72992908829871], [-79.55258157860905, 43.72992549240034], [-79.5525940902205, 43.72992268887456], [-79.55260778344737, 43.72991969589066], [-79.55262089959453, 43.72991687707617], [-79.55263449294863, 43.72991438142159], [-79.55264878570758, 43.72991178004794], [-79.55266239345826, 43.72990949158645], [-79.55267490303449, 43.72990748148633], [-79.55268908896537, 43.72990527521961], [-79.55270360929863, 43.72990209253306], [-79.55271691244452, 43.72989988886592], [-79.55272958124644, 43.72989859209738], [-79.55274248737271, 43.729895896599565], [-79.55275590138227, 43.72989288987965], [-79.55276828991799, 43.72989119492072], [-79.55278078057378, 43.72988938726728], [-79.55279290686791, 43.729885788068145], [-79.55280528153554, 43.72988258162283], [-79.55281639240451, 43.72987699439919], [-79.55282818303928, 43.729872680963275], [-79.55283888943713, 43.729867675873784], [-79.5528493985483, 43.729861184289774], [-79.55286108758915, 43.72985567925885], [-79.5528725990983, 43.729851095902866], [-79.55288479097426, 43.72984699359067], [-79.5528961825543, 43.72984298175702], [-79.55290769512138, 43.72983878286826], [-79.55291980592678, 43.72983459198373], [-79.55293221024706, 43.729830878209064], [-79.55294430664733, 43.729826480124146], [-79.55295680429857, 43.729822293168006], [-79.55296947989997, 43.72981848984909], [-79.55298158056901, 43.72981368296324], [-79.55299388490448, 43.729810083074156], [-79.55300660963445, 43.72980649098931], [-79.55301879178786, 43.729803077981465], [-79.55303009658294, 43.72979938705324], [-79.55304059274367, 43.72979437803797], [-79.5530523954822, 43.729789887130245], [-79.55306458347944, 43.72978749890543], [-79.5530774817804, 43.72978848778359], [-79.55308989782111, 43.729786695464846], [-79.5531026939039, 43.72978388125605], [-79.55311458272213, 43.729781297302345], [-79.55312720310451, 43.729778484092044], [-79.5531403017626, 43.72977637851014], [-79.55315279779549, 43.72977429027868], [-79.55316539135208, 43.72977157627274], [-79.55317748268251, 43.729768892098775], [-79.5531906854724, 43.729765880379894], [-79.55320407848248, 43.72976269055167], [-79.55321649537917, 43.72975997650892], [-79.55322981286159, 43.72975797996259], [-79.55324338382124, 43.72975517376675], [-79.55325648951289, 43.72975409312582], [-79.55327060252867, 43.729753591068246], [-79.55328478561309, 43.729753483289095], [-79.55329730097661, 43.729752497890665], [-79.55331038862377, 43.72975069799698], [-79.55332420874987, 43.729748797977244], [-79.5533369796126, 43.72974738842863], [-79.5533497783233, 43.729746392240436], [-79.55336388239495, 43.72974527434407], [-79.55337707927664, 43.729744898245336], [-79.55339018753706, 43.72974589184209], [-79.55340248137756, 43.729744286364564], [-79.55341530635631, 43.729741502202565], [-79.55342819799556, 43.72973859940889], [-79.55344168443666, 43.72973649874537], [-79.55345548045759, 43.729735080830004], [-79.55346828533322, 43.729732498952856], [-79.5534823067028, 43.72972998698644], [-79.55349570887218, 43.72972859101478], [-79.55350828818611, 43.72972579700125], [-79.55352129657047, 43.72972298783489], [-79.5535342958504, 43.72972007524578], [-79.55354680177443, 43.7297172967742], [-79.55355969316534, 43.72971439482422], [-79.5535728823964, 43.72971378648099], [-79.55358560184429, 43.72971178101721], [-79.5535986047602, 43.72970938046628], [-79.55361160536275, 43.72971038380993], [-79.55362529997548, 43.72970908045619], [-79.55363838484293, 43.72970937909575], [-79.55365198546126, 43.72970959786056], [-79.55366449419569, 43.729708892766844], [-79.55367789093386, 43.72970777729348], [-79.55369078299319, 43.729706179776315], [-79.55370380075264, 43.72970529172149], [-79.55371648569198, 43.729703281334324], [-79.55372920086181, 43.729701684645676], [-79.553741500098, 43.72969979859497], [-79.55375410396856, 43.72969769963561], [-79.55376649645066, 43.72969559660416], [-79.55377339824172, 43.72969409443885], [-79.55380430288534, 43.729687097876656], [-79.55401714735558, 43.72963877611581], [-79.55412679853039, 43.7296138960289], [-79.5541324061957, 43.72961338791636], [-79.55414510019526, 43.72961148088886], [-79.55415680069343, 43.729608281469446], [-79.55416817765938, 43.729604190379135], [-79.55417987911714, 43.72959968494921], [-79.55419209632102, 43.729595099641955], [-79.55420360329195, 43.72959118111409], [-79.55421601013134, 43.72958928521695], [-79.55422958758726, 43.72958619851409], [-79.55424128158126, 43.72958289513863], [-79.55425250281682, 43.72957898705159], [-79.55426448995019, 43.72957459926456], [-79.55427629477897, 43.72957049283704], [-79.55428989965732, 43.72956638607232], [-79.55430190368982, 43.72956258925451], [-79.55431500295887, 43.72955917835486], [-79.55432848457944, 43.729556181038696], [-79.55434190449996, 43.72955419800632], [-79.55435591159237, 43.729552784882145], [-79.55436989337068, 43.729551981812044], [-79.55438289466973, 43.729551679896], [-79.55439528504996, 43.7295504983135], [-79.5544093867695, 43.72954899561003], [-79.55442320432726, 43.72954658354103], [-79.55443688172672, 43.72954338291128], [-79.55444880575195, 43.72953988197861], [-79.55446148480546, 43.729536590496394], [-79.55447348809456, 43.7295340988001], [-79.55448688548361, 43.72953167805969], [-79.5544990000752, 43.72952968862577], [-79.55451210946616, 43.72952689368939], [-79.55452519227038, 43.72952419709843], [-79.55453729766866, 43.72952159269898], [-79.55455041131664, 43.72951838896145], [-79.55456258110277, 43.729515281287995], [-79.5545763008992, 43.72951218879261], [-79.55458979040452, 43.729509294688505], [-79.55460188811296, 43.72950658616612], [-79.55461429832872, 43.72950389608437], [-79.55462779340245, 43.72950097678723], [-79.55464140411561, 43.7294978947569], [-79.5546545067629, 43.72949499671726], [-79.55466789394644, 43.72949208805822], [-79.5546797036859, 43.72948887723318], [-79.55469140729686, 43.729484884478055], [-79.5547025061768, 43.72948077978292], [-79.5547141094628, 43.7294759790465], [-79.55472520901627, 43.7294706973052], [-79.55473409345672, 43.7294640767468], [-79.55474379150706, 43.729457188416646], [-79.55475480290677, 43.72945079314987], [-79.55476529653114, 43.72944539929687], [-79.55477717880261, 43.72944048502187], [-79.55478908561938, 43.7294350868954], [-79.5547992117678, 43.729428182371045], [-79.5548104967046, 43.729422082193246], [-79.55482200425507, 43.72941698654435], [-79.55483320494041, 43.72941159106422], [-79.55484328937234, 43.72940588283013], [-79.55485279657805, 43.72940009344249], [-79.55486529525466, 43.7293962898311], [-79.55487778792872, 43.729394994623696], [-79.55488740727122, 43.72938878579293], [-79.55489378190973, 43.7293800929355], [-79.55490029186275, 43.729371676419404], [-79.55490909467515, 43.729363790068845], [-79.55491839814665, 43.72935679368409], [-79.55492700898542, 43.729349878015185], [-79.55493579288805, 43.72934219412429], [-79.55494230648614, 43.72933428965321], [-79.5549457978925, 43.72932528998963], [-79.55495129280892, 43.72931619079306], [-79.55495740689621, 43.72930728262911], [-79.55496568400396, 43.72930029443938], [-79.55497488633226, 43.72929328367712], [-79.55498349237435, 43.72928559958839], [-79.55499149170042, 43.72927859699725], [-79.55500049278702, 43.729272198157076], [-79.55500778682246, 43.72926427651399], [-79.5550172772965, 43.72925789527671], [-79.55502688086612, 43.729251095630765], [-79.55503421137941, 43.72924238545571], [-79.55504047916806, 43.72923408770883], [-79.55504899056007, 43.729226493187234], [-79.55505699729785, 43.729218288531946], [-79.55506449702031, 43.729210780441825], [-79.55507420311777, 43.72920399447224], [-79.55508368318365, 43.729196998101244], [-79.55509349445637, 43.72918969047092], [-79.5550996999535, 43.72918148599629], [-79.55510339052933, 43.72917279594374], [-79.55510808914232, 43.72916337931188], [-79.55511529412259, 43.72915539394774], [-79.5551202953374, 43.72914668593932], [-79.55512268130563, 43.72913668437722], [-79.55512890688024, 43.72912827761037], [-79.55513649988774, 43.72912029633855], [-79.55514328697213, 43.72911268695468], [-79.5551496815076, 43.72910417609917], [-79.55515490257223, 43.7290947826688], [-79.55515947883679, 43.72908529758677], [-79.55516551310276, 43.7290766844604], [-79.55517261219399, 43.72906778820555], [-79.55517819152969, 43.729059290479995], [-79.55518598574716, 43.72905069728273], [-79.55519318647575, 43.72904299261086], [-79.55520030896777, 43.72903479127247], [-79.55520440080484, 43.72902618424087], [-79.55521048169224, 43.72901739857467], [-79.5552165877731, 43.72900838715439], [-79.55522309359222, 43.729000378561416], [-79.55523060183396, 43.728991796675516], [-79.5552399973372, 43.72898419882133], [-79.55524917947136, 43.72897739033314], [-79.55525900557251, 43.72897159519802], [-79.55526909777257, 43.72896599017842], [-79.55527589579481, 43.72895807507763], [-79.55528250140026, 43.728949697248325], [-79.55528880468908, 43.72894178886914], [-79.55529430423854, 43.72893358618339], [-79.55529870063734, 43.72892489434031], [-79.55530620344305, 43.72891659297612], [-79.55531318625248, 43.728908780288165], [-79.55531778136532, 43.72889909274533], [-79.55532359321127, 43.728890781261676], [-79.55533120257248, 43.728882085644756], [-79.55533498925638, 43.72887238621578], [-79.55533358629339, 43.72886269089332], [-79.55533300748233, 43.728853598260564], [-79.55533500881944, 43.728843977422976], [-79.55533989188415, 43.728834792170424], [-79.55533789518134, 43.72882467920379], [-79.55533648004742, 43.7288152894267], [-79.55534000217527, 43.72880578262874], [-79.55534638139528, 43.72879798627788], [-79.55535349613835, 43.728789680823034], [-79.555357782156, 43.728780487752005], [-79.55535358463415, 43.728771597436534], [-79.55534199906816, 43.72877619647367], [-79.55533190715177, 43.72878180063385], [-79.55533169276414, 43.72877188994273], [-79.55533539401239, 43.72876289504834], [-79.55533709745065, 43.728753590208434], [-79.55533880088817, 43.728744285368904], [-79.55534040765713, 43.72873468459999], [-79.55534259009032, 43.72872478223653], [-79.55534480157827, 43.72871529340213], [-79.55534800466397, 43.72870579232438], [-79.55534948547282, 43.72869548296147], [-79.55535148927254, 43.728686374006685], [-79.55535399297348, 43.72867697866793], [-79.55535568516292, 43.72866667337275], [-79.55535718459969, 43.728656290513484], [-79.55536140728158, 43.72864667815324], [-79.55536561007155, 43.728637395322394], [-79.55536837607532, 43.72862729461902], [-79.55537168505325, 43.72861857633152], [-79.55537408307629, 43.72860839734553], [-79.55537518178188, 43.72859898057844], [-79.55537799573611, 43.7285890909442], [-79.55538088996623, 43.7285800834762], [-79.55538298695798, 43.72857088564802], [-79.55538488711723, 43.72856137854937], [-79.5553872051529, 43.7285514954701], [-79.55538890857294, 43.72854219063875], [-79.55538978688928, 43.72853228208817], [-79.55538898323418, 43.72852297924043], [-79.55539088784272, 43.72851319058764], [-79.55539179946834, 43.72850328677313], [-79.55539279226447, 43.72849308722404], [-79.55539407974902, 43.72848349304458], [-79.55539649101661, 43.728473392991056], [-79.55539870024126, 43.728463391428996], [-79.55540160188212, 43.72845318191003], [-79.55540479276664, 43.728443986384846], [-79.55540699209206, 43.728434675004436], [-79.55540901094083, 43.728424596217806], [-79.55541020283788, 43.72841509058094], [-79.55541289381944, 43.72840618144147], [-79.55541629558525, 43.72839568467784], [-79.55541970684712, 43.72838698094056], [-79.55542360250894, 43.72837739915507], [-79.55542718590085, 43.72836779806788], [-79.55543037928287, 43.72835898632068], [-79.55543408190157, 43.72834999074659], [-79.55543929292739, 43.72834128751396], [-79.55544499109337, 43.72833208914537], [-79.55544838661451, 43.72832279460843], [-79.55545277949558, 43.72831358987678], [-79.55545750819586, 43.7283045869625], [-79.55546169381627, 43.72829458593508], [-79.55546630209332, 43.72828497733974], [-79.55547190136816, 43.72827627733642], [-79.55547709394664, 43.728267774839814], [-79.55548218711326, 43.728258593502055], [-79.55548900732381, 43.728250988858015], [-79.55549850177593, 43.72824419880708], [-79.5555045858663, 43.72823618226007], [-79.55551049990446, 43.72822788533288], [-79.55551798563765, 43.728218993008745], [-79.55552521249847, 43.72820988382595], [-79.55553070584807, 43.728200401036744], [-79.55553548356315, 43.72819199365865], [-79.5555395074533, 43.72818337700841], [-79.5555439037344, 43.72817468518475], [-79.55554988981984, 43.728165989102855], [-79.55555670050265, 43.72815659143307], [-79.55556168958894, 43.72814818812124], [-79.55556748120888, 43.72814007894319], [-79.55557900350067, 43.728136494863776], [-79.55558890329394, 43.72814217692714], [-79.55559850252794, 43.72813578518571], [-79.55560308216887, 43.72812719646755], [-79.55560958056843, 43.72811777949407], [-79.55561701286746, 43.728109084722995], [-79.55562258125845, 43.72810089185727], [-79.55562778997778, 43.72809167588697], [-79.55563500037542, 43.728083281035474], [-79.55564479687739, 43.72807589428781], [-79.55565569403201, 43.728068484815864], [-79.55566738996808, 43.728063083572366], [-79.55567840140918, 43.728057993537156], [-79.55568668494554, 43.72805098030381], [-79.5556953837415, 43.72804269577774], [-79.55570538728594, 43.72803597808233], [-79.5557149929767, 43.72802969027568], [-79.55572359737239, 43.728021494456534], [-79.55573109995478, 43.72801319309251], [-79.55573849597452, 43.72800528597898], [-79.55574757866033, 43.72799779776837], [-79.55575758813238, 43.72799197674878], [-79.5557680770569, 43.72798699160663], [-79.55577959155632, 43.72798069381467], [-79.55579051259187, 43.727975284546545], [-79.55580211181933, 43.72796958735935], [-79.55581308624573, 43.72796398053195], [-79.55582388993521, 43.72795939845881], [-79.55583489144469, 43.72795499858542], [-79.55584730491412, 43.72795059425361], [-79.55585918403183, 43.72794777843166], [-79.55587230030113, 43.72794378126065], [-79.55588289803988, 43.727938786492196], [-79.5558933844598, 43.7279332894624], [-79.55590420628864, 43.72792720047907], [-79.55591560702027, 43.72792249811192], [-79.55592749669506, 43.72791768696813], [-79.55593830410193, 43.72791139078628], [-79.555948993737, 43.72790579542765], [-79.5559607999582, 43.7279008953775], [-79.55597459535265, 43.72789947707861], [-79.55598708266271, 43.72789989564909], [-79.55600048622641, 43.72789757777824], [-79.55601338684129, 43.727893985314616], [-79.55602538804949, 43.72788967555539], [-79.55603850969288, 43.72788539783696], [-79.55605047973525, 43.7278819803753], [-79.55606329679426, 43.72787778746688], [-79.55607379242157, 43.72787277727285], [-79.55608480602022, 43.72786819992782], [-79.55609678661597, 43.727862787147636], [-79.55610870480412, 43.727857084204445], [-79.55611980805601, 43.72785139353602], [-79.55612998192969, 43.727845878043546], [-79.55614090309263, 43.72784059597221], [-79.5561520953222, 43.727835097114536], [-79.556162590697, 43.72783008777361], [-79.55617290041245, 43.727824590689686], [-79.55618358231327, 43.72781889119166], [-79.55619350270582, 43.727812878313046], [-79.55620448669826, 43.727806582125254], [-79.55621579471155, 43.72780117586486], [-79.55622758089041, 43.72779609377387], [-79.55623929046648, 43.72779207668974], [-79.55625140767954, 43.72778929377082], [-79.5562640079121, 43.7277853772943], [-79.55627758798967, 43.72778188047761], [-79.5562905131673, 43.72777898305704], [-79.55630320061726, 43.727776179054906], [-79.55631688051412, 43.727772184899834], [-79.55633097859084, 43.727768992824124], [-79.5563436011457, 43.727765386781584], [-79.55635640730752, 43.72776188297922], [-79.55636837868497, 43.727758592882104], [-79.55638208318908, 43.72775529379891], [-79.55639459374758, 43.72775249062336], [-79.55640847870568, 43.72775008703765], [-79.55642180338887, 43.72774819327667], [-79.55643421215818, 43.72774668085679], [-79.55644807593491, 43.727744095088504], [-79.55646059692278, 43.727741778928056], [-79.55647290994071, 43.727740099706885], [-79.55648627665018, 43.72773739222365], [-79.55649937868145, 43.72773449393324], [-79.5565119086466, 43.727732793583094], [-79.55652530245763, 43.72773129304895], [-79.55653877743009, 43.72772949677776], [-79.55655100454055, 43.72772708867124], [-79.55656328646523, 43.72772448231247], [-79.55657700221327, 43.72772218365336], [-79.55659089732592, 43.72772039602564], [-79.55660478478224, 43.72771837618315], [-79.55661729041321, 43.72771728690126], [-79.55662978510168, 43.72771637522881], [-79.55664229417516, 43.727715798848514], [-79.55665548279406, 43.72771519004771], [-79.55666817723166, 43.727713795239666], [-79.55668089175089, 43.72771219813857], [-79.55669388406527, 43.72771048733038], [-79.55670609923337, 43.72770838388135], [-79.5567189980172, 43.72770558388316], [-79.55673140252306, 43.72770448021354], [-79.55674430833395, 43.72770308945762], [-79.55675679705173, 43.727701281088166], [-79.55677100856482, 43.72770158627254], [-79.55678498330994, 43.72770198590789], [-79.55679748047982, 43.727701586084954], [-79.55681128822094, 43.7277012963783], [-79.55682438470114, 43.727701288998], [-79.55683840806175, 43.7277005945579], [-79.55685148760371, 43.7276999962053], [-79.55686578680539, 43.72769998148355], [-79.55688020426685, 43.727700699335905], [-79.55689370766322, 43.727700493569884], [-79.55690699042938, 43.727699796883996], [-79.55692150429356, 43.727699376392046], [-79.55693420468656, 43.72769887822454], [-79.55694768322238, 43.72769797823159], [-79.55696200216872, 43.727696583137856], [-79.5569747903597, 43.72769627660884], [-79.55698848253036, 43.727695893408104], [-79.5570028768916, 43.72769709439313], [-79.55701548702531, 43.7276988865666], [-79.5570279833101, 43.727699792706325], [-79.55704120867718, 43.72769970148664], [-79.55705448853392, 43.72769979717522], [-79.5570673095073, 43.7277002881017], [-79.55708131052444, 43.727699283178], [-79.55709569704321, 43.72769789856221], [-79.55710941039355, 43.727697697518806], [-79.55712339015538, 43.727698992747385], [-79.5571376796898, 43.72769979539629], [-79.55715098127098, 43.72770137854833], [-79.55716388925691, 43.72770298280197], [-79.557176899241, 43.727703295429144], [-79.55719050355249, 43.727702976751715], [-79.55720467946915, 43.72770289249525], [-79.557218502203, 43.72770398712126], [-79.55723098407371, 43.72770468603773], [-79.5572445114576, 43.72770648043184], [-79.55725818183528, 43.72770709204621], [-79.55727160807228, 43.72770900016469], [-79.55728508880097, 43.72771109519122], [-79.55729818983593, 43.72771198511281], [-79.55731059197552, 43.72771297906006], [-79.55732238208391, 43.7277164982645], [-79.55733550876894, 43.72771938683842], [-79.55734861395334, 43.727722478395414], [-79.55736220242457, 43.72772417932709], [-79.55737558993485, 43.72772649131895], [-79.55738838111833, 43.727730484240546], [-79.55740110063469, 43.72773370014482], [-79.55741340079163, 43.72773598570259], [-79.55742679309573, 43.72773919419676], [-79.55743941283335, 43.72774277932973], [-79.55745179351392, 43.72774607427947], [-79.55746467776092, 43.72774959487489], [-79.55747698042168, 43.72775239229738], [-79.55748927925156, 43.72775429423985], [-79.5575017943968, 43.727757480187755], [-79.55751370207697, 43.72776239744137], [-79.55752677647271, 43.72776599611199], [-79.55753889976508, 43.72776828249431], [-79.55755269650416, 43.72777078071776], [-79.55756560868, 43.727774586556265], [-79.55757860937948, 43.72777689460483], [-79.55759138717809, 43.72777819899906], [-79.55760429653772, 43.72778018679335], [-79.55761641136895, 43.72778329074956], [-79.55762879686469, 43.7277874821852], [-79.55764098540497, 43.727791876752626], [-79.5576528085843, 43.72779619252043], [-79.5576651836377, 43.7277998969268], [-79.55767780341054, 43.727803482026516], [-79.55769038758125, 43.72780667775397], [-79.55770398988146, 43.727809890961275], [-79.5577166048666, 43.72781257954527], [-79.55772949591339, 43.727816075084704], [-79.55774198544292, 43.7278194884781], [-79.55775501526898, 43.727822081927584], [-79.55776701086245, 43.727824580355716], [-79.5577797863467, 43.727827982422774], [-79.55779160756349, 43.727830993563565], [-79.55780328892985, 43.72783439422201], [-79.55781480134084, 43.72783789897167], [-79.55782628851506, 43.72784188567249], [-79.55783800605538, 43.72784698099983], [-79.55784768958056, 43.72785268220176], [-79.55785930118232, 43.72785699474535], [-79.55787078836514, 43.727860981440706], [-79.55788379846454, 43.7278650833288], [-79.55789660304671, 43.72786889890564], [-79.55790909992909, 43.72787359256085], [-79.55792050269159, 43.727878284810686], [-79.55793349295637, 43.72788258812073], [-79.55794668980514, 43.72788599897839], [-79.55795908382115, 43.7278893727846], [-79.55797149308975, 43.727891775886384], [-79.55798419659395, 43.72789309474324], [-79.55799619701729, 43.72789648965159], [-79.5580072008038, 43.72790148352185], [-79.55801748368475, 43.72790757714524], [-79.55802920376547, 43.7279131843225], [-79.55804270020116, 43.72791548659817], [-79.55805580211143, 43.727917680848], [-79.55806879183005, 43.72792067883557], [-79.55808170778323, 43.727924996643736], [-79.55809320692234, 43.72792867863185], [-79.5581058909621, 43.727931376966765], [-79.55811990447104, 43.72793398293775], [-79.55813299361941, 43.72793778785273], [-79.55814569147006, 43.727941998510836], [-79.55815749891575, 43.72794597961334], [-79.55816950955972, 43.72794999048587], [-79.55818128790172, 43.72795368615874], [-79.55819368984936, 43.72795729128293], [-79.55820651316279, 43.72796077711849], [-79.55821837686452, 43.727963896356755], [-79.55822929592564, 43.72796828959573], [-79.5582401044546, 43.727973485017195], [-79.55822860919285, 43.72797709833245], [-79.5582156064738, 43.72797558380761], [-79.55820201428384, 43.72797298666408], [-79.5581889971159, 43.72797139304052], [-79.5581757021819, 43.72796978502554], [-79.55816300489346, 43.727966879674796], [-79.55815030930518, 43.72796318175534], [-79.55813791409291, 43.72795967970624], [-79.55812558958092, 43.72795539489398], [-79.55811458037634, 43.727950681561175], [-79.55810208995254, 43.727946091877484], [-79.5580894096291, 43.727943777485166], [-79.55807609579247, 43.727942500015715], [-79.55806310351412, 43.7279416005928], [-79.55804859035538, 43.727941099575965], [-79.55803498543813, 43.72793998498389], [-79.55802260329861, 43.72793878884625], [-79.55800980849038, 43.727936893545106], [-79.55799680661717, 43.72793420109074], [-79.55798427807377, 43.72793119248418], [-79.55797118119452, 43.727929893871604], [-79.55795888350369, 43.72793439196852], [-79.55795268964751, 43.72794229088442], [-79.5579504764368, 43.72795139511188], [-79.55794100475134, 43.72795849586339], [-79.55792858456371, 43.727961874680275], [-79.55791998885671, 43.727968997791585], [-79.5579307075286, 43.727975179336056], [-79.55794299618834, 43.7279790756681], [-79.5579546806718, 43.72798429348649], [-79.55796420431233, 43.727990586490904], [-79.55797089486107, 43.72799939549622], [-79.55797460617191, 43.72800877907684], [-79.55797867914015, 43.72801839232247], [-79.55798860405163, 43.72802489643079], [-79.55800127956718, 43.728028796666564], [-79.55801400909304, 43.72803119420752], [-79.5580270909582, 43.72803359075472], [-79.55803908179762, 43.72803767497625], [-79.55805060384962, 43.728043100820706], [-79.55806150679011, 43.72804807945501], [-79.55807328006543, 43.7280534899347], [-79.55808309076782, 43.72806028417401], [-79.55809237994428, 43.72806718436074], [-79.55810320963798, 43.72807269007752], [-79.55811468257701, 43.7280777765802], [-79.55812680539741, 43.7280835941604], [-79.55813888641555, 43.72808799845069], [-79.55814998237904, 43.7280923908592], [-79.55816139564739, 43.72809769820749], [-79.5581723124197, 43.728104189159254], [-79.55818158946573, 43.72811139488042], [-79.55819219201828, 43.72811878806794], [-79.55820228651258, 43.728126493366275], [-79.55821149033886, 43.72813409807264], [-79.55821979160436, 43.72814177876746], [-79.55822778403902, 43.728150081175585], [-79.5582364122353, 43.72815798749329], [-79.55824558469337, 43.72816479403329], [-79.55825558770643, 43.72817179564018], [-79.55826691565278, 43.72817767940729], [-79.55827780166523, 43.72818219514833], [-79.5582882909877, 43.728187397158436], [-79.55830020131496, 43.72819308238961], [-79.55831059179458, 43.72819878276483], [-79.55831670872945, 43.72820709993581], [-79.5583234128716, 43.72821598698663], [-79.55833288573048, 43.72822298939118], [-79.55834401312684, 43.72822817994228], [-79.55835629766104, 43.72823248501433], [-79.5583671927289, 43.72823748846446], [-79.55837758707659, 43.72824408431334], [-79.55838539364208, 43.72825189983575], [-79.55839150270025, 43.72825998565332], [-79.55840018951464, 43.728267286639095], [-79.558409684165, 43.728273294176844], [-79.55841989033719, 43.72827889040889], [-79.55843239330487, 43.728282382637545], [-79.5584460958333, 43.72828509753845], [-79.55845848827353, 43.72828939194864], [-79.5584686874878, 43.7282948859567], [-79.55847769239408, 43.72830218017703], [-79.5584873086321, 43.7283091778534], [-79.5584908858225, 43.72831879766026], [-79.55849450057754, 43.72832788530774], [-79.55850298588915, 43.72833449204644], [-79.55851430909807, 43.72833947927367], [-79.55852379162765, 43.72834579234399], [-79.5585312950014, 43.7283540762856], [-79.55854089118378, 43.72836127625009], [-79.55855119600395, 43.7283663749638], [-79.55856340736811, 43.72837107899813], [-79.55857450941397, 43.72837649614069], [-79.55858310635173, 43.72838347616842], [-79.55859030511186, 43.72839210112881], [-79.5585967101444, 43.72840079246481], [-79.5586024038926, 43.728409894244585], [-79.55860770480166, 43.72841809543419], [-79.55861338700862, 43.728426197619505], [-79.55862029757763, 43.7284341930654], [-79.55862769864639, 43.72844259056379], [-79.55863810100193, 43.728449289638995], [-79.55865001009431, 43.72845459122377], [-79.55866129270036, 43.728460775757604], [-79.55866979271958, 43.72846758881659], [-79.55867978371329, 43.72847489592848], [-79.55869038102934, 43.72848008724883], [-79.55870200982984, 43.72848499066417], [-79.55871340090798, 43.72848998750526], [-79.55872399688513, 43.72849479521571], [-79.55873548911487, 43.72849967832348], [-79.55874620629157, 43.728504298108284], [-79.55875719587772, 43.72850908470432], [-79.5587686957807, 43.72851420002135], [-79.55877918634762, 43.72851978645016], [-79.55878988599625, 43.728524992297885], [-79.55880059276528, 43.72853147929592], [-79.55881018214154, 43.72853739722294], [-79.55881959020627, 43.728543597550015], [-79.55882960857117, 43.72854988459834], [-79.55884009863134, 43.72855639185906], [-79.55885120463844, 43.728562576353234], [-79.5588614929331, 43.72856839023527], [-79.5588724917937, 43.728573791775354], [-79.5588832016945, 43.7285794855019], [-79.55889249301417, 43.728585592189276], [-79.55890370725534, 43.728590589852615], [-79.55891408479457, 43.728596594678805], [-79.55892458813976, 43.72860318085684], [-79.5589342064266, 43.72860938506227], [-79.55894438652325, 43.72861638576114], [-79.55895399748529, 43.7286237920219], [-79.55896469637511, 43.72863017575237], [-79.55897559411613, 43.72863569101217], [-79.55898568152298, 43.728641987850295], [-79.5589946854634, 43.72864889756066], [-79.55900470506474, 43.72865518476126], [-79.55901530051729, 43.728661297579315], [-79.55902369950397, 43.72866809624172], [-79.55903239576938, 43.72867588403663], [-79.55904188325832, 43.72868309357535], [-79.55905170615128, 43.72868958304642], [-79.5590595874778, 43.72869738314299], [-79.55906600476361, 43.7287058970143], [-79.55907259103385, 43.72871417868982], [-79.55908150289655, 43.72872168984499], [-79.55909039758642, 43.728728482791325], [-79.55910138555498, 43.728734190019466], [-79.55911330210029, 43.728738289490956], [-79.55912599989406, 43.72874119385234], [-79.55913879206481, 43.72874139905115], [-79.55915159327793, 43.72874209196817], [-79.55916328401773, 43.728745980180676], [-79.5591718144677, 43.728753078796885], [-79.55918339443495, 43.72875789815769], [-79.55919560343769, 43.728759479788856], [-79.55920907743148, 43.728760293377576], [-79.55922160316167, 43.728761484636784], [-79.5592341905704, 43.728763887756664], [-79.55924429270254, 43.72877039090128], [-79.55925498935942, 43.728776389962384], [-79.55926620909563, 43.72878097895881], [-79.55927820503899, 43.72878608764041], [-79.55928870675719, 43.72879098400259], [-79.55929939186412, 43.72879598346267], [-79.55928969519437, 43.728801695234644], [-79.55927619652483, 43.72880018657377], [-79.55926388750403, 43.728798975054296], [-79.55925178672393, 43.72879607850541], [-79.559239907168, 43.72879249582985], [-79.55922808477449, 43.72878818042409], [-79.55921668587436, 43.7287830795292], [-79.55920579310106, 43.72877858804724], [-79.55919360526796, 43.72877457814557], [-79.55918178117818, 43.728771183404156], [-79.55916920767051, 43.72876729786269], [-79.5591576949247, 43.72876379327495], [-79.55914549243815, 43.7287595770345], [-79.55913241030899, 43.72875718064566], [-79.55911979187819, 43.72875528551657], [-79.55910750292122, 43.72875399978273], [-79.55909489472364, 43.72875259253927], [-79.55909819059899, 43.72876168591057], [-79.55910788328062, 43.728767875581624], [-79.5591181846328, 43.728774688341794], [-79.55912769644858, 43.72878128678757], [-79.55913677705779, 43.72878869470655], [-79.55914580993068, 43.728795890696496], [-79.559155502859, 43.72880207950062], [-79.55916578355286, 43.728807789240264], [-79.55917627985379, 43.72881309424168], [-79.5591868875358, 43.72881877339995], [-79.55919598569396, 43.7288255952454], [-79.5592051149073, 43.72883178098443], [-79.5592139033134, 43.72883909541595], [-79.55922127893704, 43.72884759226104], [-79.55922998932878, 43.728854281066454], [-79.55924060723562, 43.72886057620896], [-79.55925088543688, 43.728865774064055], [-79.55926111300748, 43.7288716804913], [-79.55927141069938, 43.728877981191694], [-79.55928179182423, 43.72888449889077], [-79.55929200497378, 43.7288901981197], [-79.55930290801531, 43.72889517748289], [-79.55931469862249, 43.72890117878952], [-79.55932690598667, 43.728906291524304], [-79.55933898927009, 43.72890977413343], [-79.55935088660343, 43.72891289796608], [-79.55936338270357, 43.72891498081874], [-79.55937660109525, 43.72891609130522], [-79.55938921414725, 43.72891578457419], [-79.55940288913044, 43.72891598706336], [-79.55941547850085, 43.728917596725715], [-79.55942810097342, 43.72891908388189], [-79.5594401073875, 43.72892219722163], [-79.55945051418738, 43.728928487421555], [-79.55945999195801, 43.72893638710653], [-79.55946939310785, 43.72894378857216], [-79.55947029172184, 43.72893419023833], [-79.55946368108344, 43.72892639157124], [-79.55945740836209, 43.72891838471101], [-79.55945349552722, 43.72890948498457], [-79.55944958714515, 43.72890017560114], [-79.5594611836637, 43.728896576478064], [-79.5594734908364, 43.72890119185361], [-79.55948480214504, 43.728906484513054], [-79.55949490601924, 43.7289121950628], [-79.55950608770472, 43.728918493233515], [-79.55951500389506, 43.728925595557556], [-79.55952020737888, 43.728934295252266], [-79.55953058197798, 43.72894109327994], [-79.55953991471699, 43.72894717979314], [-79.55955190168737, 43.728951800720914], [-79.55956348659676, 43.72895738845112], [-79.55957180576293, 43.728964482979485], [-79.55958159126236, 43.728971376461715], [-79.55959138888515, 43.728978092499446], [-79.55960030931708, 43.72898478602216], [-79.5596084861104, 43.72899188629608], [-79.5596182862848, 43.728998986107676], [-79.55962989547777, 43.729004090842814], [-79.5596432035183, 43.729006698411666], [-79.55965538235829, 43.72901047673528], [-79.55966708967733, 43.729015876697545], [-79.55967799219195, 43.72902228925865], [-79.55968870420153, 43.729027189465526], [-79.55969830025656, 43.7290306008026], [-79.55970009045525, 43.72903129053881], [-79.55971288822384, 43.72903617983144], [-79.55972510757758, 43.72904098783291], [-79.55973638499852, 43.72904509852036], [-79.55974728581337, 43.72904969319306], [-79.55975858021418, 43.72905439484945], [-79.55976940169724, 43.72906059073907], [-79.5597770065338, 43.72906888897103], [-79.55978779581109, 43.72907559269614], [-79.55979940987606, 43.72908159392649], [-79.55981121044827, 43.7290867768883], [-79.55982239157727, 43.7290918978137], [-79.5598328019468, 43.729098700881934], [-79.55984190163362, 43.72910577817671], [-79.55985201123312, 43.72911107920217], [-79.55986361119726, 43.72911569705094], [-79.55987579569899, 43.72911919395762], [-79.55988910862243, 43.72912269800659], [-79.55990249421801, 43.729126980104105], [-79.55991550389855, 43.72913108068441], [-79.55992728307146, 43.72913608231778], [-79.55993938341629, 43.72914028392023], [-79.55995218662177, 43.72914489265487], [-79.5599643855701, 43.7291485967451], [-79.55997591292757, 43.72915218032853], [-79.5599868060751, 43.72915679896066], [-79.5599973048633, 43.72916248851211], [-79.56000789034483, 43.729167985234916], [-79.56001900489296, 43.72917309667138], [-79.56003058198691, 43.72917858109508], [-79.5600422065003, 43.72918258697054], [-79.56005460931684, 43.72918749802719], [-79.56006570349824, 43.72919398793086], [-79.56007538313574, 43.72920009858208], [-79.5600865878282, 43.729205786292724], [-79.56009751011983, 43.729210690340004], [-79.5601077020384, 43.72921608006854], [-79.56011758626872, 43.72922247599013], [-79.56012839450965, 43.729228977215804], [-79.56014080066817, 43.72923309413314], [-79.5601532828535, 43.729236275855435], [-79.56016489754555, 43.72924109999994], [-79.56017619458372, 43.72924618538355], [-79.56018791274046, 43.7292512804318], [-79.5602004981104, 43.729255781133375], [-79.56021328376177, 43.72925849354862], [-79.5602253881431, 43.729262287181555], [-79.56023760468474, 43.729265277065245], [-79.56025009439382, 43.72926738395105], [-79.56026270856695, 43.72926968858023], [-79.56027468062763, 43.7292727969092], [-79.56028719501805, 43.7292755988755], [-79.56029998807286, 43.72927959157171], [-79.56031170330232, 43.729282996652856], [-79.56032378420953, 43.72928609535596], [-79.5603358068956, 43.72928849510155], [-79.56034860416844, 43.729292078995535], [-79.56036140682211, 43.72929538236181], [-79.56037500490213, 43.72929769866157], [-79.56038819632215, 43.72930008438926], [-79.56040091418453, 43.72930278714314], [-79.5604140890263, 43.729305888069504], [-79.56042711402327, 43.72930888976714], [-79.5604385803625, 43.729312694840324], [-79.56045128864368, 43.72931608690832], [-79.56046431277505, 43.729317784151135], [-79.56047728376278, 43.72931967809022], [-79.56049061302862, 43.72931998535651], [-79.56050291443714, 43.729318482138034], [-79.560514992445, 43.729314797190945], [-79.56052640607537, 43.72931997702527], [-79.56053580492356, 43.72932699461368], [-79.56054639305813, 43.729332875052705], [-79.5605583073353, 43.729336590563], [-79.56057049005793, 43.72934088081192], [-79.56058241362969, 43.72934508317772], [-79.56059447822624, 43.729348896184554], [-79.56060708959282, 43.72935199316844], [-79.56061970285032, 43.72935429671549], [-79.56063208165911, 43.72935707936484], [-79.56064558602935, 43.72936078965042], [-79.56065760169875, 43.72936439055167], [-79.56067029952905, 43.72936729556104], [-79.56068289876931, 43.72937069807891], [-79.56069398877723, 43.729374986248445], [-79.56070558351523, 43.72937988451782], [-79.56071798668853, 43.72938479462265], [-79.56072990101295, 43.72938838201007], [-79.56074190709282, 43.729392800322316], [-79.56075339237442, 43.72939627479254], [-79.56076621438235, 43.729395588139255], [-79.56077809432828, 43.72939159372554], [-79.5607904869505, 43.729388184561344], [-79.56080208957951, 43.729383383021734], [-79.56081258480147, 43.729378373086654], [-79.56082189087066, 43.72937188898439], [-79.5608334051324, 43.72936820094239], [-79.56084628904628, 43.72936898148072], [-79.56085649552355, 43.7293745783218], [-79.56085869880245, 43.72938379855693], [-79.56084810612501, 43.72938969047874], [-79.56083590229451, 43.729392794120706], [-79.56082270124135, 43.7293961914555], [-79.56081101096683, 43.729401184794895], [-79.56080029761307, 43.7294060875952], [-79.56078889724584, 43.729410789768494], [-79.56078018940056, 43.729417281820524], [-79.56078968271122, 43.729424082569565], [-79.56080179214537, 43.72942628942439], [-79.56081418630124, 43.72943058369464], [-79.56082630356056, 43.729435377015946], [-79.56083758414476, 43.729441177522375], [-79.5608473016868, 43.729446883169985], [-79.56085850486261, 43.729453491462124], [-79.56087010988816, 43.72945887760226], [-79.56088101037352, 43.72946477728735], [-79.56089289406417, 43.72947148225623], [-79.56090418626108, 43.729478282354385], [-79.56091450182335, 43.729483996809485], [-79.56092470856744, 43.72948959278307], [-79.56093600924179, 43.72949519098443], [-79.56094849894438, 43.729499780992825], [-79.56095981287125, 43.72950558621791], [-79.56096948731737, 43.72951197730595], [-79.56098021466714, 43.729518389875714], [-79.56099079614283, 43.72952429528523], [-79.56100179578452, 43.72952839230172], [-79.56101438472453, 43.72952869642589], [-79.56102751315204, 43.72952948658626], [-79.56103998357776, 43.72953297286917], [-79.56105311561882, 43.72953688639323], [-79.5610654916454, 43.729540589488515], [-79.56107841539362, 43.729543577588906], [-79.56109049642059, 43.72954667619033], [-79.56110228984174, 43.729550578695296], [-79.56111320558269, 43.72955537954238], [-79.56112201053318, 43.72956198033029], [-79.56113049668134, 43.72956858599178], [-79.56113400161473, 43.72957730046064], [-79.56112140001248, 43.7295784789427], [-79.5611093073752, 43.729574380745305], [-79.56109610814245, 43.72957189100923], [-79.56108290449326, 43.729569682829215], [-79.56106949157251, 43.72956667629604], [-79.56105761399911, 43.729563478493134], [-79.5610454898274, 43.7295611934399], [-79.56103679642698, 43.72956789271778], [-79.56104478475757, 43.72957529840907], [-79.56105380364498, 43.72958228703442], [-79.56106478347512, 43.729586585475495], [-79.5610774820473, 43.729590795742936], [-79.56108990869605, 43.72959379025903], [-79.56110300395375, 43.72959718613457], [-79.561115089856, 43.72960118125132], [-79.56112610485413, 43.72960678990064], [-79.56113658268832, 43.72961229715125], [-79.56114851621105, 43.729615681159906], [-79.56116161124618, 43.72961907788982], [-79.56117338858871, 43.72962369386495], [-79.56118388276853, 43.72962848676922], [-79.56119499099441, 43.72963387842552], [-79.56120639032356, 43.72963897908445], [-79.5612171823516, 43.72964358407094], [-79.56122970429999, 43.72964779430405], [-79.56124110014149, 43.72965238204901], [-79.56125128553201, 43.72965779667497], [-79.56126060344236, 43.729664981838695], [-79.56126691012305, 43.729672992468814], [-79.56125369496402, 43.729672395173], [-79.56124119674243, 43.72966887899785], [-79.56122850350746, 43.7296643882261], [-79.56121669725441, 43.729659485966785], [-79.56120499871072, 43.72965418961442], [-79.56119258771592, 43.72964917545829], [-79.56117958195992, 43.72964479436169], [-79.56116680714449, 43.72964139206609], [-79.56115489669087, 43.729637396800236], [-79.56114279380076, 43.72963268261458], [-79.56113018232145, 43.729629585703485], [-79.56111740740347, 43.7296287947228], [-79.56111558834729, 43.72963787798329], [-79.56112459256818, 43.729644788371246], [-79.56113500745796, 43.729651182507126], [-79.56114490173454, 43.72965688814129], [-79.5611559136797, 43.72966329005556], [-79.56116669613132, 43.72966858437141], [-79.56117839279466, 43.72967467416554], [-79.56118887992889, 43.729680796371774], [-79.56119950017268, 43.72968629786616], [-79.56121119198329, 43.72969149113809], [-79.56122199681622, 43.729697095894544], [-79.56123360868615, 43.72970258507496], [-79.56124530238318, 43.72970698490634], [-79.56125658384921, 43.72971147935819], [-79.56126768534435, 43.72971689602618], [-79.56127831519973, 43.72972158008854], [-79.56128970729027, 43.72972788280256], [-79.5613001963474, 43.729733083459834], [-79.5613115109038, 43.7297375835004], [-79.56132310347401, 43.72974209705651], [-79.5613344835417, 43.72974609398722], [-79.56134649442194, 43.72975128150496], [-79.56135609883532, 43.72975727828375], [-79.56136668504546, 43.72976408103616], [-79.56137738781457, 43.72976979847819], [-79.56138901491903, 43.72977418882695], [-79.56140199863594, 43.729777083265915], [-79.56141309052666, 43.72977809555599], [-79.56141579433076, 43.729778275422056], [-79.56142921364477, 43.72978007880965], [-79.56144170450425, 43.72978218656279], [-79.5614538844355, 43.72978478674286], [-79.56146530620063, 43.729790197818694], [-79.56147600107505, 43.72979568389758], [-79.56148660670723, 43.72980097902722], [-79.56149661664155, 43.72980677808701], [-79.56150699059197, 43.72981319143841], [-79.56151640602083, 43.729819494596704], [-79.56152677743528, 43.72982539606769], [-79.5615295117773, 43.72982598876546], [-79.56153971050743, 43.72983148228844], [-79.56155290033512, 43.72983217806035], [-79.56156569768761, 43.72983327942521], [-79.56157800696067, 43.72983710195231], [-79.56158880531108, 43.72984298702521], [-79.5615990122164, 43.72984858293011], [-79.56161089850218, 43.7298531892307], [-79.56162121050359, 43.72985839156556], [-79.56163321006701, 43.72986257858304], [-79.56164520707242, 43.729866381821246], [-79.56165621359546, 43.72987058184451], [-79.56166689270043, 43.72987547709769], [-79.56167690498366, 43.729881788880355], [-79.56168858551797, 43.729885981629664], [-79.56169878262541, 43.729892395811056], [-79.56170700534437, 43.72989919510743], [-79.56171768814306, 43.72990498670532], [-79.56172848702627, 43.72990969471695], [-79.5617404889236, 43.72991439446225], [-79.5617524950213, 43.72991868540933], [-79.56176449228411, 43.72992248776953], [-79.5617768118573, 43.72992679816204], [-79.56178910579251, 43.72993028433283], [-79.56180039551106, 43.729934090089834], [-79.56181328564537, 43.729935895277485], [-79.56182511510093, 43.7299401862028], [-79.56183688211505, 43.72994418696626], [-79.56184890085429, 43.72994699530888], [-79.56185270908556, 43.72994779250892], [-79.56211162270188, 43.73004664044862], [-79.56227358845577, 43.73010847624939], [-79.56227629857197, 43.73010968001658], [-79.56228779671434, 43.730114283032904], [-79.56229938715774, 43.73011828372635], [-79.56231221255645, 43.73012189726826], [-79.5623235049309, 43.730126086739745], [-79.56233398721882, 43.73013118506408], [-79.5623443166063, 43.73013697743244], [-79.56235570291791, 43.730141999028554], [-79.56236750335707, 43.73014587635581], [-79.56237977827813, 43.73014969387512], [-79.56239190150413, 43.73015407750607], [-79.56240249705726, 43.73015888464207], [-79.56241299403791, 43.73016418929109], [-79.56242359823716, 43.730170276892416], [-79.56243401271702, 43.730175493673855], [-79.56244461154016, 43.73018198990121], [-79.56245510178738, 43.73018719146363], [-79.56246568524503, 43.73019217603788], [-79.56247600558494, 43.730197480669176], [-79.56248590014458, 43.73020318616724], [-79.56249871228223, 43.73020697695948], [-79.56251059548707, 43.730209894049985], [-79.5625222034792, 43.73021318054146], [-79.56253328591238, 43.73021749334591], [-79.56254109234129, 43.73022518030348], [-79.56255029660495, 43.73023147931431], [-79.56256099102961, 43.730237886981236], [-79.5625717031355, 43.730244092014004], [-79.56258348707117, 43.73024868452039], [-79.56259589067804, 43.73025359438046], [-79.56260658579437, 43.73025908033387], [-79.56261790549613, 43.73026447673817], [-79.56263020796983, 43.73026950032992], [-79.56264158642627, 43.73027429053991], [-79.56265310421335, 43.730279996366164], [-79.56266289649649, 43.730285687312694], [-79.56267298781124, 43.73029119050753], [-79.56268348485312, 43.730296495127575], [-79.56269398423338, 43.73030218438779], [-79.56270508441905, 43.73030839346544], [-79.56271699888138, 43.730313284885796], [-79.56272958710962, 43.730318297990124], [-79.56274088516358, 43.73032468925135], [-79.56275091238372, 43.73033107915751], [-79.56275980139895, 43.730337895941155], [-79.56276689405126, 43.73034548148483], [-79.56277320759766, 43.730353595978094], [-79.5627821959093, 43.73036109246283], [-79.5627913811129, 43.73036889820381], [-79.56280140953939, 43.73037528827451], [-79.56281248899626, 43.73038039431719], [-79.56282439489277, 43.73038597608147], [-79.56283460439117, 43.730392084599984], [-79.56284429557958, 43.73039788926579], [-79.56285469361065, 43.730404996533366], [-79.56286541512762, 43.73041038497166], [-79.56287680342803, 43.73041448496645], [-79.56288948794783, 43.73041848779237], [-79.56290189326393, 43.73042247693558], [-79.5629130993037, 43.730426986407245], [-79.56292459782166, 43.730431588484514], [-79.56293520191694, 43.73043767689463], [-79.56294489383555, 43.73044478686993], [-79.56295389986943, 43.73045208070705], [-79.56296500293183, 43.73045749734876], [-79.56297759493778, 43.730460795441125], [-79.56298901401522, 43.73046438827414], [-79.5630002944136, 43.73046888321203], [-79.56301030353428, 43.73047429764536], [-79.56301998521258, 43.73048079161957], [-79.5630296892745, 43.73048759604034], [-79.56304048611482, 43.730494274392655], [-79.56305059077708, 43.73049998457689], [-79.56306188402239, 43.73050547928065], [-79.56307371211261, 43.730510690727485], [-79.56308390699196, 43.73051659288719], [-79.5630943945839, 43.73052258678948], [-79.56310411239987, 43.730528293079836], [-79.56311390294493, 43.7305347774225], [-79.56312340661073, 43.730540887767546], [-79.56313500631859, 43.73054537608288], [-79.56314691041986, 43.730549396116466], [-79.56315758538197, 43.7305550851688], [-79.56316820981137, 43.73056109849747], [-79.56317831404208, 43.73056798571866], [-79.56318930295463, 43.73057369248577], [-79.56320110965133, 43.73057859450138], [-79.56321318083796, 43.73058368816575], [-79.56322349950699, 43.7305897861591], [-79.56323389369547, 43.7305959978979], [-79.56324519863261, 43.730602492185085], [-79.56325609713132, 43.7306078797275], [-79.56326719328162, 43.73061449754141], [-79.56327668345479, 43.73062078601151], [-79.56328760690528, 43.73062699587846], [-79.56329488353768, 43.73063089609687], [-79.56329919524927, 43.730633095041284], [-79.56331041583948, 43.73063768356184], [-79.56332238614664, 43.73064289008707], [-79.56333230330232, 43.7306487778483], [-79.56334299674263, 43.730655185263906], [-79.5633540866035, 43.7306607791383], [-79.56336540111782, 43.73066658408592], [-79.56337629849388, 43.730671587142105], [-79.56338679988664, 43.73067648288955], [-79.56339830621653, 43.73068118902428], [-79.56340859997329, 43.73068659277189], [-79.56341981103128, 43.730691998707215], [-79.56343189812226, 43.73069468751142], [-79.56343658173824, 43.730691590296296], [-79.56344190880507, 43.73068820106233], [-79.56345429739591, 43.73068520029852], [-79.56346579370224, 43.73068928956728], [-79.5634765104511, 43.73069378141569], [-79.56348649310976, 43.73069929415126], [-79.56349637996644, 43.730704896297986], [-79.56350780823338, 43.7307089767921], [-79.56352077860983, 43.730713097156546], [-79.56353319993117, 43.73071729271881], [-79.5635450101583, 43.73072048057219], [-79.56355838673039, 43.73072309720105], [-79.56357101497123, 43.730725479434106], [-79.56358459872138, 43.730728893208116], [-79.56359650475939, 43.73073199164249], [-79.56360981540324, 43.73073628842565], [-79.56362169721014, 43.730739997950906], [-79.56363349533186, 43.730743491339794], [-79.56364518461288, 43.73074699435072], [-79.56365679212631, 43.73075158671558], [-79.56366819575902, 43.73075719913206], [-79.5636808118979, 43.7307598868968], [-79.56369370574106, 43.73075749446075], [-79.56370650731292, 43.73075557624629], [-79.5637194883287, 43.7307542971578], [-79.56371640394767, 43.73074559239137], [-79.56370558530628, 43.73073978088625], [-79.56369501274365, 43.73073318644288], [-79.56368460519072, 43.730726895828575], [-79.56367489795527, 43.73072088474374], [-79.56366489172977, 43.73071467710839], [-79.56365359836141, 43.73070918247666], [-79.56364258887943, 43.73070459890761], [-79.56363079912953, 43.73070028792398], [-79.5636184027656, 43.730696786602735], [-79.56360600149536, 43.73069238875725], [-79.56359349836163, 43.730686799326854], [-79.563582691634, 43.73068068312397], [-79.56357549413536, 43.73067269845908], [-79.56357010724385, 43.73066389687204], [-79.56357830102625, 43.730656690995005], [-79.56359030330641, 43.73066139050426], [-79.56360098579162, 43.73066587657359], [-79.56361288202872, 43.73066979329502], [-79.56362558972747, 43.73067318475656], [-79.56363849766035, 43.730676886841465], [-79.56365041392107, 43.73068098556627], [-79.56366199369774, 43.73068529180667], [-79.56367111176107, 43.73069178268387], [-79.56368068706804, 43.73069879895898], [-79.56369118666281, 43.73070448811091], [-79.56370299835636, 43.730710286584724], [-79.56371361611117, 43.73071658107362], [-79.56372348018849, 43.73072279359559], [-79.56373349179385, 43.73072859259507], [-79.56374510678852, 43.730734593351244], [-79.56375721257854, 43.73073969184517], [-79.56376880403788, 43.73074499767784], [-79.5637792043613, 43.730749879016436], [-79.56378970814826, 43.730755287460994], [-79.56380018422766, 43.730760281680695], [-79.56381218912439, 43.73076549304275], [-79.56382308538242, 43.73077049587685], [-79.56383279123622, 43.73077637953913], [-79.5638391843518, 43.73077649387474], [-79.56385010718135, 43.73078139835494], [-79.56386049540582, 43.730786585231904], [-79.56386948581189, 43.73079328818033], [-79.5638816794985, 43.73079819399469], [-79.56389417961668, 43.73080209342337], [-79.5639050998902, 43.730806486016455], [-79.56391730872188, 43.7308102930072], [-79.56392930616207, 43.73081409595049], [-79.56392928748046, 43.7308231796509], [-79.56392760575132, 43.73083228245544], [-79.56393650830887, 43.730839178062446], [-79.56394928434678, 43.73084127395903], [-79.56396210397087, 43.730843990580205], [-79.56397198416929, 43.7308494895949], [-79.56398390169397, 43.730853588446855], [-79.56399621551255, 43.73085177917996], [-79.56400910913209, 43.73084938755921], [-79.56402228157269, 43.7308507980029], [-79.56403491244183, 43.73085369205162], [-79.56404428717887, 43.73085988698766], [-79.56405521615673, 43.73086568813657], [-79.56406499736238, 43.730872989812056], [-79.56407288173982, 43.73087999610006], [-79.56408139746608, 43.73088688780976], [-79.56409258208616, 43.73089239201531], [-79.56410419344066, 43.730897496374254], [-79.56411500681301, 43.730903588362985], [-79.5641276962001, 43.730905877067435], [-79.564139008972, 43.730909992126556], [-79.56414320067779, 43.730918777999925], [-79.56414421634456, 43.73092808475212], [-79.56415080126274, 43.7309359823562], [-79.56416210268314, 43.730941580181295], [-79.56417290280125, 43.73094759323819], [-79.5641840025983, 43.73095249682573], [-79.56419459017934, 43.730957993260105], [-79.56420511035226, 43.730962687314054], [-79.56421640429417, 43.73096687672793], [-79.56422761059484, 43.730971386043606], [-79.56423868543223, 43.730975595397176], [-79.56425078408053, 43.730979284561144], [-79.56426249351877, 43.73098258519769], [-79.56427379655752, 43.73098739043098], [-79.56428428977648, 43.730992975574836], [-79.56429509174868, 43.73099819517673], [-79.56430759057329, 43.73100158283793], [-79.56432030794484, 43.73100428487689], [-79.56433260748136, 43.731007491043755], [-79.56434370056193, 43.7310122915301], [-79.56435579013063, 43.73101549295532], [-79.56436808967264, 43.73101869911737], [-79.56438001168394, 43.73102238825718], [-79.56439178829385, 43.73102687642394], [-79.56439748772198, 43.73102929837712], [-79.56440261546742, 43.7310314859499], [-79.56441378570811, 43.731036782921834], [-79.56442361521245, 43.73104299133716], [-79.56443229162679, 43.7310505965093], [-79.56443941380252, 43.731058595474394], [-79.56444320425265, 43.73106729836223], [-79.5644493103385, 43.73107579353046], [-79.56445821861793, 43.731082279599875], [-79.56446130138622, 43.73107347789486], [-79.56445929324478, 43.731068892729056], [-79.56445620945388, 43.73106149329851], [-79.56445830089606, 43.73105518631714], [-79.56447060303952, 43.73105877624538], [-79.56448070800252, 43.731064486280545], [-79.56448971066459, 43.731070883626806], [-79.56450018152808, 43.73107628640071], [-79.56451079991356, 43.73108127564998], [-79.5645219021205, 43.7310866919422], [-79.56453360934641, 43.731092091140475], [-79.5645444046311, 43.73109707953016], [-79.5645552996522, 43.73110169867037], [-79.56456709333756, 43.73110677779188], [-79.56457869943583, 43.73111229072356], [-79.56458891767298, 43.731117581461106], [-79.56459989713198, 43.73112397825729], [-79.5646098000913, 43.7311297867929], [-79.56462080493083, 43.73113608506665], [-79.5646302821227, 43.731142294480264], [-79.56463709205595, 43.73115027416341], [-79.56464369531002, 43.731158890986286], [-79.56464579175949, 43.73116837720341], [-79.56463461226942, 43.73117239463292], [-79.56463141241174, 43.731172477673894], [-79.56462139084961, 43.73117338352369], [-79.56462991229823, 43.731179993798605], [-79.56463960623039, 43.73118618293121], [-79.5646484877512, 43.73119289630038], [-79.56465611128976, 43.731200480017165], [-79.56466480821796, 43.73120709012714], [-79.56466839269915, 43.731208981462224], [-79.56468040122576, 43.731212478593314], [-79.56469339488575, 43.73120958865479], [-79.56470719635384, 43.73120788843083], [-79.56472009572411, 43.73120769855027], [-79.56473230212633, 43.73120497898337], [-79.56474509725462, 43.73120308476962], [-79.56475781126623, 43.731201486301664], [-79.56477101105773, 43.73120149226617], [-79.56478399069053, 43.731203488837174], [-79.5647970931931, 43.731206988133], [-79.56481048861147, 43.731209274872754], [-79.56482419655558, 43.731211580016506], [-79.56483581289483, 43.73121509757091], [-79.56484667979963, 43.73122099191349], [-79.56485801134677, 43.73122477718177], [-79.56486990548906, 43.73122818099875], [-79.5648809907398, 43.731232878170864], [-79.56489139128256, 43.731237887490835], [-79.56490189415486, 43.73124278323938], [-79.56491231667832, 43.73124928005896], [-79.56492328174998, 43.73125559772376], [-79.56493511001808, 43.73126068169974], [-79.56494609137407, 43.731266285014485], [-79.5649556788699, 43.73127299648473], [-79.56496630486431, 43.7312793940907], [-79.5649763072262, 43.73128588229247], [-79.56498541348478, 43.731292678600056], [-79.56499270057816, 43.73130098222093], [-79.56499648675035, 43.73131009475745], [-79.5649992880294, 43.73131919462803], [-79.5650017101496, 43.731328394733005], [-79.56501270780724, 43.73133328369355], [-79.56502601007462, 43.731335787392766], [-79.56503899156971, 43.73133699048457], [-79.5650510957275, 43.73134039901573], [-79.56506118872394, 43.73134628643827], [-79.56507278388615, 43.731349877989544], [-79.56508389064358, 43.73134469814084], [-79.5650836965201, 43.73133548210341], [-79.56507901124361, 43.73132708664589], [-79.5650742832935, 43.731318583899764], [-79.5650704917469, 43.731309879996864], [-79.56507889240382, 43.73130308766231], [-79.56509040346415, 43.731307383927145], [-79.56509950063807, 43.731313692498006], [-79.5651091916594, 43.7313206748565], [-79.56511910147476, 43.73132658642264], [-79.56512948320731, 43.731331798182325], [-79.56514019452082, 43.73133749122128], [-79.56515189652522, 43.73134329897434], [-79.56516250058635, 43.73134808095451], [-79.56517329340929, 43.731352685492546], [-79.56518469618536, 43.73135829755934], [-79.56519608609311, 43.73136278174616], [-79.56520690806867, 43.73136779981113], [-79.56520308345972, 43.73137398787722], [-79.56519038256246, 43.73137318209474], [-79.56517708617088, 43.73137157597716], [-79.56516391547612, 43.73137198360447], [-79.56515809857413, 43.73138019189515], [-79.56516739128885, 43.73138629800107], [-79.56517790333073, 43.73139168144583], [-79.56518998094964, 43.73139518831024], [-79.5652031107518, 43.731397283178126], [-79.56521430770347, 43.73139267959443], [-79.56522711274353, 43.7313925783597], [-79.56523309458075, 43.73139708821037], [-79.56524349778898, 43.73140248127315], [-79.56525518138258, 43.7314071863236], [-79.56526279035927, 43.731414691763305], [-79.56526651317769, 43.7314233849997], [-79.56527420467238, 43.73143097830218], [-79.56528121145901, 43.73143888375682], [-79.56529237907556, 43.731443797709474], [-79.56530509169261, 43.73144547498395], [-79.56531108960344, 43.73144038835693], [-79.56530280777766, 43.73143289038758], [-79.56530081436046, 43.7314309948101], [-79.5652960907585, 43.73142208240902], [-79.56529951181123, 43.7314177818615], [-79.56531068876552, 43.73142318267441], [-79.56531850149041, 43.73142680050126], [-79.56532930069025, 43.7314326851592], [-79.56533879689478, 43.731438692039454], [-79.56534910292093, 43.7314437908936], [-79.56535951409322, 43.73144928719533], [-79.56536939536447, 43.7314560913945], [-79.56537960189564, 43.731461686734406], [-79.56538960592954, 43.73146738231424], [-79.56539898355793, 43.731474089006525], [-79.56540959874415, 43.73148079228244], [-79.56541999405187, 43.73148608207495], [-79.56543239829341, 43.73149099156352], [-79.56544308469167, 43.73149599034081], [-79.56545349211206, 43.73150097458127], [-79.56546520766308, 43.73150530072522], [-79.56547728909524, 43.73150957580721], [-79.56548961225786, 43.73151439673137], [-79.5655016093751, 43.731519377390676], [-79.56551429701248, 43.731523891741176], [-79.56552620274341, 43.73152829594552], [-79.56553649693856, 43.73153369946568], [-79.56554699043474, 43.73153928447331], [-79.56554801382664, 43.731540197527636], [-79.56555480968785, 43.731546793765425], [-79.56556291232798, 43.73155377982773], [-79.565571992163, 43.73156067443499], [-79.56558348266782, 43.731566094652045], [-79.56559508522663, 43.73157109540989], [-79.5656056102482, 43.73157747858612], [-79.56561461552047, 43.731584388578376], [-79.56562449095397, 43.73159029519519], [-79.56563560136118, 43.73159568650952], [-79.56564340594682, 43.73160298946165], [-79.56565330119977, 43.731608694641416], [-79.56566191010644, 43.7316162900822], [-79.56566868438088, 43.731623881191894], [-79.56567428294933, 43.73163268759549], [-79.56568038697593, 43.731640798057725], [-79.56568921561676, 43.731647579938006], [-79.56570098936675, 43.731650377972024], [-79.56571347998565, 43.7316486965634], [-79.5657257887662, 43.731645991382834], [-79.565739389062, 43.73164607914187], [-79.56575349812492, 43.73164598473428], [-79.5657663103873, 43.73164468134537], [-79.56577870921184, 43.73164360053164], [-79.5657912839144, 43.73164108629167], [-79.56580249116352, 43.73163709862463], [-79.56581368040551, 43.73163239084477], [-79.56582188525785, 43.731629589293505], [-79.56582618390152, 43.73162817786167], [-79.56583688812377, 43.73162278666826], [-79.56584590701723, 43.73161618417613], [-79.56585718803906, 43.73161087578711], [-79.5658686915441, 43.731607492761604], [-79.5658810897302, 43.73160758985214], [-79.56589479509047, 43.73160689970508], [-79.56590699201686, 43.73160499740092], [-79.56591881338417, 43.73160148034372], [-79.56593151379417, 43.73159719229229], [-79.56594368714214, 43.7315945950601], [-79.56595639683174, 43.73159327797637], [-79.56596979563442, 43.731594898507666], [-79.56598319876916, 43.731598593481785], [-79.5659968053618, 43.731602189243205], [-79.56600888427191, 43.731606080473135], [-79.56602058960182, 43.731609790548006], [-79.56603441394867, 43.73161088294272], [-79.56604720199033, 43.731610190610404], [-79.5660612045617, 43.731610490423535], [-79.56607229976281, 43.73161449726147], [-79.56608281077261, 43.73161988043485], [-79.5660932975976, 43.73162549039882], [-79.5661049930431, 43.73163119495024], [-79.56611459132263, 43.73163839333819], [-79.56612279339934, 43.731646187156855], [-79.56613118187624, 43.73165329078619], [-79.56614198398408, 43.73165838293821], [-79.56615408139767, 43.731662992535185], [-79.56616668780276, 43.73166767530484], [-79.566178201806, 43.73167117902212], [-79.56619048263983, 43.73167589170048], [-79.56620350272998, 43.73168009481946], [-79.56620489037599, 43.731680574053925], [-79.56621729693573, 43.73168338483378], [-79.56622858588877, 43.731687982634696], [-79.56623898927904, 43.73169337558705], [-79.56625121299932, 43.731697389466234], [-79.5662640088013, 43.731700588758095], [-79.56627561146773, 43.73170558942919], [-79.56628419133474, 43.731712899383396], [-79.56629058797473, 43.731720974300615], [-79.56630288368157, 43.73172458900285], [-79.56631528491619, 43.73172768029898], [-79.5663276938616, 43.731730875707726], [-79.56633349342522, 43.73173919908116], [-79.56634499497808, 43.73174418538327], [-79.56635711441923, 43.73174649491661], [-79.56636260169431, 43.73175479902536], [-79.56637460812905, 43.73175778318789], [-79.56638698750476, 43.73175808267331], [-79.56639821363426, 43.731763695453054], [-79.56640878720332, 43.731768984444955], [-79.5664202959038, 43.73177289676379], [-79.56643268327078, 43.73177708703759], [-79.56644339640486, 43.731781987347915], [-79.56645471716227, 43.73178738243434], [-79.5664658943414, 43.73179278310976], [-79.56647459935022, 43.731799497173704], [-79.56648289093438, 43.73180617761346], [-79.56649421169844, 43.73181170079744], [-79.56650610729086, 43.73181548887735], [-79.56651769971744, 43.73181948921544], [-79.56653068810735, 43.73182327928245], [-79.56654068583818, 43.731828998897676], [-79.56655149857617, 43.731834578036505], [-79.56656049194218, 43.73184179348944], [-79.56657060787948, 43.73184799033851], [-79.56658278232439, 43.73185309723734], [-79.56659550324376, 43.73185748892989], [-79.56660680518664, 43.73186308646517], [-79.56661709542809, 43.73186889866809], [-79.56662709672725, 43.73187538739401], [-79.56663878993686, 43.73188057913505], [-79.56665049501014, 43.73188559429029], [-79.56665911599725, 43.73189288495695], [-79.5666618020419, 43.73190189134494], [-79.56667101217086, 43.73190908650248], [-79.56668300278999, 43.7319114798155], [-79.56669648814902, 43.73191278016226], [-79.56670808179297, 43.731917293054465], [-79.56671778410201, 43.73192358523122], [-79.56672799445639, 43.73192969334223], [-79.56673839357265, 43.73193549590536], [-79.56674529042262, 43.731943283481584], [-79.56675821462592, 43.731945092690665], [-79.56677200992726, 43.731945899541635], [-79.56678200214147, 43.73195190052543], [-79.56678951055807, 43.73195939062962], [-79.56679821030541, 43.73196638519675], [-79.56680799255115, 43.73197238144549], [-79.56681841550787, 43.73197887806164], [-79.56682940483512, 43.73198588957198], [-79.56683991305466, 43.73199168163434], [-79.56685119264964, 43.73199709679516], [-79.5668623915176, 43.73200137444303], [-79.56687359572437, 43.73200549966179], [-79.56688268794043, 43.73201208859915], [-79.56689050607974, 43.73201908607459], [-79.56689808909628, 43.73202668888438], [-79.56690879439421, 43.73203148589218], [-79.56691818445397, 43.732037886890964], [-79.56691380464564, 43.73204678578243], [-79.56692451077045, 43.73205288811827], [-79.56693660302648, 43.73205777814621], [-79.56694801531678, 43.73206387773019], [-79.566959208275, 43.73206948571615], [-79.56696851168239, 43.73207607954785], [-79.56697860768682, 43.732082478654824], [-79.56698830472598, 43.73208917943899], [-79.5669973857022, 43.73209737924642], [-79.56700510675671, 43.73210538595363], [-79.56701078294932, 43.732113384488635], [-79.56701521290458, 43.73212338112311], [-79.56701909000577, 43.73213268472233], [-79.56702521140495, 43.7321413860898], [-79.56703299471795, 43.73214968381882], [-79.56704108322049, 43.73215659067009], [-79.56704701185048, 43.732164702087815], [-79.56704920345072, 43.732174098708306], [-79.56705640853914, 43.73218218622927], [-79.56706820313896, 43.73218608798209], [-79.56707831424414, 43.732191388254094], [-79.567084890356, 43.732199975018126], [-79.56709101556969, 43.73220918843702], [-79.56709909852022, 43.73221637667795], [-79.56710539423608, 43.732224693400234], [-79.5671128027983, 43.73223268170491], [-79.56711929545394, 43.73224079526769], [-79.56712781686345, 43.73224858325649], [-79.5671353027399, 43.73225589185789], [-79.56714170517508, 43.732263685341294], [-79.56714808994509, 43.73227219386979], [-79.5671546012302, 43.73227997772486], [-79.56716189124128, 43.73228879395261], [-79.56716589074018, 43.7322982940905], [-79.5671667912165, 43.732307380175754], [-79.5671702019308, 43.73231618307366], [-79.56717400071078, 43.73232499001125], [-79.56718050251796, 43.732333591300964], [-79.56718840030751, 43.73234159800272], [-79.56719468419752, 43.7323500913085], [-79.56720199581083, 43.73235778455136], [-79.56721250830968, 43.73236329588015], [-79.56722039579385, 43.73237068658103], [-79.56722620354516, 43.732378985070746], [-79.56723180273565, 43.73238779054458], [-79.56723710540332, 43.73239599223413], [-79.56724268729398, 43.732404079488546], [-79.56724749270195, 43.73241307952019], [-79.56725190839643, 43.732421692762166], [-79.56725699279636, 43.73243057922163], [-79.56726309305756, 43.732439098407134], [-79.56726939321742, 43.73244687735952], [-79.56727491405438, 43.732455186169766], [-79.56728010351122, 43.73246367904986], [-79.56728409925958, 43.73247228282925], [-79.56728908549606, 43.73248087406085], [-79.56727639670858, 43.73247858596516], [-79.56726471346762, 43.73247518649156], [-79.56725269907719, 43.732472098325836], [-79.56724110227516, 43.732468378771664], [-79.5672418883514, 43.73247788398763], [-79.56724749028912, 43.7324858970491], [-79.56724208823738, 43.73249439551637], [-79.56723890358224, 43.73250318285131], [-79.5672372101181, 43.73251259220663], [-79.5672370021449, 43.73252159705529], [-79.5672389155376, 43.73253098105174], [-79.56724080260246, 43.73254059064106], [-79.56724069909343, 43.73254999552776], [-79.56724189089782, 43.7325591740479], [-79.56724439344283, 43.73256807822565], [-79.56724690949804, 43.732577188569664], [-79.56724950108602, 43.732586284555644], [-79.56725310165814, 43.73259608638345], [-79.56725679139966, 43.73260477571778], [-79.56726048931814, 43.732613695544096], [-79.5672637936009, 43.73262289272506], [-79.56726700232228, 43.73263179415306], [-79.56727100958402, 43.73264139841668], [-79.56727380463799, 43.73265039519059], [-79.56727759812809, 43.73265948266892], [-79.56728180885224, 43.732668987719116], [-79.56728558787754, 43.73267799610276], [-79.56729419345713, 43.73268507936852], [-79.567306293155, 43.73268759107978], [-79.56731931410117, 43.73268708477419], [-79.5673300035871, 43.73269259523619], [-79.56733821815003, 43.73270008343068], [-79.56734248580084, 43.7327102881365], [-79.56734669915079, 43.732720176968904], [-79.56735038915131, 43.73272899354443], [-79.56735560129695, 43.73273779601833], [-79.56735990523447, 43.73274708407342], [-79.56736428991863, 43.73275738154151], [-79.56736860026255, 43.73276769353732], [-79.56737298495064, 43.73277799100597], [-79.56737740745989, 43.73278657923731], [-79.56738278004146, 43.73279609606645], [-79.56738778636908, 43.73280448500734], [-79.56739290118772, 43.732814297587964], [-79.56739790835313, 43.7328239918634], [-79.56740311257386, 43.73283269108653], [-79.56740718532639, 43.73284179223412], [-79.56741140522426, 43.732851785015534], [-79.56741518428977, 43.7328607934016], [-79.56741960350152, 43.73287109577176], [-79.56742299095642, 43.73288168701756], [-79.56742401207784, 43.73289189121536], [-79.56742719666485, 43.73290127564806], [-79.56743149909134, 43.732911484395935], [-79.56743509949456, 43.73292128709452], [-79.56743878952938, 43.73292997557221], [-79.5674418850782, 43.73293929630119], [-79.56744528202721, 43.73294919821541], [-79.56744859692445, 43.732958882439874], [-79.56745078426366, 43.73296868875242], [-79.56745391788365, 43.73297878350523], [-79.5674576981578, 43.732987792063966], [-79.56746230519309, 43.73299778785662], [-79.56746619312766, 43.73300678661851], [-79.56747058734385, 43.733016394759794], [-79.5674745923067, 43.73302548628306], [-79.56747828911239, 43.73303427784669], [-79.56747981688348, 43.73304378626385], [-79.5674815907931, 43.73305368706347], [-79.56748411428147, 43.73306407860122], [-79.56748669918721, 43.73307319962135], [-79.56749038390669, 43.73308229673761], [-79.56749449238936, 43.73309178726875], [-79.5674992840548, 43.733101886317485], [-79.56750440925141, 43.73311218680436], [-79.56750829720382, 43.73312118556944], [-79.56751318325419, 43.73313119589512], [-79.5675179858302, 43.73314098922465], [-79.56752200350977, 43.73315108139923], [-79.56752491685467, 43.73316068352884], [-79.56752859483345, 43.733169677564106], [-79.56753369110812, 43.733179691759226], [-79.5675385934092, 43.73318898773167], [-79.56754390677811, 43.73319767647062], [-79.5675494138922, 43.733207084295316], [-79.56755341213078, 43.73321620084304], [-79.56755768959333, 43.733225587263185], [-79.56756268390737, 43.73323428176298], [-79.56756951529896, 43.73324349330323], [-79.56757530994142, 43.73325209718755], [-79.56758139294372, 43.73326107436514], [-79.56758780034588, 43.733269893353395], [-79.56759469423191, 43.733279395054275], [-79.56759940104136, 43.733288893495285], [-79.5676033981079, 43.733297881772465], [-79.56761091600877, 43.733305987688446], [-79.56761761415754, 43.733315692719536], [-79.56762340229545, 43.733324192657605], [-79.56762899112168, 43.733332383007266], [-79.56763568927808, 43.7333420880382], [-79.56764129104097, 43.73335127817396], [-79.56764730743788, 43.73336050209706], [-79.56765311385296, 43.73336997749545], [-79.56765821052528, 43.73337868652413], [-79.56766498503892, 43.73338758271379], [-79.5676714099014, 43.733395687514836], [-79.56767990328949, 43.73340449540082], [-79.5676878178189, 43.73341178688115], [-79.56769629294494, 43.73341987551164], [-79.56770480730374, 43.7334263823078], [-79.56771618944344, 43.73343168468314], [-79.56772760014528, 43.73343609439017], [-79.5677381058512, 43.73344267966779], [-79.56774639104451, 43.7334506893679], [-79.56775529467842, 43.73345758467524], [-79.56776489098421, 43.733464399162216], [-79.5677735846404, 43.73347128973777], [-79.56778301376299, 43.733477286783845], [-79.56779319009756, 43.73348338991803], [-79.56780498804814, 43.73348649831432], [-79.5678164923055, 43.73348938584509], [-79.5678145851384, 43.73349827847006], [-79.56781720916484, 43.73349980216556], [-79.5678287033713, 43.73350468506353], [-79.56783920968344, 43.733510092401836], [-79.56784789525265, 43.733513092143944], [-79.56785990581008, 43.73351658904787], [-79.56787269366801, 43.73351837867954], [-79.56788410440625, 43.73352278836808], [-79.56789580066314, 43.73352718842631], [-79.56790929362637, 43.73352728651036], [-79.56791390366793, 43.73352929731851], [-79.56792411453614, 43.733535277234914], [-79.56793079984539, 43.7335439824658], [-79.56793631525885, 43.7335534926716], [-79.56794130672644, 43.73356298044619], [-79.5679457980865, 43.73357288364979], [-79.56794950358871, 43.73358308467122], [-79.56795149969301, 43.7335926846654], [-79.5679519031928, 43.73360177725558], [-79.56795110738841, 43.733611390253216], [-79.56795088984023, 43.73362108535106], [-79.56793809899727, 43.73362008901259], [-79.56792991334483, 43.7336128862719], [-79.56792170646939, 43.73360550135188], [-79.56791530985667, 43.7335963766528], [-79.56790919842204, 43.73358829128864], [-79.56790400054383, 43.733579696009706], [-79.5678971843531, 43.733571997018046], [-79.56788778851153, 43.73356587660838], [-79.5678844956718, 43.73357597984338], [-79.56788201667277, 43.73358568621459], [-79.56787721290085, 43.73359419267019], [-79.56787198869375, 43.733602691391134], [-79.56787020769531, 43.73361229261679], [-79.56787430597807, 43.733621295254906], [-79.56787788553848, 43.73363078682437], [-79.56788139704712, 43.73364039773105], [-79.56788438779559, 43.73364919206079], [-79.56788789573781, 43.7336582900485], [-79.56789281819695, 43.73366738372317], [-79.56789910097449, 43.73367587772712], [-79.56790941596257, 43.733681078725624], [-79.5679211939359, 43.733684389408914], [-79.56792710572707, 43.73369308604908], [-79.56793070391683, 43.73370237601389], [-79.56793281182459, 43.73371130120514], [-79.56793471355164, 43.73372098993011], [-79.56793620455458, 43.73372998072135], [-79.56793720101302, 43.73373948985666], [-79.56793798549083, 43.73374978857732], [-79.56793860538939, 43.7337597817464], [-79.56794219326065, 43.73376858381367], [-79.56793990977852, 43.73377808772686], [-79.56794041560326, 43.73378719485326], [-79.56794169781489, 43.733796693499315], [-79.56794270198904, 43.73380617864958], [-79.5679537102587, 43.73381037710041], [-79.56796380949937, 43.733815983727226], [-79.56796351499587, 43.73382518147449], [-79.56796081250302, 43.733835189375846], [-79.56795949155506, 43.73384439547445], [-79.56795780398814, 43.73385377885367], [-79.56795598968246, 43.73386337536283], [-79.56795438298101, 43.73387259195448], [-79.5679527907485, 43.73388188764203], [-79.56795231400655, 43.73389149489097], [-79.56795370530568, 43.73390098304985], [-79.5679591023149, 43.73390988879053], [-79.56796349848287, 43.73391857539322], [-79.5679641109086, 43.73392009566762], [-79.56796590652169, 43.73392900160966], [-79.5679693932752, 43.73393778932409], [-79.5679702939418, 43.733946875473606], [-79.56797268643078, 43.73395579001367], [-79.56797501252272, 43.73396469423124], [-79.56797740087023, 43.733973889473546], [-79.56798060187701, 43.733982687681404], [-79.56798320577799, 43.73399147815541], [-79.5679845944733, 43.73400058253316], [-79.56798558833408, 43.73400957979169], [-79.56798910960296, 43.73401850051113], [-79.56799098751503, 43.73402749518144], [-79.56799330033486, 43.73403657668185], [-79.56799639345651, 43.73404538555262], [-79.56799660145309, 43.734054680631765], [-79.56799519821551, 43.7340637980162], [-79.56799550734813, 43.73407297935169], [-79.5679994010434, 43.73408169674144], [-79.5680006953646, 43.734090889847586], [-79.56799821255892, 43.73410008418849], [-79.56799478440261, 43.734108991125865], [-79.56799138837046, 43.73411777452108], [-79.56798890318123, 43.73412658421467], [-79.56798301043439, 43.73413468078396], [-79.56798069101369, 43.73414379619953], [-79.56797479054994, 43.73415178865351], [-79.56797260557879, 43.73416079505518], [-79.56797240426503, 43.7341697758208], [-79.56796940425059, 43.7341787946099], [-79.56796489413283, 43.7341873938556], [-79.56796280496161, 43.73419669515061], [-79.5679633107954, 43.73420580229542], [-79.56795888972098, 43.73421459335029], [-79.56795699049756, 43.7342235892624], [-79.56795748838438, 43.73423259315574], [-79.56795878270144, 43.73424178626929], [-79.56796139455913, 43.734250680007655], [-79.56796561646911, 43.73425987937683], [-79.56796981039825, 43.73426879348307], [-79.56797581404057, 43.73427688953054], [-79.56798279516343, 43.73428489323261], [-79.56798349913251, 43.7342941816977], [-79.56798329605769, 43.73430408402709], [-79.56798421262756, 43.73431388911239], [-79.56798401250548, 43.734322998157296], [-79.56798911348857, 43.734331298401415], [-79.5679947102152, 43.73433959288341], [-79.56800021517698, 43.73434848797975], [-79.56801101302268, 43.73435398774249], [-79.56802169622111, 43.73435939508105], [-79.56803151244928, 43.73436539599321], [-79.56803959592419, 43.734372584222896], [-79.56804688700576, 43.734380094428836], [-79.56805201280395, 43.734389089772435], [-79.5680580008163, 43.7343969784508], [-79.56806581420614, 43.7344043845397], [-79.56807039267848, 43.73441278976153], [-79.56807771033048, 43.73442020161258], [-79.56808279806215, 43.73442867913575], [-79.56808848943092, 43.734436884028014], [-79.56809618722522, 43.734444196661066], [-79.56810259903169, 43.73445247875284], [-79.56810689851704, 43.734460997551004], [-79.56811249528062, 43.734469292030695], [-79.56811700594652, 43.73447768762389], [-79.568126299677, 43.73448379350835], [-79.56813470782393, 43.73449069457475], [-79.56814079938077, 43.73449859794808], [-79.568144505337, 43.73450787814226], [-79.56814881373896, 43.734516501225144], [-79.5681536847501, 43.73452499903855], [-79.56815769293031, 43.73453368162232], [-79.56816140564769, 43.73454268059006], [-79.56816510508845, 43.7345519849425], [-79.56816928699376, 43.73456107650145], [-79.56817518838245, 43.73456928612283], [-79.56818398725053, 43.73457657500885], [-79.56819109353562, 43.73458398282072], [-79.56819600145032, 43.73459299828637], [-79.56819970765832, 43.734602277619736], [-79.56820349235228, 43.734610877411264], [-79.56820969278824, 43.73461889925878], [-79.56821670470335, 43.73462639579526], [-79.56822510732523, 43.73463357825417], [-79.56823251527594, 43.7346411820776], [-79.56824059883145, 43.73464849840223], [-79.56825028745301, 43.734654583293576], [-79.56826199016353, 43.73465778020237], [-79.56827390938552, 43.73466070147411], [-79.5682816939121, 43.73466769315418], [-79.56828588674857, 43.73467647899025], [-79.5682900851509, 43.73468498343003], [-79.5682939200387, 43.734694179799945], [-79.56829758500926, 43.73470309494324], [-79.56830131104914, 43.73471230094318], [-79.56830519952491, 43.7347212988802], [-79.56831028852149, 43.73472977657153], [-79.56831739485047, 43.734737184378666], [-79.56832580664627, 43.73474459835754], [-79.5683316083746, 43.73475317723486], [-79.56833531558077, 43.73476258570525], [-79.56833930225424, 43.7347718788733], [-79.56834351491365, 43.73478059137686], [-79.56834778354137, 43.73478949009639], [-79.5683512969915, 43.73479817947838], [-79.56835461754277, 43.73480758322188], [-79.56835819348791, 43.73481669087085], [-79.56835888545373, 43.7348262849108], [-79.56836141075641, 43.7348354996076], [-79.56836580175874, 43.73484459486708], [-79.56837148375867, 43.73485348909828], [-79.5683783969824, 43.734861484025394], [-79.56838989039389, 43.73486598240146], [-79.5683977160032, 43.734873082923805], [-79.56840508832498, 43.73488068167381], [-79.56841059081363, 43.73488919298085], [-79.56841561202735, 43.73489778914828], [-79.56842768842519, 43.73490078287304], [-79.56844068048186, 43.73490129614139], [-79.56845280999937, 43.73490409315437], [-79.5684598963427, 43.7349115751533], [-79.56846631741827, 43.73492008876318], [-79.5684727107479, 43.73492870055821], [-79.56847880384795, 43.73493698754301], [-79.56848389704048, 43.734945184530176], [-79.56849161359328, 43.73495229553945], [-79.5684983914426, 43.73496039844489], [-79.5685047066276, 43.734968384603825], [-79.56851090597254, 43.73497627817108], [-79.56851359908322, 43.73498538858439], [-79.56851219591782, 43.73499437791436], [-79.5685103180005, 43.735003684156545], [-79.56851388746675, 43.73501268786097], [-79.56852510288526, 43.73501730083218], [-79.56853750961598, 43.73501867787719], [-79.56854999309603, 43.7350168927841], [-79.56856219081467, 43.73501499007916], [-79.56857478686288, 43.735014883625375], [-79.56858338632046, 43.73502199186512], [-79.56858721238447, 43.73503069964047], [-79.56859058373016, 43.735039393923124], [-79.5685939973037, 43.73504858153267], [-79.56859688737539, 43.73505748878128], [-79.56860580886155, 43.735063797967804], [-79.56861858866755, 43.735066277877365], [-79.56863040830966, 43.73506969647055], [-79.56864301820244, 43.73507227946219], [-79.56865580008633, 43.735072788833484], [-79.56866659674866, 43.73507777681248], [-79.5686763120769, 43.735083891419215], [-79.56868401682844, 43.735091179003746], [-79.5686880886104, 43.735100280885746], [-79.56869372029523, 43.735108579390094], [-79.56870438371553, 43.73511418896664], [-79.56871479492642, 43.735119684799415], [-79.56872521504478, 43.735125284915824], [-79.56873540928085, 43.735130801901], [-79.56874451423063, 43.735137086053975], [-79.56875640847878, 43.735140489239875], [-79.56876768938608, 43.73514459905705], [-79.56877419602398, 43.735152791539235], [-79.56878118926936, 43.73516049052029], [-79.56878908837771, 43.73516757545741], [-79.56879859081135, 43.735174478614034], [-79.56880741144408, 43.735180900666826], [-79.56881630086386, 43.73518758958729], [-79.5688237010527, 43.73519509012826], [-79.56883260541741, 43.73520198452202], [-79.56884369202687, 43.73520668128415], [-79.56884590926512, 43.73521559602581], [-79.56884940423207, 43.73522448701335], [-79.56885860860723, 43.73523157897336], [-79.56886649445805, 43.73523858497902], [-79.56887830469972, 43.73524269288378], [-79.56888909085656, 43.735247193798784], [-79.56889759363463, 43.735253877987375], [-79.568907718583, 43.73526017792295], [-79.5689164151393, 43.73526758120002], [-79.56892540715371, 43.735274283776384], [-79.56893641650795, 43.73527978834657], [-79.56894579280309, 43.735285982892215], [-79.56895350439258, 43.73529350164864], [-79.56896048321471, 43.73530099342056], [-79.5689673845245, 43.735309293873264], [-79.56897410916153, 43.735317594327846], [-79.56898318762298, 43.735323976816304], [-79.56899349364375, 43.73532999517565], [-79.56900451510222, 43.73533519418413], [-79.56901349243498, 43.73534169041634], [-79.56902279679608, 43.73534828413517], [-79.56903300463189, 43.735353879155966], [-79.56904258704614, 43.735360486366005], [-79.56905079974007, 43.73536759070953], [-79.56905990064593, 43.735374283644866], [-79.56907119634545, 43.735378599765106], [-79.56908129073884, 43.73538448684078], [-79.56909311725269, 43.735387880356896], [-79.5691029152307, 43.73539408278694], [-79.56911299253365, 43.735399378871364], [-79.56912350205401, 43.73540529799784], [-79.56913328653155, 43.73541167856933], [-79.56914360976327, 43.735416983582596], [-79.56915349441859, 43.735422993165415], [-79.56916280294885, 43.73542917806404], [-79.56917430333766, 43.73543377943404], [-79.5691860989482, 43.73543768096383], [-79.5691976869625, 43.735442090520124], [-79.56920920183369, 43.73544689908598], [-79.56922010653895, 43.73545187634353], [-79.56923280071115, 43.7354559824662], [-79.56924541402414, 43.7354603834822], [-79.56925510055795, 43.73546608363588], [-79.56926499708646, 43.73547178851542], [-79.56927528584028, 43.73547708861623], [-79.56928689773272, 43.735482192234045], [-79.56929739408874, 43.7354869843042], [-79.56930759109753, 43.73549288502066], [-79.56931689966649, 43.735499198009435], [-79.56932759949532, 43.735503890856045], [-79.56933839393965, 43.73550849411197], [-79.56934818815775, 43.73551418445687], [-79.56935948781648, 43.735518092597516], [-79.56936451157465, 43.73551988075075], [-79.56937650566829, 43.735522786492886], [-79.56938828947135, 43.73552699268941], [-79.56939870594438, 43.73553208067549], [-79.56941070440685, 43.73553457674215], [-79.56942221962183, 43.73553808009954], [-79.56942948432301, 43.73554568945067], [-79.5694390031408, 43.73555187818737], [-79.56944700593708, 43.735558977774], [-79.56945488757015, 43.73556639340896], [-79.56946720752006, 43.73556939645624], [-79.5694789966631, 43.735573194002185], [-79.56948971536538, 43.73557768435993], [-79.56949980333306, 43.73558359555045], [-79.56951010129193, 43.73558938336191], [-79.56952128267656, 43.73559399045752], [-79.56953251454608, 43.73559788894955], [-79.56954300563476, 43.735603089632434], [-79.56955250324671, 43.735609096178365], [-79.56956331047968, 43.73561470006861], [-79.56957301831817, 43.73562058237166], [-79.56958448698116, 43.735624386366005], [-79.56958909503467, 43.735633076991896], [-79.56959559131062, 43.73564078239111], [-79.5696025050975, 43.73564877638959], [-79.56961180960953, 43.735655498160234], [-79.56962139216459, 43.735661977212274], [-79.56963059195766, 43.7356682998041], [-79.56964060179048, 43.73567358534445], [-79.56965201059894, 43.73567748295641], [-79.56966238437181, 43.73568338363364], [-79.56967099620023, 43.73569018623463], [-79.56967890880925, 43.735697093827966], [-79.56968550593409, 43.73570547824147], [-79.5696958041813, 43.735711393276226], [-79.56970679662115, 43.73571617866813], [-79.56971650809402, 43.73572270198726], [-79.56972781961827, 43.73572748160847], [-79.56974010368421, 43.73573009610189], [-79.56975089822267, 43.73573469931215], [-79.56976230826082, 43.735738981393304], [-79.56976830588658, 43.73574710153342], [-79.569777913849, 43.73575348204732], [-79.569786688139, 43.73576007657238], [-79.56979849333419, 43.735763288682115], [-79.56981058452683, 43.7357664894295], [-79.56982031222945, 43.73577229837462], [-79.56982819831347, 43.735779176207764], [-79.56983980268453, 43.73578299942691], [-79.56984890401986, 43.7357896914312], [-79.5698596063716, 43.73579489697542], [-79.56987110864604, 43.73579857669763], [-79.5698795037774, 43.73580539957667], [-79.56988671405563, 43.73581307819927], [-79.56989809899821, 43.7358175860301], [-79.56990859400274, 43.73582329873691], [-79.5699193854274, 43.735828696082585], [-79.56992880083193, 43.73583448576636], [-79.5699341948567, 43.735842878544375], [-79.5699382124002, 43.735851793492], [-79.56994280464109, 43.73586027760233], [-79.5699469993309, 43.7358691908207], [-79.56995481327348, 43.73587659679438], [-79.56996629501506, 43.73588140054172], [-79.56997669183721, 43.73588668990747], [-79.56998538484038, 43.73589319672513], [-79.56998699868912, 43.73590238411372], [-79.56999041163056, 43.735911186362095], [-79.56999670573634, 43.735918991132934], [-79.57000529254252, 43.73592627568399], [-79.57001348425062, 43.73593319777658], [-79.57002631560182, 43.73593379008169], [-79.57003869315663, 43.73593618667201], [-79.5700491814443, 43.73594179628088], [-79.57006188517279, 43.73594168067518], [-79.57007371288834, 43.73593788158552], [-79.57008710892647, 43.735935201839844], [-79.57010001635223, 43.735934986143626], [-79.57010429726853, 43.73594358013475], [-79.57011461010251, 43.735949702327716], [-79.57012631446082, 43.73595289917687], [-79.57013628165693, 43.73595899738799], [-79.57014630609088, 43.73596449007864], [-79.57015549924847, 43.73597058143566], [-79.5701677927966, 43.73597368274568], [-79.57017990799396, 43.735976401301286], [-79.57019078996869, 43.73598198973147], [-79.57019910168636, 43.73598859558921], [-79.57020999723302, 43.735993085863406], [-79.57022038082425, 43.735998296276165], [-79.57022710314888, 43.73600608476893], [-79.57023851208922, 43.73600998231094], [-79.57024971225222, 43.73601438771453], [-79.57026169617274, 43.73601667733282], [-79.57027089352597, 43.73601399013468], [-79.57028299201937, 43.73601127936378], [-79.57029300140236, 43.7360055845631], [-79.57030488726464, 43.73600248527594], [-79.57031562093346, 43.73599737971766], [-79.57032752035609, 43.73599318227363], [-79.5703400016239, 43.73599088416101], [-79.57035169608757, 43.7359875785348], [-79.57036311685951, 43.73598397785118], [-79.57037600482154, 43.735981482150365], [-79.57038832124701, 43.7359788793429], [-79.57040090284693, 43.7359786943933], [-79.57041329277754, 43.73597948018996], [-79.57042269105413, 43.735972776827545], [-79.5704316090074, 43.73596628747246], [-79.5704421126334, 43.735961379477985], [-79.57045119954014, 43.73595478600011], [-79.57045810627001, 43.73594698723207], [-79.57046899679398, 43.73594208309102], [-79.5704810936881, 43.73594408234179], [-79.57049421494035, 43.73594438337383], [-79.57050739633256, 43.73594328559246], [-79.5705204031806, 43.73594387765121], [-79.57053239769026, 43.735946782378505], [-79.5705447979758, 43.73594818416605], [-79.5705569054693, 43.7359507985532], [-79.57056901272384, 43.735953285696894], [-79.57058118975499, 43.735954988142474], [-79.57059400201902, 43.7359570880213], [-79.57060689566575, 43.73595809937158], [-79.57061980402061, 43.735959188953046], [-79.57063249525942, 43.73595689552279], [-79.57064529798582, 43.73595497624708], [-79.57065751853405, 43.73595338283312], [-79.57066988392565, 43.73595099208484], [-79.57068198914175, 43.73594838434418], [-79.57069451086072, 43.73594829297879], [-79.57070709657019, 43.735947699176194], [-79.57071950005225, 43.73594738677579], [-79.57073181644918, 43.73594478392056], [-79.57074419628132, 43.73594377658024], [-79.57075669995058, 43.73594178886257], [-79.57076870402594, 43.73593929485873], [-79.57078090456885, 43.735936599407694], [-79.57079359140737, 43.73593589184405], [-79.57080599169794, 43.73593729359459], [-79.57081869762933, 43.73593507837067], [-79.57083059792124, 43.73593218621376], [-79.5708431136546, 43.73592989292809], [-79.57085551910232, 43.73592748186268], [-79.5708681996728, 43.735925493260616], [-79.5708811206428, 43.73592417929578], [-79.57089370727628, 43.73592489082052], [-79.57090179147073, 43.735932078841024], [-79.57091010711703, 43.735939196692115], [-79.57092149871276, 43.73594368023546], [-79.57093400810392, 43.735945199576925], [-79.57094679172555, 43.73594478791405], [-79.57095868669681, 43.73594217627518], [-79.57096970628439, 43.73593718737844], [-79.57098260695157, 43.73593699657256], [-79.57099540528738, 43.7359367912402], [-79.57100789249543, 43.73593669493227], [-79.57102031747326, 43.73593538758892], [-79.57103209888425, 43.73593908167963], [-79.57104381248155, 43.73594289424679], [-79.57105589875421, 43.73594519828021], [-79.57106881895253, 43.73594598310248], [-79.57108138580499, 43.735946896040204], [-79.5710947949808, 43.73594887631711], [-79.57110671204977, 43.73595258965136], [-79.57111919970895, 43.73595497662527], [-79.57113170209578, 43.73595769803962], [-79.57114381467129, 43.73596108078638], [-79.5711562989875, 43.73596177774922], [-79.57116880068668, 43.73596188861873], [-79.57118171342856, 43.73596139222768], [-79.57119441038034, 43.7359624776962], [-79.57120729461339, 43.735964178303014], [-79.5712203135538, 43.73596459280678], [-79.57123341161355, 43.735966682089725], [-79.57124590098984, 43.73596827558495], [-79.57125841211857, 43.735967697096946], [-79.57127079169909, 43.735967994867586], [-79.57128351615185, 43.73597028732202], [-79.57129640063589, 43.735970682730375], [-79.57130821033675, 43.73597348496831], [-79.57132069465882, 43.73597418190774], [-79.57133319730717, 43.73597559810821], [-79.57134541104378, 43.735978995182684], [-79.57135781642216, 43.735981293400755], [-79.57136999950653, 43.735983893313936], [-79.57138240828662, 43.735984476502175], [-79.57139499736273, 43.735985700711495], [-79.57140740469166, 43.735985900276205], [-79.57142019962252, 43.73598858612635], [-79.57143261443214, 43.73599019498901], [-79.57144510477028, 43.73599309381053], [-79.57145649813445, 43.73599678382464], [-79.57146850455068, 43.73599938373144], [-79.57148120271944, 43.73600059743222], [-79.57149399912824, 43.73600249067363], [-79.57150570359556, 43.736005687339514], [-79.57151859196397, 43.736006979091734], [-79.57153110886469, 43.736009779545554], [-79.57154330162264, 43.73601168922732], [-79.57155501262743, 43.73601498983392], [-79.57156789182496, 43.73601579384289], [-79.57158050673733, 43.73601548534808], [-79.57159230440101, 43.73601859310438], [-79.57159919591643, 43.736026277369355], [-79.57160829491147, 43.736032585410015], [-79.57162018694811, 43.73603547632878], [-79.57162750542801, 43.73604288794216], [-79.57163799804397, 43.73604808855462], [-79.57165030813458, 43.7360492982114], [-79.57166310503182, 43.736049885379884], [-79.57167118552718, 43.736051595705156], [-79.571684089823, 43.73605309393985], [-79.57169681625297, 43.73605328768819], [-79.5717066931894, 43.73605919461144], [-79.5717188927221, 43.736061079248955], [-79.5717308072153, 43.73606428060673], [-79.57174080119987, 43.736070280283094], [-79.57175291120495, 43.73607327915855], [-79.57176479673957, 43.73607619421582], [-79.57177711938806, 43.73607958159793], [-79.57178858688248, 43.73608417791114], [-79.57179880293899, 43.73608987674614], [-79.57181139976836, 43.736092381231096], [-79.57182391549634, 43.7360900878037], [-79.57183649616125, 43.73608859729306], [-79.57184868726245, 43.73608659103681], [-79.57186151941566, 43.73608508425763], [-79.57187411528638, 43.73608628337849], [-79.57188430215619, 43.73609169677028], [-79.57189649759617, 43.73609399019281], [-79.57190850937207, 43.736091600147155], [-79.5719172157099, 43.73608497850593], [-79.57192999476257, 43.73608249220967], [-79.57194249384462, 43.736083395398595], [-79.57194699303358, 43.73608359857397], [-79.57195521617598, 43.73608399791891], [-79.57196782026475, 43.73608437940747], [-79.57198020372213, 43.73608388481746], [-79.57199250414638, 43.73608199528627], [-79.57200399120404, 43.736078276602505], [-79.57201579466835, 43.736075088360806], [-79.5720285985713, 43.73607329715566], [-79.57204118694474, 43.73607308695038], [-79.57205319994674, 43.736075790725295], [-79.57206600119883, 43.7360747919443], [-79.57207818214893, 43.73607229688847], [-79.57210210598498, 43.73606788601205], [-79.57211401255061, 43.736070984064675], [-79.57212658982854, 43.736072384758224], [-79.57213940049247, 43.736070696621304], [-79.57215198789619, 43.736069181045195], [-79.57216471022637, 43.73606978353507], [-79.5721780897809, 43.73606899491532], [-79.57219061200566, 43.736066677278295], [-79.57220279294694, 43.73606418220528], [-79.57221501734307, 43.73606218062685], [-79.57222761271008, 43.736060896397824], [-79.57224049868425, 43.736060499069325], [-79.5722531953985, 43.736057795900194], [-79.57226548518739, 43.73605529118412], [-79.57227868349008, 43.73605608931125], [-79.57229129045251, 43.736055677461], [-79.57230351361613, 43.736053291387414], [-79.5723157131424, 43.7360505946898], [-79.5723276836115, 43.73604809660564], [-79.57233959059214, 43.73604517922206], [-79.57235049155753, 43.73604088999185], [-79.57236099476349, 43.736035982628685], [-79.57237329828874, 43.7360323788805], [-79.57238359848873, 43.736026392798536], [-79.57239279421684, 43.73601978862003], [-79.57240428242906, 43.736016198158495], [-79.5724165164345, 43.736013378239974], [-79.572429012094, 43.73601128703014], [-79.5724412007314, 43.736008896040616], [-79.57245391845144, 43.73600768020861], [-79.57246679668509, 43.73600717873105], [-79.57247969470224, 43.73600647581136], [-79.57249240156331, 43.736005693803435], [-79.57250489068342, 43.736003498635824], [-79.57251760648252, 43.73600307711832], [-79.57253021198942, 43.73600358593668], [-79.57254288794984, 43.7360031838448], [-79.5725556039943, 43.736002889563686], [-79.57256841440075, 43.736002378445676], [-79.57258060302868, 43.735999987436905], [-79.57259270910663, 43.73599738046355], [-79.57260480093805, 43.73599469353027], [-79.572616998748, 43.73599279025247], [-79.57263009324488, 43.735993190183784], [-79.57264178983158, 43.73599628344484], [-79.57265441924856, 43.735997486318645], [-79.57266730807358, 43.7359962956355], [-79.57267640843847, 43.736002988047275], [-79.57267870489, 43.73601239939406], [-79.57268119952514, 43.736021200144336], [-79.57269201830957, 43.73602519274955], [-79.57270438417454, 43.73602658933522], [-79.57271701135937, 43.73602479803968], [-79.57272940134182, 43.73602558350944], [-79.5727428940609, 43.73602437549655], [-79.57275610275384, 43.736025789561225], [-79.57276861653243, 43.736025594646634], [-79.57278099270204, 43.736022897874925], [-79.5727933024683, 43.73602019078224], [-79.57280530378691, 43.73601718460515], [-79.5728161887875, 43.736012688811435], [-79.57282888522202, 43.73600998642242], [-79.57284151407686, 43.736007401648116], [-79.57285111111986, 43.73600088036331], [-79.5728639062564, 43.73599767956654], [-79.57287639945648, 43.735995075536835], [-79.57288869691948, 43.73599267485007], [-79.57290181069042, 43.73599169432525], [-79.57291361717982, 43.7359867918004], [-79.57292629401898, 43.735982985652406], [-79.57293880922997, 43.735981998115456], [-79.57295099949661, 43.73597868548992], [-79.57296358805243, 43.735977298071525], [-79.57297358869945, 43.7359832734473], [-79.57297968805047, 43.735991279626205], [-79.57299239632863, 43.73598957684318], [-79.57300451035255, 43.735987201170865], [-79.57301539531254, 43.73598257724847], [-79.57302578206723, 43.7359763982458], [-79.57303419592427, 43.73596968305897], [-79.57304550230418, 43.73596519597958], [-79.57305560569588, 43.73595928402948], [-79.57306699027662, 43.73595529447736], [-79.5730790007515, 43.73595277599957], [-79.57309099793598, 43.73595017859356], [-79.57310351599924, 43.735948397741375], [-79.57311540842603, 43.73594540115844], [-79.57312790060149, 43.735941491739474], [-79.57314018621435, 43.73593939571142], [-79.57315239604317, 43.73593718680357], [-79.57316289914019, 43.73593227934682], [-79.57317450312465, 43.73592878137176], [-79.57318510759231, 43.73592388740289], [-79.57318969797633, 43.735914992054], [-79.57319739519782, 43.735907791748666], [-79.57320201359374, 43.73589918166355], [-79.57320710916969, 43.7358908955006], [-79.57321878890863, 43.735887382293846], [-79.5732310160764, 43.73588458728392], [-79.57324341033164, 43.735883786791156], [-79.57325618495581, 43.73588288619348], [-79.57326670307793, 43.73588798808216], [-79.57327920641907, 43.73588717708579], [-79.57328948501723, 43.73588218580247], [-79.57330048674993, 43.735877783568846], [-79.57331459408691, 43.73587469189038], [-79.57332670823888, 43.735877281736684], [-79.57333701637288, 43.73588237889961], [-79.57334938608206, 43.73588428745545], [-79.57336201301587, 43.735883801253216], [-79.57337440116686, 43.7358807988436], [-79.57338658970552, 43.73587827961966], [-79.57339901560405, 43.73587827729342], [-79.5734118124915, 43.73587899231091], [-79.57342470535876, 43.735877392708076], [-79.57343671092684, 43.73587397677487], [-79.57344959683837, 43.73587357926909], [-79.57346151453577, 43.73587009980165], [-79.57347260532231, 43.735865889351025], [-79.5734848124567, 43.735863296609054], [-79.57349738871301, 43.73586339175107], [-79.57350459427195, 43.73587109440499], [-79.57351708880228, 43.73587358412068], [-79.57352910905563, 43.73586919829458], [-79.57353720783371, 43.73586208003615], [-79.57354479709664, 43.73585489036993], [-79.57354610902824, 43.73584558084421], [-79.57354619243671, 43.735836378271145], [-79.57354830182061, 43.73582738705293], [-79.57354479259679, 43.73581828919555], [-79.57354200408653, 43.73580939573579], [-79.57353918516401, 43.735800088570585], [-79.57353701356628, 43.735791001367566], [-79.57353460517854, 43.73578188056267], [-79.57353491063637, 43.73577237715323], [-79.5735352998367, 43.73576308987485], [-79.57353219081384, 43.7357540747888], [-79.57352831595928, 43.735745283375266], [-79.57351609926616, 43.73574267989966], [-79.5735037152713, 43.73574540162294], [-79.57349241575876, 43.73574999184066], [-79.57348001559727, 43.73575329982093], [-79.57346801171694, 43.735755794193565], [-79.57345600687829, 43.73575828753294], [-79.57344350414742, 43.73576158184931], [-79.57343171149473, 43.73576538542411], [-79.57342510312614, 43.73577299645812], [-79.57341991567043, 43.73578188411601], [-79.57341670543224, 43.73579089827636], [-79.57341910291795, 43.735800196705185], [-79.57342008848256, 43.73580988332542], [-79.57341890420163, 43.73581898073981], [-79.57340630632262, 43.735821185671576], [-79.57339740138745, 43.735814290858535], [-79.57339388423571, 43.73580508974272], [-79.57338971566703, 43.735796077473125], [-79.57337920184928, 43.73578938971285], [-79.5733693991167, 43.73578359655741], [-79.57336791374179, 43.73577458074829], [-79.57337249879039, 43.73576609403628], [-79.57338160358242, 43.73576009141823], [-79.57339130408013, 43.7357540971907], [-79.57340281381539, 43.73574938273565], [-79.57341098571666, 43.73574199358244], [-79.57342090004919, 43.73573638802633], [-79.57343261567618, 43.73573208709345], [-79.57344319352283, 43.73572729145418], [-79.57345359464212, 43.73572119150382], [-79.5734663974339, 43.735719399060315], [-79.5734780045022, 43.735723478343715], [-79.57349018544465, 43.73572569244531], [-79.5735030121098, 43.7357232897475], [-79.57351509828382, 43.73572088409053], [-79.57352710987865, 43.735718493827555], [-79.57353950164183, 43.73571718053803], [-79.57355190279758, 43.735715177902584], [-79.57356458991099, 43.73571198767582], [-79.57357551745999, 43.73570667907391], [-79.57358521257481, 43.73570058104854], [-79.57359670761682, 43.7356970926577], [-79.57360769454765, 43.73569248405257], [-79.5736150102954, 43.73568499847802], [-79.57361930155311, 43.735676290909886], [-79.57361870527994, 43.7356669927914], [-79.5736151907554, 43.73565817547928], [-79.57361499611474, 43.73564908754064], [-79.57362399490333, 43.73564268555951], [-79.5736364082828, 43.73563920027824], [-79.57364991778832, 43.73563858397869], [-79.57366340895373, 43.73563829652768], [-79.57367561190844, 43.735635984466214], [-79.57368731257958, 43.73563278234781], [-79.57369481703314, 43.735624991201455], [-79.57370629464222, 43.73562078456815], [-79.57371680218233, 43.735615594622935], [-79.5737284045579, 43.73561158485629], [-79.57373829904569, 43.735606180707954], [-79.57374740109721, 43.73559979426849], [-79.57375950604713, 43.735597186107576], [-79.57377150310084, 43.735594588613004], [-79.57378348974866, 43.73559137510876], [-79.57379328572031, 43.73558529227902], [-79.57380421974278, 43.735580879501256], [-79.57381398916196, 43.73557489502562], [-79.57382429850438, 43.73556939565981], [-79.57383620260478, 43.73556609429185], [-79.57384691351474, 43.73555950078156], [-79.57385801381294, 43.735554600082125], [-79.57386959762272, 43.73555117622], [-79.57387919154107, 43.73554519191881], [-79.5738893862543, 43.73553998444343], [-79.57389749289534, 43.73553309752027], [-79.57390908547465, 43.73553709764781], [-79.57392051522831, 43.73553267906099], [-79.57392150124394, 43.73552340034829], [-79.57392022041537, 43.735514285497786], [-79.57392541694435, 43.73550588555652], [-79.57393609600008, 43.735499799032894], [-79.57394711372032, 43.735494682362486], [-79.57395998685462, 43.73549197894162], [-79.5739724855835, 43.735492882701536], [-79.57398498637468, 43.73549168695544], [-79.5739917954031, 43.735483592870644], [-79.57399921194687, 43.73547599438226], [-79.57401041429026, 43.73547098094498], [-79.57402161403216, 43.73546688803802], [-79.57402928859152, 43.73545937722324], [-79.57403779005892, 43.73545259738293], [-79.5740473028544, 43.735446780724224], [-79.57405801615441, 43.73544069994689], [-79.57406729791978, 43.73543377552285], [-79.57407811359434, 43.73542888547928], [-79.57409012144565, 43.73542598221895], [-79.57410240949197, 43.735423093634296], [-79.57411509102536, 43.73542148904942], [-79.57412799051073, 43.735419992430664], [-79.57414008618987, 43.73541689648514], [-79.57415038845487, 43.73541129486418], [-79.57415990965457, 43.73540478781961], [-79.57416471245625, 43.73539628094504], [-79.57417361118522, 43.73538999283655], [-79.57418280629724, 43.735383389353636], [-79.57419329899875, 43.73537799302084], [-79.57420449870185, 43.73537390009235], [-79.57421540585536, 43.73536958648679], [-79.57422281029568, 43.73536229353914], [-79.57422880056231, 43.735353698962406], [-79.5742379956591, 43.73534709547486], [-79.57424660063126, 43.735340586516074], [-79.57425569483233, 43.73533409591669], [-79.57426468646699, 43.735327591658624], [-79.57427411690324, 43.73532168625972], [-79.57428381065483, 43.7353155879997], [-79.574295717501, 43.73531149328399], [-79.57430780352567, 43.7353090875226], [-79.57432100874085, 43.73530737806092], [-79.57433298567922, 43.735304982795945], [-79.5743457182232, 43.73530149077208], [-79.57435721570056, 43.73529708175751], [-79.57436698498798, 43.73529109722857], [-79.57437760531614, 43.735285488767516], [-79.57438828669486, 43.735279786845666], [-79.5743991966513, 43.735274679929866], [-79.57440871103476, 43.73526819788304], [-79.5744181001625, 43.73526218449012], [-79.57442850616705, 43.735256980979855], [-79.57443022049186, 43.735247882674535], [-79.57443719574404, 43.73524047686271], [-79.57444750754611, 43.735234185006234], [-79.57445639436907, 43.73522728156107], [-79.57446251203278, 43.73521939573351], [-79.57447428972874, 43.73521538569395], [-79.574484318429, 43.735209488134444], [-79.57449101051624, 43.735201300406686], [-79.57450050887634, 43.73519409943053], [-79.57451159552976, 43.73518937680208], [-79.57452441201778, 43.735189890214976], [-79.57453630937385, 43.735193676405345], [-79.5745483989985, 43.73519178353528], [-79.57456061817288, 43.73518888423418], [-79.57456871645795, 43.73518189487102], [-79.57457909588173, 43.735176789701036], [-79.57458950593339, 43.73517117736612], [-79.57459909603536, 43.73516468007423], [-79.57460920150656, 43.73515928072234], [-79.57461970452283, 43.73515450035109], [-79.57463041261964, 43.73514869918444], [-79.57463919148653, 43.735141678288535], [-79.57465050955275, 43.73513688546527], [-79.57466181311665, 43.73513188544172], [-79.57467080465459, 43.735125381148414], [-79.57468049831249, 43.73511928285041], [-79.57468989021184, 43.73511247614406], [-79.57470009963896, 43.735106297845725], [-79.57470751600535, 43.735098699311415], [-79.57471310718518, 43.73509027832626], [-79.57472260944155, 43.73508410180627], [-79.57473020514429, 43.73507688704424], [-79.57473438847427, 43.73506818925371], [-79.57474321008715, 43.7350617880524], [-79.57475280234856, 43.73505567625979], [-79.57476279238871, 43.73505018258423], [-79.5747737035154, 43.73504558821264], [-79.57478409493034, 43.73504017746683], [-79.57479349333721, 43.73503347469835], [-79.57480479523386, 43.73502939622014], [-79.57481701678631, 43.735026881535376], [-79.57482961423548, 43.735025981589], [-79.57484171465843, 43.73502378295625], [-79.57485310806332, 43.735020280923884], [-79.57486450021867, 43.735016394409186], [-79.57487410623136, 43.735010487909065], [-79.57488068503604, 43.73500259136332], [-79.57488871660614, 43.734995592522125], [-79.57489730424895, 43.734988492524906], [-79.57489991339304, 43.734979085839925], [-79.57490390527437, 43.73497018172353], [-79.57491039623892, 43.73496247785594], [-79.57491498888498, 43.734954094349256], [-79.57492540561759, 43.734948585064124], [-79.57493479582226, 43.734942699898056], [-79.57494281191528, 43.73493549282355], [-79.5749532177869, 43.734930289259324], [-79.574962206806, 43.73492340029297], [-79.57497061222696, 43.73491658170247], [-79.57498078542388, 43.73491119193789], [-79.57499071531124, 43.734905792731794], [-79.57499939877154, 43.73489898761308], [-79.57501060601605, 43.73489499870634], [-79.57502170193024, 43.734890378578726], [-79.57503080530437, 43.73488319857165], [-79.5750403074557, 43.734876893919534], [-79.57504909567268, 43.73487048796604], [-79.57505901244976, 43.7348640889608], [-79.57506920033963, 43.73485877741931], [-79.57507628957023, 43.73485108139838], [-79.57508549121802, 43.734844580921674], [-79.57509549581269, 43.73483798923422], [-79.57510401030099, 43.73483128823692], [-79.57511510597756, 43.7348267970656], [-79.57512709479218, 43.7348240961431], [-79.5751382011, 43.7348200920079], [-79.5751488091839, 43.734814789021094], [-79.5751574978731, 43.73480757525149], [-79.57516779335877, 43.734801997685345], [-79.5751782136771, 43.73479700129631], [-79.57518780078964, 43.73479129723939], [-79.57519860270999, 43.7347865852177], [-79.57520600972965, 43.734778498920306], [-79.5752103006026, 43.734769791312786], [-79.57521670264244, 43.73476189476578], [-79.57522771188653, 43.73475759556674], [-79.57524011678976, 43.734755183895054], [-79.57525150355806, 43.734751577869325], [-79.57526059607883, 43.73474508787829], [-79.57526611253896, 43.734736682269414], [-79.57527560133559, 43.73473029867053], [-79.57528591008209, 43.73472480001837], [-79.5752957073887, 43.73471909980132], [-79.57530730426527, 43.73471419330389], [-79.57531641944881, 43.73470788479233], [-79.57532650496516, 43.73470268680939], [-79.57533120247432, 43.73469378159424], [-79.57534121891084, 43.734688189506336], [-79.57535350303004, 43.734684787834986], [-79.57536531771382, 43.734681294472445], [-79.57537239503937, 43.734673775022195], [-79.57538169893989, 43.73466728903936], [-79.57538888513072, 43.734659888053784], [-79.57539848682129, 43.734653085998985], [-79.57540820952308, 43.73464740116847], [-79.57541980354493, 43.73464328794484], [-79.57542879267123, 43.734636398077534], [-79.57543980594264, 43.734631690047834], [-79.57544350641449, 43.73462307783509], [-79.57545110477366, 43.73461519784377], [-79.57546218724136, 43.73460957873836], [-79.57547359279043, 43.73460589831896], [-79.57548209093777, 43.7345984792359], [-79.57548989668467, 43.73459139637813], [-79.57549969897113, 43.734585288366986], [-79.57550980444289, 43.7345798880638], [-79.57551971582734, 43.73457389765327], [-79.57552730091503, 43.734566194939106], [-79.5755367841204, 43.734560092714005], [-79.57554571579641, 43.73455368111536], [-79.5755551087276, 43.73454738691889], [-79.57556441376684, 43.73454090108952], [-79.57557409512326, 43.7345349801607], [-79.5755850951267, 43.73453057750061], [-79.5755975957391, 43.73452807635407], [-79.57560939832538, 43.7345248885157], [-79.57562130740332, 43.73452248259804], [-79.5756302030669, 43.73451568247883], [-79.57564021146501, 43.73450998710951], [-79.5756475039946, 43.734502191821015], [-79.57565768905961, 43.73449649643451], [-79.57567050753929, 43.734493989319226], [-79.57568260531653, 43.73449127782375], [-79.57568900046307, 43.73448327816972], [-79.57569641656634, 43.73447567957484], [-79.57570720387791, 43.73447088840332], [-79.57571941333708, 43.734467502081756], [-79.57573229215332, 43.73446817736954], [-79.57574398724087, 43.73446407845674], [-79.57575199227622, 43.73445717704821], [-79.5757616909365, 43.73445079811673], [-79.57577229371876, 43.73444459852578], [-79.57577951431861, 43.734437202412124], [-79.5757887862859, 43.734431095283554], [-79.5757956839212, 43.73442319290109], [-79.57580280218448, 43.73441578226743], [-79.57581090564193, 43.73440838331572], [-79.57581921501139, 43.73440139788084], [-79.5758296925601, 43.734395795042836], [-79.57584178515577, 43.73439218698866], [-79.57585399318965, 43.73438959324165], [-79.57586581183313, 43.73438569101051], [-79.57587830335298, 43.73438178122954], [-79.57589040390518, 43.73437827642093], [-79.57589591768188, 43.73437667856685], [-79.57590221846986, 43.73437478299128], [-79.57591208344881, 43.73436909233794], [-79.57592050164439, 43.734362097255875], [-79.57593071609928, 43.734356686408326], [-79.57594200459475, 43.73435147990357], [-79.5759535041517, 43.734347583452255], [-79.57596549279265, 43.734344882421446], [-79.5759774150542, 43.73434229917589], [-79.5759904976007, 43.734340777254445], [-79.57600209287658, 43.7343439837964], [-79.57601472030419, 43.7343459796314], [-79.57602720846272, 43.734345090017904], [-79.57603908943999, 43.73434239878496], [-79.57605039757621, 43.73433829600233], [-79.57605948604184, 43.734332085781276], [-79.57607061750241, 43.73432798301264], [-79.57608031620151, 43.73432029887499], [-79.57608938723986, 43.73431349853065], [-79.5760991017977, 43.73430758227744], [-79.57610760926761, 43.73430077811686], [-79.57611989712062, 43.734297888402644], [-79.57613240544117, 43.7342958756082], [-79.57614450703318, 43.734293676109566], [-79.57615521720952, 43.734288387533034], [-79.57616268628824, 43.73428059219356], [-79.57616840071378, 43.734272495948545], [-79.57617949883365, 43.73426838844032], [-79.57618920133551, 43.73426277773247], [-79.57620080317874, 43.7342588957688], [-79.57621048991012, 43.73425269338155], [-79.57622110018922, 43.73424777492796], [-79.57623231675545, 43.7342430956755], [-79.57624259077267, 43.734237592028244], [-79.57625209788503, 43.734230878627564], [-79.57626348864257, 43.73422568660291], [-79.57627469744388, 43.734220775127326], [-79.57628591806763, 43.73421568706273], [-79.57629798932147, 43.73421189677148], [-79.57630911534346, 43.73420689830058], [-79.57632040128635, 43.73420117899923], [-79.57633129754984, 43.734196377255095], [-79.57634229343395, 43.73419107813907], [-79.57635411995027, 43.734187279097775], [-79.57636611649112, 43.734184681266186], [-79.57637719900013, 43.73417918929768], [-79.57638670855472, 43.734172988635926], [-79.57639811240516, 43.734168796384154], [-79.57640938596059, 43.73416468866307], [-79.57641969060998, 43.734159597835784], [-79.57643030612704, 43.73415439882567], [-79.57644131918111, 43.734149690681264], [-79.5764532880759, 43.73414588585182], [-79.57646570071576, 43.734143577265854], [-79.57647799654116, 43.734141175066014], [-79.57648920754126, 43.73413677717932], [-79.5765003151817, 43.73413197943131], [-79.5765077122864, 43.73412458325168], [-79.57651879585637, 43.734120396609384], [-79.57652988594305, 43.734116185808055], [-79.57654130834187, 43.734111791930765], [-79.57655370010973, 43.734108379429564], [-79.57656400449788, 43.734103289449514], [-79.57657468533242, 43.73409758729421], [-79.57658619951391, 43.73409389709959], [-79.57659790755734, 43.73409079786885], [-79.57661081895, 43.734087689304616], [-79.57662298576945, 43.73408419471623], [-79.57663478837985, 43.73408087778053], [-79.57664580667597, 43.73407588907879], [-79.57665700033199, 43.734072077259256], [-79.57666952214005, 43.73406858107276], [-79.5766823910741, 43.73406549245439], [-79.57669540455016, 43.73406239925864], [-79.57670769246849, 43.73405858860241], [-79.57671941939421, 43.73405398171192], [-79.57673150937752, 43.73404998889318], [-79.57674339836846, 43.73404647995756], [-79.57675480463311, 43.734042800413306], [-79.57676651671748, 43.734039292355284], [-79.57677670584005, 43.73403318718336], [-79.57678840352564, 43.73402829485536], [-79.57680000404493, 43.73402428454465], [-79.57681269993137, 43.73402158074239], [-79.57682449050611, 43.73401869743936], [-79.57683631016235, 43.73401479525333], [-79.57684800365926, 43.7340114887929], [-79.57685960688103, 43.73400799036308], [-79.57687139880156, 43.73400418635999], [-79.57688310703591, 43.73400108622975], [-79.57689471400879, 43.733996795542595], [-79.57690638663031, 43.73399238517223], [-79.57691888840141, 43.73398909125348], [-79.57693171720372, 43.73398589479018], [-79.57694409783609, 43.733982788821294], [-79.57695578886215, 43.73397909769927], [-79.57696730543869, 43.733975792104495], [-79.57697859643702, 43.73397109736436], [-79.5769899962805, 43.73396639298261], [-79.57700129746343, 43.733962187002014], [-79.57701360117902, 43.73395988798086], [-79.57702571079186, 43.73395699885683], [-79.57703711062703, 43.733952294469276], [-79.57704749206479, 43.733946396616304], [-79.577059192306, 43.73394319321175], [-79.57707091637091, 43.73393937956107], [-79.57708201960808, 43.73393499141217], [-79.57709258988625, 43.7339300922919], [-79.5771023135745, 43.73392348660008], [-79.57711251576478, 43.733918381180146], [-79.57712011498928, 43.73391088555012], [-79.57711891870213, 43.73390119435299], [-79.57711531313583, 43.73389218615209], [-79.57710759543086, 43.733885075938204], [-79.57710400988906, 43.73387599353894], [-79.57710410055077, 43.733866894302395], [-79.57710591540942, 43.73385768225153], [-79.57711579989189, 43.73385179003803], [-79.57712488661875, 43.733845196105385], [-79.57713630005016, 43.73383939270128], [-79.57714819301792, 43.733835474909256], [-79.57716061878344, 43.73383298894702], [-79.57717300039072, 43.73383249346059], [-79.57718570623587, 43.73383288871247], [-79.5771981020939, 43.73383469835025], [-79.57721009052854, 43.7338319971561], [-79.57722231442634, 43.73382868886702], [-79.57723420603902, 43.73382569175668], [-79.5772465893241, 43.73382309763544], [-79.57725809898693, 43.733820994094], [-79.57747487935454, 43.733768208175654], [-79.57763469274649, 43.73372927397018], [-79.5776467036749, 43.73372557799514], [-79.57765631161593, 43.73371887880679], [-79.57766520954526, 43.733712590395534], [-79.5776770160698, 43.733708992623846], [-79.57768829058875, 43.73370488491635], [-79.57769539395106, 43.73369739506129], [-79.57770581780288, 43.73369198959394], [-79.57771601063565, 43.73368639637962], [-79.57772721613345, 43.73368227887742], [-79.57773860134297, 43.73367749531116], [-79.57774860498232, 43.73367208128898], [-79.57775790307302, 43.73366587561865], [-79.57776852134272, 43.73365988231306], [-79.57778039048394, 43.733655397615124], [-79.57779240656566, 43.73365259815611], [-79.57780420779171, 43.73364928090126], [-79.57781611230142, 43.73364597919287], [-79.57782809291537, 43.73364317380248], [-79.57784008923166, 43.7336405757762], [-79.57785240582811, 43.7336381002224], [-79.57786470121374, 43.733635698696844], [-79.57787601721549, 43.73363169808165], [-79.57788829814304, 43.733627784185416], [-79.57790029053855, 43.733624674094834], [-79.57791241594477, 43.733621991356046], [-79.5779252032335, 43.73361999194597], [-79.57793730314, 43.73361779290126], [-79.57794989765218, 43.73361637976277], [-79.57796189395464, 43.733613781720166], [-79.57797409091378, 43.73361187771952], [-79.57798651492767, 43.73361149026526], [-79.57799919823563, 43.733611574950544], [-79.57801189483985, 43.733610177182186], [-79.57802451072436, 43.73360789724527], [-79.57803549303298, 43.73360277521353], [-79.5780475025676, 43.73359999987801], [-79.57806099713484, 43.73359917484565], [-79.57807269869642, 43.73360329198409], [-79.57808451863599, 43.733606581175934], [-79.57809749846626, 43.733606093393725], [-79.57810919582255, 43.73360237796703], [-79.57812091047023, 43.733598076452715], [-79.57813098872924, 43.7335915980256], [-79.57813911971328, 43.73358448414738], [-79.57814899317333, 43.73357889754736], [-79.57816119416827, 43.7335765847163], [-79.57817241556613, 43.73357280176536], [-79.57818480548129, 43.7335701824944], [-79.57819659837048, 43.73356637849004], [-79.57820830370625, 43.73356289440536], [-79.5782202072077, 43.733559591611936], [-79.57823288808531, 43.73355798644634], [-79.57823741598462, 43.73354918526014], [-79.57822959432721, 43.733541677025535], [-79.57822441452143, 43.73353288005839], [-79.57823001691928, 43.733524281463154], [-79.57824209024923, 43.733522180733885], [-79.57825478627939, 43.733525492060885], [-79.57826711308466, 43.733527291755124], [-79.57827829076352, 43.733532178389844], [-79.57827680973111, 43.733541591847725], [-79.57828779301806, 43.73354719441709], [-79.57829868495664, 43.73355209157522], [-79.57831039828666, 43.733555775887375], [-79.5783224947811, 43.73355188594166], [-79.57833589048246, 43.73355168823611], [-79.57834849899402, 43.73355388619811], [-79.57836129535872, 43.73355329531539], [-79.57837319861396, 43.733549993364136], [-79.57838539057636, 43.73354719190993], [-79.57839719541873, 43.73354438749579], [-79.57841029380299, 43.73354097379458], [-79.57842219735731, 43.73353649390722], [-79.57843290956416, 43.73353158971897], [-79.5784430076818, 43.73352608602301], [-79.57845642126044, 43.7335243796269], [-79.57846910060964, 43.73352239081216], [-79.57847599110275, 43.73351438430856], [-79.5784841991613, 43.73350659068459], [-79.5784960133062, 43.73350309692044], [-79.57850850345608, 43.73350468953134], [-79.5785210164852, 43.73350579896832], [-79.57853280192568, 43.73350908320341], [-79.57854510068995, 43.7335105975997], [-79.57855820563547, 43.73350938488676], [-79.5785712031219, 43.73350608405561], [-79.57858380824933, 43.733503188900954], [-79.57859630045068, 43.733500584088254], [-79.57860879514915, 43.73349849202371], [-79.57862181616173, 43.73349928920814], [-79.57863439066975, 43.73349677310435], [-79.57864730270839, 43.73349509855369], [-79.5786599876018, 43.73349308452233], [-79.5786720996911, 43.7334905789616], [-79.57868491463623, 43.73348848125429], [-79.57869799711386, 43.733487086175664], [-79.57871039593336, 43.733484699217485], [-79.57872240545667, 43.73348217999734], [-79.57873490969246, 43.733479397715016], [-79.57874681560459, 43.73347647949826], [-79.57875741213661, 43.733471481831685], [-79.57876940065232, 43.73346747439688], [-79.57878170391511, 43.73346517599608], [-79.57879439765529, 43.73346587656746], [-79.57880698650634, 43.73346579366579], [-79.57881981181426, 43.733466794176074], [-79.57883320656387, 43.733465290193564], [-79.57884560595899, 43.733461980630686], [-79.57885842088841, 43.7334598828983], [-79.57887129718213, 43.73345807514843], [-79.57888309545467, 43.733455294827905], [-79.5788951061507, 43.73345277575326], [-79.57890731912232, 43.7334502853697], [-79.57891941238942, 43.73344798224602], [-79.57893201613751, 43.73344587963057], [-79.57894460382207, 43.733444491370996], [-79.57895789992509, 43.73344348577304], [-79.57897009159102, 43.7334406851018], [-79.57898040234417, 43.73343569793693], [-79.5789922034292, 43.733432380525755], [-79.57900449215248, 43.73342987489758], [-79.57901638723934, 43.73342739046992], [-79.57902870249512, 43.73342478648175], [-79.57904110009088, 43.73342239930877], [-79.57905321333078, 43.733419893865104], [-79.57906540626739, 43.73341747765879], [-79.57907779052975, 43.73341488345301], [-79.57908961566467, 43.733411083025715], [-79.57910119182228, 43.733406378359945], [-79.57911389014056, 43.73340418611961], [-79.5791266050214, 43.73340598967869], [-79.5791378981337, 43.73340167932029], [-79.57914930404785, 43.73339799947619], [-79.57916091374496, 43.73339329866581], [-79.57916799528624, 43.73338549928669], [-79.57917550651328, 43.73337819531691], [-79.57918792285389, 43.733375477550034], [-79.5791966143351, 43.7333687763493], [-79.57920610359025, 43.733362776845546], [-79.5792181916075, 43.73335957714838], [-79.57923061395275, 43.733361288138084], [-79.57924310287908, 43.7333641856434], [-79.57925341881864, 43.733358789812776], [-79.57926640010392, 43.73335738030434], [-79.57927891967977, 43.73335728840878], [-79.57929110204722, 43.73335399996513], [-79.57930299587771, 43.7333513872278], [-79.57930881671268, 43.7333487828856], [-79.57931920971969, 43.733343884396724], [-79.57932910178087, 43.73333809519977], [-79.57934050644239, 43.73333428706021], [-79.57935198570604, 43.73333059162184], [-79.57936250634513, 43.73332548101439], [-79.5793732143609, 43.73332098552061], [-79.579383118424, 43.73331489076509], [-79.57939401415913, 43.733310088661284], [-79.57940492286268, 43.73330498203474], [-79.57941530013875, 43.7332998761704], [-79.57942661321516, 43.73329549157811], [-79.57943421315092, 43.733287995939136], [-79.57944341658113, 43.73328187883838], [-79.57945271558698, 43.73327580127186], [-79.5794609896627, 43.733268682533215], [-79.57947129781626, 43.73326318256551], [-79.57948001053832, 43.733256791619006], [-79.57949008848611, 43.73325149011171], [-79.57950011492805, 43.73324559186644], [-79.57951038429236, 43.733240496667264], [-79.57952220100051, 43.73323738655295], [-79.57953219662801, 43.73323199632797], [-79.57954249926944, 43.7332267777481], [-79.57955401418585, 43.73322308734833], [-79.57956550792623, 43.733219599080236], [-79.57957749725222, 43.73321689773938], [-79.57958958923476, 43.73321459435716], [-79.57960299707757, 43.733214090042715], [-79.57961561211692, 43.73321508659617], [-79.57962831282573, 43.73321458409761], [-79.57964069660153, 43.733216698937774], [-79.57965391302263, 43.73321598830569], [-79.5796674045056, 43.73321478010709], [-79.5796801916054, 43.73321278044515], [-79.57969281252777, 43.73321009163743], [-79.57970490973177, 43.73320737960413], [-79.57971790575557, 43.73320499929835], [-79.57973031404521, 43.73320217820589], [-79.57974238593407, 43.73319969279599], [-79.57975408556591, 43.733196489906405], [-79.57976381788063, 43.733189987363], [-79.57977390531362, 43.73318399562571], [-79.57978288801108, 43.73317738675629], [-79.57979409988438, 43.73317298777389], [-79.57980569840076, 43.7331698986354], [-79.57981649447882, 43.73316428868708], [-79.57982689013913, 43.7331585968611], [-79.57983662253491, 43.73315247861942], [-79.57984391807541, 43.73314519508857], [-79.57985109534029, 43.733137690541255], [-79.57986128755765, 43.733132097955554], [-79.57986971846103, 43.73312518059829], [-79.57987971151098, 43.73311927758779], [-79.57988851599166, 43.73311228511919], [-79.5798985115492, 43.733106894855794], [-79.57990641316678, 43.73309997946255], [-79.57991468740701, 43.73309298792722], [-79.57992219942523, 43.73308568493545], [-79.57993301392834, 43.73308079422593], [-79.5799401233469, 43.73307328005402], [-79.57994730855778, 43.73306587875241], [-79.57995220463602, 43.73305728205798], [-79.57995920497042, 43.73304977839204], [-79.5799673978392, 43.733042699172195], [-79.57997651205488, 43.73303639022772], [-79.57998511307306, 43.73302949699612], [-79.57999159636542, 43.73302168888036], [-79.57999931202453, 43.733014285777884], [-79.58000511200126, 43.73300599734475], [-79.58001250859617, 43.73299860004732], [-79.58001939732047, 43.732990594136915], [-79.58002611331305, 43.73298310030525], [-79.5800332013946, 43.73297527585127], [-79.58003780492069, 43.73296658660483], [-79.58003681134475, 43.73295718141906], [-79.5800386948262, 43.73294797827394], [-79.58004101706314, 43.73293858206066], [-79.58004650318976, 43.732929890798935], [-79.5800529013988, 43.73292148208409], [-79.58005900982671, 43.73291349270385], [-79.58006338741377, 43.732904592255935], [-79.58006899187339, 43.73289637821515], [-79.58007211154884, 43.732887300246276], [-79.58007659701791, 43.73287838912323], [-79.58008370757173, 43.73287087511583], [-79.58009258657893, 43.73286399533691], [-79.58009861644972, 43.73285538120025], [-79.58010249128343, 43.73284638436409], [-79.58010851463332, 43.73283779438527], [-79.58011430004443, 43.73282929875631], [-79.5801221140411, 43.73282139810949], [-79.58013031084553, 43.73281378197631], [-79.58013860474955, 43.73280658899084], [-79.58014499091624, 43.732798485826734], [-79.58014979115275, 43.7327899785636], [-79.58015470572309, 43.73278118026186], [-79.5801590191631, 43.7327727831122], [-79.58016441519575, 43.73276389902396], [-79.58017069773292, 43.73275539686941], [-79.5801764976123, 43.73274698033277], [-79.58018209528318, 43.73273879131165], [-79.58018909850713, 43.73273049349652], [-79.58019611076146, 43.73272268427136], [-79.58020379709072, 43.732714995735805], [-79.58021109531458, 43.73270717511548], [-79.58021959513322, 43.732700395629706], [-79.58022890470342, 43.7326938841745], [-79.58023729967334, 43.732686577426094], [-79.58024211311304, 43.732677892881675], [-79.58024609949689, 43.73266939828768], [-79.58025100199399, 43.73266077743536], [-79.58025668648662, 43.73265239469935], [-79.58026429699913, 43.732644593290956], [-79.5802713850225, 43.73263689693316], [-79.58027720484974, 43.73262827809333], [-79.580278794555, 43.732618982238954], [-79.58028020057853, 43.73260958419068], [-79.58028720102433, 43.73260207965218], [-79.5802985934175, 43.73259857695385], [-79.58030920956053, 43.7325933768198], [-79.58031582040562, 43.73258548468468], [-79.58032359175381, 43.73257839674084], [-79.58033370002164, 43.73257258799469], [-79.580342615923, 43.732566097739564], [-79.58034911109671, 43.732557984062915], [-79.58035218963747, 43.73254879726023], [-79.58034851192369, 43.732540187572184], [-79.58035031159177, 43.73253089642076], [-79.58035570574194, 43.73252267853917], [-79.58036069733292, 43.73251437758351], [-79.5803673016067, 43.732506381502816], [-79.5803753053777, 43.73249948060094], [-79.58037910708357, 43.73249088278272], [-79.58038201024338, 43.73248208048322], [-79.58038390018758, 43.7324729812966], [-79.58038458705612, 43.73246389063131], [-79.58038929156712, 43.73245508763021], [-79.58039659094287, 43.73244739527553], [-79.58040052027404, 43.73243858534406], [-79.58040699543925, 43.73243067396943], [-79.58041321010002, 43.73242229029443], [-79.58042081125825, 43.732415178215035], [-79.5804278872138, 43.732407787405066], [-79.58043119043155, 43.732398683536495], [-79.58043469162112, 43.732389889920064], [-79.5804404130364, 43.73238189672188], [-79.58044600260735, 43.732373476345494], [-79.58045118429345, 43.732364997222014], [-79.58045660398069, 43.73235667995272], [-79.5804642103784, 43.73234928734058], [-79.580471913843, 43.732342189772545], [-79.58047939816221, 43.73233498408481], [-79.58049010987115, 43.73233007967399], [-79.58049829727382, 43.732323280960536], [-79.58050790047668, 43.732316990307936], [-79.58051641215059, 43.73230977715219], [-79.58052241134179, 43.73230179827084], [-79.5805276063064, 43.73229339806984], [-79.58053129885637, 43.732284682658694], [-79.58053460859644, 43.73227568273621], [-79.58053479293031, 43.732266494829645], [-79.5805385042667, 43.732257576949486], [-79.58054341467455, 43.732249187450925], [-79.58054249273928, 43.73224017587333], [-79.58054429235659, 43.732230884731464], [-79.58054690413555, 43.73222199005748], [-79.58054769206927, 43.73221278564405], [-79.58054721030369, 43.73220358030381], [-79.58054649302055, 43.7321945977545], [-79.58054641963732, 43.732185577538324], [-79.58054911779115, 43.732176490878366], [-79.58055350973923, 43.73216779763287], [-79.58055588761208, 43.73215858851015], [-79.580559993784, 43.73214977769574], [-79.58056219621655, 43.73214069687007], [-79.58056150826911, 43.73213107889419], [-79.5805636893905, 43.73212168779266], [-79.5805679164405, 43.73211268988559], [-79.58057010288637, 43.73210327445826], [-79.5805730112416, 43.732094191638126], [-79.58057061369604, 43.73208489374133], [-79.58056991397498, 43.732075580456744], [-79.5805685972255, 43.732066589927356], [-79.58056540618871, 43.73205748584693], [-79.58056391396781, 43.73204849551245], [-79.58056039448377, 43.73203929468387], [-79.58055859375955, 43.7320298771983], [-79.58055829686306, 43.732020774228495], [-79.58055770353754, 43.732011194760275], [-79.58055769095584, 43.73200208195244], [-79.58055501016608, 43.7319931792362], [-79.58055139230504, 43.731984475948686], [-79.5805487129751, 43.73197570064111], [-79.58054632076725, 43.731966378422534], [-79.5805464107461, 43.731957279267036], [-79.58054501691511, 43.73194779139782], [-79.58054259414682, 43.731938976338384], [-79.58053810670356, 43.73193009865654], [-79.58053201084203, 43.73192168349713], [-79.58052588944373, 43.73191349582766], [-79.58052619734279, 43.731904376522614], [-79.58052571561969, 43.73189529929812], [-79.58052350425754, 43.73188648824621], [-79.58050918626941, 43.73187178840394], [-79.58050169810352, 43.731864481820466], [-79.5804976986476, 43.73185549419386], [-79.58049431873891, 43.73184669655932], [-79.58049180689105, 43.731837689709444], [-79.58048830993654, 43.73182879933242], [-79.58048482092238, 43.73181988410394], [-79.58048230907782, 43.73181087725496], [-79.58048012177484, 43.73180158320567], [-79.58047730169731, 43.73179227644498], [-79.58047498653201, 43.731783195373076], [-79.58047719571292, 43.73177408954528], [-79.58047779868019, 43.73176439848432], [-79.58047819177527, 43.73175508702992], [-79.58047699613296, 43.73174578045499], [-79.58047379041341, 43.731736598155614], [-79.58047009119971, 43.73172767909335], [-79.58046268718925, 43.731719795018144], [-79.58045790852287, 43.73171108116533], [-79.58045222207411, 43.73170298026614], [-79.58044591324149, 43.73169509834463], [-79.58044060033195, 43.73168679423147], [-79.5804326976157, 43.73167958202419], [-79.58042580504548, 43.73167189947854], [-79.58041821483313, 43.731664577519055], [-79.58041040766514, 43.731657276742304], [-79.5804001051837, 43.731651899122284], [-79.58039359826859, 43.73164409211671], [-79.58038860442426, 43.7316357821954], [-79.58038320898929, 43.731627390232106], [-79.58037781378897, 43.7316189974061], [-79.58037298863756, 43.731610584209584], [-79.5803676902755, 43.731602487289905], [-79.58036431719393, 43.73159379274269], [-79.58036069261652, 43.73158498638278], [-79.58035689912042, 43.731576284161136], [-79.58035281989129, 43.73156759247186], [-79.58034861978133, 43.73155908787581], [-79.58034528501184, 43.73154999028569], [-79.58034179604641, 43.73154107506364], [-79.58033719861525, 43.7315320787624], [-79.58033301032006, 43.731523397581164], [-79.58032890453434, 43.73151467614728], [-79.58032539562882, 43.731506091328285], [-79.58032070756077, 43.731497696678176], [-79.58031699271623, 43.73148869835858], [-79.58030819795123, 43.73148217835966], [-79.58029652174302, 43.73147888475121], [-79.58028559855082, 43.73147318885894], [-79.5802771891361, 43.731466289058666], [-79.5802713950983, 43.73145819797035], [-79.58026690901252, 43.7314495766678], [-79.58026238845801, 43.73144107857306], [-79.58025749698359, 43.73143278316596], [-79.58025149155581, 43.73142468807121], [-79.58024431603528, 43.73141739983279], [-79.5802397954539, 43.731408773636495], [-79.58023441601894, 43.73140058817359], [-79.58022841833994, 43.73139259719144], [-79.58022469826346, 43.73138387940246], [-79.58022070935868, 43.73137537967715], [-79.58021618905266, 43.73136688072037], [-79.58021171099342, 43.73135849077068], [-79.58020562300739, 43.731350179724885], [-79.5801977150589, 43.73134299183462], [-79.5801899890994, 43.73133577959278], [-79.58018241221151, 43.73132828034513], [-79.58017550521184, 43.73132039059877], [-79.58017141280776, 43.73131187619157], [-79.58016810082047, 43.731303088187204], [-79.58016490445813, 43.73129439362025], [-79.58016139675577, 43.73128568087095], [-79.58015791466312, 43.73127699683605], [-79.58015431668143, 43.73126809212523], [-79.58015070014271, 43.73125938902065], [-79.5801463910251, 43.73125089493454], [-79.58014301122772, 43.73124209731233], [-79.58013911428732, 43.731233380413514], [-79.58013602141953, 43.73122587758442], [-79.58013548978124, 43.73122457405975], [-79.58013180546416, 43.73121598943847], [-79.58012729316317, 43.73120759373375], [-79.5801239877083, 43.73119878157454], [-79.58012140139964, 43.731189790143354], [-79.58011851755039, 43.731180985829496], [-79.58011678906679, 43.731169991277554], [-79.58011289084611, 43.73116088990697], [-79.58010940195504, 43.7311519746925], [-79.58010869093741, 43.73114767710347], [-79.58010839294549, 43.73113857400243], [-79.58011011396977, 43.73112957901854], [-79.58010650151942, 43.73112059521972], [-79.58010171252836, 43.73111139348067], [-79.58009690498059, 43.7311023933476], [-79.58009149761888, 43.731094178836464], [-79.58008559862326, 43.73108568945745], [-79.58008450014172, 43.731076677950576], [-79.58009511728378, 43.731071990456], [-79.58008872231885, 43.7310633796698], [-79.58008369279683, 43.73105468038709], [-79.5800782192126, 43.73104579091715], [-79.58007181224598, 43.73103748568058], [-79.58006561667759, 43.73102918445078], [-79.58006300194597, 43.731025793895675], [-79.58005620289467, 43.73101789347601], [-79.58005281324535, 43.731014495124576], [-79.58004830597135, 43.73100569165591], [-79.58004379774196, 43.730996887155804], [-79.5800378053742, 43.73098848754541], [-79.58003222293321, 43.73097947961791], [-79.58002771295325, 43.73097029237034], [-79.58002309837208, 43.73096188215664], [-79.58001930499101, 43.73095317994681], [-79.5800153057081, 43.73094419233808], [-79.58001071088064, 43.73093558068787], [-79.58000650543156, 43.73092618044172], [-79.58000199294901, 43.73091778560515], [-79.57999721994513, 43.73090879036928], [-79.57999219829773, 43.73090057950493], [-79.57998611186773, 43.73089239586988], [-79.57998169370899, 43.73088378419601], [-79.57997729030726, 43.73087537885329], [-79.57997139384071, 43.730867274117514], [-79.57996500693325, 43.730858894682164], [-79.57995921028042, 43.7308502917167], [-79.57995290972191, 43.730841592193705], [-79.57994659715662, 43.730833198220125], [-79.57994120616537, 43.730824396600354], [-79.57993471420077, 43.730815490770404], [-79.57992979109441, 43.73080639720386], [-79.57992418715757, 43.73079838501796], [-79.57991711540025, 43.7307901906092], [-79.57991032044573, 43.730781881388076], [-79.57990309201755, 43.73077348470344], [-79.57989641913986, 43.73076498855901], [-79.57989021841257, 43.73075709595825], [-79.57988348450368, 43.73074869327492], [-79.57987698600836, 43.7307409886524], [-79.57987091268623, 43.730732884802], [-79.57986428656702, 43.730724087138945], [-79.57985919585566, 43.730715482181935], [-79.57985470221277, 43.73070688487816], [-79.5798556196552, 43.73070348384449], [-79.57986722011967, 43.73070287641235], [-79.57987109087998, 43.730694672783706], [-79.57986670074914, 43.730686090164035], [-79.57986081481073, 43.73067860142095], [-79.57985919795505, 43.73066928617758], [-79.57985151368409, 43.73066087589035], [-79.57984261808001, 43.73065329257691], [-79.57983211898386, 43.7306479900013], [-79.5798240007314, 43.73064458647945], [-79.57982470088288, 43.730635190519045], [-79.57982669874322, 43.73062608075106], [-79.57982460845747, 43.73061708264448], [-79.57981790134556, 43.730608580743535], [-79.57981492052909, 43.730599481401875], [-79.57981200729928, 43.730590392542965], [-79.5798046233003, 43.73058217891799], [-79.57979860354102, 43.730573876632285], [-79.5797973075347, 43.730570699102536], [-79.57979289741421, 43.7305621906824], [-79.57978819382753, 43.730553588680145], [-79.57978279184603, 43.73054509364315], [-79.57978098634374, 43.73053608397731], [-79.57977731392516, 43.73052719468368], [-79.57977239216919, 43.73051848559351], [-79.5797632188108, 43.73051219310675], [-79.5797557164622, 43.73050467931448], [-79.5797507904416, 43.73049637988547], [-79.57974698941086, 43.730487573571075], [-79.57974310336408, 43.73047829476658], [-79.57973899911063, 43.73046878077253], [-79.57973520334562, 43.73045969393017], [-79.5797321150116, 43.73044968355779], [-79.5797289067869, 43.730439989409625], [-79.57972570805639, 43.73043078212104], [-79.5797256040729, 43.73042109294927], [-79.57972489230431, 43.730412086144945], [-79.57972180387026, 43.730402996621116], [-79.57971721451824, 43.73039318360309], [-79.57971239510971, 43.73038448902919], [-79.57970750266396, 43.73037488831541], [-79.5797035978091, 43.73036568388097], [-79.5796999999863, 43.730356779191], [-79.5796990027293, 43.730347782056455], [-79.57971032275367, 43.73034467865158], [-79.57971542043985, 43.73033808143114], [-79.57971291408757, 43.730328794096614], [-79.57971168739986, 43.7303258816974], [-79.57970881573377, 43.73031559480995], [-79.57970559429002, 43.73030607794607], [-79.57970210035404, 43.73029639433372], [-79.57969950392867, 43.73028678607536], [-79.57969911588809, 43.730285476942], [-79.57969620019043, 43.73027587535129], [-79.57969331628738, 43.73026589487721], [-79.57968999005126, 43.73025597886034], [-79.57968652014398, 43.73024568415262], [-79.57968390744202, 43.7302367911056], [-79.57968351285307, 43.7302353780289], [-79.57968091097337, 43.730226179264925], [-79.57967830780692, 43.73021659602944], [-79.57967552093025, 43.73020808764776], [-79.57967270230222, 43.73019878110213], [-79.57967021201604, 43.73018877942624], [-79.57966671012468, 43.730178992568405], [-79.57966341959398, 43.73016908161775], [-79.57966030072384, 43.73015957841024], [-79.57965660586585, 43.7301503786852], [-79.57965020459393, 43.7301417920631], [-79.57964508722219, 43.73013328633609], [-79.57963900628184, 43.7301250783813], [-79.57963139365867, 43.73011719062703], [-79.5796234993095, 43.73011008165147], [-79.57961670976994, 43.730101491907014], [-79.57961440957999, 43.73009248911648], [-79.57961699095314, 43.73008318087062], [-79.57962111713498, 43.73007429599133], [-79.57962079904065, 43.730064090949796], [-79.57961690624059, 43.73005458097717], [-79.5796141089363, 43.7300455847104], [-79.5796122901881, 43.730036496139654], [-79.57960909283877, 43.730026496289646], [-79.57960602274851, 43.73001707793594], [-79.57960379323208, 43.73000767580216], [-79.57960128967272, 43.72999759521028], [-79.57959738914352, 43.729987981127614], [-79.57959390726572, 43.729977991977805], [-79.5795906087934, 43.72996797778463], [-79.57958670806853, 43.72995849266649], [-79.57958290711346, 43.72994968636806], [-79.57957909818838, 43.72994077682037], [-79.57957351538994, 43.72993269147959], [-79.57956921481527, 43.729923378962205], [-79.5795623013491, 43.729915386140824], [-79.57955491501437, 43.7299080930287], [-79.57954939881925, 43.72989988903794], [-79.57954380420762, 43.729893285428105], [-79.57953722084302, 43.729884980222494], [-79.57953218609076, 43.729876690449515], [-79.57952139622043, 43.72987167891395], [-79.57951448875113, 43.72987059697044], [-79.5795029902371, 43.72986638068915], [-79.57949851451437, 43.729863084450265], [-79.57950801871891, 43.7298572923778], [-79.5795190958277, 43.729862676993754], [-79.5795264001433, 43.72985718647309], [-79.57952320400217, 43.72984849194403], [-79.57951552087327, 43.72984138783899], [-79.57950720119062, 43.72983467894943], [-79.57950010312304, 43.72982658290055], [-79.57949491826176, 43.72981819479596], [-79.57949101349647, 43.72980899037701], [-79.57948720460072, 43.72980008083146], [-79.57948340894035, 43.729790994007764], [-79.57947969032362, 43.72978227642393], [-79.57947661507758, 43.72977339480605], [-79.57947560061614, 43.72976367862401], [-79.57947680082175, 43.72975399532054], [-79.57947859900571, 43.72974419260401], [-79.57948050530162, 43.72973437835049], [-79.57948141428665, 43.72972498696789], [-79.57947918993004, 43.72971609705952], [-79.57947560672112, 43.7297073995812], [-79.57946981838597, 43.72969797903749], [-79.57946351560147, 43.72968889488849], [-79.5794573948898, 43.72968057826999], [-79.57945269255546, 43.72967118457553], [-79.57944819910493, 43.729661282149294], [-79.57944130723304, 43.72965359873905], [-79.57943369871545, 43.72964647923334], [-79.57942329020304, 43.7296414966967], [-79.57941090464132, 43.729640175130385], [-79.57940298913871, 43.72963288397898], [-79.57940169706775, 43.729631395548694], [-79.57939441713344, 43.729623580049854], [-79.5793898097782, 43.729632677918026], [-79.57939030217369, 43.72963909524333], [-79.57939219935818, 43.72964868044718], [-79.57938750718849, 43.72965717686418], [-79.57937641135044, 43.72965199470407], [-79.57937021490352, 43.72964369331233], [-79.57936501804181, 43.72963548265452], [-79.57936200287429, 43.72962637844623], [-79.57936079398169, 43.729616993892044], [-79.57935851224798, 43.729611192544205], [-79.57936181928565, 43.729601680905745], [-79.5793618108528, 43.72959438539565], [-79.57935971025866, 43.729584899434435], [-79.57935589485828, 43.72957588594954], [-79.57934988959775, 43.729567791729025], [-79.57934059286568, 43.72956117443976], [-79.5793289958709, 43.729556279492364], [-79.57931679524161, 43.72955388323279], [-79.57931391577988, 43.72955408927505], [-79.57931190486295, 43.72956337539919], [-79.57931868880178, 43.72957237463552], [-79.5793259834672, 43.72958039646854], [-79.57933261754125, 43.72958799136495], [-79.57933848944175, 43.72959657995038], [-79.57934381262221, 43.72960549917248], [-79.57934691317399, 43.729614282264066], [-79.57934600145622, 43.729623289863405], [-79.57933350145544, 43.729623180162584], [-79.5793271971405, 43.72961488944352], [-79.57932168780204, 43.72960678853066], [-79.57931541155988, 43.729597477919484], [-79.57930930426693, 43.729588191273955], [-79.57930330723546, 43.72957889429141], [-79.57929668947493, 43.7295692790413], [-79.57929031869277, 43.72956018612833], [-79.57928411706084, 43.729550988217554], [-79.57927710568704, 43.72954269931487], [-79.57926890970101, 43.72953488195482], [-79.5792608053398, 43.729527897227385], [-79.57925378847696, 43.729519889713856], [-79.57924731679246, 43.729512086735895], [-79.5792424975645, 43.72950339217344], [-79.57923899017258, 43.72949467946324], [-79.57923630361412, 43.72948487926739], [-79.57923271549, 43.729475284409816], [-79.57922971332972, 43.729465875688234], [-79.57922591657892, 43.729455483555405], [-79.57922229799917, 43.72944547500779], [-79.5792194009003, 43.72943659267875], [-79.57921591909317, 43.72942778058401], [-79.57921300628814, 43.729418690894306], [-79.57921100930456, 43.72940947582192], [-79.57920730400494, 43.72940058096478], [-79.57920351521345, 43.72939159722712], [-79.57920101305879, 43.72938190112438], [-79.57920011820832, 43.72937279044089], [-79.57919680785093, 43.72936308180959], [-79.57919191812572, 43.72935399385434], [-79.5791866005007, 43.729344793244046], [-79.57918109802237, 43.729335490270174], [-79.57917739951525, 43.729326698495356], [-79.57917341133042, 43.72931727710304], [-79.57917220652777, 43.7293074837642], [-79.57916951842422, 43.729298477010424], [-79.57916700702779, 43.72928829319175], [-79.5791661908262, 43.72927888641636], [-79.57916379371058, 43.72926958860853], [-79.57916030671636, 43.72925988000339], [-79.57915739119579, 43.72925027844273], [-79.5791560097464, 43.72924048512942], [-79.57915529036956, 43.729231374260316], [-79.57915369491266, 43.729221985040965], [-79.57915329983453, 43.72921258784338], [-79.57915399236315, 43.729203087841896], [-79.57915529619274, 43.72919367545333], [-79.57915842007391, 43.7291841880218], [-79.5791607860574, 43.72917528461743], [-79.57916460786588, 43.72915379067724], [-79.57916740404356, 43.729136886318194], [-79.57916750878465, 43.72912929962356], [-79.5791663973709, 43.72911798328518], [-79.57916401475923, 43.72911019781864], [-79.57916079450816, 43.729104084183426], [-79.57915970120916, 43.72909727527111], [-79.57916420134157, 43.72909537949326], [-79.57916749187618, 43.72909129125686], [-79.57916838579744, 43.72908719448338], [-79.5791686194687, 43.72906787888076], [-79.57916640015894, 43.729061191511725], [-79.57916461211357, 43.729051595824885], [-79.57916221905353, 43.72904188923159], [-79.57916080557986, 43.729032475672305], [-79.57915952119025, 43.72902297741062], [-79.57915859711662, 43.729013581321574], [-79.57915890686826, 43.729003796816286], [-79.5791597946054, 43.72899409519816], [-79.57915971474898, 43.72898510014136], [-79.57916400686395, 43.728975600183574], [-79.57916610185963, 43.728965480404334], [-79.57916781003844, 43.728955484908255], [-79.57916850910817, 43.728946088861534], [-79.57916921065082, 43.7289370774535], [-79.57917148872586, 43.72892798243636], [-79.57917520532165, 43.72891878423226], [-79.57917918945273, 43.7289089835013], [-79.57918320130418, 43.72889908458485], [-79.57918849297278, 43.72888967536554], [-79.57919550257193, 43.72888148086541], [-79.57920101490748, 43.72887269147365], [-79.57920690905603, 43.72886418556294], [-79.57921179257994, 43.72885589549477], [-79.57921719353811, 43.72884647490741], [-79.57922439155664, 43.72883797570027], [-79.5792321001224, 43.72883059697328], [-79.57924081762064, 43.728822875859585], [-79.57924910145819, 43.72881519624248], [-79.57925730604441, 43.72880688998625], [-79.57926489729742, 43.72879929127678], [-79.57927268826737, 43.72879108041988], [-79.57928148680124, 43.72878319164625], [-79.57929130486076, 43.72877649644872], [-79.57930119724946, 43.728769786713066], [-79.57930928714092, 43.72876269318777], [-79.57931879424609, 43.72875518620054], [-79.5793283158672, 43.7287478864043], [-79.5793373907952, 43.72874067641943], [-79.57934529857945, 43.72873268726443], [-79.57935441882718, 43.72872517645768], [-79.57936230528824, 43.72871818216932], [-79.5793701134859, 43.728710690373866], [-79.57937860468896, 43.72870367975254], [-79.57938759325614, 43.728696789847525], [-79.57939679554363, 43.728690673751075], [-79.57940649519536, 43.72868467837068], [-79.57941681843202, 43.728677287151925], [-79.57942728902805, 43.72867078752748], [-79.57943832060806, 43.728663778957355], [-79.57944830753082, 43.72865697961141], [-79.57945861874268, 43.72864989393483], [-79.57946819726678, 43.72864408650072], [-79.57947818393416, 43.72863859315363], [-79.57948940010581, 43.72863299294255], [-79.5795006988103, 43.72862748057879], [-79.57951248667449, 43.72862198654389], [-79.579523115321, 43.72861699362843], [-79.57953439141735, 43.72861209165899], [-79.5795454134201, 43.72860707839977], [-79.57955640783526, 43.72860177816225], [-79.5795674085639, 43.72859658272897], [-79.57957860482426, 43.72859197668065], [-79.57958851690275, 43.72858649872258], [-79.57959979702426, 43.72858118795061], [-79.57961149298511, 43.72857747241446], [-79.57962389760175, 43.728573089724605], [-79.57963592307806, 43.72856867922909], [-79.57964789575536, 43.72856459267834], [-79.57965999986314, 43.72855988608461], [-79.57967051286369, 43.728554799716164], [-79.57968100310434, 43.7285492756691], [-79.57969230976977, 43.72854399463167], [-79.57970340775859, 43.72853909335994], [-79.57971409213764, 43.72853428748903], [-79.57972558993262, 43.72852908551543], [-79.57973760113254, 43.728524595052676], [-79.57975011047944, 43.728521788535524], [-79.5797630186784, 43.72851868028557], [-79.57977580997111, 43.72851509412861], [-79.57978818894355, 43.72851198784097], [-79.57980009102832, 43.72850868491436], [-79.5798126104723, 43.72850989825163], [-79.57982501056205, 43.728511682282544], [-79.57983671370582, 43.72851487772038], [-79.57984938754099, 43.728515779725456], [-79.5798587108402, 43.728509475633615], [-79.57986831333626, 43.728503185167796], [-79.57987408742862, 43.728494995448656], [-79.57987831699259, 43.728486381508304], [-79.5798827910191, 43.728477777163526], [-79.57989001158359, 43.72846958749437], [-79.5798995074799, 43.72846369217006], [-79.57991028639928, 43.7284587966792], [-79.57992348825724, 43.72845578112475], [-79.57993541162288, 43.72845148331427], [-79.5799474198029, 43.72844778695038], [-79.57995930306885, 43.728444686469196], [-79.57997080355995, 43.728439996340185], [-79.57998239062145, 43.72843629040082], [-79.57999399064633, 43.72843227994567], [-79.58000611195264, 43.72842829237298], [-79.58001770602135, 43.728431498291876], [-79.58002740964527, 43.72843778802683], [-79.58003358953914, 43.728439995743365], [-79.58004179236221, 43.72843248286076], [-79.58004461729753, 43.72842999202372], [-79.5800525051248, 43.728422076151645], [-79.58006191094479, 43.72841468285154], [-79.58006661818776, 43.72841227986014], [-79.5800780989095, 43.72840648601486], [-79.58008871695819, 43.728400877050355], [-79.58009939878403, 43.728395686498544], [-79.58010889212345, 43.72838927841661], [-79.58011899820897, 43.72838308534522], [-79.58012950314605, 43.72837789567749], [-79.58014070988193, 43.728372984710475], [-79.5801526014466, 43.7283678887153], [-79.58016431979863, 43.728363178412046], [-79.58017639075508, 43.72835859426352], [-79.58018759473887, 43.728354476553754], [-79.5802008843775, 43.728351396381015], [-79.58021361312838, 43.72834659918068], [-79.58022629676306, 43.72834327897353], [-79.58024019792063, 43.72834028553691], [-79.5802521101853, 43.72833759940002], [-79.58026420881963, 43.72833409409121], [-79.58027789607162, 43.72833058390544], [-79.58029131735353, 43.728326882814926], [-79.58030388918633, 43.72832188419257], [-79.58031572064498, 43.72831688266873], [-79.58032662187557, 43.72831087850898], [-79.5803393200398, 43.72830658844029], [-79.58035180276168, 43.728303880194915], [-79.58036558804989, 43.7283007941661], [-79.58037830868123, 43.72829799156852], [-79.58039061475023, 43.72829528334283], [-79.5804038097813, 43.72829229273851], [-79.58041731764571, 43.72828839878256], [-79.58042919405565, 43.72828519516034], [-79.58044159446237, 43.72828239819212], [-79.5804544186819, 43.72827868942838], [-79.58046809389795, 43.72827548475957], [-79.58048149911174, 43.72827249798096], [-79.58049350063038, 43.728269874639686], [-79.58050701218983, 43.72826649357593], [-79.5805192184295, 43.72826297841998], [-79.58053331498027, 43.72825978244679], [-79.58054610340507, 43.728256989444446], [-79.58055909523809, 43.72825409719734], [-79.58057279290239, 43.72825107485238], [-79.58058491531803, 43.72824839250833], [-79.58059809054276, 43.72824547521007], [-79.58061059324588, 43.728242692731286], [-79.58062448637456, 43.72823959598672], [-79.58063720542842, 43.72823758678353], [-79.58065112103617, 43.72823597751085], [-79.58066460331115, 43.72823348804038], [-79.580678395306, 43.728230376943394], [-79.58069199461748, 43.72822798020994], [-79.5807054155238, 43.728227682930225], [-79.58071881394545, 43.72822589817249], [-79.58073119551713, 43.7282244806665], [-79.58074481185753, 43.728223980889005], [-79.58075800831219, 43.72822359981084], [-79.5807707976799, 43.728223289980384], [-79.58078350222051, 43.72822237870135], [-79.58079671722878, 43.72822179601415], [-79.58080950659576, 43.728221486178064], [-79.58082210328313, 43.728221890705925], [-79.58083520514907, 43.72822277625126], [-79.58084789747775, 43.7282234765076], [-79.58086099532706, 43.72822359380685], [-79.58087488560977, 43.72822338815847], [-79.5808873972372, 43.72822319209317], [-79.58090099107542, 43.72822238185199], [-79.58091421129981, 43.72822139052166], [-79.58092669769648, 43.72822167727363], [-79.58093921709211, 43.72822289044834], [-79.58095211152438, 43.728224284014175], [-79.5809570061004, 43.728224978245976], [-79.58096738915674, 43.728230187189624], [-79.58097992327843, 43.72823147858697], [-79.58099279620686, 43.72823269083875], [-79.58100580255358, 43.72823248788959], [-79.581018287655, 43.72823239016037], [-79.58103070624672, 43.72823149024241], [-79.58104321112114, 43.72823249621144], [-79.58105571903515, 43.72823178721666], [-79.5810689152202, 43.728231278854665], [-79.58108141887429, 43.72823097951319], [-79.58109410465673, 43.72823157579148], [-79.58110830043395, 43.72823128623699], [-79.58112150493986, 43.728230087515705], [-79.58113488881914, 43.72822809550345], [-79.58114800147395, 43.72822619311494], [-79.58116092118397, 43.728224877854046], [-79.58117470918512, 43.72822478574579], [-79.58118821787764, 43.728224295713424], [-79.58120078930718, 43.728223877873624], [-79.5812137090871, 43.72822399584101], [-79.58122749401845, 43.72822549058664], [-79.58124000840394, 43.728226983381376], [-79.58125291212293, 43.72822768758311], [-79.58126651918224, 43.728227877044475], [-79.5812796941251, 43.728228491616235], [-79.5812929153378, 43.728229983433046], [-79.58130611431838, 43.72823129204551], [-79.58132011063795, 43.72823279078047], [-79.58133248920285, 43.72823439328786], [-79.58134560307994, 43.72823379617474], [-79.5813581052396, 43.72823559536124], [-79.5813708150647, 43.72823688564421], [-79.58138349004324, 43.72823778759518], [-79.58139660645267, 43.72823888024765], [-79.58140909006399, 43.72824088103025], [-79.58142129198608, 43.72824248355233], [-79.58143431133081, 43.72824328116164], [-79.58144680168887, 43.72824407988227], [-79.58145979975797, 43.72824469531703], [-79.58147259035906, 43.72824569068926], [-79.58148531892631, 43.728244296316696], [-79.58149771877676, 43.72824608097162], [-79.58151080865855, 43.72824609492538], [-79.58152440793748, 43.728244875099236], [-79.58153810934493, 43.72824497578177], [-79.5815510888644, 43.7282457928064], [-79.58156421049196, 43.72824647680831], [-79.5815761929936, 43.72824889289416], [-79.58158880546752, 43.72825198684457], [-79.5816013979697, 43.728255283090654], [-79.58161359182085, 43.72825757507486], [-79.58162691418062, 43.7282590811844], [-79.58164072068388, 43.72826088527312], [-79.5816535988966, 43.728262993939], [-79.58166730155716, 43.728265576943265], [-79.58167950473282, 43.72826848473486], [-79.58169190028784, 43.728272776893355], [-79.58170369512575, 43.72827667660402], [-79.58171638617249, 43.72828039527704], [-79.58172922316636, 43.72828487813228], [-79.58174139834885, 43.728289982838525], [-79.58175400935774, 43.728293998297026], [-79.5817662057723, 43.72829798003408], [-79.5817764996107, 43.728302997957734], [-79.5817875063521, 43.72830929312818], [-79.58179880655418, 43.72831568187192], [-79.58180891827065, 43.72832098120873], [-79.58181920963715, 43.728326791527934], [-79.58182929756029, 43.72833257299209], [-79.58183989596286, 43.72833868304297], [-79.58184919824912, 43.728344890539496], [-79.58185839024372, 43.728350980275415], [-79.58186371778716, 43.72835949049602], [-79.58187410347199, 43.72836508397284], [-79.58188678533648, 43.72836739406849], [-79.58189869702461, 43.72837138735707], [-79.58191040435034, 43.72837547885865], [-79.58192061066698, 43.728380688584224], [-79.58193231397814, 43.728385188877645], [-79.58194301344, 43.728389880023], [-79.58195140376093, 43.728396982026645], [-79.5819568894261, 43.72840569381884], [-79.58196880943912, 43.72840899674657], [-79.58198120679897, 43.72840909155998], [-79.58199351734406, 43.72841278309551], [-79.58200069142384, 43.72842099175326], [-79.58200889165406, 43.728428271921075], [-79.58202028647116, 43.72843339400231], [-79.58202859378466, 43.72842628008254], [-79.58203051655076, 43.72841718576461], [-79.58204031689175, 43.72841107634344], [-79.5820538907347, 43.7284113890582], [-79.5820657001699, 43.72841549591378], [-79.58207849633105, 43.7284173868473], [-79.58209131482887, 43.728420894218665], [-79.58210261536996, 43.728425184188566], [-79.58211531554208, 43.72842939138634], [-79.5821271982424, 43.72843309836304], [-79.58213659369837, 43.7284390888258], [-79.58213960159155, 43.72844808877488], [-79.58213369752265, 43.72845597887975], [-79.582145314461, 43.72845609108116], [-79.58215860809928, 43.728455083991], [-79.58217100794754, 43.72845438637711], [-79.58218369657617, 43.72845549437289], [-79.58219642095393, 43.72845568659092], [-79.58220998930038, 43.72845837854605], [-79.58222281862338, 43.728461580183904], [-79.58223548465769, 43.728459895557236], [-79.58223601452634, 43.72846918453603], [-79.58223160196776, 43.728477695538416], [-79.58223581447275, 43.728477781479526], [-79.58224930750626, 43.728477083923394], [-79.58226161960785, 43.72847998199043], [-79.58227229915471, 43.728484875395566], [-79.58228548999733, 43.728488179352595], [-79.58229910891002, 43.72849028994646], [-79.5823120087295, 43.72849257982602], [-79.5823247876845, 43.72849178188273], [-79.58233781397477, 43.728488894262114], [-79.58235110234597, 43.72848699063072], [-79.58236442074087, 43.72848877732475], [-79.5823769059768, 43.72848998453995], [-79.58238979502133, 43.72849048224714], [-79.58240230822932, 43.728489492533335], [-79.58241551396519, 43.72848829378445], [-79.58242770096724, 43.728491788579], [-79.58243711898486, 43.72849808945079], [-79.58244870279154, 43.72850198420162], [-79.58246139918495, 43.72850319626872], [-79.58247461804429, 43.728505480310055], [-79.58248840857743, 43.72850669347067], [-79.582501306917, 43.72850767887863], [-79.58251431873937, 43.728505889178564], [-79.58252729839892, 43.72850578522162], [-79.58253968631931, 43.728508796116], [-79.58255171649684, 43.72851339462607], [-79.5825641031904, 43.72851627724838], [-79.5825762001572, 43.72851957920309], [-79.58258868643813, 43.72852209255789], [-79.5826005999708, 43.728525291459135], [-79.58261229382131, 43.72852917671064], [-79.5826229934266, 43.72853399587633], [-79.5826336184644, 43.72853987938192], [-79.58264009737375, 43.728547785152884], [-79.58265212126028, 43.72855018096813], [-79.5826649172912, 43.72855220078013], [-79.58267681880537, 43.728555577117895], [-79.58268821377433, 43.72855977827713], [-79.58270101124167, 43.72855969951319], [-79.58271338739843, 43.72856078909078], [-79.58272520514147, 43.72856499824622], [-79.58273720077106, 43.72856828670067], [-79.58274829144595, 43.728572571896066], [-79.58275892325965, 43.72857738142887], [-79.58277130851641, 43.728581185555335], [-79.58278190054487, 43.72858719155733], [-79.58279001980851, 43.72859438311848], [-79.58280128837518, 43.72859879654649], [-79.58281438622288, 43.72860139659426], [-79.5828267209458, 43.728605782061834], [-79.58283611799172, 43.728611899860745], [-79.58284569951836, 43.72861837794003], [-79.58285688979753, 43.72862229385818], [-79.58286829150416, 43.72862739081375], [-79.58288101979073, 43.72863057801653], [-79.58289251032676, 43.728634690581146], [-79.58290380297409, 43.72863979804255], [-79.58291529100993, 43.72864457490552], [-79.5829261142751, 43.72864959071784], [-79.5829374026454, 43.72865497973318], [-79.58294862220276, 43.728659181059584], [-79.58295998938296, 43.728663096072275], [-79.58295500797055, 43.72867188473772], [-79.58296489525175, 43.728678278067335], [-79.5829770028155, 43.72868219595565], [-79.58298891626913, 43.72868670080855], [-79.58300201958421, 43.72868889134014], [-79.58301391572665, 43.72869267712371], [-79.58302661874907, 43.72869609093077], [-79.58303829699527, 43.72869989686897], [-79.58304959487354, 43.728704595686736], [-79.58305979869859, 43.7287105985523], [-79.5830689974019, 43.72871758485372], [-79.5830790856092, 43.72872349428522], [-79.58309251475802, 43.72872578206677], [-79.58310521779538, 43.728729195863], [-79.58311641463818, 43.72873308759257], [-79.58312681254658, 43.728738375384474], [-79.58313590370103, 43.72874457875712], [-79.58314560785834, 43.728750996256835], [-79.58315271414686, 43.72875919607962], [-79.58315880906918, 43.72876748179578], [-79.58317149616418, 43.72877068908598], [-79.58318369960706, 43.72876888765441], [-79.58319580997741, 43.72876638238947], [-79.58320810392726, 43.72876267416949], [-79.5832182084886, 43.72875648056101], [-79.58322920625672, 43.728751692765876], [-79.58324080238167, 43.72874729706862], [-79.5832379133068, 43.72875617822503], [-79.58322720272001, 43.728761082886066], [-79.58321520525028, 43.728765395691084], [-79.58320559517658, 43.72877158328278], [-79.58320869085024, 43.728780391391155], [-79.58322201505425, 43.72877979782649], [-79.58325978995764, 43.728769287087566], [-79.58326159405837, 43.72876429644112], [-79.58326841245238, 43.728755896354556], [-79.58327068453423, 43.7287530959256], [-79.58327501981391, 43.728744087525065], [-79.58327939214502, 43.728735596755335], [-79.58328260946614, 43.72873177841853], [-79.58328748969325, 43.72872297539094], [-79.5832893961595, 43.72871917629405], [-79.5832951161733, 43.72872387773519], [-79.58330210686064, 43.72873198411289], [-79.58330361296841, 43.728733989216124], [-79.58331240630572, 43.72873907541916], [-79.58332440654289, 43.728735274476506], [-79.58332851688257, 43.72873299091412], [-79.58333999458618, 43.72872798989721], [-79.58334568571469, 43.72872429215255], [-79.5833535009705, 43.72871677601349], [-79.58335490236965, 43.72871497808791], [-79.58335859159081, 43.72870587807184], [-79.58336371226038, 43.72869749342212], [-79.58337109166614, 43.72868988949966], [-79.58337260598655, 43.728685190089855], [-79.58337409106191, 43.728675496242055], [-79.58337641245772, 43.72866727717493], [-79.58338399125583, 43.72865998279805], [-79.58338971814032, 43.72865549737453], [-79.5833981901791, 43.72864868797012], [-79.58340338810109, 43.72864328283225], [-79.58341071563531, 43.728635875788584], [-79.58341390072297, 43.72863348699514], [-79.58342100237456, 43.72862599686132], [-79.58342689527116, 43.728619590280125], [-79.58343168800788, 43.72861228420667], [-79.58343571423534, 43.728615287145686], [-79.58343431315993, 43.72862309836524], [-79.58342990732224, 43.72863158527677], [-79.58342659332476, 43.72863758989606], [-79.58342352340458, 43.72864688074296], [-79.58342019051726, 43.72865649170883], [-79.58341540339724, 43.72866599857206], [-79.5834115108979, 43.72867179395872], [-79.58340609623646, 43.728680879505276], [-79.58340281790299, 43.72868479130863], [-79.58339490403975, 43.728692677747745], [-79.5833891146704, 43.72869817816838], [-79.58338159043193, 43.72870658028082], [-79.58337651734993, 43.72871609854883], [-79.58337171149196, 43.72872698491878], [-79.58336672094879, 43.72873659103219], [-79.58336530637372, 43.72873869433624], [-79.58335820068949, 43.728746593265015], [-79.58335650582605, 43.72874829762144], [-79.58335519484372, 43.728757478703336], [-79.58335809276021, 43.72876177994574], [-79.5833709008667, 43.728763494109934], [-79.58338362383661, 43.72876447958921], [-79.58339750757781, 43.72876547560063], [-79.5834112079224, 43.7287664966614], [-79.58342291125857, 43.72876628860615], [-79.58343571433925, 43.72876618454591], [-79.58344461691728, 43.7287679844445], [-79.58345722307622, 43.728768876312664], [-79.58347131291198, 43.72876897979808], [-79.58347339190152, 43.72876899334164], [-79.58348722107822, 43.728768881604815], [-79.58350089351342, 43.7287673905593], [-79.58351381206128, 43.72876489774012], [-79.58352779299105, 43.72876278488567], [-79.58352991048815, 43.72876239452523], [-79.5835428172374, 43.72876007828579], [-79.58355590597456, 43.72875878662608], [-79.58356721465621, 43.72875729360263], [-79.58358020375661, 43.728755194165494], [-79.58359359442906, 43.72875317675268], [-79.58360000055865, 43.72875219152965], [-79.58361312375143, 43.728750776654], [-79.58361909399297, 43.7287495755479], [-79.58363121755225, 43.72874689294506], [-79.58364259420087, 43.728743182687104], [-79.58365451455097, 43.72873850059009], [-79.58366631784227, 43.72873569553255], [-79.58367831655676, 43.728732687974585], [-79.58368701052682, 43.72873028670511], [-79.58369950523003, 43.72872949840943], [-79.58371081121801, 43.72872879863202], [-79.5837233003449, 43.72872698658279], [-79.58372931164173, 43.72872589430447], [-79.5837349042447, 43.7287285809913], [-79.58372820822318, 43.7287367933238], [-79.58373271050849, 43.728745877895456], [-79.58374569940321, 43.72874587717531], [-79.5837572103781, 43.72874088082741], [-79.58375929605018, 43.72873969230442], [-79.58376978611992, 43.72873429500072], [-79.5837765220835, 43.72873038708843], [-79.58378881853291, 43.72872719152556], [-79.58380241751262, 43.728728199047396], [-79.58381631323499, 43.72872888944549], [-79.58382570773048, 43.728731091386216], [-79.58383769828986, 43.72873478831944], [-79.58384960104809, 43.72873959877221], [-79.58385732048652, 43.72874709182112], [-79.58385370998283, 43.72875328461886], [-79.5838520003147, 43.728762895558596], [-79.58385341179599, 43.728768394136154], [-79.58386459696125, 43.72877259045514], [-79.58386810789914, 43.72877239678262], [-79.58388081229708, 43.72877148591534], [-79.58389420402922, 43.72877077462766], [-79.58390760939774, 43.72876778645543], [-79.5839211979289, 43.728764774091374], [-79.5839349965123, 43.72876399239573], [-79.58394501430753, 43.72876597635613], [-79.5839574025032, 43.72877029219377], [-79.58396300036001, 43.72877269834004], [-79.58397478895891, 43.728776493812234], [-79.58398639948726, 43.728780290009304], [-79.5839942026896, 43.72878329013965], [-79.58400520698798, 43.728787896131635], [-79.58401690369622, 43.728793599078635], [-79.58402720475156, 43.72879989686975], [-79.58403391381808, 43.72880747684045], [-79.58403769698826, 43.728816484501515], [-79.58403881360799, 43.72881927906155], [-79.58404999080219, 43.72882429294901], [-79.58406230180408, 43.72882588545942], [-79.58407459026662, 43.728828088368125], [-79.58408730556549, 43.728829097734554], [-79.58409900110365, 43.72883218936013], [-79.58411181046472, 43.72883298274588], [-79.58412472118893, 43.728833789606995], [-79.58413851586297, 43.728834593714524], [-79.58415229576423, 43.72883519149167], [-79.5841653978684, 43.72883607654225], [-79.58417779665636, 43.72883747635417], [-79.58419130561576, 43.72883829099795], [-79.58420391424899, 43.72883839035702], [-79.5842168914377, 43.728837773411826], [-79.58423011176728, 43.728836781578735], [-79.5842440912485, 43.72883559014305], [-79.58425660302755, 43.72883539359655], [-79.5842698101403, 43.728834579035684], [-79.5842829136522, 43.72883349359529], [-79.58429510508837, 43.72883199755561], [-79.5843084888498, 43.72883118295599], [-79.58432109383929, 43.72883299537109], [-79.58433349383431, 43.72883347449013], [-79.58434601228093, 43.72883207587058], [-79.58435859056128, 43.72883058361683], [-79.58437220595964, 43.72882877710318], [-79.58438462052446, 43.72882698036327], [-79.58439708729846, 43.72882629101798], [-79.58440999654573, 43.72882789127056], [-79.58441700217348, 43.72883607579153], [-79.58442338565858, 43.72884499171591], [-79.58443070358642, 43.728852274595596], [-79.58442879861292, 43.72886208805179], [-79.58442661710525, 43.728871094631124], [-79.58443359746846, 43.72887858493774], [-79.58444640429464, 43.72888239751995], [-79.58445851067512, 43.728884881798294], [-79.58447140152956, 43.72888798878737], [-79.58448301731292, 43.72889137629381], [-79.5844946051446, 43.72889578368883], [-79.58450571715399, 43.728901300642356], [-79.58451530443979, 43.72890749715885], [-79.5845262170002, 43.72891257646653], [-79.58453359084402, 43.728914287575634], [-79.584538902902, 43.72891539909183], [-79.58455300474361, 43.728917679900135], [-79.58456711980078, 43.7289197834279], [-79.58458030709359, 43.72892139709931], [-79.58459360988323, 43.72892179905844], [-79.5846061135705, 43.72892019407287], [-79.58461831049077, 43.72891749575807], [-79.58463151217208, 43.72891447948825], [-79.58464441615696, 43.728911779309755], [-79.58465771894448, 43.72891218125913], [-79.58467031199241, 43.728914299172004], [-79.5846821884691, 43.72891698102884], [-79.58469559742119, 43.72891908742797], [-79.58468841095316, 43.72892728223422], [-79.5846744913892, 43.728927074105115], [-79.58466182123473, 43.728927990843125], [-79.5846479111149, 43.72892957556838], [-79.58463539384076, 43.728930974400456], [-79.58462180265707, 43.72893229709873], [-79.58460969364948, 43.72893518703198], [-79.58459850854211, 43.72894028075409], [-79.58458869388483, 43.72894618328569], [-79.5845917048544, 43.728955695911296], [-79.58460361049943, 43.72896089004229], [-79.58461680820544, 43.728964297598935], [-79.58462959516451, 43.7289668783508], [-79.5846422095156, 43.72896917843897], [-79.58465621272781, 43.72897078058952], [-79.58466871013157, 43.728971681934], [-79.58468261369046, 43.72897247630697], [-79.58469611471547, 43.728973187624995], [-79.58470898685735, 43.728973093163276], [-79.58469890613678, 43.72896728802336], [-79.58468599551738, 43.7289643825026], [-79.58467339337548, 43.7289617760107], [-79.58466059039658, 43.728959781508145], [-79.58464771841219, 43.72895777721922], [-79.58463532201098, 43.72895558507039], [-79.58462331136981, 43.728952090541014], [-79.58461569682778, 43.72894747887966], [-79.58461930465558, 43.72894417719051], [-79.58463170365637, 43.72894099515154], [-79.58463519982817, 43.72894059511988], [-79.58464660956722, 43.72894487512342], [-79.58465300632137, 43.7289466778886], [-79.58466541326936, 43.728949486021705], [-79.58467819628547, 43.72895168282225], [-79.58469121746103, 43.72895038051333], [-79.58470449471406, 43.728947477959125], [-79.58471691622516, 43.72894708939173], [-79.58472931772403, 43.728947695861265], [-79.58474319490587, 43.72894648983738], [-79.58475611233057, 43.72894609454494], [-79.58476980568636, 43.72894688507714], [-79.58477178915736, 43.72894698716176], [-79.58478450046375, 43.72894827712325], [-79.58479751340909, 43.72895027629712], [-79.5848056131072, 43.72895178305458], [-79.58482000340011, 43.72895338810884], [-79.5848346981811, 43.728954780146566], [-79.58483698989691, 43.728955182122604], [-79.58485130296661, 43.72895759584177], [-79.5848638042196, 43.72896018710606], [-79.58487611941506, 43.728963596688594], [-79.58488931856661, 43.72896608267002], [-79.58489429160177, 43.728967274186914], [-79.5849059089058, 43.72897078904485], [-79.58491431034382, 43.72897418204709], [-79.5849275892925, 43.72897388904666], [-79.58493140729655, 43.72897399505532], [-79.58494390575713, 43.72897607443281], [-79.58495621031675, 43.72897769097665], [-79.58496970308349, 43.728979092606835], [-79.58497860732696, 43.728981275958326], [-79.58499050760406, 43.72898439648279], [-79.5849934055412, 43.728983988649915], [-79.58500540024207, 43.72898138970266], [-79.58501578900614, 43.72898068779318], [-79.58502861063194, 43.72898117463542], [-79.585033498836, 43.7289818928], [-79.58503001973799, 43.728986288561686], [-79.58501719288753, 43.72898948613145], [-79.58501010501654, 43.72899129563765], [-79.58499871363954, 43.72899479974914], [-79.5849939998911, 43.72899487308803], [-79.58498140818517, 43.72899418863085], [-79.58496989860647, 43.72899368268529], [-79.58495701861486, 43.72899249603319], [-79.58494881369009, 43.72899268975008], [-79.58493831594879, 43.72899798309028], [-79.58493839041871, 43.72900019452967], [-79.58494779567033, 43.72900667242589], [-79.584950313321, 43.72900728558523], [-79.584963016713, 43.729008600372985], [-79.58497719825486, 43.729009280041105], [-79.58499012101879, 43.7290097812281], [-79.58500379191673, 43.729010389384726], [-79.58501711070285, 43.729010997776776], [-79.58502401137875, 43.72901197620264], [-79.58503638775919, 43.729013193555126], [-79.58504480503052, 43.72901208401597], [-79.58505831803888, 43.72900908584565], [-79.58506590728675, 43.72900698822442], [-79.585078816453, 43.72900387935352], [-79.58508929846674, 43.72900518640693], [-79.58510101288522, 43.729008075433875], [-79.58510890520932, 43.7290100902135], [-79.58512251508596, 43.72901079181592], [-79.58513250526484, 43.72901039078584], [-79.58514620410396, 43.729009979029414], [-79.58515369502098, 43.72900837893745], [-79.5851666057957, 43.729005781760655], [-79.58517619292806, 43.72900609214067], [-79.58519001153513, 43.72900759099258], [-79.58520141746546, 43.72900769793227], [-79.58521389996346, 43.72900708772976], [-79.58522780101859, 43.729007497378255], [-79.58522989355977, 43.72900758893945], [-79.58524232293514, 43.729008481449725], [-79.5852553891886, 43.72901028298059], [-79.58525749746558, 43.729010581900916], [-79.58526989913851, 43.72901249343538], [-79.58528302252971, 43.72901578733472], [-79.58528660116663, 43.72901678112433], [-79.5852992206612, 43.72901997849532], [-79.5853127096943, 43.72902178800623], [-79.5853262132681, 43.729022883865724], [-79.58533970886502, 43.72902479731509], [-79.58534178943417, 43.72902519442115], [-79.58535509612737, 43.72902728621324], [-79.58536389117921, 43.72902817489795], [-79.5853770120566, 43.72903108414522], [-79.58538460001624, 43.72903448895747], [-79.58539781253144, 43.72903797462577], [-79.5854093898238, 43.729040588874966], [-79.58542180747166, 43.72904178604468], [-79.58543071002585, 43.729042280602705], [-79.5854445858042, 43.72904199600186], [-79.5854590027347, 43.729041275750724], [-79.58546100593539, 43.729041176383504], [-79.58547460781196, 43.729039291637605], [-79.58548580228421, 43.729036783401], [-79.58549822100538, 43.729035882847015], [-79.58551060549729, 43.729038380422296], [-79.58552359704952, 43.72903889217739], [-79.58553591633296, 43.72903718298257], [-79.58554870071751, 43.72903728108153], [-79.5855613054213, 43.72903778904162], [-79.58557360076007, 43.72903669093662], [-79.58558772118765, 43.72903628692967], [-79.58560111976544, 43.7290356784602], [-79.58561450626112, 43.72903419849521], [-79.58562741555804, 43.72903239468451], [-79.58563980501985, 43.729029774587154], [-79.58565261323297, 43.729028084534804], [-79.58566521029061, 43.72902638962448], [-79.58567740571876, 43.72902448459528], [-79.58569021392903, 43.72902279453749], [-79.58570278964078, 43.72902078935105], [-79.58571559246192, 43.72901807467535], [-79.58572831554339, 43.72901578403059], [-79.58574041410256, 43.729013583096076], [-79.58575361578761, 43.72901069475624], [-79.58576580586917, 43.72900789320097], [-79.58577870325101, 43.729005088911855], [-79.58579131468125, 43.72900229603337], [-79.58580400067292, 43.72899948774753], [-79.58581699238533, 43.72899659471122], [-79.58583009972547, 43.72899379510174], [-79.58584260484453, 43.72899139650524], [-79.58585449717891, 43.728988782935076], [-79.5858667137666, 43.728985883009464], [-79.58587859958493, 43.72898329359386], [-79.58589111666808, 43.72898058944306], [-79.5859015932872, 43.72897759600065], [-79.58591399726744, 43.728975183056164], [-79.5859162929773, 43.72897517620814], [-79.5859240046785, 43.72897667890603], [-79.58593119521089, 43.72898169073955], [-79.58593890427024, 43.728983986701564], [-79.58594150846477, 43.72898427887916], [-79.58595441504735, 43.72898549513031], [-79.58596568815247, 43.72898609461655], [-79.58597898816004, 43.728985984490066], [-79.5859921873195, 43.72898598726114], [-79.58599869305816, 43.72898568153352], [-79.58601211162035, 43.72898499880253], [-79.5860251045651, 43.72898458894889], [-79.58602821269027, 43.72898418490562], [-79.58604100632725, 43.72898228760605], [-79.58605058698716, 43.72898039520419], [-79.58606280890471, 43.72897839176517], [-79.5860710894314, 43.728976084826016], [-79.58608190484983, 43.728971578094395], [-79.58608750127175, 43.728968097872425], [-79.58609669616142, 43.72896187712252], [-79.58609900652989, 43.72896089955716], [-79.5861097037589, 43.72895499391589], [-79.58611821140522, 43.72894739569654], [-79.58612349527509, 43.728939187255015], [-79.58612899599146, 43.72893449046347], [-79.5861399988231, 43.728929677972786], [-79.58614480173358, 43.728928490353816], [-79.58615719915181, 43.72892518069328], [-79.58616920573922, 43.72892227604016], [-79.58617190571597, 43.728921686035015], [-79.5861846937502, 43.72891889306433], [-79.58619799669287, 43.72891589003357], [-79.58621120483437, 43.72891297746849], [-79.586223717898, 43.72891068206691], [-79.58623650615864, 43.72890788822605], [-79.5862494966283, 43.728904994958306], [-79.58625448949344, 43.72890388621842], [-79.58626780018093, 43.72890098728838], [-79.58628040633191, 43.72889847486786], [-79.58629441757074, 43.72889559821819], [-79.58630779482958, 43.728892580627935], [-79.58631991827006, 43.72888989765157], [-79.58632492309835, 43.728888483360315], [-79.58633650578197, 43.72888518536926], [-79.58634939895877, 43.7288806919136], [-79.58635521859914, 43.728878088023336], [-79.5863675084207, 43.72887268941155], [-79.58637801395597, 43.72886749915184], [-79.5863885077278, 43.728861692735904], [-79.58639921663014, 43.72885548237753], [-79.58641190241363, 43.72885149696575], [-79.58642211555707, 43.72884739121344], [-79.58643372078227, 43.72884217680661], [-79.58644259126991, 43.72883519344027], [-79.58644441762604, 43.72883378894789], [-79.5864541933071, 43.728828290978676], [-79.5864644053007, 43.728822879050405], [-79.5864674109585, 43.72882128344602], [-79.58647789791155, 43.7288153739411], [-79.58648510257413, 43.72880697738777], [-79.58649390786412, 43.72879919113832], [-79.58650220139845, 43.728792382160826], [-79.58650890892939, 43.728784784906395], [-79.58651131363114, 43.72878149174677], [-79.5865179134854, 43.72877298347327], [-79.58652559949466, 43.72876437299828], [-79.58653381175723, 43.7287562984433], [-79.58654258903884, 43.72874848314158], [-79.58655171750141, 43.72874158740326], [-79.58656101460348, 43.72873538111746], [-79.58656940387206, 43.728728482699275], [-79.58657420490005, 43.72871918285158], [-79.58657832440038, 43.72871057823075], [-79.586584513457, 43.728702677264664], [-79.58659319380634, 43.728695872066616], [-79.58660328994338, 43.728690495660985], [-79.5866110929308, 43.72868328391728], [-79.58661951267598, 43.72867587834403], [-79.5866252126677, 43.72867358980625], [-79.5866359228729, 43.72866868473241], [-79.58664711711806, 43.728662900572566], [-79.58665810389995, 43.72865657552516], [-79.58666649716872, 43.72864939640512], [-79.58667450593578, 43.72864129299872], [-79.58668171733274, 43.7286329995158], [-79.5866907181053, 43.728626187786475], [-79.58670142149504, 43.7286211796263], [-79.58671239369961, 43.72861687422305], [-79.58672180259978, 43.72861247528528], [-79.58673229890012, 43.72860587557145], [-79.5867403995836, 43.72859847581939], [-79.58674720019005, 43.72859078964278], [-79.58674829271604, 43.72858948624244], [-79.58675610886928, 43.728582097211074], [-79.58676530105528, 43.72857549176542], [-79.5867738071012, 43.728567894190675], [-79.58678280507817, 43.72856069867954], [-79.58679572060834, 43.72855638750379], [-79.58680511226109, 43.72854799285309], [-79.58681130782212, 43.72854019581944], [-79.58681450196242, 43.728533584741946], [-79.58681841360196, 43.72852418389479], [-79.58682768813676, 43.72851779524893], [-79.58683701588038, 43.72851108092615], [-79.58684499440068, 43.728507272838115], [-79.58685730138815, 43.72850469197105], [-79.58686519203381, 43.728498593527284], [-79.58687251875644, 43.7284911870624], [-79.5868797887184, 43.728483592504745], [-79.58688911243568, 43.728478592973154], [-79.58690030651371, 43.72847398668697], [-79.58690590696987, 43.728472195502064], [-79.5869177897743, 43.72846909407781], [-79.5869240986381, 43.72846768548165], [-79.5869347118937, 43.72846248448167], [-79.5869361128986, 43.72846148010186], [-79.58694499654757, 43.72845457561925], [-79.58695568799551, 43.72844869507857], [-79.5869632942881, 43.72844168564923], [-79.58697029420381, 43.72843418089831], [-79.58697610431399, 43.72842558664226], [-79.58698400133173, 43.72841698099459], [-79.5869911208976, 43.72840928897493], [-79.58699269998391, 43.728407491124194], [-79.5870011874341, 43.72840009513825], [-79.58700691119043, 43.72839169287224], [-79.58700812075698, 43.72839048220273], [-79.58701291275639, 43.728381998904425], [-79.58701542348847, 43.72837477947332], [-79.58701970598092, 43.72836609674892], [-79.58702510286184, 43.72835877410341], [-79.58703269276138, 43.728351174738286], [-79.58703629659577, 43.72834958689103], [-79.58704770201193, 43.728344984578996], [-79.58705589831183, 43.72833657453306], [-79.58706161248048, 43.728327685412665], [-79.58706541970805, 43.728325998306396], [-79.58707749524821, 43.72832348761962], [-79.58708640427845, 43.72832277995029], [-79.58709971777292, 43.728321697913046], [-79.58710409900588, 43.72831827559703], [-79.58711011103888, 43.7283103755104], [-79.58711520883377, 43.72830508323065], [-79.58712381187557, 43.72829778066324], [-79.58713329365031, 43.72829298267613], [-79.5871463089725, 43.72829078435897], [-79.5871559984786, 43.728290187326756], [-79.58716499251936, 43.72828457761747], [-79.58716320820584, 43.72827587864069], [-79.58716461791003, 43.72826620015472], [-79.58716480778733, 43.72826169726509], [-79.58716989741768, 43.72825289786274], [-79.58717329242474, 43.728250384658466], [-79.58718380567241, 43.728244376728945], [-79.58718871477622, 43.72824279476734], [-79.587198203649, 43.72824268076275], [-79.58718961121104, 43.728250599319956], [-79.58718530566993, 43.72825439156328], [-79.5871807917258, 43.72826288830063], [-79.5871795877271, 43.72826709335603], [-79.58718001874139, 43.72827439749166], [-79.58719309125252, 43.72827369153365], [-79.58719509862102, 43.72827318246985], [-79.58720219100157, 43.72828117475549], [-79.58720371841227, 43.72828218492], [-79.58721539808809, 43.72828599046307], [-79.58722079547026, 43.7282867806914], [-79.58723021606315, 43.72828089912273], [-79.58723729023977, 43.72827337981242], [-79.58724119316516, 43.72827068242492], [-79.58725059637071, 43.72826408179077], [-79.58725701792761, 43.72825989978871], [-79.58726591765388, 43.728252280076426], [-79.58727531691504, 43.72824398949849], [-79.5872822991893, 43.72823589462881], [-79.58728780095288, 43.72822779321424], [-79.58729531641312, 43.72821928753843], [-79.58730430624429, 43.72821278147513], [-79.58730640916241, 43.72821008509873], [-79.58731219266724, 43.728201589186455], [-79.58731730874494, 43.7281947901572], [-79.58732309478712, 43.728186678881485], [-79.58733120726181, 43.72817897354345], [-79.58733501568871, 43.72817518785979], [-79.58734149428055, 43.72816699561156], [-79.58734731365209, 43.72815758305928], [-79.58735481974968, 43.72814858966554], [-79.58735938963183, 43.72814368385531], [-79.58736650649736, 43.72813547907912], [-79.58737351548606, 43.72812728498703], [-79.58737731949769, 43.7281182782543], [-79.58738310953784, 43.72811067901968], [-79.58739141625276, 43.72810369184016], [-79.58739970273052, 43.7280967797217], [-79.5874111054839, 43.72809309872981], [-79.58741649705489, 43.72809038216476], [-79.58742720727312, 43.728085476145445], [-79.58742970096172, 43.72808447348932], [-79.58744151049797, 43.728080593976244], [-79.58745010981895, 43.72807828108438], [-79.58745912492513, 43.72807167648435], [-79.58746131930286, 43.72807047822426], [-79.58747159605169, 43.728064692038714], [-79.58759626375878, 43.727973774266815], [-79.58767420893217, 43.72791687496461], [-79.58768370795934, 43.7279127959893], [-79.58769291442013, 43.7279084963903], [-79.58770302493687, 43.72790227727041], [-79.5877090119272, 43.72789708595224], [-79.58771691409416, 43.72788937676967], [-79.58772091128824, 43.72788659062265], [-79.58773431470274, 43.727887800037735], [-79.5877449031961, 43.7278932933786], [-79.58775711181339, 43.727895791694166], [-79.58776070379581, 43.72789568640133], [-79.58777351161626, 43.72789399604863], [-79.58778619718247, 43.727891187491245], [-79.58779871226942, 43.727888099477944], [-79.5878030218482, 43.72788638144882], [-79.5878152075414, 43.72788398841788], [-79.58781732117153, 43.72788308505131], [-79.5878280233093, 43.727878075740335], [-79.58783661142571, 43.72787148762681], [-79.58783891507872, 43.72786948524369], [-79.5878491065843, 43.72786309844359], [-79.58786100486748, 43.72785797742694], [-79.587870401331, 43.72785048006221], [-79.587878993635, 43.72784348228885], [-79.58788791152655, 43.72783658262252], [-79.58789730656132, 43.72782987868531], [-79.58790679218892, 43.727823493934885], [-79.58791599459227, 43.72781658354109], [-79.58792492585093, 43.72780937763172], [-79.58793429317218, 43.72780277187949], [-79.58794249584034, 43.72779538654955], [-79.58794988890438, 43.727787989464666], [-79.58795910988275, 43.72778049230198], [-79.58796729514427, 43.72777369390477], [-79.58797559626667, 43.727766988069625], [-79.5879853917168, 43.72776128679711], [-79.58799491714294, 43.7277548826038], [-79.58800439191641, 43.72774788272504], [-79.58801549800576, 43.72774229110165], [-79.58802451296532, 43.727735686454345], [-79.58803338815385, 43.72772829433984], [-79.58804329383648, 43.72772178997908], [-79.58805390679423, 43.72771658886256], [-79.58805640962404, 43.72771489687155], [-79.58806370856121, 43.727707587660696], [-79.58807382277709, 43.72770188140795], [-79.58808370057497, 43.72769639692867], [-79.58809312484537, 43.727689978391325], [-79.58810368832276, 43.72768338901892], [-79.58811421350678, 43.72767707458579], [-79.58812301830426, 43.727670594211126], [-79.58813062406028, 43.727662279574425], [-79.58813951400852, 43.72765509377827], [-79.58814929580683, 43.72764839359802], [-79.58815732028893, 43.72764088088901], [-79.58816181008518, 43.72763168922356], [-79.58816620016576, 43.72762299578929], [-79.58817079499376, 43.72761458756186], [-79.58817750604217, 43.7276065814301], [-79.5881846013764, 43.727598194440446], [-79.58819271337111, 43.727590489907584], [-79.58819909763339, 43.72758238550013], [-79.58820360452262, 43.72757378565969], [-79.58821209558835, 43.72756598079342], [-79.58822090709519, 43.72755947539183], [-79.58823101735132, 43.72755300002289], [-79.58824032191382, 43.72754597600871], [-79.58824950290878, 43.72753888342076], [-79.58826001869011, 43.72753208126038], [-79.58826931395058, 43.727524697629015], [-79.58827899876924, 43.727517573447464], [-79.58828932547793, 43.72751107859649], [-79.58829840420617, 43.727504892334494], [-79.58830751618812, 43.72749858269455], [-79.58831671450439, 43.72749208106277], [-79.5883263116729, 43.72748619849525], [-79.58833568805146, 43.72747969612662], [-79.58834569731602, 43.72747359070987], [-79.58835562000883, 43.72746767814607], [-79.58836630985842, 43.72746179729307], [-79.5883766899794, 43.727456281889545], [-79.58838820788348, 43.72745008308135], [-79.58839879800807, 43.72744339446173], [-79.58840911012379, 43.72743669241005], [-79.5884172210954, 43.72742898683109], [-79.58842030963926, 43.72741949442916], [-79.58842079939357, 43.727410478333404], [-79.58842722442932, 43.72740248361148], [-79.58843672281137, 43.72740848787294], [-79.58844982061224, 43.72740768234252], [-79.58845909700705, 43.72740037306301], [-79.58846510754792, 43.72739129485571], [-79.58846930746459, 43.72738147360455], [-79.58847581485493, 43.727372389688306], [-79.58848440294764, 43.72736487983176], [-79.58849359304982, 43.727357890640526], [-79.5885023061684, 43.72734978402677], [-79.5885101070381, 43.72734218855763], [-79.58851899023588, 43.727335283953266], [-79.58852990875722, 43.72732999803152], [-79.58853831078869, 43.72732317839317], [-79.58854652119533, 43.727314975438595], [-79.58855431950047, 43.72730699533186], [-79.58856231315326, 43.727299990610376], [-79.58857510924636, 43.72729978185922], [-79.58858269482819, 43.72730738348214], [-79.58859400952318, 43.72730258904281], [-79.58860230111625, 43.72729539545011], [-79.58861191666995, 43.727289183153836], [-79.58862121201241, 43.727282976524926], [-79.58863089259145, 43.727276390067566], [-79.58864129542334, 43.72727118421095], [-79.58865319352353, 43.72726619120078], [-79.58866260448656, 43.72726007799238], [-79.58867221747228, 43.727253481055754], [-79.58867992118658, 43.72724559054697], [-79.58868461843346, 43.72723719594861], [-79.58868850443378, 43.72722827790016], [-79.5886937996574, 43.727219891926325], [-79.58869760620968, 43.727213495772965], [-79.58870341443814, 43.72720569488081], [-79.58870771400888, 43.727196681388996], [-79.58871209334325, 43.72718737196476], [-79.58871909514704, 43.727179074724326], [-79.58872661324831, 43.727171079977566], [-79.58873260750761, 43.72716258886333], [-79.58873869367008, 43.72715467330156], [-79.58874789589017, 43.72714868367504], [-79.58875749944366, 43.72714277691244], [-79.58876741154285, 43.727137297261706], [-79.58877790321543, 43.727132284035804], [-79.58878909163037, 43.727128086162494], [-79.58879901046667, 43.72712258148807], [-79.58880370744677, 43.72711418775113], [-79.58880969766864, 43.727105977327206], [-79.58881709524573, 43.72710497824626], [-79.58881759943515, 43.72710978459669], [-79.58881640525738, 43.72711788121802], [-79.58882810843772, 43.727121076297244], [-79.58883042169296, 43.72712178756965], [-79.5888381873902, 43.727123093453216], [-79.58884350580149, 43.7271207758245], [-79.58884610993024, 43.72711909728753], [-79.58885349332685, 43.72711108433862], [-79.58886201070796, 43.727103181070405], [-79.58886411208105, 43.727101278098075], [-79.58887531106545, 43.72709639020343], [-79.58888650065256, 43.727092192487056], [-79.58888991148419, 43.727091191716696], [-79.58889909111853, 43.7270848916405], [-79.58890259703429, 43.72707607289312], [-79.58890891315143, 43.727070186527875], [-79.58890881863145, 43.727069098242204], [-79.58891281392624, 43.727060296909926], [-79.58891111166905, 43.727052992713936], [-79.58890649681736, 43.7270445841594], [-79.58890300456869, 43.72704209254424], [-79.58889190189592, 43.72703719200974], [-79.58888380754752, 43.727035277020065], [-79.58887379477247, 43.72702948116443], [-79.58886732209982, 43.72702508284327], [-79.58885890445323, 43.72701807990525], [-79.58885611753635, 43.72701218323621], [-79.58886200286453, 43.72700357367534], [-79.58887111868592, 43.72699698329917], [-79.58888322430529, 43.72699358007154], [-79.58889281899698, 43.726991894565934], [-79.58890570244833, 43.72699057311296], [-79.58891911358495, 43.72698978686544], [-79.58892170690682, 43.72698959193303], [-79.58893479382132, 43.72698909204548], [-79.58894791496347, 43.726986499185806], [-79.58895189344987, 43.726985092490764], [-79.58895879309533, 43.726976779873674], [-79.58896330148238, 43.72697079044469], [-79.58897101065375, 43.72696287473208], [-79.5889774133122, 43.726956795511114], [-79.58898599839982, 43.726948773750195], [-79.58899610437888, 43.72694178627321], [-79.58900321171015, 43.72693649755046], [-79.58901162014654, 43.72692847583032], [-79.58901799039454, 43.72692029419422], [-79.58902141425816, 43.726914790597974], [-79.58902942231025, 43.72690668704493], [-79.58903819770794, 43.72689979222611], [-79.5890419953529, 43.7268987952248], [-79.58905510099063, 43.72689809285304], [-79.58906810012294, 43.726897785631266], [-79.58907030376126, 43.72689707505034], [-79.5890806081554, 43.72689157395546], [-79.58909009738153, 43.72688478031435], [-79.58909249900107, 43.72688307396645], [-79.58910209989921, 43.72687678253962], [-79.58911392462949, 43.72687088335988], [-79.58912391775644, 43.726865492209065], [-79.58913388832622, 43.726859790622015], [-79.58914581300928, 43.72685469833568], [-79.58915601602523, 43.726849183761786], [-79.58916200416513, 43.72684529766714], [-79.58917249922132, 43.72683739345344], [-79.58918079224003, 43.72683058342495], [-79.58919101498415, 43.72682368952149], [-79.58920421978061, 43.72682039190133], [-79.58921461445252, 43.726815082741304], [-79.58922361969937, 43.726807990288165], [-79.58922480242406, 43.72680687881675], [-79.58923369195253, 43.72679877210918], [-79.58923561950276, 43.72679738104382], [-79.58924282081668, 43.72679187632485], [-79.58925251338297, 43.72678498340715], [-79.5892568995131, 43.72678128048509], [-79.58926580382649, 43.72677338010058], [-79.58927640166111, 43.72676679464396], [-79.58928741254003, 43.726759987366556], [-79.58929059742634, 43.726757597518755], [-79.58930091321268, 43.72675048659302], [-79.58931251993772, 43.726744479464436], [-79.58932239334375, 43.726738482832666], [-79.58933091226284, 43.726731883965805], [-79.58933240748695, 43.72673079081173], [-79.58934301181334, 43.726724181190676], [-79.58935409467215, 43.72671697386408], [-79.58936448909728, 43.726710487661165], [-79.58937181566658, 43.72670569130512], [-79.5893811133734, 43.72669869135664], [-79.58939099843981, 43.72669108404741], [-79.58939431470017, 43.72668899497626], [-79.58940681181367, 43.72668099025319], [-79.58941671568378, 43.72667527919565], [-79.58942752084526, 43.726669491658946], [-79.58943689969392, 43.726663372969355], [-79.58944669443203, 43.72665557370707], [-79.5894545044509, 43.72664859399034], [-79.5894639072777, 43.72664329829722], [-79.58947540889925, 43.72664907400488], [-79.58948549747484, 43.72665498264001], [-79.58949119363851, 43.72665689087263], [-79.58950000598101, 43.72665038554001], [-79.58949999900669, 43.72664477903285], [-79.5895011198267, 43.72663577630553], [-79.58950490594393, 43.72662617858712], [-79.5895075957739, 43.72662039180219], [-79.58951169174978, 43.72661147755948], [-79.58951980620127, 43.7266042848105], [-79.58952699305135, 43.7265964733033], [-79.5895347124658, 43.72658799650772], [-79.58953579030137, 43.726586485897485], [-79.58954110779473, 43.726578282234705], [-79.58954639758768, 43.72657017675987], [-79.58955439098355, 43.726561994083404], [-79.5895575000348, 43.726559491369436], [-79.58956740920259, 43.72655257808222], [-79.58957729828852, 43.72654678878382], [-79.58958379674559, 43.72654297500851], [-79.58959370457521, 43.72653698324233], [-79.58960370666499, 43.726530774631875], [-79.58961241041315, 43.72652558407292], [-79.58962171199774, 43.726518175313856], [-79.58963041781553, 43.72651088723491], [-79.58963989603566, 43.72650347843072], [-79.589650705038, 43.72649597609219], [-79.58965881944745, 43.72648878333442], [-79.58966471429083, 43.72648288740731], [-79.58967420165007, 43.72647478928557], [-79.5896828916968, 43.72646729384659], [-79.5896874107693, 43.72646309740038], [-79.58969552108107, 43.72645408661474], [-79.5897037071974, 43.726445188687336], [-79.58970940777981, 43.72643988059594], [-79.5897190189793, 43.72643197827747], [-79.58972909537151, 43.726424577221], [-79.5897378173238, 43.72641787992427], [-79.58974660446569, 43.72641067950673], [-79.58974960443695, 43.726408187306305], [-79.5897605168099, 43.72639977879968], [-79.58977032089796, 43.726393388051186], [-79.58978031898363, 43.72638758821582], [-79.58978411533556, 43.72638528502894], [-79.58979109426575, 43.72637667730098], [-79.58979661824951, 43.72637149734835], [-79.58980219881266, 43.72636297268133], [-79.58980299716201, 43.726356994843194], [-79.58979220818901, 43.72635198482558], [-79.58978080651225, 43.726346887963714], [-79.58977700439007, 43.726344890806864], [-79.58976802045242, 43.72633867837064], [-79.58976189158433, 43.726330387627414], [-79.58976081699988, 43.72632468176601], [-79.58976719121347, 43.726316090446005], [-79.58977202239208, 43.72630968636294], [-79.58978451348071, 43.72630838534088], [-79.58979741421633, 43.72630988153425], [-79.58980221944083, 43.7263192888536], [-79.58980271429768, 43.72632347937024], [-79.58980938951193, 43.72633118201617], [-79.5898202941481, 43.72633707818312], [-79.5898334980138, 43.72633928286516], [-79.58984539721364, 43.726335595008756], [-79.5898480142971, 43.726332690244625], [-79.58985650370236, 43.72632567782742], [-79.58986581582465, 43.72631888502803], [-79.58987452206567, 43.726314079081455], [-79.58988549173553, 43.72630729101155], [-79.58989552047665, 43.72630098315542], [-79.58990560223074, 43.7262944785852], [-79.58991121511922, 43.726290283998495], [-79.58992079717035, 43.726283273275264], [-79.58993001100492, 43.726276978006084], [-79.58994001305426, 43.726270897463664], [-79.58994949002313, 43.72626428119554], [-79.58995998795169, 43.72625819390244], [-79.589969898467, 43.726252585872224], [-79.58997349917937, 43.726250486051796], [-79.58998452324664, 43.726244678452225], [-79.5899954136446, 43.72623949056407], [-79.5900050991679, 43.72623367239151], [-79.59000939657837, 43.72623108192401], [-79.59002109454445, 43.726224474103226], [-79.59003151555696, 43.72621919460377], [-79.59004229938704, 43.7262142737636], [-79.59004379063057, 43.72621358939075], [-79.59005529766597, 43.72620807954653], [-79.59006590981606, 43.72620287908768], [-79.59007670968897, 43.72619829283552], [-79.5900809977153, 43.72619639254168], [-79.59009122040904, 43.72619067557934], [-79.59010149640915, 43.72618488913861], [-79.59011151686707, 43.7261784788777], [-79.59011541807247, 43.72617539692566], [-79.59012501977128, 43.72616818474954], [-79.59013401852214, 43.72616359939353], [-79.59020259768035, 43.72610437390054], [-79.5902034057737, 43.72610308034277], [-79.59021021885454, 43.72609639373852], [-79.59022139597596, 43.7260902746034], [-79.59023371097705, 43.72608687674365], [-79.59023689862381, 43.726086176624534], [-79.59024902109813, 43.72608349314177], [-79.59026121812781, 43.726080794248254], [-79.59027312031645, 43.726078795230855], [-79.5902859208623, 43.72607607975831], [-79.59029880241168, 43.726073196618536], [-79.59030669120398, 43.72607129519681], [-79.59031739265095, 43.726066285626274], [-79.59032821377745, 43.72606188151283], [-79.59033532230185, 43.72605907588265], [-79.59034692197525, 43.72605309365796], [-79.5903577031664, 43.726047788150474], [-79.59036329519878, 43.72604589351946], [-79.59037578704967, 43.7260424947325], [-79.59038749606658, 43.7260389849926], [-79.59039231188238, 43.72603787607786], [-79.59040382294634, 43.72603418421446], [-79.59040951659166, 43.72602759512369], [-79.59041310988572, 43.72601858367532], [-79.59041711519441, 43.72601039915963], [-79.59042821143393, 43.72600549659143], [-79.5904327081993, 43.72601447675774], [-79.59043371184096, 43.72601638538564], [-79.59044602487961, 43.72601718372423], [-79.59045770086789, 43.72601379648972], [-79.59046170745152, 43.726014773690785], [-79.59047460485408, 43.72601117619211], [-79.59048441526876, 43.726003583331696], [-79.5904964897797, 43.725999895178944], [-79.59050920916084, 43.725997091143554], [-79.59052111896656, 43.72599309748928], [-79.59052400443043, 43.72599168990128], [-79.5905361189235, 43.72598667545924], [-79.59054379482494, 43.725982286858496], [-79.59055531750113, 43.72597698431062], [-79.59056749192068, 43.72597397494235], [-79.59057130402503, 43.72597318506639], [-79.5905839873978, 43.72596789295387], [-79.59059690214738, 43.725964886394706], [-79.59060969839976, 43.7259612745447], [-79.59062261034468, 43.72595788421228], [-79.59063630929316, 43.72595419517411], [-79.59064832163111, 43.725951393027756], [-79.59066030042315, 43.72594858702134], [-79.5906660121169, 43.725947297829414], [-79.5906780110218, 43.72594349593241], [-79.59069142002738, 43.725940099005854], [-79.59070351467797, 43.725937385551845], [-79.590713404034, 43.725934078287644], [-79.59072679983625, 43.72592968074646], [-79.59073809266701, 43.72592588178221], [-79.5907504211259, 43.72592138402389], [-79.59076341016606, 43.725917185008164], [-79.5907751200691, 43.7259124983641], [-79.59078689557307, 43.725907692031186], [-79.59078871254741, 43.72590697678145], [-79.59080112051349, 43.72590218394652], [-79.59081370928854, 43.725896981411104], [-79.5908257065551, 43.725892795893955], [-79.59083849614294, 43.72588828734323], [-79.59084041424128, 43.725887586424584], [-79.59085388976723, 43.725882892932304], [-79.59086692660529, 43.72587877771181], [-79.59087930549171, 43.72587487647669], [-79.59088708795902, 43.72587219140817], [-79.59090021624283, 43.72586747556946], [-79.59091260311966, 43.72586367757619], [-79.59092519080019, 43.725859395683365], [-79.59093720935972, 43.72585539231809], [-79.59094150012253, 43.72585387575479], [-79.59095340985384, 43.72584988204462], [-79.59096520371874, 43.72584579577518], [-79.59097772070783, 43.725840992396705], [-79.59098690419283, 43.72583768718314], [-79.59099912475128, 43.72583437796591], [-79.59100882668025, 43.725831376428644], [-79.59102159378624, 43.725827478245485], [-79.5910339048965, 43.72582369547702], [-79.59104642444457, 43.7258192767213], [-79.591057016816, 43.72581519841283], [-79.59106902471939, 43.72581057905371], [-79.59107982289672, 43.72580468739728], [-79.59108999220165, 43.725799296003814], [-79.59110169694276, 43.725792790267754], [-79.59111168928865, 43.72578609379806], [-79.59112151830993, 43.7257794762941], [-79.59113141896891, 43.725773381298815], [-79.59114519319336, 43.725767579095006], [-79.59115800271015, 43.72576299630157], [-79.59116999208169, 43.72575857853271], [-79.59117601474891, 43.72575718021646], [-79.59118832333357, 43.72575498340821], [-79.59120081399944, 43.725753683050755], [-79.59121420761329, 43.725753482523324], [-79.59121670141164, 43.72575378489144], [-79.59122941857163, 43.725753999954286], [-79.59124109700946, 43.725750997251794], [-79.5912465094599, 43.72574859074677], [-79.59125939296537, 43.725742688271325], [-79.59127232209234, 43.72573858281956], [-79.59128509966094, 43.72573437975051], [-79.59128841344797, 43.72573308300771], [-79.59129960248477, 43.72572888501138], [-79.59131141366683, 43.72572538965364], [-79.59132231564271, 43.72572199564368], [-79.5913335154165, 43.72571749193125], [-79.59134438960557, 43.725712890123766], [-79.59135539631457, 43.72570779653149], [-79.5913610905146, 43.725705788241875], [-79.59137380976216, 43.72570298408511], [-79.59138731722226, 43.72570039464048], [-79.59139879922198, 43.72569969297243], [-79.59141170887283, 43.72569919362846], [-79.59142469988677, 43.72569878195017], [-79.59143729597815, 43.7256991849486], [-79.59144679888966, 43.7256992776725], [-79.59146200279262, 43.725699692848146], [-79.59147489547878, 43.7257018782714], [-79.59148720877741, 43.72570398158279], [-79.5914910080191, 43.72570428890725], [-79.59150460108668, 43.72570557574297], [-79.59151871428807, 43.72570767795054], [-79.59153210675463, 43.72571049760476], [-79.59154558997062, 43.72571389263387], [-79.59155080209011, 43.72571537384013], [-79.59156331774176, 43.725719476415634], [-79.5915749971283, 43.72572328133074], [-79.59158709400754, 43.72572658199776], [-79.59158902530451, 43.725726881671555], [-79.59160329664859, 43.725729185421066], [-79.59161549435854, 43.72573237318006], [-79.59161840154982, 43.72573337366998], [-79.59162990830454, 43.725736897934205], [-79.59164281839206, 43.725739674289], [-79.59165350117512, 43.72574507835401], [-79.59166441502894, 43.72575028496224], [-79.59167562122346, 43.72575348536732], [-79.59169052530898, 43.725756979618595], [-79.59170279260002, 43.725761481402486], [-79.59171671021838, 43.72576378695531], [-79.5917292216333, 43.72576699317735], [-79.59174142504895, 43.72577107655599], [-79.59175461810447, 43.72577358665491], [-79.59175930263244, 43.72577427560284], [-79.59177401928359, 43.72577728287282], [-79.59178610392746, 43.725779583936195], [-79.5917970955172, 43.72577978547434], [-79.59181160717068, 43.72578028073311], [-79.5918238074507, 43.72578267521067], [-79.59182560375854, 43.725784388015185], [-79.59182939471191, 43.72579337104974], [-79.59183891994137, 43.725799275676046], [-79.59185080284509, 43.725795381064756], [-79.59185221047046, 43.72579447969712], [-79.59185950688067, 43.725786786638125], [-79.59186180940767, 43.72578007521723], [-79.59186339373102, 43.72577039569374], [-79.59186730702275, 43.72576268450044], [-79.59187280222909, 43.72575368639646], [-79.59187891288515, 43.72574659383417], [-79.59188852126005, 43.72573948369486], [-79.59189821450454, 43.725733896671855], [-79.59190440961163, 43.72573068023835], [-79.59191570866197, 43.725724373100356], [-79.59192750111399, 43.72571898055235], [-79.59193491398781, 43.725716089859986], [-79.59194542210771, 43.72571049022356], [-79.59195551825093, 43.72570419176026], [-79.59195752488337, 43.72570237833643], [-79.59196741219044, 43.725695282640984], [-79.59197599547282, 43.72568818129357], [-79.59198079139726, 43.725679289214426], [-79.59198220406343, 43.725677186496966], [-79.59198790783768, 43.72566898648317], [-79.59199332719712, 43.72565987551956], [-79.59199612530274, 43.72565198031725], [-79.59200031363785, 43.72564259279041], [-79.59200630325917, 43.725633588617136], [-79.59200771030368, 43.725631382990755], [-79.5920137999308, 43.72562318570661], [-79.59202110021613, 43.72561508385108], [-79.59202291827633, 43.72561357601842], [-79.59203131134613, 43.72560639665999], [-79.59203890958983, 43.72559928380999], [-79.59204660349606, 43.72559128879156], [-79.5920523163629, 43.72558239946487], [-79.59205281870697, 43.72558119066235], [-79.59205780997992, 43.725572096069286], [-79.59206000341042, 43.72556539517152], [-79.59206409222281, 43.725556376915115], [-79.59206451187546, 43.72554709576878], [-79.59206371879014, 43.72554178817671], [-79.59206301684792, 43.7255324752806], [-79.59206090989792, 43.72552339860058], [-79.5920566081707, 43.72551408792686], [-79.59205271200118, 43.725504578548325], [-79.59205229888599, 43.72549799375686], [-79.59205389766785, 43.72548839333154], [-79.59205681401563, 43.72547887661347], [-79.59206051549442, 43.72546867844248], [-79.59206249350981, 43.725461076377954], [-79.59206619009981, 43.72545128596538], [-79.59207041141464, 43.72544177592972], [-79.59207089771654, 43.72543918275257], [-79.59207030978406, 43.72542957968007], [-79.59206902025602, 43.72541969714288], [-79.59206540978563, 43.725410177199294], [-79.5920622061286, 43.725400586817685], [-79.5920614947993, 43.72539078621924], [-79.5920594062931, 43.72538137984466], [-79.59205689934821, 43.72537247668699], [-79.59205431590973, 43.72536857874276], [-79.59204359073392, 43.725363194699185], [-79.59203789702246, 43.725359572568735], [-79.59203101955325, 43.72535117597676], [-79.59202391896969, 43.7253451796562], [-79.5920146105995, 43.725338997655875], [-79.59200879437873, 43.72533438630174], [-79.59200309987882, 43.72532618332546], [-79.59199612024625, 43.725318693056664], [-79.591992802888, 43.72531279754434], [-79.59198729695848, 43.72530428897652], [-79.5919836948523, 43.72529617739849], [-79.59197951685965, 43.725287191494125], [-79.59197700335896, 43.7252781843981], [-79.59197479531304, 43.72526909339652], [-79.59197211664075, 43.72525978253235], [-79.59196899140467, 43.72525068964132], [-79.5919660085375, 43.725241590950034], [-79.59196411797075, 43.725231188815094], [-79.59196231653421, 43.72522097845626], [-79.59196201231165, 43.72521228444693], [-79.5919619974789, 43.72520317194247], [-79.59196521328991, 43.72519699931473], [-79.59197051154744, 43.7251880763395], [-79.59197110121698, 43.72518457701079], [-79.59196822066784, 43.725175492821876], [-79.5919639922632, 43.72516708826614], [-79.59196039928786, 43.725158287381866], [-79.59195689371411, 43.72514798869446], [-79.59195480659046, 43.7251377889092], [-79.59195641490732, 43.725129597033515], [-79.5919604211483, 43.725120490965665], [-79.59196181888441, 43.725116875951784], [-79.59196070483463, 43.725106993211014], [-79.5919595924263, 43.72510038636195], [-79.59195800663456, 43.725091076315465], [-79.5919567103313, 43.72508109071563], [-79.5919559172664, 43.72507578313462], [-79.59195339297133, 43.72506628903342], [-79.59195372300621, 43.72506009082491], [-79.59196041702954, 43.72505187801156], [-79.59196282002998, 43.725049377318534], [-79.59197180170402, 43.72504197507522], [-79.59198271640764, 43.7250361769171], [-79.59198539353949, 43.72504418248624], [-79.59197831928236, 43.72505249548025], [-79.59197501936067, 43.725056097103064], [-79.59197908827582, 43.72506509351878], [-79.59198739867925, 43.72507328293621], [-79.59198459779489, 43.72508079434807], [-79.59198311071526, 43.72509089696038], [-79.59198150105476, 43.72509988225418], [-79.59198081692112, 43.72511027780072], [-79.59198329632461, 43.72512137784157], [-79.59198782499523, 43.72512997901076], [-79.59198911060437, 43.72513149224356], [-79.59199450058213, 43.72513978015019], [-79.59199289189073, 43.72514548902874], [-79.59199302494181, 43.725155079580325], [-79.59199959271892, 43.7251627918428], [-79.59201240000719, 43.72516358389201], [-79.59201889413879, 43.72516017875057], [-79.59202338950051, 43.72515109093858], [-79.59202570341465, 43.725149576348784], [-79.5920382978302, 43.725148673974545], [-79.59204010058869, 43.72514918473007], [-79.59205059302758, 43.7251543826251], [-79.59205471698444, 43.725158985255995], [-79.59206210129005, 43.72516929616897], [-79.592068910925, 43.72517768314115], [-79.59207201533829, 43.72518109150162], [-79.59207969573886, 43.72518978101599], [-79.59208391735763, 43.72519808248973], [-79.59208750259337, 43.725206779261924], [-79.59209142117736, 43.72521567823376], [-79.5920924211741, 43.725217994761174], [-79.59209920150586, 43.72522609632152], [-79.5921049881534, 43.72522819545236], [-79.5921098091733, 43.725234790421474], [-79.5921034193465, 43.72524279108079], [-79.59210399788418, 43.72524417813521], [-79.59211149716026, 43.72525197223238], [-79.59212249150654, 43.72525268559539], [-79.59212771806607, 43.72524428988507], [-79.59212829468261, 43.725241888654026], [-79.59213262255197, 43.72523328945268], [-79.5921351956124, 43.72523068476382], [-79.59213702305198, 43.725220886555924], [-79.59213489753076, 43.725211883396206], [-79.59213460484237, 43.72520969218379], [-79.59213551593578, 43.72519858714006], [-79.59213811185302, 43.72518869182002], [-79.59213990704129, 43.72518569653707], [-79.59214490764464, 43.72517708966475], [-79.5921465092098, 43.72516787302076], [-79.59214622198343, 43.72516657830564], [-79.59214589711189, 43.72515547636262], [-79.59214620120183, 43.725145180129566], [-79.59214660353487, 43.72513438636163], [-79.59214739668738, 43.72512398029114], [-79.59214791806528, 43.72511719562952], [-79.59214880580959, 43.72510787783162], [-79.59214928941554, 43.72509809341788], [-79.59215010994578, 43.72509229792917], [-79.59215139250375, 43.72508308713852], [-79.59215110286681, 43.72507577820278], [-79.59215131136052, 43.725066492237296], [-79.59215270127378, 43.725056094602266], [-79.59215389423055, 43.72505219439264], [-79.5921557250054, 43.72504618378023], [-79.59215879685509, 43.7250364840023], [-79.59216001631323, 43.72503248543639], [-79.5921667952202, 43.72502369615378], [-79.59217330206006, 43.72501578822275], [-79.59217681630538, 43.72500628012309], [-79.59217969766159, 43.72499637510351], [-79.5921835150065, 43.72498639760477], [-79.59218522279876, 43.72497678667945], [-79.59218571544083, 43.72496618486392], [-79.5921847184011, 43.724956394857614], [-79.59218411321906, 43.72495418534009], [-79.59218080451726, 43.72494498944177], [-79.59218080891154, 43.72493907830183], [-79.59218120500346, 43.72492948571989], [-79.59218151866354, 43.72492177590788], [-79.59218160610111, 43.724912677915356], [-79.59218471143693, 43.72490508156559], [-79.5921893104465, 43.72489639271715], [-79.59219040854654, 43.724889177439806], [-79.59219070181172, 43.72487839420662], [-79.59218730272725, 43.72486887827069], [-79.59218481524488, 43.724865275192045], [-79.59217920569546, 43.724856495791805], [-79.59217599294057, 43.72484759474988], [-79.59217550746312, 43.72484599068563], [-79.59217220697174, 43.72483728233064], [-79.59216992170556, 43.72482769403636], [-79.59216631126068, 43.72481817412433], [-79.59216559563447, 43.72481559066805], [-79.59216279355202, 43.72480608230325], [-79.59215832042119, 43.72479649119421], [-79.59214609892493, 43.72479299378813], [-79.59213510368504, 43.72479437896205], [-79.59212321660492, 43.72479527856534], [-79.59212209605238, 43.72479537594478], [-79.59211291232685, 43.72479527744496], [-79.59210952277577, 43.72479528347786], [-79.5921021025471, 43.7248002968622], [-79.5921032019699, 43.72480917967683], [-79.5921039168408, 43.72481608846503], [-79.5921089068718, 43.724824677965], [-79.59211200445523, 43.72482798324107], [-79.5921144197148, 43.72483748784809], [-79.59211401954222, 43.72484329094759], [-79.59211011953029, 43.724851874623646], [-79.59210862180512, 43.72485468274924], [-79.59210622404129, 43.7248635814261], [-79.59210461029888, 43.724870876798434], [-79.59210351237131, 43.72488019077597], [-79.59209839197989, 43.72488688620329], [-79.59208551553237, 43.724886085251995], [-79.59208289542273, 43.72488428079329], [-79.59207622003824, 43.724876578374634], [-79.59207009368856, 43.72486787889511], [-79.59206630107397, 43.724858384214876], [-79.59206341645657, 43.72484878800979], [-79.59206280595954, 43.72483887453337], [-79.59206151644969, 43.72482899202453], [-79.59206039585159, 43.724820183238634], [-79.59206030379795, 43.724810573434375], [-79.59206030117281, 43.724801282640435], [-79.59206052113018, 43.7247971934933], [-79.59206159232957, 43.724787978739315], [-79.59206000543003, 43.72478168892527], [-79.59204921376747, 43.724776295456465], [-79.59204661258457, 43.724776387233454], [-79.59203401573245, 43.72477808285661], [-79.59203339407107, 43.72477187787775], [-79.59203470056562, 43.72476218411664], [-79.59203510654883, 43.724758582628965], [-79.59203481793973, 43.724749175172434], [-79.59203511763879, 43.72474479009428], [-79.5920429150391, 43.72474479425418], [-79.5920554982162, 43.724748778252426], [-79.5920641023507, 43.72474068207776], [-79.59206089451199, 43.724731373280214], [-79.5920609038142, 43.72472177694788], [-79.59206150425574, 43.724712086140194], [-79.5920626019554, 43.724702773033584], [-79.59206189251059, 43.724695582864626], [-79.59205969521349, 43.72468618618046], [-79.5920578032999, 43.72467657749318], [-79.59205730873713, 43.72466688467842], [-79.5920596004417, 43.724660478999404], [-79.59205350914964, 43.72465518823023], [-79.59204401305254, 43.72466187800978], [-79.59204169493502, 43.7246636741493], [-79.59203162266255, 43.72466608492821], [-79.59201921828972, 43.724665888291376], [-79.59201720048586, 43.72466578148351], [-79.59200851032804, 43.72465979010101], [-79.59200590230886, 43.724650872642464], [-79.5920061916536, 43.72464927626921], [-79.59201272215805, 43.72464088624101], [-79.59201750425481, 43.72463649594587], [-79.59202190501885, 43.72462749776632], [-79.59200930656803, 43.724626582126604], [-79.59199661898924, 43.724625474710095], [-79.59199390449061, 43.72462468068095], [-79.59199730627981, 43.72461899572778], [-79.59200150672206, 43.72461047972188], [-79.5920027169945, 43.724606377752195], [-79.59200489543097, 43.72459698671031], [-79.59200460424896, 43.72458719463132], [-79.59200588793881, 43.72457719131103], [-79.59200661800014, 43.724571997480595], [-79.59200292135999, 43.72456279766324], [-79.59200310974093, 43.72456039337432], [-79.59200420734074, 43.72454977429971], [-79.59200440090746, 43.724547089489675], [-79.59200750983656, 43.72453777925955], [-79.59201050194415, 43.7245283754426], [-79.59201369718654, 43.72451887322114], [-79.59201762223326, 43.724509678648474], [-79.59202400516456, 43.724501574946984], [-79.59202892435303, 43.72449288044348], [-79.59203350484704, 43.724484393222504], [-79.59203992389588, 43.72447667800828], [-79.5920446106277, 43.72446779649937], [-79.59204812092891, 43.72445869721748], [-79.59205061997115, 43.72444968393009], [-79.59205372472307, 43.724440783352655], [-79.59206070974433, 43.7244322786026], [-79.59206731740923, 43.72442438589553], [-79.59207541257383, 43.72441739458853], [-79.5920859165433, 43.72441128207525], [-79.59209480782967, 43.72440448062136], [-79.59210279498043, 43.724396579182816], [-79.59211212119006, 43.72438999253121], [-79.592121005817, 43.724382294413424], [-79.59212941708364, 43.72437478538945], [-79.59213430589857, 43.7243656763464], [-79.59213789198459, 43.72435668992073], [-79.59214392530296, 43.72434817838988], [-79.59215089179038, 43.724339875238236], [-79.59215540443515, 43.72433137840743], [-79.59215740735364, 43.72432237274655], [-79.5921585065141, 43.72431318705961], [-79.59216240870798, 43.724303682921835], [-79.5921655882815, 43.72429489417073], [-79.59216921024824, 43.724286297096675], [-79.5921775126682, 43.72427879773026], [-79.59218780906524, 43.7242731941264], [-79.59219480365965, 43.72426517621583], [-79.59220000077826, 43.72425649513142], [-79.59220559656274, 43.72424738416849], [-79.59221171078167, 43.724238576874534], [-79.59221740633835, 43.724230273657824], [-79.59222660468293, 43.7242216723301], [-79.59223359347838, 43.72421368047023], [-79.59224130450977, 43.72420627643994], [-79.59225260867254, 43.72420099389518], [-79.59226309648379, 43.72419559655784], [-79.59227130686098, 43.724187393548064], [-79.59227891810428, 43.724179181769536], [-79.59228860713385, 43.72417308185099], [-79.5922981882971, 43.72416699262178], [-79.59231010398454, 43.724162974602486], [-79.59232150133023, 43.724158395856215], [-79.59233351286578, 43.72415559436632], [-79.59234540746203, 43.72415139331522], [-79.59235591910176, 43.724145384885674], [-79.59236458953919, 43.72413809173039], [-79.59237151752869, 43.72413019246716], [-79.59238079945244, 43.72412298596631], [-79.59238690149819, 43.72411238551262], [-79.59238890296841, 43.724102995395846], [-79.59239471433929, 43.724094784728145], [-79.59240319213062, 43.724087285129485], [-79.59241569557771, 43.72408488565316], [-79.59242868996938, 43.72408498672401], [-79.59244109616571, 43.72408098625206], [-79.59244921110935, 43.72407417778087], [-79.59245481378082, 43.724066090705065], [-79.59245719796841, 43.724056192316], [-79.59245530888235, 43.72404709552991], [-79.59245770676885, 43.72403819601609], [-79.59246851086289, 43.72403228008189], [-79.59247872219777, 43.72402607502751], [-79.59248781671731, 43.72401917427805], [-79.59249301633717, 43.72401087781538], [-79.59249701586606, 43.7240017959303], [-79.59250520787042, 43.72399417879932], [-79.59251690969629, 43.7239906929678], [-79.59252712612982, 43.72398407929141], [-79.59253530849934, 43.72397597531575], [-79.5925397122172, 43.723967488139316], [-79.59254261370972, 43.723958685971304], [-79.59254820011937, 43.72395039326629], [-79.59255919193043, 43.72394509151923], [-79.59256971414797, 43.72393969904097], [-79.59257959187661, 43.72393329264407], [-79.59258829813439, 43.723926388823166], [-79.59259989440665, 43.72391897195671], [-79.59260890633475, 43.72391198336406], [-79.59261802382747, 43.72390577646336], [-79.59262821090934, 43.72389887736842], [-79.5926372947964, 43.72389148873409], [-79.59264651562965, 43.72388437568071], [-79.59265560867408, 43.72387747561283], [-79.59266508735806, 43.7238701939796], [-79.59267589546273, 43.72386479005592], [-79.59268660390794, 43.7238598843581], [-79.59269829250461, 43.723856575779884], [-79.59270969624494, 43.72385197283229], [-79.59272142415905, 43.72384708351129], [-79.59273341687467, 43.723842384881046], [-79.59274412006724, 43.723836581823036], [-79.59275621731372, 43.723830977208216], [-79.59276912326278, 43.723826689241314], [-79.59278120249573, 43.723823897303994], [-79.59279299584405, 43.72381968186927], [-79.59280540562715, 43.7238152734278], [-79.59281720843742, 43.72381167379192], [-79.59282900184854, 43.723807586449645], [-79.59284300164111, 43.723804478177215], [-79.59285671717029, 43.723801379780895], [-79.59286961243282, 43.723798575383015], [-79.59288312340534, 43.723795576083376], [-79.59289671114446, 43.72379269066738], [-79.5929087040501, 43.7237900907051], [-79.59292141490744, 43.72378718224219], [-79.59293398997825, 43.72378438351879], [-79.59294729624604, 43.72378227689299], [-79.59296070482381, 43.72378018476322], [-79.59297459304815, 43.723777495084285], [-79.59298800288607, 43.7237744814393], [-79.593000323876, 43.723771186305946], [-79.59301342381634, 43.72376748920369], [-79.59302592329719, 43.72376457675039], [-79.5930377921871, 43.723760475001], [-79.59304889826602, 43.72375618812527], [-79.59306059709935, 43.723752190362916], [-79.59307201698863, 43.72374817815177], [-79.59308379162951, 43.723744293240664], [-79.5930956966412, 43.72374057996945], [-79.59310651124369, 43.72373527993545], [-79.5931135082561, 43.72372777469767], [-79.59312400229796, 43.72372117523876], [-79.59313661568808, 43.723716794716914], [-79.59315009589815, 43.72371417528519], [-79.59316279221102, 43.723713287253624], [-79.59317670853541, 43.72371088278398], [-79.5931895214327, 43.72370798964386], [-79.59320271847264, 43.72370458753248], [-79.59321440699298, 43.72370127888796], [-79.59322730190098, 43.72369729742835], [-79.59323989943475, 43.72369258144231], [-79.59325080831952, 43.72368719264439], [-79.59326090932541, 43.72368179058308], [-79.59327209087377, 43.72367748930053], [-79.59327569303322, 43.723676693783986], [-79.59328701160173, 43.72367279617698], [-79.59329881982241, 43.7236700929689], [-79.59331079809327, 43.72366728576889], [-79.59332361778162, 43.72366449568628], [-79.59333740817598, 43.72366478646477], [-79.59335020818422, 43.723664297363314], [-79.59336301877467, 43.72366219658081], [-79.5933768124631, 43.72365867477081], [-79.59339079885335, 43.72365548749442], [-79.59340341212935, 43.72365097883868], [-79.5934168190782, 43.72364758136486], [-79.59343181590404, 43.723644178081315], [-79.59344481220911, 43.72364138792991], [-79.59345830947449, 43.72363818239103], [-79.59346758822426, 43.72363609348125], [-79.59348079462737, 43.72363317903359], [-79.5934927051377, 43.723630490297396], [-79.59350509762938, 43.72362548994883], [-79.59350799766764, 43.72362428860038], [-79.59352011004229, 43.72362137318716], [-79.5935318196986, 43.72361799047161], [-79.5935384052973, 43.72361528974053], [-79.59355101603562, 43.72361157430933], [-79.59356340726464, 43.72360749546334], [-79.59357360832924, 43.72360407812024], [-79.59358599437817, 43.72360027979128], [-79.59359731932823, 43.723595180115275], [-79.59360939987246, 43.72359238737286], [-79.5936224972022, 43.72358948342763], [-79.59363449941988, 43.723587371072945], [-79.59364761150088, 43.723585595124256], [-79.59365720694609, 43.723584292721945], [-79.59366882046427, 43.72357969432393], [-79.59367920316528, 43.72357469042766], [-79.59368909822562, 43.72357018083573], [-79.593700510886, 43.72356488846022], [-79.59371270546934, 43.72356088384472], [-79.59371691627223, 43.723559791191335], [-79.59372781880731, 43.72355547540807], [-79.5937370068155, 43.7235518894233], [-79.59374820701633, 43.723547385618666], [-79.59375921843666, 43.72354318826805], [-79.59376189541703, 43.72354228761568], [-79.59377351440781, 43.723538585694286], [-79.59378552162194, 43.723534886830244], [-79.59378999160437, 43.723533881954395], [-79.59380319121705, 43.723530992480136], [-79.5938164998798, 43.723528092480464], [-79.5938291984599, 43.72352549029294], [-79.59384140918631, 43.72352299811922], [-79.5938546888394, 43.72352098971479], [-79.59386291085576, 43.72351928846238], [-79.59387519613023, 43.72351678087204], [-79.59388731254332, 43.72351437743998], [-79.59389201895985, 43.7235132788703], [-79.5939066238021, 43.72351028037206], [-79.59391889551817, 43.72350769471981], [-79.59393221097974, 43.723504897779264], [-79.59394439512525, 43.723502375851055], [-79.59395779807924, 43.723499387082335], [-79.59397098966888, 43.723496394338405], [-79.59398329484831, 43.72349368443762], [-79.59398752022179, 43.72349279895564], [-79.59399999402645, 43.72348998575517], [-79.59401170235205, 43.7234864747123], [-79.59401431254322, 43.723485693572265], [-79.59402620140776, 43.723481773689635], [-79.59402742264794, 43.723480385508665], [-79.59403429219887, 43.72347519101927], [-79.59403890880169, 43.72347049687656], [-79.59404219884634, 43.72347098813403], [-79.59405120213874, 43.723474771828606], [-79.59406271952422, 43.72347458726368], [-79.59407441552842, 43.723470076647146], [-79.59408251389252, 43.72346817871434], [-79.5940953973062, 43.723465678818464], [-79.59410891336928, 43.72346357668679], [-79.5941117032496, 43.72346317839319], [-79.59412541899258, 43.72346138490957], [-79.59413920741271, 43.7234591932781], [-79.59414101913873, 43.7234588865842], [-79.59415681072933, 43.7234565945244], [-79.59416980726647, 43.72345498127717], [-79.59417460399506, 43.72345407463287], [-79.59418729352515, 43.72345228979642], [-79.59419220089656, 43.723452677901705], [-79.59420530655582, 43.72345118222215], [-79.59421780315574, 43.72344867855734], [-79.59422041498247, 43.72344828100747], [-79.59423292202324, 43.723446394172484], [-79.59424501581165, 43.72344368026308], [-79.59424899673519, 43.72344278521357], [-79.59426140277276, 43.72344009046524], [-79.59427429257785, 43.72343638851388], [-79.59428159190418, 43.72343378886779], [-79.59429600892578, 43.723430176115414], [-79.594306594884, 43.723425072876076], [-79.59430991500142, 43.72342387997274], [-79.59432119483799, 43.72341908016551], [-79.59433211227439, 43.723416276599615], [-79.59434439585353, 43.72341338534865], [-79.59435541042654, 43.723410876796194], [-79.59436729409946, 43.72340828716342], [-79.5943749023252, 43.723407291604026], [-79.59438750012721, 43.723405980114926], [-79.59440068804419, 43.72340549477968], [-79.59441359791973, 43.72340289648126], [-79.59442721772716, 43.723399886425334], [-79.59444051830913, 43.723396883088036], [-79.59445469473035, 43.72339377364836], [-79.59446921012938, 43.72339058414968], [-79.59448281637512, 43.72338749602955], [-79.59449672185411, 43.723384475385316], [-79.59450890991774, 43.72338167269174], [-79.59452571132408, 43.723377988407435], [-79.59453909444824, 43.72337507288773], [-79.59455290931922, 43.72337278283562], [-79.59456579268074, 43.72337028287174], [-79.59458030006071, 43.72336699011022], [-79.59459469724123, 43.72336437232376], [-79.5946081136268, 43.723362383191194], [-79.59462270355628, 43.72335917825492], [-79.59463461619055, 43.723355696986125], [-79.59464671123538, 43.723352189610004], [-79.59465961379519, 43.723352891822756], [-79.59467199684137, 43.723354082930165], [-79.59468640380669, 43.72335417961543], [-79.59469899258492, 43.72335368548359], [-79.5947134088571, 43.72335309199668], [-79.59472760037012, 43.7233522875208], [-79.59474169355124, 43.72335118785831], [-79.594757095782, 43.72334968518673], [-79.59477082046526, 43.7233470742015], [-79.59478290745575, 43.723344385239756], [-79.59479462345688, 43.723340978202394], [-79.59480672097636, 43.723336677560646], [-79.59482101677904, 43.72333207482073], [-79.594832910704, 43.72332787431188], [-79.59484691010225, 43.72332358785577], [-79.59486139214155, 43.723320393573665], [-79.594875011663, 43.72331738431221], [-79.59488819939506, 43.72331467125849], [-79.59490171308622, 43.723314283064816], [-79.59491301707342, 43.72331017720835], [-79.59492471950111, 43.72330669209854], [-79.59493839385068, 43.72330479052488], [-79.59495309807396, 43.72330247236095], [-79.59496569571421, 43.72329998291848], [-79.59497871993909, 43.72329839946128], [-79.59499381280663, 43.72329738944902], [-79.59500782234382, 43.72329699446179], [-79.59502229832471, 43.72329617919041], [-79.59503511812512, 43.72329548754834], [-79.59504900662807, 43.723295280523104], [-79.5950639191564, 43.72329598530609], [-79.59507900950396, 43.723296690200385], [-79.59509381948992, 43.72329738134549], [-79.59510810690277, 43.72329779333255], [-79.59512111980082, 43.72329769153991], [-79.59513460182345, 43.723297682186825], [-79.59514719705915, 43.723298085510514], [-79.5951615978545, 43.72329938328363], [-79.59517580988278, 43.72330098751239], [-79.59518981303444, 43.72330179452483], [-79.59520241653838, 43.72330137854499], [-79.5952162210692, 43.723300699202966], [-79.59522949315294, 43.72330068517085], [-79.59524209520612, 43.72330119155706], [-79.59525479972686, 43.72330158347736], [-79.59526750021864, 43.72330159146279], [-79.59528290664592, 43.72330177859993], [-79.59529720769369, 43.72330239670847], [-79.59531180092912, 43.7233029800764], [-79.59532451885056, 43.72330357900164], [-79.59533880768554, 43.72330437540981], [-79.5953528163654, 43.723306078884676], [-79.59536509589081, 43.72330817690775], [-79.59537729428298, 43.723310186403516], [-79.59539021718909, 43.72331199131793], [-79.59540300424227, 43.7233137778787], [-79.59541531708253, 43.72331588061417], [-79.59542941511712, 43.723318696662], [-79.59544211078602, 43.723321083827905], [-79.59545579800478, 43.72332358639183], [-79.5954710230613, 43.72332628085392], [-79.59548399281908, 43.7233290902072], [-79.59549710602744, 43.72333307265492], [-79.59551042290285, 43.7233370830595], [-79.59552241038709, 43.72334039367097], [-79.5955362014803, 43.7233440878946], [-79.59555031285463, 43.72334698284177], [-79.5955645185358, 43.72334978903695], [-79.59557811265437, 43.72335238050041], [-79.59559131488574, 43.723355376833325], [-79.59559801576965, 43.72335709380229], [-79.59560519933653, 43.72335898126532], [-79.59561970529545, 43.72336198405396], [-79.59563470570845, 43.723363673922734], [-79.59564788909258, 43.723365694840304], [-79.59565990016814, 43.72336839521528], [-79.59567349474177, 43.7233722917695], [-79.59568520321001, 43.723376381501446], [-79.5956968014397, 43.723380481589125], [-79.59570790524074, 43.72338458776239], [-79.59572091519716, 43.72338947632948], [-79.59573320746054, 43.72339467255348], [-79.59574680473668, 43.72339908182105], [-79.59575919604414, 43.723401681988264], [-79.59577320087331, 43.72340379418206], [-79.59578750741471, 43.72340518060302], [-79.59579999940003, 43.72340648998513], [-79.59581391546129, 43.723409587411304], [-79.59582659582625, 43.72341399395406], [-79.59583981139954, 43.72341799084683], [-79.59585332465105, 43.723420878033615], [-79.59586711049288, 43.723423674854935], [-79.59587929561368, 43.723425990516844], [-79.59589311476925, 43.72342879205334], [-79.59590540602102, 43.723430585324195], [-79.59591749579151, 43.72343378228098], [-79.59592980232144, 43.72343708697506], [-79.59594258845887, 43.72343979410509], [-79.59595452517489, 43.72344238089483], [-79.59596748945849, 43.72344429368924], [-79.59598050418121, 43.72344667491517], [-79.59599330776217, 43.72344997298629], [-79.59600619127822, 43.72345428109039], [-79.59601911850648, 43.723457775815355], [-79.59603231405718, 43.72346079710405], [-79.59604600030198, 43.723464092127706], [-79.59605921884479, 43.72346767917174], [-79.59607169932009, 43.723471392743704], [-79.596083315047, 43.7234760837306], [-79.5960953076912, 43.72347898564912], [-79.5961081231896, 43.723481978163264], [-79.5961214189751, 43.72348698418705], [-79.59613439353629, 43.723492788454685], [-79.5961446946045, 43.723497779553966], [-79.5961553001521, 43.7235026857012], [-79.59616801133082, 43.723508683741876], [-79.59617861029787, 43.72351348594757], [-79.59619129603446, 43.7235187897919], [-79.59620229370908, 43.72352329019659], [-79.59621411154082, 43.72352867530368], [-79.59622661676386, 43.723534387985794], [-79.5962391044703, 43.72353938162095], [-79.59625121196194, 43.723544475451234], [-79.59626319888419, 43.723550677203534], [-79.59627521088031, 43.72355678129152], [-79.59628689506893, 43.7235635796856], [-79.59629869982521, 43.72357019183342], [-79.59631090225125, 43.72357637305261], [-79.59632141479915, 43.723581496197674], [-79.59633192361633, 43.72358728432103], [-79.59634161077062, 43.72359298201676], [-79.59635379695557, 43.72359857245048], [-79.59636581825839, 43.723603986358725], [-79.59637671904935, 43.7236094976987], [-79.59638741783068, 43.72361497952365], [-79.59639951592341, 43.723619585631326], [-79.59641230179597, 43.72362569632274], [-79.59642251320345, 43.723632593280854], [-79.59643479594709, 43.72363638089233], [-79.59644760785517, 43.723641088114796], [-79.5964599974209, 43.72364657925757], [-79.5964722128232, 43.72365258404389], [-79.596483702758, 43.72365879238638], [-79.59649499830924, 43.72366428260205], [-79.59650681748296, 43.723668874259666], [-79.5965203937329, 43.723672972290366], [-79.59653350720788, 43.72367708268673], [-79.59654532107157, 43.72368169866588], [-79.59655781440028, 43.723687588749236], [-79.59656951263761, 43.72369249646688], [-79.59658029482621, 43.7236972744127], [-79.59659161165399, 43.72370189700373], [-79.59660111295493, 43.72370828490079], [-79.59660950880162, 43.723714975691536], [-79.59662078963382, 43.723720387668486], [-79.59663281710834, 43.723723293541596], [-79.59664582170868, 43.72372728548936], [-79.59665841674996, 43.72373109222611], [-79.59667041789784, 43.723735274325044], [-79.59668160181953, 43.72374039041772], [-79.59669192338048, 43.72374648427004], [-79.59670281393085, 43.72375347829387], [-79.59671370265971, 43.7237579891666], [-79.59672700493557, 43.7237617930737], [-79.59673859550018, 43.723766582506364], [-79.59675060253863, 43.72377309515314], [-79.59676071520909, 43.72377839178621], [-79.59677360340581, 43.723784388826296], [-79.59678621488669, 43.7237895790463], [-79.59679909587149, 43.7237933743159], [-79.59681181601313, 43.723797376994256], [-79.59682340810625, 43.723802678973186], [-79.59683449942455, 43.72380918907595], [-79.5968448246751, 43.72381487498899], [-79.5968554196643, 43.723820086769], [-79.59686610284581, 43.72382548928582], [-79.59687622331789, 43.72383089001451], [-79.59688651042407, 43.723836978959326], [-79.59689691198724, 43.72384408282631], [-79.59690639757889, 43.723851185022305], [-79.59691721529916, 43.723858578034616], [-79.59692869241793, 43.72386588441814], [-79.59694072203446, 43.723872579373676], [-79.59695291106775, 43.723878682457155], [-79.59696441595266, 43.723885097064624], [-79.59697541277494, 43.72389169676644], [-79.5969864921608, 43.72389838429714], [-79.59699719529674, 43.72390489133771], [-79.5970070025961, 43.723911193548815], [-79.59701738936513, 43.723918091082915], [-79.59702832132598, 43.72392519303576], [-79.5970375185683, 43.723931793080986], [-79.59704649255436, 43.723938694701175], [-79.59705681072585, 43.72394637431477], [-79.59706571261839, 43.72395249810194], [-79.59706751262067, 43.72395367476309], [-79.59707821164493, 43.72395928461009], [-79.59708822478422, 43.72396507944248], [-79.59709801220532, 43.72397158394195], [-79.59710661129483, 43.72397817627733], [-79.59711600002048, 43.72398498257848], [-79.59712361295573, 43.7239924849824], [-79.59713330363354, 43.723999871476934], [-79.59714338998776, 43.72400539452651], [-79.59715352553425, 43.724012179424214], [-79.59716391551703, 43.724019587944504], [-79.59717352189898, 43.72402637491117], [-79.59718339342088, 43.72403347979028], [-79.59719361018821, 43.72404009615137], [-79.59720389715055, 43.724046185927946], [-79.59721411367997, 43.72405188146898], [-79.5972233906794, 43.72405818556299], [-79.59723452193346, 43.724064676183914], [-79.59724430257585, 43.724071077593834], [-79.59725462191795, 43.72407809273375], [-79.59726500605632, 43.72408447751829], [-79.59727571314502, 43.72409019058969], [-79.59728739182168, 43.72409609323918], [-79.59729900950954, 43.72410208935784], [-79.597310013252, 43.72410879210103], [-79.5973214139495, 43.72411468134404], [-79.5973340933947, 43.72411988109944], [-79.59734651650581, 43.724125376848455], [-79.597357408502, 43.72413157738835], [-79.59736660195084, 43.72413858619251], [-79.59737489814756, 43.724145776019846], [-79.5973844161619, 43.724153675446026], [-79.59739229762978, 43.72416057543261], [-79.59740102052956, 43.724167492498644], [-79.59740990538384, 43.72417407422325], [-79.59742049586019, 43.724180871575676], [-79.5974322994856, 43.72418617744898], [-79.59744492574934, 43.724191574768575], [-79.59745410564759, 43.72419758382844], [-79.597464692255, 43.724204789963245], [-79.59747480265722, 43.72421087977242], [-79.59748471097843, 43.724217197126556], [-79.59749749319758, 43.72422358836723], [-79.59750880192117, 43.72422798037231], [-79.59751991436235, 43.72423349555169], [-79.5975296911822, 43.7242393840403], [-79.59753880987701, 43.72424548742626], [-79.5975479066295, 43.72425337821502], [-79.59755780593764, 43.72426038487045], [-79.59756869286059, 43.72426778759128], [-79.59757841015785, 43.72427507568866], [-79.59758801064602, 43.724283191887615], [-79.59759791434517, 43.72429109486364], [-79.59760760635137, 43.72429848148503], [-79.59761719714962, 43.7243051891569], [-79.5976272082416, 43.72431269800451], [-79.59763731522685, 43.72432037359932], [-79.59764620529582, 43.72432667478358], [-79.59765780857094, 43.72433259177453], [-79.59766839448761, 43.7243375719586], [-79.59767821657074, 43.72434408129218], [-79.59768879669424, 43.72435249030294], [-79.59769841077802, 43.724360684548444], [-79.59770701442774, 43.72436909484418], [-79.59771389301595, 43.724377490088095], [-79.59772001235373, 43.72438608590757], [-79.59772741431885, 43.72439358344673], [-79.59773519746518, 43.724400981813154], [-79.59774370250574, 43.72440779094972], [-79.59775251995747, 43.724414490276445], [-79.59776149921227, 43.724420983220845], [-79.59777102080712, 43.72442729681364], [-79.59778080714987, 43.72443367298562], [-79.59779071725472, 43.7244412955927], [-79.59780049317563, 43.724449283448834], [-79.59781061075314, 43.72445639712299], [-79.59782160369913, 43.72446248470452], [-79.59783242027046, 43.724469493165095], [-79.59784131376144, 43.724477483213114], [-79.59785020439439, 43.724485089493896], [-79.59785889453548, 43.724493178821874], [-79.59786859785598, 43.72450248650615], [-79.5978775115342, 43.72451158022971], [-79.59788510113505, 43.72451969280898], [-79.59789300679238, 43.724527287653295], [-79.59790120352174, 43.72453459052383], [-79.59790962619718, 43.724541182858914], [-79.59792000158686, 43.72454838498706], [-79.59792929094687, 43.72455568945471], [-79.59793649250483, 43.72456459171372], [-79.5979422064438, 43.724572592671116], [-79.5979489985817, 43.72458118076557], [-79.59795571885722, 43.72458937531923], [-79.59796270297703, 43.72459947478768], [-79.5979697157936, 43.72460868351181], [-79.59797729082514, 43.72461658890248], [-79.59798650336876, 43.72462457307069], [-79.59799601190214, 43.72463198560547], [-79.59800471236817, 43.72463859219768], [-79.5980137082364, 43.72464659672701], [-79.59802240746194, 43.72465399673551], [-79.59803350589274, 43.724660481692645], [-79.5980432110308, 43.72466689827925], [-79.59805301934213, 43.72467568338923], [-79.59806021122928, 43.72468317711594], [-79.59806801318769, 43.72469037299712], [-79.59807689224387, 43.72469828394285], [-79.59808680237074, 43.72470577842871], [-79.59809729760534, 43.72471358598536], [-79.59810572305632, 43.72472069103479], [-79.59811379763923, 43.72472818169789], [-79.59812312032366, 43.72473628445613], [-79.59813162447176, 43.72474388612132], [-79.59813851365828, 43.724751976498666], [-79.59814800763996, 43.72475918183692], [-79.5981566165643, 43.7247663898988], [-79.59816450383143, 43.72477418633125], [-79.59817301721502, 43.724782276563175], [-79.59818230637934, 43.72478827503523], [-79.59819339231424, 43.7247938893654], [-79.59820179416946, 43.72480147653389], [-79.5982098994094, 43.72480938086608], [-79.59821619171025, 43.72481759180952], [-79.59822372161977, 43.724825798011615], [-79.59823080054592, 43.72483358294936], [-79.59823760474671, 43.72484199358705], [-79.5982437058191, 43.724849997406174], [-79.59825099368989, 43.72485857955601], [-79.59825651237567, 43.72486678303185], [-79.59826222033475, 43.72487598515555], [-79.59826751719108, 43.72488448951725], [-79.59827269597386, 43.72489369371854], [-79.59827810165574, 43.724902188414084], [-79.59828349712846, 43.72491137225164], [-79.59828809089333, 43.72492039148024], [-79.59829449227715, 43.7249285918934], [-79.59830121723787, 43.72493847548568], [-79.59830729838428, 43.72494747518928], [-79.59831361475909, 43.724955995867], [-79.59831961473385, 43.72496398536192], [-79.59832511253762, 43.724973183691574], [-79.5983304944666, 43.7249822894737], [-79.59833571847092, 43.724991192850645], [-79.59834170289801, 43.72500107455798], [-79.59834690261509, 43.72500928390595], [-79.59835259190102, 43.72501868849668], [-79.59835880884363, 43.72502757844978], [-79.59836541875943, 43.72503539905715], [-79.5983741129675, 43.7250430795671], [-79.59838051051076, 43.72505168876753], [-79.59838800575356, 43.725059890940905], [-79.59839609770674, 43.72506679466183], [-79.59840420346353, 43.72507587600465], [-79.59841190083267, 43.725084772313416], [-79.59841941893534, 43.72509328405282], [-79.59842369805216, 43.725103077384446], [-79.59842780712563, 43.72511297471736], [-79.5984292057026, 43.725122590252774], [-79.59843000071376, 43.72513247947881], [-79.59843119980673, 43.725141785509074], [-79.5984332896013, 43.7251511917209], [-79.59843729492111, 43.7251606901018], [-79.59844412590228, 43.72517018025996], [-79.59845110291953, 43.72517807793628], [-79.59845679467566, 43.72518668927694], [-79.59846249852495, 43.72519617295576], [-79.59846639722794, 43.725204888615536], [-79.59846949557614, 43.725213696032164], [-79.59847291050104, 43.72522329082768], [-79.5984755124608, 43.725233281029766], [-79.59847709714516, 43.72524338421618], [-79.59848010730384, 43.72525448200175], [-79.59848201342123, 43.725263786065064], [-79.59848392393522, 43.72527398645704], [-79.59848619448755, 43.72528298296017], [-79.59848681802356, 43.72529259173231], [-79.59848840681677, 43.725302285269436], [-79.59849060817187, 43.7253121945496], [-79.59849319944529, 43.72532249046778], [-79.59849522121395, 43.72533188794423], [-79.59849671966373, 43.72534138954552], [-79.59849749234533, 43.72535188917485], [-79.59849831968222, 43.72536257568704], [-79.5984997185733, 43.725373497213845], [-79.59850050582321, 43.725383282343095], [-79.59849979785517, 43.72539377648198], [-79.59850009609174, 43.72540459317319], [-79.59850090595941, 43.72541468873459], [-79.59850110841128, 43.72542428803098], [-79.59850141439195, 43.72543428714494], [-79.59850219389956, 43.72544488985594], [-79.59850320325538, 43.7254552949256], [-79.59850449416291, 43.72546517736984], [-79.5985048055234, 43.7254748951001], [-79.59850460632006, 43.72548428434457], [-79.59850471938334, 43.7254936927378], [-79.59850509046065, 43.7255031887308], [-79.59850361544294, 43.72551377935118], [-79.59850140018177, 43.72552449532394], [-79.59850070949803, 43.72553478769726], [-79.59850051472668, 43.72554599496156], [-79.59849842013419, 43.725555474037556], [-79.59849441127429, 43.72556498921293], [-79.59849269939592, 43.72557488167447], [-79.59849321139497, 43.72558398739718], [-79.59849351297903, 43.725593090189264], [-79.59849250958591, 43.72560218639616], [-79.59849140778422, 43.7256117810099], [-79.59849171518616, 43.725621779438754], [-79.59849380817313, 43.72563287542232], [-79.59849571968782, 43.72564189811649], [-79.59849732454371, 43.72565218331846], [-79.59849711345299, 43.72566187811533], [-79.59849692211294, 43.725671499574915], [-79.59849690636868, 43.725680991843866], [-79.59849719916818, 43.72569078309056], [-79.59849740433954, 43.725700895129734], [-79.59849779288785, 43.725710982086675], [-79.59849850973089, 43.72572129468372], [-79.59849981767638, 43.725730591073166], [-79.59850071112153, 43.725739981921095], [-79.59850271883019, 43.72575047735139], [-79.5985066044652, 43.72576029199916], [-79.59850990402367, 43.72576979254542], [-79.59850999447131, 43.725778890520544], [-79.59851100088453, 43.72578878373976], [-79.5985126003951, 43.72579817158687], [-79.59851219280743, 43.72580899043992], [-79.59851112136585, 43.725818077914425], [-79.59850921850826, 43.72582868409052], [-79.5985077129353, 43.72583898914909], [-79.59850860127499, 43.72584958221432], [-79.59851029799569, 43.725860186768486], [-79.59851239830189, 43.72586928816101], [-79.59851530179577, 43.72587947515651], [-79.5985191026827, 43.72588999437137], [-79.5985218971232, 43.72590019189708], [-79.5985239072706, 43.725909894081184], [-79.59852780238154, 43.725920196444875], [-79.59853152301174, 43.72592878479007], [-79.59853460438985, 43.72593817830372], [-79.59853741710478, 43.72594699634045], [-79.5985405278415, 43.725956675265024], [-79.59854309344503, 43.72596627787603], [-79.59854289939365, 43.725975386619425], [-79.59854131383025, 43.725984681641016], [-79.59853151619069, 43.725990792833514], [-79.5985191097165, 43.7259934882193], [-79.5985067234312, 43.725997287289175], [-79.59849532216647, 43.7260010977843], [-79.59848279905665, 43.72600487747243], [-79.5984732037606, 43.726011681935645], [-79.59847160606432, 43.72602128336519], [-79.59847101597136, 43.726030284964224], [-79.59846941168297, 43.72603978245457], [-79.5984684082754, 43.72604887868097], [-79.59846560666644, 43.72605928144098], [-79.59846241021835, 43.72606957722324], [-79.59845851400294, 43.7260786739636], [-79.59845511155645, 43.726088684397524], [-79.59845382239976, 43.726098584808426], [-79.59845591883335, 43.72610809500363], [-79.59845961173754, 43.72611757514196], [-79.59845800480988, 43.72612668800368], [-79.59844921520957, 43.72613429807473], [-79.5984372246406, 43.72613728345675], [-79.59842831935156, 43.726143878425], [-79.59841982226327, 43.726151580980286], [-79.59841129309837, 43.72615848539344], [-79.59840191057859, 43.726165678280516], [-79.59839391451158, 43.726173093513644], [-79.59838600517067, 43.72618149377124], [-79.59837790964558, 43.726189278281346], [-79.59836980350613, 43.726197496603135], [-79.59836710898033, 43.726206584409226], [-79.59835960077045, 43.72621388959849], [-79.59835262461948, 43.72622157647914], [-79.59834151098077, 43.72622798764621], [-79.59833151834833, 43.72623547837761], [-79.59832449531473, 43.72624308248233], [-79.59831709108606, 43.72625078576259], [-79.59831010136067, 43.726258394585024], [-79.59830231412319, 43.726266478932715], [-79.59829441958541, 43.72627508550915], [-79.59828660422882, 43.726282091021396], [-79.59828029523199, 43.72629097411957], [-79.59827699892355, 43.726300590257814], [-79.59827161008478, 43.72630998704896], [-79.59826650818333, 43.726318579826], [-79.59826281263896, 43.72632719265283], [-79.59826040409912, 43.726336397106955], [-79.59826011325288, 43.726346387875616], [-79.59825942493451, 43.72635588703258], [-79.59825789228117, 43.72636498534808], [-79.59825470696126, 43.72636829617687], [-79.59824909843651, 43.72637627977357], [-79.59824322682731, 43.72638458439259], [-79.59823620256677, 43.72639218832725], [-79.59823171608849, 43.726401380621326], [-79.59822841704575, 43.72641048403129], [-79.59822519747233, 43.72641929236419], [-79.59822279542652, 43.726428472663024], [-79.59822091726156, 43.72643767521193], [-79.59821969687096, 43.72644679267979], [-79.59822001610661, 43.72645648560482], [-79.59822101570211, 43.7264654821894], [-79.59822239848408, 43.72647489043661], [-79.59822409322334, 43.72648419059773], [-79.5982268025833, 43.726493786737635], [-79.59822871939812, 43.72650278514855], [-79.59823150528219, 43.7265115743426], [-79.59823341044404, 43.726520877436975], [-79.59823541769329, 43.72653019588659], [-79.59823580862323, 43.72653948962907], [-79.59823589901825, 43.726548587638575], [-79.59823559576174, 43.726557578837465], [-79.59823379200071, 43.72656689493798], [-79.5982329999122, 43.726575995148096], [-79.59823290828446, 43.726585374607474], [-79.59823579649351, 43.726594178297034], [-79.59823920105951, 43.726603284423916], [-79.5982404001522, 43.726612590523416], [-79.59824169346754, 43.72662167977057], [-79.59824260686136, 43.72663099646104], [-79.59824582091125, 43.726639897358034], [-79.59824910292673, 43.726648678898876], [-79.59825251233094, 43.72665737726712], [-79.59825609473671, 43.72666648350354], [-79.59826009457028, 43.72667508545964], [-79.59826492223517, 43.72668349833254], [-79.59827042139021, 43.72669177521844], [-79.59827751940479, 43.72669948585378], [-79.59828170653267, 43.72670857562877], [-79.59828600280481, 43.72671778297369], [-79.59829121511048, 43.72672699197435], [-79.59829591010303, 43.72673589750692], [-79.59830119815764, 43.72674509126026], [-79.59830709708523, 43.726753195463765], [-79.59831380313715, 43.72676118289006], [-79.59831879968266, 43.72676949159335], [-79.59832521321512, 43.72677738653216], [-79.59833212382841, 43.72678527484314], [-79.59833932198947, 43.726793792363495], [-79.59834759351506, 43.72680108071961], [-79.59835541849345, 43.72680858708219], [-79.59836480383952, 43.72681488130511], [-79.59837582098916, 43.72681917990395], [-79.59838800783656, 43.72682359311445], [-79.5983969188758, 43.726830075433504], [-79.59840510640491, 43.726836891490194], [-79.59841349678112, 43.72684478425986], [-79.59842029329869, 43.72685309171952], [-79.59842881855916, 43.72685969943389], [-79.59843811763227, 43.72686618565096], [-79.59844870306097, 43.72687208732735], [-79.59845941067475, 43.72687687950095], [-79.59846930796547, 43.72688337341023], [-79.59847569609178, 43.726891495832135], [-79.59848192113968, 43.72689969637186], [-79.59848919772563, 43.726908583270884], [-79.5984920257297, 43.7269111854704], [-79.59849750556056, 43.72691638820527], [-79.59850692421375, 43.72692348072934], [-79.59851609048168, 43.72693058856203], [-79.59852632383878, 43.72693649052261], [-79.5985315942582, 43.72694509417597], [-79.59853641980656, 43.726954299440116], [-79.5985411109601, 43.726962692067886], [-79.59854611526445, 43.72697097677643], [-79.59855250145466, 43.72697989072859], [-79.59855869298221, 43.72698808741094], [-79.59856340676168, 43.726996790471986], [-79.59856959829341, 43.727004987154245], [-79.59857479827687, 43.72701319656877], [-79.59858252511162, 43.72702027877175], [-79.59858930684821, 43.72702837990136], [-79.59859749467321, 43.727035195083836], [-79.59860511245621, 43.72704228781513], [-79.59861182638299, 43.72705037933894], [-79.5986154275987, 43.72705928310954], [-79.59862079645875, 43.72706738835258], [-79.59862832098663, 43.72707469896794], [-79.59863719879472, 43.72708117655227], [-79.59864741472744, 43.72708648754476], [-79.59865821935398, 43.727091575578726], [-79.59866851939219, 43.727097486963814], [-79.59867800716032, 43.727103795653676], [-79.59868370570256, 43.72711238290181], [-79.59868690821935, 43.72712158848714], [-79.59868932104264, 43.72713058011728], [-79.5986868046766, 43.72713979531729], [-79.5986752939997, 43.72714348828762], [-79.59866401494035, 43.72714749531466], [-79.59865431930515, 43.72715349294799], [-79.59864579672872, 43.7271603723963], [-79.59863810375009, 43.727167574458846], [-79.59862981206716, 43.72717438539264], [-79.5986242113061, 43.72717709797839], [-79.59861890328766, 43.7271852773629], [-79.59862050119074, 43.72719428166874], [-79.59862401984984, 43.72720309761516], [-79.5986278096084, 43.72721169578341], [-79.59863091486085, 43.72722047825907], [-79.59863179479893, 43.72722979111722], [-79.59863201189128, 43.72723959768518], [-79.59863519956883, 43.72724859695387], [-79.59863751006799, 43.7272575740993], [-79.59863982184302, 43.72726667951274], [-79.59864142389601, 43.72727619586127], [-79.59864430589066, 43.72728527992386], [-79.59864742188586, 43.727294678382286], [-79.59865079714177, 43.727303371012894], [-79.59865480101499, 43.72731248588003], [-79.59865901895105, 43.727321195747706], [-79.5986647972183, 43.72732948706427], [-79.59867180108971, 43.72733728644642], [-79.59867851507113, 43.72734537797673], [-79.59868282073006, 43.727353895149186], [-79.59868820711014, 43.72736259135882], [-79.5986958208586, 43.72737009374962], [-79.59870281404713, 43.72737819884622], [-79.59870931689154, 43.727386285551084], [-79.59871642596875, 43.727394483195425], [-79.59872359580945, 43.72740258822928], [-79.59873152080705, 43.727409980635635], [-79.5987418022178, 43.72741609449024], [-79.59875362376636, 43.727420686097425], [-79.5987627128928, 43.72742729660383], [-79.59877000660225, 43.72743467573371], [-79.59877911033982, 43.72744149342607], [-79.59878912057934, 43.72744769695595], [-79.59879792392564, 43.72745418995231], [-79.59880301266494, 43.72746307419889], [-79.59880802298089, 43.72747238265554], [-79.59881350876445, 43.72748058148253], [-79.59882049807784, 43.7274881736713], [-79.59882820253891, 43.72749599523094], [-79.59883631609782, 43.72750308202184], [-79.59884491904964, 43.727510186171635], [-79.59885471525256, 43.72751679469668], [-79.59886371397404, 43.727523085157145], [-79.59887401504785, 43.72752807586527], [-79.59887901296717, 43.72753638473618], [-79.5988827977423, 43.72754539153248], [-79.59889201057835, 43.72755219868687], [-79.59890410960536, 43.727554576845954], [-79.59891011106394, 43.72756269553221], [-79.59891759630301, 43.727570280916765], [-79.5989251129456, 43.72757748827805], [-79.59893240283665, 43.72758527619354], [-79.59894350528577, 43.7275901761644], [-79.59895521520076, 43.72759439364317], [-79.59896681037644, 43.72759759704418], [-79.5989766969218, 43.72760347580068], [-79.59898319333986, 43.72761158665269], [-79.59899181986673, 43.72761808056013], [-79.59900208893771, 43.72762319480533], [-79.59901352253766, 43.727627782483545], [-79.59902580633752, 43.727630391910054], [-79.59903680503668, 43.72763489291215], [-79.59904619865867, 43.72764129033401], [-79.59905050705204, 43.727650192135954], [-79.59905859932651, 43.7276570967456], [-79.5990665972962, 43.727664090110096], [-79.59907650530093, 43.72767027912267], [-79.59908530222401, 43.72767679625579], [-79.59909609515549, 43.72768218979781], [-79.59910539963141, 43.72768839544418], [-79.59911780703388, 43.7276910734163], [-79.59913020378012, 43.72768998877216], [-79.59914182716321, 43.72769347739557], [-79.59915369742825, 43.72769618229836], [-79.59916530210833, 43.727699873388104], [-79.59917719841505, 43.727704577627165], [-79.59918589280466, 43.72771108112299], [-79.59919611695517, 43.72771649531441], [-79.59920620286, 43.727721890821556], [-79.5992179071455, 43.72772508366098], [-79.59923012014318, 43.72772297515297], [-79.59924261308268, 43.72772297807647], [-79.59925512117599, 43.72772449331861], [-79.59926600867772, 43.72772979722259], [-79.59927891517322, 43.727730883406174], [-79.59929150000774, 43.72773159082809], [-79.59930680032673, 43.727730993500586], [-79.59931949354603, 43.72773378895053], [-79.59933089784276, 43.72773809117728], [-79.59934332087106, 43.72774018373889], [-79.59935599606405, 43.727741083090486], [-79.59936970659838, 43.72774049080441], [-79.59938281208548, 43.72773978774944], [-79.59939569892381, 43.72774107535405], [-79.59940959972292, 43.7277414827524], [-79.59942212574929, 43.72774149123107], [-79.59943391634556, 43.72774449203972], [-79.59944731157213, 43.72774769411736], [-79.59946120996285, 43.72774889476856], [-79.59947392300718, 43.727747291464375], [-79.59948691638412, 43.72774478019369], [-79.59950052291043, 43.7277437897923], [-79.59951322552621, 43.72774287649686], [-79.59952552236483, 43.72774098404492], [-79.59953791420685, 43.72774017900621], [-79.59955150937648, 43.72774159287551], [-79.59956422494831, 43.727743777889394], [-79.59957679187328, 43.727745992010234], [-79.59958971322271, 43.7277472844727], [-79.59960210832351, 43.727749090890946], [-79.59961460304743, 43.72775078422439], [-79.59962691845381, 43.72775288658249], [-79.59963881185693, 43.72775707888805], [-79.59964819492721, 43.72776298836719], [-79.59965911963128, 43.72776868174523], [-79.59967159612317, 43.72777057581461], [-79.59968430803704, 43.72776989400883], [-79.59969661939785, 43.72776808062055], [-79.59970940708384, 43.727766589964254], [-79.59972202129948, 43.72776758273696], [-79.59973410015938, 43.72776558235526], [-79.59974901341263, 43.727764982086505], [-79.59976250253497, 43.72776259293284], [-79.59977512634308, 43.72775987611727], [-79.59978869515781, 43.72775719101616], [-79.59980139631611, 43.72775589321199], [-79.59981381385118, 43.72775368550364], [-79.59982711830425, 43.72775119315787], [-79.59983970701293, 43.727751491707124], [-79.59985230035207, 43.72775347932884], [-79.59986521674993, 43.72775177668048], [-79.59987820996331, 43.727749394314074], [-79.59989020231428, 43.727746793178575], [-79.59990351356444, 43.72774519749732], [-79.5999159209043, 43.72774367892633], [-79.59992842670614, 43.727742583637884], [-79.59994102793692, 43.72774047806239], [-79.59995381480962, 43.72773768310038], [-79.599966798371, 43.727738088603715], [-79.59997969510016, 43.72773658737695], [-79.5999913999574, 43.72773348512011], [-79.60000331500558, 43.72773038665199], [-79.60001509955333, 43.72772698844841], [-79.60002722862782, 43.7277242785713], [-79.60003880033243, 43.72772049193907], [-79.6000508203437, 43.727717792590184], [-79.60006182102234, 43.727715076081225], [-79.60021852178211, 43.727678994334944], [-79.60022417157538, 43.72769169482574], [-79.60140997456526, 43.730416795949445], [-79.60145687450746, 43.73053437770358], [-79.60307414428418, 43.73413769690944], [-79.60308575217721, 43.73417388940564], [-79.60310915661293, 43.734237191514524], [-79.60323387115778, 43.73421169687517], [-79.60496886366742, 43.73382768871944], [-79.60562864885598, 43.73375469820517], [-79.60596406882212, 43.733749782887514], [-79.6066953746412, 43.73380378491131], [-79.60984057098175, 43.734184184370825], [-79.60997676388715, 43.73420388826809], [-79.61241646626061, 43.734485577184834], [-79.61317227699112, 43.734565663676875], [-79.61472045512541, 43.73472967919516], [-79.61680085498683, 43.734979977658426], [-79.61785287702578, 43.73510528115895], [-79.619438682844, 43.735290984471995], [-79.62061657957038, 43.735368201360274], [-79.62138706160927, 43.73534149880673], [-79.62225135763941, 43.735223790902644], [-79.62235865736062, 43.735209193897894], [-79.62293256785507, 43.735089976453594], [-79.6231531362174, 43.73504657603104], [-79.62331631923674, 43.73501446321377], [-79.62335809266426, 43.73500624083432], [-79.62340657760683, 43.7349966891851], [-79.62344361268198, 43.73498994588866], [-79.62350782803033, 43.735082190764864], [-79.62351961034805, 43.735085494004316], [-79.62352750651067, 43.735093673195266], [-79.6235358252841, 43.73510119466787], [-79.62354640716792, 43.735107782898524], [-79.62355721599955, 43.735113788762824], [-79.62356083357543, 43.735123179754446], [-79.6235644382412, 43.735132876139915], [-79.62357373579074, 43.73513938497686], [-79.62358461166109, 43.73514619388314], [-79.62359370951879, 43.735152393254545], [-79.62360282959584, 43.73515969565958], [-79.62361040552699, 43.73516788064213], [-79.62361762722884, 43.7351769882742], [-79.62362461491037, 43.73518447569026], [-79.62363171424708, 43.735193385997405], [-79.6236375187857, 43.73520277971516], [-79.62364391073316, 43.73521169305971], [-79.62365263021053, 43.73522009069254], [-79.62366340964182, 43.73522568216523], [-79.623675422228, 43.73523088630799], [-79.62368720890964, 43.73523587849358], [-79.6236991096607, 43.735240579578786], [-79.6237103189297, 43.7352454910598], [-79.62372212460653, 43.73525107438597], [-79.62373342639373, 43.73525668950687], [-79.62374261600306, 43.7352643859676], [-79.62374911097417, 43.73527239220712], [-79.62375723050383, 43.73528039782863], [-79.62376772806726, 43.73528769065638], [-79.62377882636613, 43.73529327701474], [-79.62378982808934, 43.73529948923948], [-79.62380182746054, 43.73530579049385], [-79.62381211436939, 43.73531098094385], [-79.6238236267993, 43.735317393415315], [-79.623834404282, 43.735323778160485], [-79.6238452162033, 43.735330296748664], [-79.62385721155475, 43.73533687956533], [-79.62386782719594, 43.735342294701915], [-79.6238787141007, 43.73534787714773], [-79.62388982872625, 43.73535379809411], [-79.62390130531983, 43.73536007740735], [-79.62391370430377, 43.7353660777376], [-79.62392550718934, 43.73537127639071], [-79.62393620097784, 43.735376396238294], [-79.62394852240749, 43.73538189924938], [-79.62396001937452, 43.735387183645344], [-79.62397243453876, 43.73539167613626], [-79.62398441865919, 43.735394495490446], [-79.6239969190167, 43.735397489900066], [-79.6240098997567, 43.735401192601735], [-79.62402253175242, 43.73540448774825], [-79.6240344135325, 43.73540729263314], [-79.62404751887141, 43.73541039849943], [-79.62405960685015, 43.73541348868287], [-79.62407181180154, 43.7354179774275], [-79.6240845290334, 43.735422793828974], [-79.62409751951793, 43.73542698424713], [-79.62410981210108, 43.73543128025832], [-79.62412222079762, 43.735435796890314], [-79.62413531648478, 43.735440386414744], [-79.62414943214928, 43.73544499109066], [-79.62416150667188, 43.735449179251376], [-79.6241733020985, 43.735453482028454], [-79.62418663588751, 43.73545797621213], [-79.62419842642223, 43.735461382614616], [-79.62420992598692, 43.73546508109177], [-79.62422220078653, 43.7354687861107], [-79.62423613536482, 43.73547287882805], [-79.62424802018154, 43.73547619643837], [-79.62426080393605, 43.73548089412875], [-79.62427322278863, 43.73548669209749], [-79.62428551097558, 43.73549047602656], [-79.62429972214436, 43.7354932777328], [-79.6243125015719, 43.735496286447656], [-79.62432472913603, 43.735498986093354], [-79.6243390093345, 43.735501797547], [-79.6243511233995, 43.73550399569237], [-79.62436370819486, 43.73550628543194], [-79.62437690580917, 43.73550879074217], [-79.62439022626333, 43.735511491648374], [-79.62440381386928, 43.73551438435921], [-79.62441810768603, 43.73551727385585], [-79.62443201839841, 43.73551987902587], [-79.62444431722128, 43.7355221802929], [-79.6244564141201, 43.73552458021166], [-79.62446891146023, 43.73552719076959], [-79.62448170262368, 43.73552989389784], [-79.62449373026965, 43.7355322849209], [-79.62450861435097, 43.73553507867264], [-79.62452282388523, 43.73553749586225], [-79.62453820569715, 43.7355394902356], [-79.62455113657988, 43.73554088301255], [-79.62456522295275, 43.73554218200237], [-79.62457961668298, 43.73554378058457], [-79.62459510448812, 43.735545380599355], [-79.62461160277627, 43.73554689320597], [-79.62462452012872, 43.73554807894922], [-79.6246378117155, 43.735549572839204], [-79.62465190917742, 43.7355514878169], [-79.62466632049157, 43.73555367822528], [-79.62467993171305, 43.73555608787315], [-79.6246921362841, 43.73555847789215], [-79.62470671120899, 43.735561893412445], [-79.62471951332299, 43.73556508440392], [-79.62473421267893, 43.73556777498403], [-79.62474810482719, 43.73557058258713], [-79.6247617071983, 43.73557368243438], [-79.62477471345204, 43.73557598060901], [-79.62478750907225, 43.73557748142253], [-79.62480103164835, 43.73557877773565], [-79.6248145313521, 43.73557989257477], [-79.62483001616502, 43.7355809797947], [-79.62484543330189, 43.73558218553118], [-79.62486140539599, 43.7355840841154], [-79.62487761701523, 43.735586272705376], [-79.62489032636829, 43.73558809450585], [-79.62490362723932, 43.73558969177215], [-79.62491742266896, 43.735591282784405], [-79.6249310128559, 43.73559258952553], [-79.6249466166467, 43.735594281995866], [-79.62495973134918, 43.735595776815174], [-79.62497372649105, 43.73559767728002], [-79.62498591327441, 43.7355994762811], [-79.62499952935399, 43.73560147723731], [-79.6250117989327, 43.73560349214792], [-79.62502582337345, 43.7356056788823], [-79.62503862511285, 43.73560807619951], [-79.62505081997577, 43.735609978439854], [-79.62506470605263, 43.73561188945318], [-79.6250779076042, 43.73561398498553], [-79.62509262291353, 43.73561688286546], [-79.62510602220705, 43.73562008114678], [-79.62511951577558, 43.73562319063937], [-79.62513350532603, 43.73562629318192], [-79.62514700539188, 43.73562937850889], [-79.62515903271004, 43.73563269014363], [-79.62517291017654, 43.735635290489306], [-79.6251878324809, 43.735637680192774], [-79.62520060875792, 43.73564017688947], [-79.62521313206297, 43.73564348156859], [-79.62522572123684, 43.73564758912287], [-79.62523822540471, 43.73565188887867], [-79.6252503153536, 43.73565549148731], [-79.62526442508799, 43.73565919944824], [-79.625277326458, 43.73566319794511], [-79.62529112876791, 43.73566778322018], [-79.6253033116765, 43.735672883092754], [-79.6253155200674, 43.735677883560975], [-79.6253279256984, 43.73568188813688], [-79.6253399233555, 43.735684786228404], [-79.62535372914616, 43.73568778663532], [-79.6253670163866, 43.735690482687275], [-79.62537951002922, 43.73569337382414], [-79.62539180412126, 43.73569608360315], [-79.62540562851298, 43.735698881519205], [-79.62541970572522, 43.73570179128719], [-79.62543230535596, 43.73570428806677], [-79.62544503490054, 43.73570787801276], [-79.62545613118616, 43.735712286923146], [-79.62546761889529, 43.73571708253757], [-79.62547881737338, 43.73572137780181], [-79.62549081389511, 43.73572599003601], [-79.62550201366601, 43.73573159048104], [-79.62551182791603, 43.735737097268974], [-79.62552222666606, 43.73574358231762], [-79.62553170644597, 43.735750986360074], [-79.62554231768107, 43.73575878135088], [-79.6255519021584, 43.73576448585765], [-79.62556232812975, 43.73577007906977], [-79.62557301032409, 43.73577537618628], [-79.6255854128901, 43.73578188818356], [-79.62559750770257, 43.735787973346326], [-79.62560803317197, 43.735793196364845], [-79.62561881962792, 43.735798891555774], [-79.62562950991102, 43.73580429191434], [-79.62564052978735, 43.73580938056877], [-79.62565202538366, 43.73581428027244], [-79.62566320071915, 43.735819185778375], [-79.62567452266516, 43.73582459834985], [-79.62568610559886, 43.73583048309343], [-79.62569702893417, 43.735836197612834], [-79.62570752563664, 43.73584218504388], [-79.62571832684591, 43.73584808741515], [-79.62572903211371, 43.73585369409113], [-79.62574001505894, 43.73585918683749], [-79.62575242130215, 43.73586529000251], [-79.62576282872774, 43.73587108567662], [-79.62577561447284, 43.73587499072511], [-79.62578821469837, 43.73587958610138], [-79.6258006309878, 43.73588499921531], [-79.62581222083867, 43.735890987024035], [-79.6258226109826, 43.73589829035956], [-79.62583212654557, 43.735905699419504], [-79.62584230913612, 43.73591258918214], [-79.62585311964537, 43.7359185949552], [-79.6258654255282, 43.73592389035219], [-79.62587611663601, 43.73592849722255], [-79.62588720726822, 43.735933980083324], [-79.62589871516116, 43.73594067284072], [-79.62591141347956, 43.73594778995102], [-79.62592491331883, 43.73595468711136], [-79.62593733108618, 43.73596048555262], [-79.62594770925618, 43.73596599492957], [-79.62595900520998, 43.73597347638235], [-79.62596832774793, 43.73598067991355], [-79.62597800606312, 43.7359870881908], [-79.62598890833836, 43.73599287672058], [-79.62600031889237, 43.7359992744673], [-79.62600962058916, 43.7360053742619], [-79.62601863577234, 43.73601227819853], [-79.62602932692283, 43.73601977629819], [-79.62603881717203, 43.73602569851444], [-79.62604900487042, 43.73603217875069], [-79.62605772689471, 43.736039782884276], [-79.6260676044416, 43.73604767925172], [-79.62607763518224, 43.73605408625479], [-79.62608781290892, 43.73606007962001], [-79.62609852189895, 43.73606527744492], [-79.62610242674339, 43.736073992336465], [-79.62609542824775, 43.73608178119524], [-79.62610041910311, 43.736090394255484], [-79.62611022044447, 43.73609607827677], [-79.62612322689999, 43.73609548501022], [-79.62613602698187, 43.73609447833918], [-79.6261489240499, 43.73609179612227], [-79.62616172104796, 43.73609329690724], [-79.62617502605002, 43.73609658468374], [-79.62618680347086, 43.736101088824114], [-79.6261968988161, 43.736106993507285], [-79.62620663120833, 43.7361143821002], [-79.62621723651513, 43.736121280480816], [-79.62622632647503, 43.73612829706423], [-79.62623580242642, 43.73613598261463], [-79.62624501566962, 43.73614398842288], [-79.62625441093967, 43.736150792869914], [-79.62626501702226, 43.73615689778365], [-79.6262757105624, 43.73616268186029], [-79.6262864059439, 43.73616897852273], [-79.62629593749483, 43.73617488056701], [-79.62630841654902, 43.73618058460289], [-79.626320017094, 43.73618508970773], [-79.62633170812506, 43.73618978673016], [-79.62634350823264, 43.73619447318657], [-79.62635483110927, 43.73619909221764], [-79.62636603591586, 43.73620428392136], [-79.62637733447049, 43.73621017943498], [-79.62638961019822, 43.736215982813256], [-79.62640011304465, 43.7362208953078], [-79.62641061549903, 43.736225680559414], [-79.62642203055188, 43.73623087598382], [-79.62643331128746, 43.73623618051198], [-79.62644402533495, 43.73624109775996], [-79.6264556173059, 43.736246292199546], [-79.62646762744221, 43.73625098323054], [-79.6264794164016, 43.736255182634125], [-79.62649091295437, 43.73625928877578], [-79.62650370862471, 43.736263681456286], [-79.62651541139641, 43.736268072892145], [-79.62652731573355, 43.7362732863726], [-79.62653942266395, 43.73627919396098], [-79.6265523270583, 43.736284496774694], [-79.6265656118407, 43.73628877941038], [-79.62657740965119, 43.73629228858708], [-79.62659021015274, 43.7362962726116], [-79.6266027200896, 43.73630067596145], [-79.62661642957161, 43.736305478966706], [-79.62662962639135, 43.736310875029744], [-79.6266424143208, 43.73631687791566], [-79.62665310055216, 43.736321894207215], [-79.62666500307584, 43.73632659508302], [-79.62667841570749, 43.73633079275866], [-79.62669191934796, 43.73633438975103], [-79.62670392339594, 43.73633818420842], [-79.62671742341799, 43.736342190009324], [-79.6267291348285, 43.73634589206665], [-79.62674142367779, 43.736349674804586], [-79.62675421823648, 43.73635289036778], [-79.62676593350672, 43.73635618274508], [-79.62677742684416, 43.73635977695862], [-79.6267902275452, 43.73636388906003], [-79.62680281824625, 43.73636799657051], [-79.62681551683394, 43.73637209334602], [-79.62682761998504, 43.73637539035403], [-79.62684093223622, 43.73637878025133], [-79.6268531129872, 43.73638257457048], [-79.62686552220833, 43.736387090835365], [-79.62687842317119, 43.73639188257408], [-79.62689123026111, 43.736396890341965], [-79.62690380068473, 43.736401992754644], [-79.62691772333453, 43.73640718409199], [-79.62693030598014, 43.736411188336646], [-79.62694363298455, 43.73641478541056], [-79.6269557313453, 43.73641849104591], [-79.62696880561721, 43.73642369060276], [-79.62698091701188, 43.73642839585865], [-79.62699321568844, 43.73643148937894], [-79.6270065248634, 43.73643449546413], [-79.62702063245568, 43.736436897800495], [-79.62703332167091, 43.73643958610943], [-79.62704642869527, 43.7364426917114], [-79.62706082508352, 43.736445596112624], [-79.6270733011957, 43.736447896039365], [-79.62708741552007, 43.73645027334057], [-79.62710202289361, 43.73645238799723], [-79.62711651860046, 43.736454794092786], [-79.62713173368188, 43.73645727673358], [-79.62714443477164, 43.736459787567355], [-79.62715772233928, 43.7364624833582], [-79.62717161801051, 43.736465674377705], [-79.62718632987279, 43.736468981593944], [-79.6271982040402, 43.73647168281643], [-79.62721190823369, 43.73647479572533], [-79.62722630294049, 43.73647849253236], [-79.62724041149869, 43.73648207278023], [-79.6272535298998, 43.7364857934932], [-79.62726552957174, 43.736489075815534], [-79.62727801378539, 43.73649147896204], [-79.62729000890054, 43.73649399214735], [-79.62730281219443, 43.73649638931265], [-79.62731792630447, 43.73649898573577], [-79.62733150596047, 43.73650269546424], [-79.62734392175332, 43.736507187502376], [-79.62735570724097, 43.73651179560607], [-79.62736782988543, 43.73651698784704], [-79.62738011136729, 43.73652158898705], [-79.62739181175576, 43.73652467495482], [-79.62740373039391, 43.73652799686209], [-79.62740771721133, 43.73652879025823], [-79.62749138143289, 43.7365527644545], [-79.6274918375403, 43.73655290591522], [-79.62763768794512, 43.73659474958218], [-79.62771250290045, 43.73661619443027], [-79.62784960816985, 43.73665288733855], [-79.62805455226588, 43.73672188706148], [-79.62815771460816, 43.73675657469231], [-79.6283432062683, 43.73680969794118], [-79.6284601052684, 43.73684317725777], [-79.62847430139256, 43.736844593166005], [-79.62848722843113, 43.736847187649936], [-79.62850123026851, 43.736849984108936], [-79.62851532998341, 43.73685228296132], [-79.62852883583125, 43.73685508638314], [-79.62854143233889, 43.73685799154358], [-79.6285548205435, 43.73686149488243], [-79.62856642203135, 43.736865078134976], [-79.62857932850129, 43.73686958823157], [-79.62859181714829, 43.73687368103796], [-79.62860430891561, 43.73687539447843], [-79.62861783197953, 43.7368766902114], [-79.62863182125608, 43.736877694421956], [-79.62864551609914, 43.73687637844762], [-79.62865762629447, 43.736873994912514], [-79.62867163109607, 43.73687428387528], [-79.62868383452636, 43.736876288870704], [-79.62869762597362, 43.73687619031895], [-79.62870992369461, 43.73687928343719], [-79.62872322812618, 43.73688139289111], [-79.62873652675613, 43.736878792969264], [-79.6287494267794, 43.736876495011394], [-79.62876181415736, 43.73687479012556], [-79.62877463208204, 43.736871482788075], [-79.6287868218569, 43.73686867428418], [-79.62879991059272, 43.73686908999447], [-79.6288136225129, 43.73686928740741], [-79.62882721996004, 43.736867676407385], [-79.6288388065688, 43.73686409213601], [-79.62885042681411, 43.7368595918629], [-79.6288621141793, 43.73685589463538], [-79.62887513011141, 43.73685658129264], [-79.62888740570197, 43.73685739356312], [-79.6288994047675, 43.73685437986889], [-79.62891331217602, 43.736854373795815], [-79.62892681492814, 43.736856793367735], [-79.6289398191753, 43.736857785580376], [-79.62895312229314, 43.7368568746053], [-79.62896561561263, 43.73685477533434], [-79.62897901328219, 43.73685167793929], [-79.62899132084897, 43.736848297590875], [-79.6290039194053, 43.73684659742308], [-79.62901652318284, 43.73684579276774], [-79.62902952346195, 43.73684417441775], [-79.62904212003421, 43.73684418738557], [-79.62905533068313, 43.73684559297823], [-79.62906892879236, 43.73684608059647], [-79.62908143276714, 43.736845389916276], [-79.62909441109664, 43.7368427957568], [-79.62910671393804, 43.73684049042854], [-79.62911930823753, 43.7368382773195], [-79.62913231489405, 43.73683479148424], [-79.62914421036459, 43.73683058621469], [-79.62915700800245, 43.73682827374062], [-79.62917051751123, 43.736827776129644], [-79.62918253458892, 43.736825481482356], [-79.62919470622663, 43.73682208280522], [-79.62920621021205, 43.73681828171278], [-79.629219030673, 43.73681627966975], [-79.6292321272835, 43.736817976343985], [-79.6292454174525, 43.73681908592458], [-79.62925931506499, 43.73681859206488], [-79.62927283554538, 43.736818582338], [-79.62928640049564, 43.73681919332074], [-79.62929892592936, 43.73681868477633], [-79.62931200710868, 43.73681807559178], [-79.62932482465465, 43.736818581002], [-79.62933680692217, 43.736821271203254], [-79.62934932373535, 43.73682158097326], [-79.62936221530748, 43.73682299250485], [-79.62938091884062, 43.73682878164615], [-79.62939313537142, 43.73683178616789], [-79.6294071037166, 43.73683168651788], [-79.62942123899408, 43.73683227592731], [-79.629435114169, 43.73683449096232], [-79.6294482064887, 43.73683738988282], [-79.62946081354198, 43.73683998917778], [-79.62947351415903, 43.73684329314398], [-79.62948650436374, 43.736846176739554], [-79.62949911927434, 43.73684888014047], [-79.6295118198965, 43.73685218410122], [-79.6295254232034, 43.73685239024556], [-79.62953842982824, 43.73685179647048], [-79.62955222009514, 43.736850391730826], [-79.62956611682398, 43.736848976947115], [-79.62957980680193, 43.7368468925551], [-79.62959271986038, 43.73684559409908], [-79.62960533460637, 43.73684527725897], [-79.6296170263952, 43.73684209199296], [-79.62963001378044, 43.73684077895104], [-79.62964240920115, 43.73683917718948], [-79.6296543122228, 43.73683428146592], [-79.62966493043541, 43.73682917919604], [-79.6296759319665, 43.736824489333316], [-79.62968852193222, 43.73682058630084], [-79.62970030590787, 43.73681508530346], [-79.6297133208963, 43.736810781923765], [-79.6297267113503, 43.736806786839104], [-79.62973883487116, 43.73680317618864], [-79.62975201266562, 43.73680089224766], [-79.62976632745007, 43.73680278597235], [-79.62977811088734, 43.73680608753593], [-79.62978990217964, 43.7368094932092], [-79.62980303431802, 43.736809480500945], [-79.62981542324543, 43.73681079499717], [-79.62982873489794, 43.73681208665597], [-79.62984112935962, 43.736813375955606], [-79.62985422169888, 43.73681627481516], [-79.62986531530981, 43.73682109114202], [-79.62987401197798, 43.736827872591924], [-79.62988231688686, 43.7368351880605], [-79.62989221265315, 43.73684157548945], [-79.62990090950133, 43.73684848504246], [-79.62991082071925, 43.7368542861962], [-79.62992121054748, 43.73686028302686], [-79.62993152132617, 43.7368657832383], [-79.62994343168481, 43.73686979415982], [-79.6299549156573, 43.73687407715175], [-79.62996831441068, 43.73687609762432], [-79.62998161064094, 43.73687797553391], [-79.62999431130567, 43.73688127942534], [-79.63000643408809, 43.73688358005284], [-79.63001882877168, 43.73688788955405], [-79.63003083943758, 43.73689258011182], [-79.6300419261897, 43.73689729333794], [-79.63005332565095, 43.736900975924314], [-79.63006511579768, 43.73690438139409], [-79.6300773254975, 43.736907282741434], [-79.63008931278759, 43.73690969230074], [-79.63010183513721, 43.73691169197419], [-79.63011033465591, 43.73691368506801], [-79.63014912103232, 43.73692039189403], [-79.63028358872626, 43.73694365644299], [-79.63036638659867, 43.73695798610041], [-79.63038178029787, 43.73696059546811], [-79.63039405548854, 43.73695838816377], [-79.63040705427741, 43.736957690148344], [-79.63042035904213, 43.736955986515866], [-79.63043295592837, 43.73695507857635], [-79.63044525224181, 43.73695279722113], [-79.63045768075642, 43.73695120091277], [-79.6304703811948, 43.73694859238719], [-79.6304832694752, 43.73694659973896], [-79.63049566489461, 43.73694499785599], [-79.63050896965247, 43.73694329421022], [-79.63052136507011, 43.73694169232366], [-79.6305341843181, 43.73693968991922], [-79.63054697832784, 43.73693778605485], [-79.63056086951994, 43.73693639630604], [-79.63057317135465, 43.736934089740046], [-79.63058166437222, 43.73692717713168], [-79.6305909733203, 43.73691958619389], [-79.63059888102664, 43.73691248881606], [-79.63060477884967, 43.736902880953735], [-79.63060795196493, 43.73689409027151], [-79.63061247520504, 43.73688487673348], [-79.63061696455682, 43.73687499382413], [-79.63062106158318, 43.736866180466755], [-79.63062545808826, 43.73685638565626], [-79.63062728589719, 43.73684668934194], [-79.63062987756638, 43.73683638437279], [-79.63063426597968, 43.736826486315046], [-79.63063975111945, 43.73681789497561], [-79.63064527630368, 43.73680928331748], [-79.63064946758371, 43.736800381168365], [-79.63065398289345, 43.73679119248919], [-79.63065908305306, 43.73678298117973], [-79.63066447437086, 43.73677368603198], [-79.63066867373101, 43.736764887131706], [-79.63067187991668, 43.736756102022255], [-79.63067507612665, 43.736746701076676], [-79.63067995556088, 43.73673707658168], [-79.6306858656995, 43.736728084894686], [-79.63069126390252, 43.73671889282788], [-79.63069436771535, 43.73670878738012], [-79.63069775985323, 43.73669839036002], [-79.63070265567212, 43.73668818062389], [-79.63070626162681, 43.73667909370998], [-79.63071038504548, 43.73667018198301], [-79.63071232934394, 43.73666648966383], [-79.63047727114555, 43.73640517871009], [-79.62990979439935, 43.735362293805984], [-79.6291816160661, 43.73409664134416], [-79.62903749255634, 43.73384333580484], [-79.62897785616379, 43.73371392087683], [-79.62895172940301, 43.73366588267674], [-79.62835105515998, 43.73289787446942], [-79.62684943593187, 43.730619047829514], [-79.62665530801638, 43.73031842013085], [-79.62582177222988, 43.72905938289207], [-79.62581408308708, 43.7290413811941], [-79.62578304069622, 43.728968976652034], [-79.62577938138232, 43.72896039875244], [-79.62574426354534, 43.72888398979414], [-79.62570807857539, 43.72880748019779], [-79.62567097092881, 43.72873099426891], [-79.62540717454512, 43.728217848630536], [-79.62530095999827, 43.728011273492996], [-79.62525146319024, 43.72790788259488], [-79.62520557307444, 43.72783138343884], [-79.62516046064844, 43.72775947327688], [-79.62511647290586, 43.72768298766297], [-79.62507287887308, 43.727606480647225], [-79.62502967036428, 43.72753458333743], [-79.62481755895976, 43.72711607851384], [-79.62464437189051, 43.72677439245926], [-79.6241746828406, 43.72596325101221], [-79.62400065057341, 43.72566269522999], [-79.62399735672498, 43.7256567027207], [-79.6230613515747, 43.723982583666064], [-79.62286866757046, 43.72362675287076], [-79.62283407146772, 43.7235628790385], [-79.62283315025844, 43.723561187737914], [-79.62257247701532, 43.723087989134406], [-79.62238736208491, 43.72275352087772], [-79.62218572799158, 43.72238915693516], [-79.62169217096945, 43.72149727601163], [-79.62039196111166, 43.71918568248231], [-79.62004576738312, 43.71858718131969], [-79.62003396586664, 43.71856007708658], [-79.61999817783001, 43.71849659653034], [-79.61998617851853, 43.71847849752059], [-79.61980059411464, 43.7181432933237], [-79.61950937361871, 43.717617279544186], [-79.61946120244005, 43.717535031130055], [-79.61885596982911, 43.716501859891416], [-79.61711516319549, 43.713529991911685], [-79.61709827368378, 43.71350109313431], [-79.61514698100146, 43.710190775607494], [-79.61378067188447, 43.70788317681922], [-79.61367301764582, 43.707710268637555], [-79.6135278304454, 43.70747716428059], [-79.61352724656005, 43.70747618607364], [-79.61342270354292, 43.70730824777579], [-79.61259324987213, 43.70597607587165], [-79.61240465756046, 43.705676055140515], [-79.61227527771848, 43.705470261629706], [-79.6122751806254, 43.70547009474463], [-79.61222837080149, 43.70539561019581], [-79.61221715291603, 43.705377774097556], [-79.61205453341456, 43.705119042895056], [-79.61161505976663, 43.70441978203278], [-79.61038934369516, 43.70249928008915], [-79.6099212989855, 43.70177805594449], [-79.60969989524115, 43.70143689857208], [-79.60962016406337, 43.701308471090144], [-79.60943540620174, 43.70103380799633], [-79.60927214733049, 43.70079107649771], [-79.60911655431057, 43.70054607877209], [-79.60814694788476, 43.699003583780815], [-79.60727276116909, 43.69763338817006], [-79.60718904241116, 43.69749728089761], [-79.60715567375281, 43.69744683126799], [-79.6071530681586, 43.69744288007373], [-79.6070962014528, 43.697352743343025], [-79.60701727283144, 43.69722767675988], [-79.60700946088903, 43.6972151584515], [-79.60692788216625, 43.69708434408206], [-79.6068626283502, 43.696979765307766], [-79.60682943871892, 43.696926551262166], [-79.60668750458666, 43.69669904108221], [-79.60607616565906, 43.69571898407358], [-79.60605234800201, 43.69567367310108], [-79.60520405389858, 43.69425869147085], [-79.60471465510082, 43.693424370211545], [-79.60282581949387, 43.6896825331201], [-79.602667955553, 43.6893698349395], [-79.60249182146846, 43.68905690258918], [-79.60187234824764, 43.687955644975645], [-79.60156860220495, 43.68748369870829], [-79.60100228428462, 43.6866698873988], [-79.60084100292194, 43.68643955208899], [-79.60060249211055, 43.68613013555916], [-79.60049243748676, 43.68545983324472], [-79.60044912188515, 43.68520806484393], [-79.60006875507338, 43.68456278398909], [-79.59997087912456, 43.68380232909769], [-79.59474297977339, 43.67448379723626], [-79.59462749579936, 43.67428095437679], [-79.59379047186259, 43.67312389421238], [-79.59323793377162, 43.67219878292621], [-79.59314455705359, 43.6720421854714], [-79.59208984097116, 43.67027357710451], [-79.59185592699055, 43.66987245628879], [-79.59158256939845, 43.669403670582426], [-79.59155418262928, 43.66935645663307], [-79.59145450592995, 43.66919057181763], [-79.59141149373868, 43.66911899735452], [-79.59131025619664, 43.668950537689135], [-79.59129450699515, 43.668924329797754], [-79.59122282749894, 43.66880501610742], [-79.59119736717098, 43.66876264266972], [-79.59109695765201, 43.66879757313758], [-79.59089783973013, 43.66886516868257], [-79.59069874865831, 43.668937372253346], [-79.59050053953554, 43.669009573444825], [-79.5903021594807, 43.66907716965664], [-79.59010465433403, 43.6691493670654], [-79.58990714183471, 43.66922158906798], [-79.58971005619969, 43.669293666233095], [-79.58951364051748, 43.66936586408683], [-79.58931766648668, 43.6694425766358], [-79.5891217315355, 43.66951468802159], [-79.58892654988772, 43.66958688088821], [-79.58876551924408, 43.669650051367], [-79.58841024803527, 43.669776285113215], [-79.58808954053768, 43.669889077908294], [-79.5877692525191, 43.67000187739736], [-79.58744966112408, 43.67011457067681], [-79.58732526646519, 43.67016026832184], [-79.58732151576305, 43.670161630071284], [-79.58713016297759, 43.67023188094998], [-79.58707265892855, 43.670252223758986], [-79.58681096276477, 43.67034467902662], [-79.58649226852714, 43.67046187149758], [-79.58618297738288, 43.67057581882664], [-79.58617385903395, 43.67057918142342], [-79.58585626743675, 43.6706918720415], [-79.58553865433302, 43.67081366780065], [-79.5852214604865, 43.67093089066922], [-79.58490495004138, 43.671048184603826], [-79.58481006593267, 43.67108427801173], [-79.58471554940694, 43.67111586896524], [-79.584621450997, 43.6711563721711], [-79.58438422059331, 43.67124825210471], [-79.5842488409701, 43.67130067800457], [-79.58415704259043, 43.6713412771653], [-79.58406524428179, 43.67138187537537], [-79.58397425395916, 43.67142248701032], [-79.5838832612879, 43.6714629692946], [-79.58379265701176, 43.67150358455277], [-79.58370276454814, 43.671544171828536], [-79.58361533725916, 43.67158528894855], [-79.58352384055345, 43.67162529018983], [-79.58343516761411, 43.67167037481619], [-79.58334724200044, 43.6717109858088], [-79.5832593349118, 43.67175597395853], [-79.58317165447194, 43.67179907603408], [-79.58316393115945, 43.67180327581915], [-79.58308515151283, 43.671846182474134], [-79.5829987376526, 43.67188667469891], [-79.58291275726886, 43.67193628654042], [-79.58284372175892, 43.67197284882187], [-79.58282753654363, 43.671981374558804], [-79.58274276297517, 43.672026372868324], [-79.58265796393763, 43.67207146960275], [-79.58257434369249, 43.672121083148234], [-79.58248554520407, 43.672169245173066], [-79.58216809790409, 43.672360855309385], [-79.58208145175921, 43.6724139793485], [-79.58200124247885, 43.67246348845777], [-79.58192145365577, 43.67251758586701], [-79.58184214018215, 43.67256717102793], [-79.58176353684681, 43.672621180544084], [-79.58168534888065, 43.672670772280064], [-79.58160784573562, 43.672724886873795], [-79.58153084447271, 43.672774390892144], [-79.58145414789792, 43.67283296948856], [-79.58138254754795, 43.672882574806785], [-79.58131095405099, 43.67292757539086], [-79.58124005842345, 43.672977178613955], [-79.58116954366626, 43.6730266818536], [-79.58109954912912, 43.67308078759737], [-79.58103023440363, 43.67313028205298], [-79.58096163133217, 43.673179877518976], [-79.58089315768554, 43.67323396897322], [-79.58082585007672, 43.67328346712027], [-79.58075884740072, 43.67333758826847], [-79.5806922457145, 43.67338708450945], [-79.58062644958838, 43.6734411727415], [-79.58056106110092, 43.67349518987749], [-79.58049635869116, 43.67354927933015], [-79.5804321367458, 43.67360328384832], [-79.58036866766116, 43.67365736927125], [-79.58030595910175, 43.673711383552714], [-79.58024363498717, 43.67376998200221], [-79.5801820587524, 43.67382397792277], [-79.58012093610971, 43.67388256693896], [-79.5800605611652, 43.67393668235483], [-79.5800005573318, 43.67399517498055], [-79.57994134800191, 43.67404927676928], [-79.57988285756973, 43.67410777918119], [-79.5798248611276, 43.67416627471221], [-79.57976754426942, 43.67422486672951], [-79.57971106100587, 43.67428337291885], [-79.57965495262347, 43.67433747973367], [-79.57959954679552, 43.67440048851455], [-79.5795446578323, 43.67445909300646], [-79.57949086132382, 43.67451757141139], [-79.5794370649435, 43.67457617700372], [-79.57937066466368, 43.67467265282208], [-79.57927873809957, 43.67476077143016], [-79.57924044968873, 43.674796888044824], [-79.57920215999827, 43.6748328764139], [-79.57916466492559, 43.67487337828322], [-79.57912784037745, 43.67491387326722], [-79.57909184474629, 43.67494998317527], [-79.57905665651295, 43.67498597667316], [-79.57902145302843, 43.67502647167589], [-79.57898735008204, 43.675067071897566], [-79.57895404660212, 43.675107580557786], [-79.57892113596947, 43.67514806888013], [-79.57888946158742, 43.675188680797525], [-79.57885776089486, 43.675224684110376], [-79.57882713662539, 43.675265189909894], [-79.57879736076463, 43.67530568811627], [-79.57876793094708, 43.67535078929359], [-79.57873935656741, 43.675391279000756], [-79.5787119619909, 43.67543628588357], [-79.57868444592782, 43.67547677184044], [-79.57865855087918, 43.675517386774715], [-79.57863344943675, 43.67556238614172], [-79.57859476240733, 43.67561187933659], [-79.57855715668694, 43.675656971337176], [-79.57852003573903, 43.67571098552623], [-79.57848364152845, 43.675760472055146], [-79.57844806246642, 43.675810074336205], [-79.57841324959385, 43.67585958033849], [-79.57837923681885, 43.675913574697304], [-79.57834593613273, 43.67596309125341], [-79.5783131313459, 43.676017181039406], [-79.5782813510187, 43.67606668244541], [-79.57825043829206, 43.67612068269673], [-79.5782199337113, 43.676170289150726], [-79.57819056053872, 43.67622878069168], [-79.57816195478057, 43.67627827260148], [-79.57813375596818, 43.67633227407602], [-79.57810623542827, 43.67638637277142], [-79.57807993643395, 43.676440388807414], [-79.57805443222699, 43.67648988593454], [-79.57802763553312, 43.67657046675797], [-79.57795835882389, 43.676683474162914], [-79.57795132455901, 43.67669662502254], [-79.57771565721488, 43.6771370869908], [-79.57760253112498, 43.67734828884417], [-79.5773729922734, 43.67777711064326], [-79.57671963655932, 43.67899768417584], [-79.57650685956511, 43.67941187397244], [-79.57609994656436, 43.680204290809606], [-79.57532437646697, 43.68167990671133], [-79.57527143169013, 43.681780675868545], [-79.57525354078237, 43.68181446966184], [-79.57512863541157, 43.682050180482996], [-79.57441066305178, 43.68350627866103], [-79.57438475101097, 43.68355098552994], [-79.57371185620998, 43.68472209473528], [-79.57293635008834, 43.68603598136197], [-79.57218703435944, 43.6872690751209], [-79.57084225535475, 43.689575376257096], [-79.5707902497422, 43.68967377581209], [-79.5707383372359, 43.68977208564352], [-79.57068615735581, 43.689879492945664], [-79.57063415130051, 43.68997789169138], [-79.57059094771974, 43.690053461004794], [-79.57042592278212, 43.690342159368186], [-79.57032876647504, 43.690512090525274], [-79.57024573236187, 43.690657389125995], [-79.57019375777553, 43.69075579271183], [-79.57018095447106, 43.69077357577855], [-79.57013135950936, 43.690852178238025], [-79.57007134022095, 43.69094667609634], [-79.57001095953832, 43.69104577905909], [-79.56994984673233, 43.69114027480815], [-79.56988753938425, 43.6912348830269], [-79.56982483753929, 43.6913293832934], [-79.56976135302276, 43.69142848077517], [-79.56969755858397, 43.69152297995289], [-79.5696325355733, 43.69161758497081], [-79.56961978989187, 43.69163593963734], [-79.56956673757308, 43.6917121838219], [-79.56953100224268, 43.69176319937763], [-79.5695005462471, 43.69180667488288], [-79.56943326161704, 43.691901291892094], [-79.56938684444074, 43.691965888721896], [-79.56937864132671, 43.69197733848068], [-79.56937275420856, 43.69198556155828], [-79.5693654479023, 43.691995782718884], [-79.5692969500767, 43.69208587731249], [-79.5692552055963, 43.692142821063875], [-79.56922764829143, 43.692180386979054], [-79.56915804166867, 43.69227498234125], [-79.56908713243993, 43.69236498969895], [-79.5690155501352, 43.69245958567477], [-79.56894355500089, 43.692549694963816], [-79.56887083783377, 43.69264418081771], [-79.56879723622545, 43.69272978880096], [-79.56872296436205, 43.69282428401055], [-79.56864825291706, 43.69291439171612], [-79.56857276014952, 43.693004388438474], [-79.56849643275402, 43.693094471706324], [-79.56841946097192, 43.69318459062436], [-79.56834234519435, 43.693274587891395], [-79.5677909470121, 43.693904479484914], [-79.56701945362742, 43.694792090881535], [-79.5664950364988, 43.69538407878687], [-79.56600719050509, 43.69593486893992], [-79.56577495060235, 43.69619708168279], [-79.5644758511697, 43.69765599144124], [-79.56319146336185, 43.69910138380585], [-79.5617516527969, 43.70070899865589], [-79.56161755928096, 43.70086646984488], [-79.56156765391596, 43.70092509520069], [-79.56151603590376, 43.70098340100607], [-79.56059874896462, 43.70201928031043], [-79.56050370018976, 43.70212789363873], [-79.55958982688743, 43.70317198897793], [-79.55901123278795, 43.70383387757448], [-79.55853604274438, 43.704347189527745], [-79.55777685876772, 43.70517117644134], [-79.55729423273965, 43.70568448068351], [-79.55703855100617, 43.70596818843454], [-79.55678212587964, 43.706251893596686], [-79.55669044416052, 43.706359987511995], [-79.5565873454389, 43.706481481547264], [-79.55648164867738, 43.70659848582153], [-79.55606674748289, 43.70705779710333], [-79.55602255149068, 43.7071073816178], [-79.55597763518361, 43.70715688969557], [-79.55593233188394, 43.707206394705246], [-79.55588625420434, 43.70725589083203], [-79.55583935882665, 43.707309980523256], [-79.55579174357918, 43.70735498443616], [-79.55574322864224, 43.7074044923239], [-79.55569542092594, 43.70745307782637], [-79.55569444245046, 43.70745408973466], [-79.55564484973131, 43.70749909463287], [-79.55559454205158, 43.70754857782098], [-79.5555433518743, 43.70759819171136], [-79.55549185881503, 43.70764318168191], [-79.55543955107785, 43.70768818390084], [-79.55538644191097, 43.707733277284994], [-79.55533294873183, 43.707782793905025], [-79.55527873921379, 43.70782778187487], [-79.55522373926253, 43.707868382929995], [-79.55516795761191, 43.707917881373035], [-79.55511213496047, 43.70795839140159], [-79.55504704509507, 43.708007999475164], [-79.55498152602235, 43.70805749544446], [-79.55491565439011, 43.708106993218635], [-79.55484904952674, 43.7081565900499], [-79.55478195944073, 43.70820158894638], [-79.55471374780531, 43.70824668452601], [-79.55464554667878, 43.708296182407516], [-79.55457693484844, 43.70834119505743], [-79.55450764745369, 43.70839079551268], [-79.55443743610307, 43.70843128015257], [-79.55436735025522, 43.708476390366656], [-79.55429606185272, 43.70852138060928], [-79.55428658122835, 43.708527351676935], [-79.55422473348861, 43.70856639022223], [-79.55415263812486, 43.70861149586649], [-79.55393323222624, 43.7087375905639], [-79.55378485237001, 43.7088231883906], [-79.55370962867175, 43.708863677437975], [-79.55363483391336, 43.70890427850388], [-79.55354803244093, 43.70894478445393], [-79.5534604476684, 43.708989887959575], [-79.5533724513625, 43.70903037705693], [-79.55328364678653, 43.70907098225757], [-79.55320609379027, 43.709110166996446], [-79.55319453342743, 43.70911599630913], [-79.5531053420842, 43.70915659655179], [-79.55301543686456, 43.709197096107175], [-79.55292515271576, 43.70923769488692], [-79.55255954190135, 43.70939077760298], [-79.55245886673971, 43.709430001274306], [-79.55235105659546, 43.7094719974119], [-79.55228286485189, 43.709498205832595], [-79.55228085248964, 43.709498994549165], [-79.55218272429266, 43.70953049236444], [-79.55208393692011, 43.70956207549662], [-79.55189643084606, 43.70961853459254], [-79.55148494448513, 43.709742387917224], [-79.55107943429864, 43.70984607766238], [-79.55097743831367, 43.709873082884926], [-79.55056692492765, 43.70997229677974], [-79.55004543174827, 43.710080573192755], [-79.54939919237306, 43.71023577726831], [-79.5426196288541, 43.711863589899046], [-79.54226713612142, 43.71195150053017], [-79.54008770743948, 43.71246387305131], [-79.5397554270432, 43.71254198310506], [-79.5386230008816, 43.712808294789404], [-79.53789623133311, 43.712979194441225], [-79.5378342381229, 43.71299391513357], [-79.537828525393, 43.71322299420398], [-79.537821067718, 43.7135211115116], [-79.53782055440894, 43.71354100270935], [-79.5378588992577, 43.71364405498026], [-79.53794347458842, 43.7138714786418], [-79.53792077887611, 43.71422069024961], [-79.53794027517561, 43.714362881546556], [-79.53818817833503, 43.71469103526035], [-79.53894011265736, 43.71486238405504], [-79.53981097637543, 43.714957540702656], [-79.5404106214258, 43.71510983274901], [-79.54072470758814, 43.71530496270074], [-79.54071974986303, 43.71558047747176], [-79.54057477202815, 43.715709392122115], [-79.5405125880417, 43.71579027610803], [-79.54043185596535, 43.715989533282375], [-79.54040139208256, 43.71613172886234], [-79.54040673917456, 43.71641244834973], [-79.54046190288669, 43.71658705263181], [-79.54052609856144, 43.71665249953516], [-79.54059834681483, 43.71670383845021], [-79.54078457650867, 43.716783737927834], [-79.54102189392394, 43.71684503176002], [-79.54122548791625, 43.71685762936102], [-79.54160452626523, 43.71679043798509], [-79.54193672821812, 43.71667618908122], [-79.54203407184202, 43.71665029500214], [-79.54211402862198, 43.716647187586624], [-79.54268043373592, 43.716737346615886], [-79.54327197229068, 43.716983495314665], [-79.5434670036976, 43.71705540055407], [-79.54365575404675, 43.7171501390934], [-79.54380689528679, 43.71724223782631], [-79.54392825716445, 43.71735193068217], [-79.54413017049754, 43.7176577531693], [-79.54415874040227, 43.71796803687272], [-79.54393748020443, 43.71811087933206], [-79.54354078094646, 43.719048489982264], [-79.54347537696111, 43.71916659591911], [-79.54341549089015, 43.71927473626481], [-79.54334095120974, 43.71931467991117], [-79.5432386462681, 43.7194476005683], [-79.54317565661502, 43.7196017814817], [-79.54317654381713, 43.71966464116991], [-79.5431351910327, 43.71978384088375], [-79.54311263787237, 43.7198206367373], [-79.5430686294291, 43.719892388775605], [-79.54298008002768, 43.7201382998956], [-79.54289495975469, 43.72029483430304], [-79.5426426395034, 43.72063134065227], [-79.54244035274857, 43.72086508555056], [-79.54216956070923, 43.72111488163523], [-79.54129507841057, 43.721587520578424], [-79.5410679465828, 43.72184404184381], [-79.54096104387982, 43.72201869598323], [-79.54080629145426, 43.722220837645835], [-79.54069988578918, 43.72251363618637], [-79.54070542972967, 43.72260152814881], [-79.54079979658175, 43.72291483893818], [-79.54077167945736, 43.72324268793176], [-79.54072872786327, 43.72343128299258], [-79.54075017360262, 43.7237170929578], [-79.54105717368385, 43.724207588896626], [-79.54112630270845, 43.72433519423871], [-79.54121790261524, 43.72458975436652], [-79.54135775454911, 43.72514730243647], [-79.54139810522106, 43.72551679136839], [-79.54138998479208, 43.72566419515657], [-79.54134538284258, 43.72579158791146], [-79.54118029588564, 43.725995490804365], [-79.54081115064164, 43.72615783598624], [-79.54056848916466, 43.726218236905595], [-79.54033657774573, 43.72621269566228], [-79.53997078587794, 43.72622372968723], [-79.53967502304135, 43.726252100737454], [-79.53938427871351, 43.72632283070935], [-79.53929159210958, 43.72636899613053], [-79.53891230164106, 43.726527050151105], [-79.53881974574688, 43.7265599489068], [-79.53861409710281, 43.72655934471256], [-79.53854003018357, 43.72657583222053], [-79.53844649847677, 43.72662185072325], [-79.53831634746884, 43.72676143428542], [-79.53822783059123, 43.726945927604135], [-79.53821104279811, 43.72714383153342], [-79.53825444299088, 43.72745189514448], [-79.53853430015019, 43.72809053828137], [-79.53859882905262, 43.7282082783558], [-79.53861125662695, 43.72831233212695], [-79.53879913469895, 43.72883818404846], [-79.538837037704, 43.729069034994275], [-79.53879905321274, 43.72940798261781]]]}, "properties": {"CFSAUID": "M9W", "PRUID": "35", "PRNAME": "Ontario", "LANDAREA": 27.3161}}]}