timestamp,fsa,Temp (°C),Rel Hum (%),Stn Press (kPa)
2025-07-01 00:00:00,M5R,21.6,93.0,99.42
2025-07-01 01:00:00,M5R,21.4,94.0,99.33
2025-07-01 02:00:00,M5R,21.0,94.0,99.35
2025-07-01 03:00:00,M5R,20.8,94.0,99.37
2025-07-01 04:00:00,M5R,20.4,94.0,99.38
2025-07-01 05:00:00,M5R,20.7,94.0,99.44
2025-07-01 06:00:00,M5R,21.1,94.0,99.49
2025-07-01 07:00:00,M5R,22.3,92.0,99.49
2025-07-01 08:00:00,M5R,23.8,87.0,99.5
2025-07-01 09:00:00,M5R,24.3,83.0,99.5
2025-07-01 10:00:00,M5R,25.1,78.0,99.54
2025-07-01 11:00:00,M5R,26.8,69.0,99.53
2025-07-01 12:00:00,M5R,27.7,63.0,99.56
2025-07-01 13:00:00,M5R,27.5,65.0,99.53
2025-07-01 14:00:00,M5R,29.2,49.0,99.46
2025-07-01 15:00:00,M5R,30.8,40.0,99.41
2025-07-01 16:00:00,M5R,30.3,41.0,99.42
2025-07-01 17:00:00,M5R,29.4,40.0,99.43
2025-07-01 18:00:00,M5R,28.0,45.0,99.49
2025-07-01 19:00:00,M5R,27.0,45.0,99.54
2025-07-01 20:00:00,M5R,25.3,51.0,99.61
2025-07-01 21:00:00,M5R,24.3,54.0,99.68
2025-07-01 22:00:00,M5R,22.6,61.0,99.72
2025-07-01 23:00:00,M5R,21.9,67.0,99.74
2025-07-02 00:00:00,M5R,21.6,67.0,99.76
2025-07-02 01:00:00,M5R,20.9,69.0,99.79
2025-07-02 02:00:00,M5R,20.8,70.0,99.78
2025-07-02 03:00:00,M5R,20.0,71.0,99.82
2025-07-02 04:00:00,M5R,19.3,74.0,99.83
2025-07-02 05:00:00,M5R,19.0,77.0,99.88
2025-07-02 06:00:00,M5R,19.3,77.0,99.89
2025-07-02 07:00:00,M5R,20.8,71.0,99.92
2025-07-02 08:00:00,M5R,23.1,61.0,99.92
2025-07-02 09:00:00,M5R,25.6,51.0,99.96
2025-07-02 10:00:00,M5R,26.9,52.0,99.95
2025-07-02 11:00:00,M5R,27.3,50.0,99.93
2025-07-02 12:00:00,M5R,27.1,48.0,99.9
2025-07-02 13:00:00,M5R,27.5,49.0,99.83
2025-07-02 14:00:00,M5R,26.5,50.0,99.77
2025-07-02 15:00:00,M5R,25.8,56.0,99.73
2025-07-02 16:00:00,M5R,25.9,55.0,99.7
2025-07-02 17:00:00,M5R,26.3,55.0,99.64
2025-07-02 18:00:00,M5R,27.0,51.0,99.64
2025-07-02 19:00:00,M5R,27.8,45.0,99.66
2025-07-02 20:00:00,M5R,26.6,52.0,99.69
2025-07-02 21:00:00,M5R,25.6,54.0,99.74
2025-07-02 22:00:00,M5R,24.6,58.0,99.76
2025-07-02 23:00:00,M5R,23.7,61.0,99.75
2025-07-03 00:00:00,M5R,23.5,65.0,99.72
2025-07-03 01:00:00,M5R,23.6,63.0,99.72
2025-07-03 02:00:00,M5R,22.3,69.0,99.75
2025-07-03 03:00:00,M5R,21.1,74.0,99.73
2025-07-03 04:00:00,M5R,20.3,80.0,99.73
2025-07-03 05:00:00,M5R,19.9,83.0,99.73
2025-07-03 06:00:00,M5R,21.4,65.0,99.84
2025-07-03 07:00:00,M5R,20.7,62.0,99.84
2025-07-03 08:00:00,M5R,21.4,61.0,99.87
2025-07-03 09:00:00,M5R,22.9,55.0,99.91
2025-07-03 10:00:00,M5R,25.0,50.0,99.91
2025-07-03 11:00:00,M5R,26.9,32.0,99.89
2025-07-03 12:00:00,M5R,27.5,31.0,99.91
2025-07-03 13:00:00,M5R,26.4,38.0,99.94
2025-07-03 14:00:00,M5R,26.4,33.0,99.96
2025-07-03 15:00:00,M5R,25.9,35.0,100.0
2025-07-03 16:00:00,M5R,25.5,34.0,100.01
2025-07-03 17:00:00,M5R,24.6,37.0,100.06
2025-07-03 18:00:00,M5R,23.4,30.0,100.11
2025-07-03 19:00:00,M5R,22.8,36.0,100.19
2025-07-03 20:00:00,M5R,21.5,42.0,100.27
2025-07-03 21:00:00,M5R,20.1,46.0,100.36
2025-07-03 22:00:00,M5R,19.6,47.0,100.4
2025-07-03 23:00:00,M5R,18.5,52.0,100.44
2025-07-04 00:00:00,M5R,18.0,53.0,100.46
2025-07-04 01:00:00,M5R,17.1,64.0,100.48
2025-07-04 02:00:00,M5R,17.1,62.0,100.52
2025-07-04 03:00:00,M5R,17.2,64.0,100.57
2025-07-04 04:00:00,M5R,16.6,67.0,100.57
2025-07-04 05:00:00,M5R,16.4,66.0,100.61
2025-07-04 06:00:00,M5R,16.8,66.0,100.69
2025-07-04 07:00:00,M5R,19.2,59.0,100.75
2025-07-04 08:00:00,M5R,20.9,51.0,100.75
2025-07-04 09:00:00,M5R,21.9,42.0,100.75
2025-07-04 10:00:00,M5R,22.6,47.0,100.76
2025-07-04 11:00:00,M5R,23.0,43.0,100.79
2025-07-04 12:00:00,M5R,23.3,45.0,100.81
2025-07-04 13:00:00,M5R,24.2,40.0,100.76
2025-07-04 14:00:00,M5R,24.1,38.0,100.69
2025-07-04 15:00:00,M5R,24.2,37.0,100.69
2025-07-04 16:00:00,M5R,24.6,38.0,100.58
2025-07-04 17:00:00,M5R,24.5,37.0,100.56
2025-07-04 18:00:00,M5R,24.3,38.0,100.59
2025-07-04 19:00:00,M5R,23.3,42.0,100.56
2025-07-04 20:00:00,M5R,22.3,41.0,100.58
2025-07-04 21:00:00,M5R,21.9,45.0,100.59
2025-07-04 22:00:00,M5R,21.2,50.0,100.59
2025-07-04 23:00:00,M5R,20.4,61.0,100.57
2025-07-05 00:00:00,M5R,20.1,60.0,100.59
2025-07-05 01:00:00,M5R,19.7,59.0,100.57
2025-07-05 02:00:00,M5R,19.4,67.0,100.58
2025-07-05 03:00:00,M5R,19.1,74.0,100.58
2025-07-05 04:00:00,M5R,19.9,67.0,100.55
2025-07-05 05:00:00,M5R,19.2,66.0,100.51
2025-07-05 06:00:00,M5R,19.9,73.0,100.5
2025-07-05 07:00:00,M5R,21.2,68.0,100.53
2025-07-05 08:00:00,M5R,22.9,61.0,100.52
2025-07-05 09:00:00,M5R,24.7,55.0,100.49
2025-07-05 10:00:00,M5R,26.3,50.0,100.47
2025-07-05 11:00:00,M5R,27.0,56.0,100.44
2025-07-05 12:00:00,M5R,27.4,57.0,100.42
2025-07-05 13:00:00,M5R,28.6,53.0,100.38
2025-07-05 14:00:00,M5R,29.8,53.0,100.31
2025-07-05 15:00:00,M5R,28.6,53.0,100.26
2025-07-05 16:00:00,M5R,28.8,56.0,100.19
2025-07-05 17:00:00,M5R,29.1,58.0,100.13
2025-07-05 18:00:00,M5R,24.7,81.0,100.16
2025-07-05 19:00:00,M5R,24.9,86.0,100.12
2025-07-05 20:00:00,M5R,25.3,82.0,100.11
2025-07-05 21:00:00,M5R,26.1,76.0,100.14
2025-07-05 22:00:00,M5R,24.5,78.0,100.13
2025-07-05 23:00:00,M5R,23.8,79.0,100.1
2025-07-06 00:00:00,M5R,23.3,79.0,100.1
2025-07-06 01:00:00,M5R,22.9,81.0,100.06
2025-07-06 02:00:00,M5R,23.5,76.0,100.01
2025-07-06 03:00:00,M5R,23.0,78.0,99.99
2025-07-06 04:00:00,M5R,22.7,79.0,99.98
2025-07-06 05:00:00,M5R,22.6,80.0,99.98
2025-07-06 06:00:00,M5R,23.1,80.0,100.0
2025-07-06 07:00:00,M5R,24.4,75.0,100.0
2025-07-06 08:00:00,M5R,25.9,69.0,100.01
2025-07-06 09:00:00,M5R,27.0,65.0,99.98
2025-07-06 10:00:00,M5R,29.0,59.0,99.96
2025-07-06 11:00:00,M5R,29.7,57.0,99.95
2025-07-06 12:00:00,M5R,30.4,54.0,99.91
2025-07-06 13:00:00,M5R,31.8,50.0,99.86
2025-07-06 14:00:00,M5R,31.6,46.0,99.79
2025-07-06 15:00:00,M5R,32.4,38.0,99.74
2025-07-06 16:00:00,M5R,31.6,44.0,99.71
2025-07-06 17:00:00,M5R,30.9,45.0,99.68
2025-07-06 18:00:00,M5R,30.8,46.0,99.64
2025-07-06 19:00:00,M5R,29.6,47.0,99.67
2025-07-06 20:00:00,M5R,28.7,49.0,99.68
2025-07-06 21:00:00,M5R,27.1,56.0,99.72
2025-07-06 22:00:00,M5R,26.8,58.0,99.73
2025-07-06 23:00:00,M5R,25.5,64.0,99.68
2025-07-07 00:00:00,M5R,25.5,66.0,99.66
2025-07-07 01:00:00,M5R,24.9,69.0,99.63
2025-07-07 02:00:00,M5R,25.4,69.0,99.58
2025-07-07 03:00:00,M5R,24.9,72.0,99.56
2025-07-07 04:00:00,M5R,25.0,72.0,99.55
2025-07-07 05:00:00,M5R,24.5,76.0,99.58
2025-07-07 06:00:00,M5R,25.8,75.0,99.66
2025-07-07 07:00:00,M5R,26.1,73.0,99.69
2025-07-07 08:00:00,M5R,26.6,73.0,99.72
2025-07-07 09:00:00,M5R,28.1,62.0,99.71
2025-07-07 10:00:00,M5R,28.5,59.0,99.74
2025-07-07 11:00:00,M5R,29.1,55.0,99.78
2025-07-07 12:00:00,M5R,29.3,56.0,99.79
2025-07-07 13:00:00,M5R,29.5,53.0,99.78
2025-07-07 14:00:00,M5R,29.8,54.0,99.78
2025-07-07 15:00:00,M5R,27.8,58.0,99.84
2025-07-07 16:00:00,M5R,26.7,59.0,99.88
2025-07-07 17:00:00,M5R,25.7,61.0,99.96
2025-07-07 18:00:00,M5R,24.6,64.0,99.98
2025-07-07 19:00:00,M5R,23.9,65.0,100.07
2025-07-07 20:00:00,M5R,22.9,68.0,100.11
2025-07-07 21:00:00,M5R,22.5,69.0,100.22
2025-07-07 22:00:00,M5R,22.0,70.0,100.3
2025-07-07 23:00:00,M5R,21.7,69.0,100.28
2025-07-08 00:00:00,M5R,21.3,70.0,100.26
2025-07-08 01:00:00,M5R,21.1,71.0,100.27
2025-07-08 02:00:00,M5R,21.2,73.0,100.31
2025-07-08 03:00:00,M5R,20.9,76.0,100.28
2025-07-08 04:00:00,M5R,20.7,76.0,100.31
2025-07-08 05:00:00,M5R,20.7,76.0,100.32
2025-07-08 06:00:00,M5R,20.7,78.0,100.37
2025-07-08 07:00:00,M5R,21.3,73.0,100.43
2025-07-08 08:00:00,M5R,21.8,73.0,100.43
2025-07-08 09:00:00,M5R,21.8,74.0,100.45
2025-07-08 10:00:00,M5R,22.2,73.0,100.46
2025-07-08 11:00:00,M5R,21.9,75.0,100.48
2025-07-08 12:00:00,M5R,22.3,71.0,100.48
2025-07-08 13:00:00,M5R,23.8,66.0,100.46
2025-07-08 14:00:00,M5R,24.9,64.0,100.39
2025-07-08 15:00:00,M5R,24.9,65.0,100.39
2025-07-08 16:00:00,M5R,25.1,63.0,100.32
2025-07-08 17:00:00,M5R,24.2,66.0,100.28
2025-07-08 18:00:00,M5R,23.4,71.0,100.28
2025-07-08 19:00:00,M5R,22.8,75.0,100.29
2025-07-08 20:00:00,M5R,22.6,76.0,100.3
2025-07-08 21:00:00,M5R,22.7,79.0,100.34
2025-07-08 22:00:00,M5R,22.4,83.0,100.37
2025-07-08 23:00:00,M5R,21.5,85.0,100.36
2025-07-09 00:00:00,M5R,21.1,85.0,100.31
2025-07-09 01:00:00,M5R,20.9,86.0,100.32
2025-07-09 02:00:00,M5R,20.2,90.0,100.29
2025-07-09 03:00:00,M5R,20.3,89.0,100.26
2025-07-09 04:00:00,M5R,19.9,68.0,100.25
2025-07-09 05:00:00,M5R,19.4,70.0,100.29
2025-07-09 06:00:00,M5R,20.0,69.0,100.32
2025-07-09 07:00:00,M5R,21.3,62.0,100.36
2025-07-09 08:00:00,M5R,23.0,61.0,100.37
2025-07-09 09:00:00,M5R,25.0,51.0,100.37
2025-07-09 10:00:00,M5R,23.7,60.0,100.39
2025-07-09 11:00:00,M5R,23.1,63.0,100.39
2025-07-09 12:00:00,M5R,23.6,63.0,100.38
2025-07-09 13:00:00,M5R,24.5,61.0,100.33
2025-07-09 14:00:00,M5R,24.4,66.0,100.26
2025-07-09 15:00:00,M5R,26.2,59.0,100.19
2025-07-09 16:00:00,M5R,25.4,64.0,100.15
2025-07-09 17:00:00,M5R,25.0,65.0,100.12
2025-07-09 18:00:00,M5R,24.2,71.0,100.12
2025-07-09 19:00:00,M5R,20.5,87.0,100.16
2025-07-09 20:00:00,M5R,20.3,89.0,100.04
2025-07-09 21:00:00,M5R,20.2,91.0,100.05
2025-07-09 22:00:00,M5R,20.8,89.0,100.1
2025-07-09 23:00:00,M5R,20.4,92.0,100.1
2025-07-10 00:00:00,M5R,20.2,92.0,100.08
2025-07-10 01:00:00,M5R,19.7,93.0,100.08
2025-07-10 02:00:00,M5R,19.5,93.0,100.06
2025-07-10 03:00:00,M5R,19.1,93.0,100.04
2025-07-10 04:00:00,M5R,19.1,93.0,100.05
2025-07-10 05:00:00,M5R,18.6,93.0,100.05
2025-07-10 06:00:00,M5R,19.1,93.0,100.07
2025-07-10 07:00:00,M5R,21.0,84.0,100.1
2025-07-10 08:00:00,M5R,22.5,73.0,100.11
2025-07-10 09:00:00,M5R,24.3,67.0,100.08
2025-07-10 10:00:00,M5R,25.6,65.0,100.1
2025-07-10 11:00:00,M5R,26.1,63.0,100.13
2025-07-10 12:00:00,M5R,26.3,62.0,100.14
2025-07-10 13:00:00,M5R,27.4,58.0,100.08
2025-07-10 14:00:00,M5R,25.7,63.0,100.0
2025-07-10 15:00:00,M5R,26.8,59.0,99.98
2025-07-10 16:00:00,M5R,27.3,57.0,99.96
2025-07-10 17:00:00,M5R,27.1,59.0,99.92
2025-07-10 18:00:00,M5R,27.2,58.0,99.9
2025-07-10 19:00:00,M5R,26.8,61.0,99.9
2025-07-10 20:00:00,M5R,25.4,63.0,99.91
2025-07-10 21:00:00,M5R,24.4,64.0,99.95
2025-07-10 22:00:00,M5R,24.8,65.0,100.0
2025-07-10 23:00:00,M5R,22.8,74.0,100.02
2025-07-11 00:00:00,M5R,22.5,77.0,100.02
2025-07-11 01:00:00,M5R,22.7,75.0,100.04
2025-07-11 02:00:00,M5R,22.9,74.0,100.03
2025-07-11 03:00:00,M5R,22.0,73.0,100.01
2025-07-11 04:00:00,M5R,21.8,75.0,100.02
2025-07-11 05:00:00,M5R,21.9,76.0,100.06
2025-07-11 06:00:00,M5R,22.2,74.0,100.07
2025-07-11 07:00:00,M5R,22.8,71.0,100.1
2025-07-11 08:00:00,M5R,23.7,67.0,100.11
2025-07-11 09:00:00,M5R,25.7,66.0,100.15
2025-07-11 10:00:00,M5R,26.2,64.0,100.15
2025-07-11 11:00:00,M5R,26.8,66.0,100.19
2025-07-11 12:00:00,M5R,27.3,61.0,100.17
2025-07-11 13:00:00,M5R,29.0,54.0,100.14
2025-07-11 14:00:00,M5R,28.5,56.0,100.11
2025-07-11 15:00:00,M5R,29.7,57.0,100.09
2025-07-11 16:00:00,M5R,30.8,48.0,100.07
2025-07-11 17:00:00,M5R,28.9,55.0,100.04
2025-07-11 18:00:00,M5R,28.6,54.0,100.0
2025-07-11 19:00:00,M5R,27.8,57.0,100.0
2025-07-11 20:00:00,M5R,26.9,63.0,100.01
2025-07-11 21:00:00,M5R,26.1,69.0,100.05
2025-07-11 22:00:00,M5R,25.7,71.0,100.11
2025-07-11 23:00:00,M5R,25.4,72.0,100.13
2025-07-12 00:00:00,M5R,24.9,77.0,100.12
2025-07-12 01:00:00,M5R,24.9,77.0,100.14
2025-07-12 02:00:00,M5R,24.8,76.0,100.14
2025-07-12 03:00:00,M5R,24.2,74.0,100.13
2025-07-12 04:00:00,M5R,23.5,80.0,100.13
2025-07-12 05:00:00,M5R,23.4,82.0,100.14
2025-07-12 06:00:00,M5R,23.0,85.0,100.16
2025-07-12 07:00:00,M5R,23.7,81.0,100.17
2025-07-12 08:00:00,M5R,24.9,75.0,100.17
2025-07-12 09:00:00,M5R,26.5,67.0,100.14
2025-07-12 10:00:00,M5R,27.1,67.0,100.13
2025-07-12 11:00:00,M5R,28.1,65.0,100.13
2025-07-12 12:00:00,M5R,29.8,60.0,100.12
2025-07-12 13:00:00,M5R,29.7,62.0,100.05
2025-07-12 14:00:00,M5R,30.5,60.0,100.01
2025-07-12 15:00:00,M5R,31.7,56.0,99.98
2025-07-12 16:00:00,M5R,32.0,51.0,99.92
2025-07-12 17:00:00,M5R,31.0,54.0,99.87
2025-07-12 18:00:00,M5R,29.7,62.0,99.82
2025-07-12 19:00:00,M5R,28.0,69.0,99.85
2025-07-12 20:00:00,M5R,27.4,71.0,99.86
2025-07-12 21:00:00,M5R,26.6,75.0,99.9
2025-07-12 22:00:00,M5R,27.7,68.0,99.88
2025-07-12 23:00:00,M5R,26.6,75.0,99.9
2025-07-13 00:00:00,M5R,25.8,79.0,99.91
2025-07-13 01:00:00,M5R,25.8,75.0,99.9
2025-07-13 02:00:00,M5R,25.8,73.0,99.88
2025-07-13 03:00:00,M5R,25.3,77.0,99.93
2025-07-13 04:00:00,M5R,25.0,79.0,99.94
2025-07-13 05:00:00,M5R,24.7,81.0,99.94
2025-07-13 06:00:00,M5R,24.5,84.0,100.03
2025-07-13 07:00:00,M5R,25.3,82.0,100.06
2025-07-13 08:00:00,M5R,25.3,82.0,100.07
2025-07-13 09:00:00,M5R,24.7,90.0,100.09
2025-07-13 10:00:00,M5R,22.9,91.0,100.11
2025-07-13 11:00:00,M5R,25.3,78.0,100.1
2025-07-13 12:00:00,M5R,27.9,65.0,100.09
2025-07-13 13:00:00,M5R,29.1,66.0,100.06
2025-07-13 14:00:00,M5R,29.6,64.0,100.01
2025-07-13 15:00:00,M5R,29.1,65.0,99.98
2025-07-13 16:00:00,M5R,29.1,64.0,99.95
2025-07-13 17:00:00,M5R,28.1,69.0,99.93
2025-07-13 18:00:00,M5R,29.0,67.0,99.91
2025-07-13 19:00:00,M5R,29.2,49.0,99.95
2025-07-13 20:00:00,M5R,28.2,48.0,100.05
2025-07-13 21:00:00,M5R,26.8,52.0,100.12
2025-07-13 22:00:00,M5R,25.7,52.0,100.15
2025-07-13 23:00:00,M5R,25.0,53.0,100.2
2025-07-14 00:00:00,M5R,24.6,56.0,100.21
2025-07-14 01:00:00,M5R,24.2,57.0,100.19
2025-07-14 02:00:00,M5R,24.3,55.0,100.21
2025-07-14 03:00:00,M5R,23.5,54.0,100.17
2025-07-14 04:00:00,M5R,23.6,56.0,100.2
2025-07-14 05:00:00,M5R,23.3,57.0,100.23
2025-07-14 06:00:00,M5R,23.2,57.0,100.25
2025-07-14 07:00:00,M5R,23.1,59.0,100.28
2025-07-14 08:00:00,M5R,24.1,55.0,100.32
2025-07-14 09:00:00,M5R,25.2,52.0,100.34
2025-07-14 10:00:00,M5R,26.6,48.0,100.35
2025-07-14 11:00:00,M5R,27.9,49.0,100.36
2025-07-14 12:00:00,M5R,27.9,46.0,100.37
2025-07-14 13:00:00,M5R,28.8,43.0,100.33
2025-07-14 14:00:00,M5R,28.3,45.0,100.29
2025-07-14 15:00:00,M5R,28.1,50.0,100.24
2025-07-14 16:00:00,M5R,27.8,54.0,100.22
2025-07-14 17:00:00,M5R,27.6,49.0,100.21
2025-07-14 18:00:00,M5R,27.3,51.0,100.23
2025-07-14 19:00:00,M5R,27.0,55.0,100.24
2025-07-14 20:00:00,M5R,25.9,60.0,100.25
2025-07-14 21:00:00,M5R,25.0,66.0,100.3
2025-07-14 22:00:00,M5R,24.7,75.0,100.34
2025-07-14 23:00:00,M5R,23.6,80.0,100.36
2025-07-15 00:00:00,M5R,23.8,68.0,100.4
2025-07-15 01:00:00,M5R,23.9,65.0,100.42
2025-07-15 02:00:00,M5R,22.4,72.0,100.43
2025-07-15 03:00:00,M5R,21.8,73.0,100.44
2025-07-15 04:00:00,M5R,20.9,77.0,100.46
2025-07-15 05:00:00,M5R,20.4,80.0,100.48
2025-07-15 06:00:00,M5R,20.5,78.0,100.5
2025-07-15 07:00:00,M5R,22.1,66.0,100.51
2025-07-15 08:00:00,M5R,25.3,47.0,100.5
2025-07-15 09:00:00,M5R,27.3,47.0,100.52
2025-07-15 10:00:00,M5R,28.0,46.0,100.53
2025-07-15 11:00:00,M5R,27.9,48.0,100.54
2025-07-15 12:00:00,M5R,28.9,41.0,100.49
2025-07-15 13:00:00,M5R,29.7,36.0,100.43
2025-07-15 14:00:00,M5R,31.1,33.0,100.43
2025-07-15 15:00:00,M5R,31.9,34.0,100.41
2025-07-15 16:00:00,M5R,31.5,34.0,100.34
2025-07-15 17:00:00,M5R,30.6,40.0,100.27
2025-07-15 18:00:00,M5R,29.9,45.0,100.19
2025-07-15 19:00:00,M5R,29.1,48.0,100.18
2025-07-15 20:00:00,M5R,28.3,49.0,100.21
2025-07-15 21:00:00,M5R,27.1,52.0,100.24
2025-07-15 22:00:00,M5R,25.7,65.0,100.24
2025-07-15 23:00:00,M5R,24.3,70.0,100.25
2025-07-16 00:00:00,M5R,23.9,78.0,100.27
2025-07-16 01:00:00,M5R,22.5,83.0,100.25
2025-07-16 02:00:00,M5R,22.3,81.0,100.21
2025-07-16 03:00:00,M5R,22.2,78.0,100.18
2025-07-16 04:00:00,M5R,21.6,79.0,100.13
2025-07-16 05:00:00,M5R,21.2,78.0,100.12
2025-07-16 06:00:00,M5R,21.5,81.0,100.1
2025-07-16 07:00:00,M5R,24.2,65.0,100.15
2025-07-16 08:00:00,M5R,25.6,60.0,100.14
2025-07-16 09:00:00,M5R,27.6,54.0,100.09
2025-07-16 10:00:00,M5R,28.8,49.0,100.11
2025-07-16 11:00:00,M5R,29.4,52.0,100.07
2025-07-16 12:00:00,M5R,30.4,47.0,100.03
2025-07-16 13:00:00,M5R,30.8,46.0,99.94
2025-07-16 14:00:00,M5R,32.2,44.0,99.85
2025-07-16 15:00:00,M5R,32.7,41.0,99.8
2025-07-16 16:00:00,M5R,30.1,46.0,99.76
2025-07-16 17:00:00,M5R,29.9,51.0,99.69
2025-07-16 18:00:00,M5R,29.3,53.0,99.65
2025-07-16 19:00:00,M5R,28.4,56.0,99.69
2025-07-16 20:00:00,M5R,27.9,68.0,99.68
2025-07-16 21:00:00,M5R,26.9,75.0,99.7
2025-07-16 22:00:00,M5R,25.5,76.0,99.61
2025-07-16 23:00:00,M5R,25.0,79.0,99.54
2025-07-17 00:00:00,M5R,24.8,82.0,99.52
2025-07-17 01:00:00,M5R,24.4,84.0,99.47
2025-07-17 02:00:00,M5R,24.6,86.0,99.38
2025-07-17 03:00:00,M5R,24.5,87.0,99.33
2025-07-17 04:00:00,M5R,24.7,87.0,99.28
2025-07-17 05:00:00,M5R,24.8,87.0,99.25
2025-07-17 06:00:00,M5R,25.0,87.0,99.21
2025-07-17 07:00:00,M5R,25.4,86.0,99.16
2025-07-17 08:00:00,M5R,26.8,74.0,99.12
2025-07-17 09:00:00,M5R,26.6,70.0,99.14
2025-07-17 10:00:00,M5R,27.2,65.0,99.17
2025-07-17 11:00:00,M5R,27.4,62.0,99.19
2025-07-17 12:00:00,M5R,27.5,64.0,99.26
2025-07-17 13:00:00,M5R,28.6,48.0,99.36
2025-07-17 14:00:00,M5R,27.8,51.0,99.54
2025-07-17 15:00:00,M5R,27.1,51.0,99.65
2025-07-17 16:00:00,M5R,24.5,57.0,99.8
2025-07-17 17:00:00,M5R,23.8,57.0,99.89
2025-07-17 18:00:00,M5R,22.7,56.0,99.94
2025-07-17 19:00:00,M5R,20.0,69.0,100.09
2025-07-17 20:00:00,M5R,19.0,67.0,100.24
2025-07-17 21:00:00,M5R,18.4,67.0,100.37
2025-07-17 22:00:00,M5R,17.9,70.0,100.43
2025-07-17 23:00:00,M5R,16.7,75.0,100.45
2025-07-18 00:00:00,M5R,16.4,71.0,100.5
2025-07-18 01:00:00,M5R,15.8,71.0,100.53
2025-07-18 02:00:00,M5R,15.8,72.0,100.58
2025-07-18 03:00:00,M5R,15.4,74.0,100.64
2025-07-18 04:00:00,M5R,15.1,76.0,100.73
2025-07-18 05:00:00,M5R,14.9,77.0,100.76
2025-07-18 06:00:00,M5R,14.7,77.0,100.81
2025-07-18 07:00:00,M5R,16.5,69.0,100.82
2025-07-18 08:00:00,M5R,18.5,57.0,100.85
2025-07-18 09:00:00,M5R,20.2,48.0,100.88
2025-07-18 10:00:00,M5R,20.9,43.0,100.91
2025-07-18 11:00:00,M5R,20.8,44.0,100.89
2025-07-18 12:00:00,M5R,21.8,41.0,100.88
2025-07-18 13:00:00,M5R,22.7,43.0,100.86
2025-07-18 14:00:00,M5R,23.3,40.0,100.84
2025-07-18 15:00:00,M5R,23.4,38.0,100.81
2025-07-18 16:00:00,M5R,22.9,38.0,100.73
2025-07-18 17:00:00,M5R,22.8,41.0,100.69
2025-07-18 18:00:00,M5R,21.9,41.0,100.65
2025-07-18 19:00:00,M5R,21.3,43.0,100.64
2025-07-18 20:00:00,M5R,20.5,45.0,100.63
2025-07-18 21:00:00,M5R,19.3,52.0,100.63
2025-07-18 22:00:00,M5R,18.8,56.0,100.63
2025-07-18 23:00:00,M5R,18.1,62.0,100.59
2025-07-19 00:00:00,M5R,17.6,64.0,100.59
2025-07-19 01:00:00,M5R,17.1,69.0,100.57
2025-07-19 02:00:00,M5R,16.9,73.0,100.52
2025-07-19 03:00:00,M5R,16.8,70.0,100.53
2025-07-19 04:00:00,M5R,16.6,70.0,100.51
2025-07-19 05:00:00,M5R,16.7,68.0,100.49
2025-07-19 06:00:00,M5R,17.0,68.0,100.48
2025-07-19 07:00:00,M5R,18.1,69.0,100.48
2025-07-19 08:00:00,M5R,20.3,59.0,100.44
2025-07-19 09:00:00,M5R,21.8,56.0,100.42
2025-07-19 10:00:00,M5R,23.2,49.0,100.4
2025-07-19 11:00:00,M5R,23.6,49.0,100.37
2025-07-19 12:00:00,M5R,23.8,48.0,100.3
2025-07-19 13:00:00,M5R,23.6,45.0,100.26
2025-07-19 14:00:00,M5R,26.3,35.0,100.17
2025-07-19 15:00:00,M5R,27.0,39.0,100.08
2025-07-19 16:00:00,M5R,25.8,44.0,100.02
2025-07-19 17:00:00,M5R,25.3,50.0,100.0
2025-07-19 18:00:00,M5R,24.1,56.0,99.96
2025-07-19 19:00:00,M5R,23.2,63.0,99.93
2025-07-19 20:00:00,M5R,22.8,67.0,99.91
2025-07-19 21:00:00,M5R,22.8,68.0,99.89
2025-07-19 22:00:00,M5R,23.0,67.0,99.86
2025-07-19 23:00:00,M5R,22.8,68.0,99.83
2025-07-20 00:00:00,M5R,22.3,69.0,99.77
2025-07-20 01:00:00,M5R,22.4,70.0,99.7
2025-07-20 02:00:00,M5R,21.9,72.0,99.64
2025-07-20 03:00:00,M5R,19.8,88.0,99.65
2025-07-20 04:00:00,M5R,19.5,94.0,99.69
2025-07-20 05:00:00,M5R,19.9,94.0,99.67
2025-07-20 06:00:00,M5R,20.1,94.0,99.64
2025-07-20 07:00:00,M5R,20.4,93.0,99.65
2025-07-20 08:00:00,M5R,21.5,89.0,99.69
2025-07-20 09:00:00,M5R,22.1,87.0,99.68
2025-07-20 10:00:00,M5R,23.6,76.0,99.74
2025-07-20 11:00:00,M5R,25.0,62.0,99.78
2025-07-20 12:00:00,M5R,25.8,58.0,99.79
2025-07-20 13:00:00,M5R,27.0,53.0,99.78
2025-07-20 14:00:00,M5R,28.2,45.0,99.78
2025-07-20 15:00:00,M5R,27.7,42.0,99.75
2025-07-20 16:00:00,M5R,28.1,43.0,99.77
2025-07-20 17:00:00,M5R,26.5,45.0,99.78
2025-07-20 18:00:00,M5R,25.7,36.0,99.8
2025-07-20 19:00:00,M5R,24.4,45.0,99.88
2025-07-20 20:00:00,M5R,23.1,49.0,99.94
2025-07-20 21:00:00,M5R,22.2,56.0,99.99
2025-07-20 22:00:00,M5R,21.4,66.0,100.02
2025-07-20 23:00:00,M5R,20.4,72.0,100.07
2025-07-21 00:00:00,M5R,19.5,75.0,100.09
2025-07-21 01:00:00,M5R,19.2,70.0,100.08
2025-07-21 02:00:00,M5R,19.2,70.0,100.08
2025-07-21 03:00:00,M5R,18.8,74.0,100.1
2025-07-21 04:00:00,M5R,18.4,67.0,100.2
2025-07-21 05:00:00,M5R,18.0,63.0,100.3
2025-07-21 06:00:00,M5R,17.4,65.0,100.36
2025-07-21 07:00:00,M5R,17.8,59.0,100.39
2025-07-21 08:00:00,M5R,18.5,56.0,100.43
2025-07-21 09:00:00,M5R,19.0,50.0,100.47
2025-07-21 10:00:00,M5R,20.2,45.0,100.5
2025-07-21 11:00:00,M5R,21.5,40.0,100.53
2025-07-21 12:00:00,M5R,22.7,41.0,100.51
2025-07-21 13:00:00,M5R,21.3,45.0,100.47
2025-07-21 14:00:00,M5R,22.5,44.0,100.47
2025-07-21 15:00:00,M5R,22.9,45.0,100.45
2025-07-21 16:00:00,M5R,22.4,45.0,100.42
2025-07-21 17:00:00,M5R,22.0,46.0,100.46
2025-07-21 18:00:00,M5R,21.0,51.0,100.46
2025-07-21 19:00:00,M5R,20.3,52.0,100.48
2025-07-21 20:00:00,M5R,19.9,57.0,100.5
2025-07-21 21:00:00,M5R,19.4,59.0,100.58
2025-07-21 22:00:00,M5R,18.8,61.0,100.61
2025-07-21 23:00:00,M5R,18.2,64.0,100.63
2025-07-22 00:00:00,M5R,18.0,66.0,100.61
2025-07-22 01:00:00,M5R,17.8,65.0,100.63
2025-07-22 02:00:00,M5R,17.2,62.0,100.66
2025-07-22 03:00:00,M5R,17.1,58.0,100.68
2025-07-22 04:00:00,M5R,16.7,58.0,100.69
2025-07-22 05:00:00,M5R,16.2,61.0,100.78
2025-07-22 06:00:00,M5R,15.7,66.0,100.85
2025-07-22 07:00:00,M5R,17.1,67.0,100.88
2025-07-22 08:00:00,M5R,19.0,68.0,100.89
2025-07-22 09:00:00,M5R,20.6,66.0,100.88
2025-07-22 10:00:00,M5R,21.5,62.0,100.91
2025-07-22 11:00:00,M5R,21.2,59.0,100.86
2025-07-22 12:00:00,M5R,22.7,47.0,100.88
2025-07-22 13:00:00,M5R,23.0,49.0,100.86
2025-07-22 14:00:00,M5R,24.1,46.0,100.87
2025-07-22 15:00:00,M5R,23.7,44.0,100.87
2025-07-22 16:00:00,M5R,23.0,51.0,100.76
2025-07-22 17:00:00,M5R,22.3,51.0,100.74
2025-07-22 18:00:00,M5R,21.6,54.0,100.76
2025-07-22 19:00:00,M5R,21.2,57.0,100.77
2025-07-22 20:00:00,M5R,20.7,63.0,100.77
2025-07-22 21:00:00,M5R,20.4,65.0,100.79
2025-07-22 22:00:00,M5R,20.0,65.0,100.82
2025-07-22 23:00:00,M5R,19.5,67.0,100.83
2025-07-23 00:00:00,M5R,19.1,71.0,100.82
2025-07-23 01:00:00,M5R,19.1,73.0,100.8
2025-07-23 02:00:00,M5R,18.4,78.0,100.85
2025-07-23 03:00:00,M5R,17.9,81.0,100.86
2025-07-23 04:00:00,M5R,17.4,82.0,100.87
2025-07-23 05:00:00,M5R,17.1,84.0,100.86
2025-07-23 06:00:00,M5R,17.2,84.0,100.85
2025-07-23 07:00:00,M5R,18.9,82.0,100.84
2025-07-23 08:00:00,M5R,21.4,71.0,100.82
2025-07-23 09:00:00,M5R,22.5,65.0,100.83
2025-07-23 10:00:00,M5R,23.1,65.0,100.82
2025-07-23 11:00:00,M5R,24.6,56.0,100.85
2025-07-23 12:00:00,M5R,25.6,50.0,100.82
2025-07-23 13:00:00,M5R,25.8,44.0,100.78
2025-07-23 14:00:00,M5R,27.2,41.0,100.73
2025-07-23 15:00:00,M5R,26.0,45.0,100.67
2025-07-23 16:00:00,M5R,25.1,47.0,100.62
2025-07-23 17:00:00,M5R,24.5,56.0,100.57
2025-07-23 18:00:00,M5R,23.7,64.0,100.56
2025-07-23 19:00:00,M5R,23.4,65.0,100.56
2025-07-23 20:00:00,M5R,22.4,69.0,100.55
2025-07-23 21:00:00,M5R,22.1,69.0,100.51
2025-07-23 22:00:00,M5R,21.7,75.0,100.47
2025-07-23 23:00:00,M5R,21.2,80.0,100.49
2025-07-24 00:00:00,M5R,21.2,81.0,100.47
2025-07-24 01:00:00,M5R,21.1,82.0,100.39
2025-07-24 02:00:00,M5R,20.9,79.0,100.37
2025-07-24 03:00:00,M5R,20.1,81.0,100.27
2025-07-24 04:00:00,M5R,20.2,82.0,100.23
2025-07-24 05:00:00,M5R,20.9,86.0,100.35
2025-07-24 06:00:00,M5R,21.0,77.0,100.36
2025-07-24 07:00:00,M5R,22.7,67.0,100.37
2025-07-24 08:00:00,M5R,23.6,68.0,100.37
2025-07-24 09:00:00,M5R,25.4,67.0,100.33
2025-07-24 10:00:00,M5R,26.9,64.0,100.32
2025-07-24 11:00:00,M5R,29.3,60.0,100.29
2025-07-24 12:00:00,M5R,29.3,62.0,100.2
2025-07-24 13:00:00,M5R,30.6,59.0,100.13
2025-07-24 14:00:00,M5R,31.8,57.0,100.07
2025-07-24 15:00:00,M5R,31.5,59.0,100.02
2025-07-24 16:00:00,M5R,32.0,59.0,99.97
2025-07-24 17:00:00,M5R,30.8,61.0,99.94
2025-07-24 18:00:00,M5R,31.3,58.0,99.96
2025-07-24 19:00:00,M5R,29.8,60.0,99.97
2025-07-24 20:00:00,M5R,27.8,63.0,100.04
2025-07-24 21:00:00,M5R,24.0,87.0,100.03
2025-07-24 22:00:00,M5R,24.0,85.0,100.01
2025-07-24 23:00:00,M5R,23.8,84.0,100.04
2025-07-25 00:00:00,M5R,23.7,86.0,100.04
2025-07-25 01:00:00,M5R,23.9,84.0,99.98
2025-07-25 02:00:00,M5R,23.5,87.0,99.97
2025-07-25 03:00:00,M5R,23.5,87.0,99.97
2025-07-25 04:00:00,M5R,23.8,84.0,100.0
2025-07-25 05:00:00,M5R,23.8,82.0,100.04
2025-07-25 06:00:00,M5R,24.1,79.0,100.1
2025-07-25 07:00:00,M5R,24.4,78.0,100.15
2025-07-25 08:00:00,M5R,24.4,80.0,100.2
2025-07-25 09:00:00,M5R,25.3,71.0,100.21
2025-07-25 10:00:00,M5R,26.2,67.0,100.25
2025-07-25 11:00:00,M5R,27.1,68.0,100.24
2025-07-25 12:00:00,M5R,28.1,61.0,100.26
2025-07-25 13:00:00,M5R,28.0,60.0,100.25
2025-07-25 14:00:00,M5R,28.6,61.0,100.23
2025-07-25 15:00:00,M5R,29.5,58.0,100.18
2025-07-25 16:00:00,M5R,27.7,62.0,100.18
2025-07-25 17:00:00,M5R,29.6,44.0,100.2
2025-07-25 18:00:00,M5R,28.6,39.0,100.22
2025-07-25 19:00:00,M5R,26.9,46.0,100.27
2025-07-25 20:00:00,M5R,25.5,58.0,100.31
2025-07-25 21:00:00,M5R,24.7,63.0,100.37
2025-07-25 22:00:00,M5R,23.9,66.0,100.38
2025-07-25 23:00:00,M5R,23.6,66.0,100.41
2025-07-26 00:00:00,M5R,23.1,67.0,100.45
2025-07-26 01:00:00,M5R,22.5,70.0,100.43
2025-07-26 02:00:00,M5R,22.3,70.0,100.41
2025-07-26 03:00:00,M5R,22.1,70.0,100.4
2025-07-26 04:00:00,M5R,22.2,70.0,100.42
2025-07-26 05:00:00,M5R,21.4,74.0,100.47
2025-07-26 06:00:00,M5R,21.4,77.0,100.48
2025-07-26 07:00:00,M5R,22.4,77.0,100.46
2025-07-26 08:00:00,M5R,24.0,73.0,100.5
2025-07-26 09:00:00,M5R,25.1,74.0,100.48
2025-07-26 10:00:00,M5R,26.8,72.0,100.47
2025-07-26 11:00:00,M5R,26.6,74.0,100.45
2025-07-26 12:00:00,M5R,27.3,69.0,100.39
2025-07-26 13:00:00,M5R,29.3,59.0,100.33
2025-07-26 14:00:00,M5R,29.2,60.0,100.26
2025-07-26 15:00:00,M5R,27.4,68.0,100.23
2025-07-26 16:00:00,M5R,26.0,74.0,100.19
2025-07-26 17:00:00,M5R,24.8,79.0,100.16
2025-07-26 18:00:00,M5R,23.7,86.0,100.17
2025-07-26 19:00:00,M5R,23.2,90.0,100.12
2025-07-26 20:00:00,M5R,23.2,92.0,100.09
2025-07-26 21:00:00,M5R,23.1,93.0,100.05
2025-07-26 22:00:00,M5R,23.5,94.0,100.07
2025-07-26 23:00:00,M5R,23.8,92.0,100.05
2025-07-27 00:00:00,M5R,23.5,92.0,100.06
2025-07-27 01:00:00,M5R,23.5,93.0,100.0
2025-07-27 02:00:00,M5R,23.4,93.0,99.96
2025-07-27 03:00:00,M5R,23.3,93.0,99.95
2025-07-27 04:00:00,M5R,23.2,93.0,99.92
2025-07-27 05:00:00,M5R,23.2,93.0,99.94
2025-07-27 06:00:00,M5R,23.6,91.0,99.97
2025-07-27 07:00:00,M5R,24.0,90.0,100.03
2025-07-27 08:00:00,M5R,25.8,77.0,100.06
2025-07-27 09:00:00,M5R,27.3,67.0,100.06
2025-07-27 10:00:00,M5R,28.3,62.0,100.09
2025-07-27 11:00:00,M5R,29.5,56.0,100.09
2025-07-27 12:00:00,M5R,31.0,49.0,100.07
2025-07-27 13:00:00,M5R,31.3,50.0,100.07
2025-07-27 14:00:00,M5R,32.3,48.0,100.04
2025-07-27 15:00:00,M5R,32.9,45.0,100.01
2025-07-27 16:00:00,M5R,33.0,44.0,100.0
2025-07-27 17:00:00,M5R,32.4,43.0,100.02
2025-07-27 18:00:00,M5R,31.6,45.0,100.06
2025-07-27 19:00:00,M5R,29.5,56.0,100.15
2025-07-27 20:00:00,M5R,27.6,55.0,100.26
2025-07-27 21:00:00,M5R,26.5,58.0,100.32
2025-07-27 22:00:00,M5R,25.9,63.0,100.3
2025-07-27 23:00:00,M5R,24.8,67.0,100.33
2025-07-28 00:00:00,M5R,23.9,72.0,100.34
2025-07-28 01:00:00,M5R,22.8,78.0,100.36
2025-07-28 02:00:00,M5R,22.4,80.0,100.37
2025-07-28 03:00:00,M5R,22.0,83.0,100.36
2025-07-28 04:00:00,M5R,21.5,84.0,100.37
2025-07-28 05:00:00,M5R,21.2,86.0,100.43
2025-07-28 06:00:00,M5R,21.8,83.0,100.45
2025-07-28 07:00:00,M5R,23.7,74.0,100.47
2025-07-28 08:00:00,M5R,26.0,63.0,100.44
2025-07-28 09:00:00,M5R,26.0,62.0,100.49
2025-07-28 10:00:00,M5R,27.6,58.0,100.44
2025-07-28 11:00:00,M5R,28.2,58.0,100.44
2025-07-28 12:00:00,M5R,29.1,54.0,100.41
2025-07-28 13:00:00,M5R,31.1,49.0,100.39
2025-07-28 14:00:00,M5R,31.5,49.0,100.29
2025-07-28 15:00:00,M5R,31.6,48.0,100.25
2025-07-28 16:00:00,M5R,31.8,48.0,100.17
2025-07-28 17:00:00,M5R,30.9,50.0,100.13
2025-07-28 18:00:00,M5R,30.0,54.0,100.16
2025-07-28 19:00:00,M5R,28.5,67.0,100.19
2025-07-28 20:00:00,M5R,27.5,72.0,100.22
2025-07-28 21:00:00,M5R,27.3,73.0,100.28
2025-07-28 22:00:00,M5R,27.1,74.0,100.27
2025-07-28 23:00:00,M5R,27.5,72.0,100.25
2025-07-29 00:00:00,M5R,26.9,69.0,100.25
2025-07-29 01:00:00,M5R,25.7,75.0,100.23
2025-07-29 02:00:00,M5R,25.3,73.0,100.25
2025-07-29 03:00:00,M5R,24.2,66.0,100.26
2025-07-29 04:00:00,M5R,23.6,68.0,100.3
2025-07-29 05:00:00,M5R,23.2,71.0,100.39
2025-07-29 06:00:00,M5R,22.9,74.0,100.44
2025-07-29 07:00:00,M5R,23.6,72.0,100.47
2025-07-29 08:00:00,M5R,25.3,67.0,100.52
2025-07-29 09:00:00,M5R,26.9,59.0,100.51
2025-07-29 10:00:00,M5R,28.7,50.0,100.52
2025-07-29 11:00:00,M5R,28.8,56.0,100.52
2025-07-29 12:00:00,M5R,29.6,53.0,100.45
2025-07-29 13:00:00,M5R,29.8,49.0,100.42
2025-07-29 14:00:00,M5R,30.4,49.0,100.4
2025-07-29 15:00:00,M5R,30.2,51.0,100.36
2025-07-29 16:00:00,M5R,30.9,46.0,100.34
2025-07-29 17:00:00,M5R,30.6,45.0,100.3
2025-07-29 18:00:00,M5R,29.8,49.0,100.28
2025-07-29 19:00:00,M5R,29.6,49.0,100.32
2025-07-29 20:00:00,M5R,27.3,53.0,100.35
2025-07-29 21:00:00,M5R,26.6,54.0,100.39
2025-07-29 22:00:00,M5R,25.2,60.0,100.38
2025-07-29 23:00:00,M5R,24.7,62.0,100.38
2025-07-30 00:00:00,M5R,24.6,62.0,100.36
2025-07-30 01:00:00,M5R,23.6,66.0,100.35
2025-07-30 02:00:00,M5R,23.0,70.0,100.31
2025-07-30 03:00:00,M5R,22.5,69.0,100.26
2025-07-30 04:00:00,M5R,22.2,72.0,100.35
2025-07-30 05:00:00,M5R,22.5,71.0,100.38
2025-07-30 06:00:00,M5R,23.3,67.0,100.43
2025-07-30 07:00:00,M5R,23.6,71.0,100.42
2025-07-30 08:00:00,M5R,24.7,63.0,100.41
2025-07-30 09:00:00,M5R,25.6,57.0,100.43
2025-07-30 10:00:00,M5R,26.3,58.0,100.44
2025-07-30 11:00:00,M5R,28.5,45.0,100.44
2025-07-30 12:00:00,M5R,29.5,49.0,100.41
2025-07-30 13:00:00,M5R,28.6,51.0,100.36
2025-07-30 14:00:00,M5R,27.6,58.0,100.32
2025-07-30 15:00:00,M5R,28.1,52.0,100.32
2025-07-30 16:00:00,M5R,29.7,48.0,100.27
2025-07-30 17:00:00,M5R,29.0,48.0,100.28
2025-07-30 18:00:00,M5R,28.0,42.0,100.29
2025-07-30 19:00:00,M5R,26.1,46.0,100.39
2025-07-30 20:00:00,M5R,24.9,45.0,100.44
2025-07-30 21:00:00,M5R,24.3,42.0,100.47
2025-07-30 22:00:00,M5R,23.9,43.0,100.57
2025-07-30 23:00:00,M5R,22.9,44.0,100.54
2025-07-31 00:00:00,M5R,22.1,47.0,100.62
2025-07-31 01:00:00,M5R,20.5,57.0,100.63
2025-07-31 02:00:00,M5R,17.4,78.0,100.65
2025-07-31 03:00:00,M5R,17.0,87.0,100.65
2025-07-31 04:00:00,M5R,16.8,87.0,100.63
2025-07-31 05:00:00,M5R,17.2,87.0,100.63
2025-07-31 06:00:00,M5R,18.0,83.0,100.7
2025-07-31 07:00:00,M5R,18.4,80.0,100.73
2025-07-31 08:00:00,M5R,19.9,63.0,100.76
2025-07-31 09:00:00,M5R,20.0,60.0,100.8
2025-07-31 10:00:00,M5R,20.0,56.0,100.84
2025-07-31 11:00:00,M5R,20.7,54.0,100.8
2025-07-31 12:00:00,M5R,21.5,50.0,100.8
2025-07-31 13:00:00,M5R,21.8,44.0,100.85
2025-07-31 14:00:00,M5R,22.0,48.0,100.82
2025-07-31 15:00:00,M5R,23.7,35.0,100.79
2025-07-31 16:00:00,M5R,23.3,39.0,100.78
2025-07-31 17:00:00,M5R,22.4,33.0,100.77
2025-07-31 18:00:00,M5R,22.0,46.0,100.8
2025-07-31 19:00:00,M5R,21.1,51.0,100.85
2025-07-31 20:00:00,M5R,20.3,56.0,100.88
2025-07-31 21:00:00,M5R,19.9,58.0,100.93
2025-07-31 22:00:00,M5R,20.2,58.0,100.96
2025-07-31 23:00:00,M5R,20.1,60.0,100.98
2025-08-01 00:00:00,M5R,19.9,59.0,101.03
2025-08-01 01:00:00,M5R,19.5,64.0,101.03
2025-08-01 02:00:00,M5R,19.2,62.0,101.02
2025-08-01 03:00:00,M5R,18.1,61.0,101.05
2025-08-01 04:00:00,M5R,17.4,57.0,101.09
2025-08-01 05:00:00,M5R,17.0,56.0,101.14
2025-08-01 06:00:00,M5R,16.7,56.0,101.18
2025-08-01 07:00:00,M5R,17.6,55.0,101.21
2025-08-01 08:00:00,M5R,19.2,48.0,101.24
2025-08-01 09:00:00,M5R,20.6,41.0,101.29
2025-08-01 10:00:00,M5R,21.7,41.0,101.31
2025-08-01 11:00:00,M5R,21.9,43.0,101.32
2025-08-01 12:00:00,M5R,22.9,44.0,101.28
2025-08-01 13:00:00,M5R,21.8,48.0,101.3
2025-08-01 14:00:00,M5R,23.3,41.0,101.29
2025-08-01 15:00:00,M5R,23.2,42.0,101.25
2025-08-01 16:00:00,M5R,22.3,49.0,101.23
2025-08-01 17:00:00,M5R,22.1,51.0,101.21
2025-08-01 18:00:00,M5R,21.7,52.0,101.19
2025-08-01 19:00:00,M5R,21.2,52.0,101.19
2025-08-01 20:00:00,M5R,19.8,59.0,101.22
2025-08-01 21:00:00,M5R,20.1,51.0,101.28
2025-08-01 22:00:00,M5R,19.8,51.0,101.29
2025-08-01 23:00:00,M5R,18.9,54.0,101.29
2025-08-02 00:00:00,M5R,18.4,57.0,101.3
2025-08-02 01:00:00,M5R,17.0,65.0,101.29
2025-08-02 02:00:00,M5R,16.3,71.0,101.28
2025-08-02 03:00:00,M5R,16.2,73.0,101.28
2025-08-02 04:00:00,M5R,15.8,75.0,101.29
2025-08-02 05:00:00,M5R,16.0,73.0,101.28
2025-08-02 06:00:00,M5R,16.7,71.0,101.35
2025-08-02 07:00:00,M5R,17.7,73.0,101.37
2025-08-02 08:00:00,M5R,20.4,57.0,101.37
2025-08-02 09:00:00,M5R,22.3,38.0,101.37
2025-08-02 10:00:00,M5R,23.3,36.0,101.32
2025-08-02 11:00:00,M5R,23.6,44.0,101.29
2025-08-02 12:00:00,M5R,24.0,40.0,101.25
2025-08-02 13:00:00,M5R,24.0,46.0,101.2
2025-08-02 14:00:00,M5R,24.6,40.0,101.15
2025-08-02 15:00:00,M5R,25.0,41.0,101.08
2025-08-02 16:00:00,M5R,25.1,40.0,101.02
2025-08-02 17:00:00,M5R,24.6,41.0,100.96
2025-08-02 18:00:00,M5R,24.1,44.0,100.91
2025-08-02 19:00:00,M5R,23.1,53.0,100.88
2025-08-02 20:00:00,M5R,22.1,55.0,100.9
2025-08-02 21:00:00,M5R,21.8,56.0,100.92
2025-08-02 22:00:00,M5R,21.3,60.0,100.92
2025-08-02 23:00:00,M5R,20.9,62.0,100.94
2025-08-03 00:00:00,M5R,19.9,65.0,100.93
2025-08-03 01:00:00,M5R,18.8,69.0,100.9
2025-08-03 02:00:00,M5R,18.5,68.0,100.87
2025-08-03 03:00:00,M5R,18.0,70.0,100.86
2025-08-03 04:00:00,M5R,17.4,72.0,100.87
2025-08-03 05:00:00,M5R,17.0,72.0,100.89
2025-08-03 06:00:00,M5R,17.1,76.0,100.93
2025-08-03 07:00:00,M5R,18.5,69.0,100.94
2025-08-03 08:00:00,M5R,21.0,58.0,100.92
2025-08-03 09:00:00,M5R,22.9,52.0,100.91
2025-08-03 10:00:00,M5R,24.5,54.0,100.87
2025-08-03 11:00:00,M5R,25.7,43.0,100.84
2025-08-03 12:00:00,M5R,26.3,50.0,100.78
2025-08-03 13:00:00,M5R,26.8,45.0,100.76
2025-08-03 14:00:00,M5R,27.1,43.0,100.72
2025-08-03 15:00:00,M5R,27.0,44.0,100.68
2025-08-03 16:00:00,M5R,27.3,39.0,100.67
2025-08-03 17:00:00,M5R,26.3,46.0,100.64
2025-08-03 18:00:00,M5R,26.6,45.0,100.65
2025-08-03 19:00:00,M5R,24.9,52.0,100.66
2025-08-03 20:00:00,M5R,23.2,56.0,100.67
2025-08-03 21:00:00,M5R,22.8,63.0,100.71
2025-08-03 22:00:00,M5R,22.2,63.0,100.7
2025-08-03 23:00:00,M5R,21.6,65.0,100.71
2025-08-04 00:00:00,M5R,20.5,71.0,100.71
2025-08-04 01:00:00,M5R,21.1,63.0,100.72
2025-08-04 02:00:00,M5R,21.0,61.0,100.71
2025-08-04 03:00:00,M5R,20.6,61.0,100.71
2025-08-04 04:00:00,M5R,19.9,62.0,100.73
2025-08-04 05:00:00,M5R,18.2,70.0,100.82
2025-08-04 06:00:00,M5R,17.7,77.0,100.87
2025-08-04 07:00:00,M5R,19.2,74.0,100.93
2025-08-04 08:00:00,M5R,22.0,59.0,100.93
2025-08-04 09:00:00,M5R,24.4,51.0,100.91
2025-08-04 10:00:00,M5R,26.2,40.0,100.91
2025-08-04 11:00:00,M5R,26.3,49.0,100.9
2025-08-04 12:00:00,M5R,26.7,50.0,100.88
2025-08-04 13:00:00,M5R,27.3,40.0,100.84
2025-08-04 14:00:00,M5R,27.2,42.0,100.85
2025-08-04 15:00:00,M5R,27.2,40.0,100.85
2025-08-04 16:00:00,M5R,26.8,42.0,100.84
2025-08-04 17:00:00,M5R,26.5,40.0,100.83
2025-08-04 18:00:00,M5R,26.4,40.0,100.8
2025-08-04 19:00:00,M5R,25.0,43.0,100.82
2025-08-04 20:00:00,M5R,23.5,46.0,100.83
2025-08-04 21:00:00,M5R,23.0,52.0,100.88
2025-08-04 22:00:00,M5R,22.6,51.0,100.94
2025-08-04 23:00:00,M5R,23.5,49.0,100.98
2025-08-05 00:00:00,M5R,22.7,55.0,100.99
2025-08-05 01:00:00,M5R,22.2,61.0,101.01
2025-08-05 02:00:00,M5R,21.9,66.0,101.02
2025-08-05 03:00:00,M5R,21.1,78.0,101.06
2025-08-05 04:00:00,M5R,21.7,86.0,101.09
2025-08-05 05:00:00,M5R,21.3,84.0,101.14
2025-08-05 06:00:00,M5R,21.1,82.0,101.17
2025-08-05 07:00:00,M5R,21.3,79.0,101.21
2025-08-05 08:00:00,M5R,22.2,75.0,101.25
2025-08-05 09:00:00,M5R,23.1,71.0,101.29
2025-08-05 10:00:00,M5R,23.6,67.0,101.31
2025-08-05 11:00:00,M5R,24.3,61.0,101.32
2025-08-05 12:00:00,M5R,,,
2025-08-05 13:00:00,M5R,26.0,58.0,101.28
2025-08-05 14:00:00,M5R,26.2,56.0,101.25
2025-08-05 15:00:00,M5R,26.5,56.0,101.19
2025-08-05 16:00:00,M5R,26.6,48.0,101.19
2025-08-05 17:00:00,M5R,25.7,56.0,101.17
2025-08-05 18:00:00,M5R,25.2,54.0,101.18
2025-08-05 19:00:00,M5R,24.6,58.0,101.17
2025-08-05 20:00:00,M5R,23.8,67.0,101.21
2025-08-05 21:00:00,M5R,23.6,69.0,101.28
2025-08-05 22:00:00,M5R,23.4,74.0,101.27
2025-08-05 23:00:00,M5R,23.1,77.0,101.3
2025-08-06 00:00:00,M5R,23.0,74.0,101.33
2025-08-06 01:00:00,M5R,22.5,69.0,101.32
2025-08-06 02:00:00,M5R,22.0,66.0,101.3
2025-08-06 03:00:00,M5R,21.5,68.0,101.3
2025-08-06 04:00:00,M5R,21.2,69.0,101.34
2025-08-06 05:00:00,M5R,21.0,68.0,101.36
2025-08-06 06:00:00,M5R,21.1,66.0,101.39
2025-08-06 07:00:00,M5R,21.3,66.0,101.42
2025-08-06 08:00:00,M5R,22.1,70.0,101.47
2025-08-06 09:00:00,M5R,23.0,69.0,101.48
2025-08-06 10:00:00,M5R,23.4,71.0,101.5
2025-08-06 11:00:00,M5R,23.9,70.0,101.52
2025-08-06 12:00:00,M5R,24.6,71.0,101.47
2025-08-06 13:00:00,M5R,25.7,66.0,101.4
2025-08-06 14:00:00,M5R,25.9,61.0,101.35
2025-08-06 15:00:00,M5R,26.3,55.0,101.33
2025-08-06 16:00:00,M5R,26.4,55.0,101.31
2025-08-06 17:00:00,M5R,26.2,57.0,101.27
2025-08-06 18:00:00,M5R,25.1,65.0,101.26
2025-08-06 19:00:00,M5R,23.8,77.0,101.28
2025-08-06 20:00:00,M5R,23.8,78.0,101.25
2025-08-06 21:00:00,M5R,24.2,72.0,101.24
2025-08-06 22:00:00,M5R,23.8,70.0,101.26
2025-08-06 23:00:00,M5R,22.4,73.0,101.26
2025-08-07 00:00:00,M5R,22.8,76.0,101.26
2025-08-07 01:00:00,M5R,22.6,80.0,101.24
2025-08-07 02:00:00,M5R,22.3,84.0,101.24
2025-08-07 03:00:00,M5R,21.5,89.0,101.21
2025-08-07 04:00:00,M5R,21.2,91.0,101.22
2025-08-07 05:00:00,M5R,21.0,91.0,101.25
2025-08-07 06:00:00,M5R,20.9,90.0,101.29
2025-08-07 07:00:00,M5R,22.9,67.0,101.3
2025-08-07 08:00:00,M5R,23.7,64.0,101.29
2025-08-07 09:00:00,M5R,23.6,64.0,101.27
2025-08-07 10:00:00,M5R,24.0,64.0,101.24
2025-08-07 11:00:00,M5R,25.1,61.0,101.21
2025-08-07 12:00:00,M5R,25.5,57.0,101.17
2025-08-07 13:00:00,M5R,26.8,49.0,101.14
2025-08-07 14:00:00,M5R,26.7,46.0,101.08
2025-08-07 15:00:00,M5R,27.4,40.0,101.01
2025-08-07 16:00:00,M5R,26.7,50.0,100.97
2025-08-07 17:00:00,M5R,25.7,58.0,100.94
2025-08-07 18:00:00,M5R,24.7,61.0,100.94
2025-08-07 19:00:00,M5R,24.2,61.0,100.93
2025-08-07 20:00:00,M5R,23.5,70.0,100.9
2025-08-07 21:00:00,M5R,23.3,70.0,100.92
2025-08-07 22:00:00,M5R,23.0,75.0,100.92
2025-08-07 23:00:00,M5R,22.9,77.0,100.9
2025-08-08 00:00:00,M5R,22.7,79.0,100.85
2025-08-08 01:00:00,M5R,22.2,83.0,100.82
2025-08-08 02:00:00,M5R,21.9,85.0,100.8
2025-08-08 03:00:00,M5R,22.1,79.0,100.77
2025-08-08 04:00:00,M5R,21.5,83.0,100.78
2025-08-08 05:00:00,M5R,21.4,81.0,100.81
2025-08-08 06:00:00,M5R,22.1,79.0,100.82
2025-08-08 07:00:00,M5R,22.6,77.0,100.86
2025-08-08 08:00:00,M5R,23.4,73.0,100.87
2025-08-08 09:00:00,M5R,24.4,69.0,100.9
2025-08-08 10:00:00,M5R,25.0,66.0,100.88
2025-08-08 11:00:00,M5R,26.8,60.0,100.83
2025-08-08 12:00:00,M5R,27.6,56.0,100.82
2025-08-08 13:00:00,M5R,28.2,55.0,100.78
2025-08-08 14:00:00,M5R,27.5,56.0,100.73
2025-08-08 15:00:00,M5R,28.2,52.0,100.7
2025-08-08 16:00:00,M5R,27.9,50.0,100.7
2025-08-08 17:00:00,M5R,27.5,60.0,100.63
2025-08-08 18:00:00,M5R,26.0,68.0,100.63
2025-08-08 19:00:00,M5R,25.5,65.0,100.63
2025-08-08 20:00:00,M5R,24.7,70.0,100.63
2025-08-08 21:00:00,M5R,24.3,75.0,100.66
2025-08-08 22:00:00,M5R,24.0,73.0,100.71
2025-08-08 23:00:00,M5R,23.0,77.0,100.71
2025-08-09 00:00:00,M5R,22.7,79.0,100.72
2025-08-09 01:00:00,M5R,22.6,80.0,100.71
2025-08-09 02:00:00,M5R,22.2,81.0,100.71
2025-08-09 03:00:00,M5R,21.9,83.0,100.7
2025-08-09 04:00:00,M5R,21.9,84.0,100.69
2025-08-09 05:00:00,M5R,21.9,87.0,100.74
2025-08-09 06:00:00,M5R,22.5,87.0,100.78
2025-08-09 07:00:00,M5R,23.5,81.0,100.82
2025-08-09 08:00:00,M5R,24.7,75.0,100.83
2025-08-09 09:00:00,M5R,25.3,72.0,100.82
2025-08-09 10:00:00,M5R,26.2,66.0,100.81
2025-08-09 11:00:00,M5R,27.6,62.0,100.77
2025-08-09 12:00:00,M5R,29.1,56.0,100.71
2025-08-09 13:00:00,M5R,30.0,54.0,100.68
2025-08-09 14:00:00,M5R,30.7,51.0,100.7
2025-08-09 15:00:00,M5R,31.0,49.0,100.67
2025-08-09 16:00:00,M5R,31.4,47.0,100.64
2025-08-09 17:00:00,M5R,30.2,49.0,100.6
2025-08-09 18:00:00,M5R,29.6,50.0,100.57
2025-08-09 19:00:00,M5R,28.4,55.0,100.6
2025-08-09 20:00:00,M5R,28.0,55.0,100.62
2025-08-09 21:00:00,M5R,26.9,61.0,100.63
2025-08-09 22:00:00,M5R,26.4,65.0,100.68
2025-08-09 23:00:00,M5R,24.9,72.0,100.69
2025-08-10 00:00:00,M5R,24.3,76.0,100.65
2025-08-10 01:00:00,M5R,24.3,79.0,100.69
2025-08-10 02:00:00,M5R,23.4,84.0,100.66
2025-08-10 03:00:00,M5R,23.0,83.0,100.69
2025-08-10 04:00:00,M5R,23.4,78.0,100.74
2025-08-10 05:00:00,M5R,22.5,79.0,100.74
2025-08-10 06:00:00,M5R,22.6,82.0,100.83
2025-08-10 07:00:00,M5R,24.5,75.0,100.84
2025-08-10 08:00:00,M5R,25.5,72.0,100.79
2025-08-10 09:00:00,M5R,26.6,65.0,100.75
2025-08-10 10:00:00,M5R,26.9,64.0,100.77
2025-08-10 11:00:00,M5R,27.8,60.0,100.75
2025-08-10 12:00:00,M5R,29.6,51.0,100.78
2025-08-10 13:00:00,M5R,31.3,49.0,100.76
2025-08-10 14:00:00,M5R,31.8,47.0,100.73
2025-08-10 15:00:00,M5R,31.7,48.0,100.68
2025-08-10 16:00:00,M5R,31.2,48.0,100.66
2025-08-10 17:00:00,M5R,30.6,52.0,100.63
2025-08-10 18:00:00,M5R,29.8,51.0,100.6
2025-08-10 19:00:00,M5R,28.6,59.0,100.6
2025-08-10 20:00:00,M5R,28.2,58.0,100.62
2025-08-10 21:00:00,M5R,27.1,61.0,100.61
2025-08-10 22:00:00,M5R,26.2,61.0,100.64
2025-08-10 23:00:00,M5R,25.0,69.0,100.62
2025-08-11 00:00:00,M5R,24.1,70.0,100.62
2025-08-11 01:00:00,M5R,23.7,69.0,100.62
2025-08-11 02:00:00,M5R,23.5,73.0,100.56
2025-08-11 03:00:00,M5R,23.9,71.0,100.62
2025-08-11 04:00:00,M5R,22.6,84.0,100.63
2025-08-11 05:00:00,M5R,23.0,77.0,100.63
2025-08-11 06:00:00,M5R,22.7,82.0,100.65
2025-08-11 07:00:00,M5R,24.3,79.0,100.69
2025-08-11 08:00:00,M5R,25.5,74.0,100.68
2025-08-11 09:00:00,M5R,26.6,65.0,100.69
2025-08-11 10:00:00,M5R,27.8,59.0,100.66
2025-08-11 11:00:00,M5R,28.6,60.0,100.63
2025-08-11 12:00:00,M5R,29.6,54.0,100.62
2025-08-11 13:00:00,M5R,30.9,51.0,100.55
2025-08-11 14:00:00,M5R,32.0,47.0,100.51
2025-08-11 15:00:00,M5R,32.2,46.0,100.45
2025-08-11 16:00:00,M5R,31.2,50.0,100.39
2025-08-11 17:00:00,M5R,30.0,54.0,100.38
2025-08-11 18:00:00,M5R,29.9,52.0,100.33
2025-08-11 19:00:00,M5R,28.9,54.0,100.33
2025-08-11 20:00:00,M5R,28.4,56.0,100.34
2025-08-11 21:00:00,M5R,27.9,59.0,100.33
2025-08-11 22:00:00,M5R,26.9,63.0,100.33
2025-08-11 23:00:00,M5R,26.2,68.0,100.32
2025-08-12 00:00:00,M5R,25.4,73.0,100.3
2025-08-12 01:00:00,M5R,24.8,75.0,100.28
2025-08-12 02:00:00,M5R,25.4,72.0,100.27
2025-08-12 03:00:00,M5R,24.6,78.0,100.28
2025-08-12 04:00:00,M5R,24.8,75.0,100.28
2025-08-12 05:00:00,M5R,25.1,73.0,100.31
2025-08-12 06:00:00,M5R,25.4,70.0,100.31
2025-08-12 07:00:00,M5R,25.7,70.0,100.27
2025-08-12 08:00:00,M5R,26.7,68.0,100.26
2025-08-12 09:00:00,M5R,27.3,71.0,100.25
2025-08-12 10:00:00,M5R,28.1,67.0,100.26
2025-08-12 11:00:00,M5R,29.0,68.0,100.22
2025-08-12 12:00:00,M5R,30.6,64.0,100.16
2025-08-12 13:00:00,M5R,30.2,62.0,100.07
2025-08-12 14:00:00,M5R,30.3,61.0,100.03
2025-08-12 15:00:00,M5R,27.2,72.0,100.04
2025-08-12 16:00:00,M5R,23.8,85.0,100.08
2025-08-12 17:00:00,M5R,24.9,90.0,99.99
2025-08-12 18:00:00,M5R,25.6,85.0,99.94
2025-08-12 19:00:00,M5R,25.6,83.0,99.9
2025-08-12 20:00:00,M5R,24.8,86.0,99.89
2025-08-12 21:00:00,M5R,24.7,86.0,99.9
2025-08-12 22:00:00,M5R,24.4,87.0,99.87
2025-08-12 23:00:00,M5R,24.4,86.0,99.81
2025-08-13 00:00:00,M5R,24.2,87.0,99.78
2025-08-13 01:00:00,M5R,24.8,87.0,99.81
2025-08-13 02:00:00,M5R,24.5,84.0,99.79
2025-08-13 03:00:00,M5R,21.5,91.0,99.73
2025-08-13 04:00:00,M5R,21.5,93.0,99.75
2025-08-13 05:00:00,M5R,21.5,94.0,99.81
2025-08-13 06:00:00,M5R,21.3,94.0,99.85
2025-08-13 07:00:00,M5R,22.0,93.0,99.87
2025-08-13 08:00:00,M5R,23.0,85.0,99.85
2025-08-13 09:00:00,M5R,23.5,82.0,99.86
2025-08-13 10:00:00,M5R,24.5,75.0,99.87
2025-08-13 11:00:00,M5R,26.1,65.0,99.86
2025-08-13 12:00:00,M5R,26.8,68.0,99.85
2025-08-13 13:00:00,M5R,27.1,67.0,99.84
2025-08-13 14:00:00,M5R,28.3,63.0,99.76
2025-08-13 15:00:00,M5R,29.3,56.0,99.69
2025-08-13 16:00:00,M5R,28.2,61.0,99.67
2025-08-13 17:00:00,M5R,27.6,61.0,99.65
2025-08-13 18:00:00,M5R,25.3,71.0,99.76
2025-08-13 19:00:00,M5R,24.9,73.0,99.79
2025-08-13 20:00:00,M5R,24.4,62.0,99.86
2025-08-13 21:00:00,M5R,23.8,50.0,99.91
2025-08-13 22:00:00,M5R,22.8,51.0,99.93
2025-08-13 23:00:00,M5R,22.4,60.0,99.95
2025-08-14 00:00:00,M5R,21.7,68.0,99.99
2025-08-14 01:00:00,M5R,21.2,72.0,99.97
2025-08-14 02:00:00,M5R,21.2,75.0,99.98
2025-08-14 03:00:00,M5R,20.6,82.0,99.98
2025-08-14 04:00:00,M5R,20.5,84.0,100.01
2025-08-14 05:00:00,M5R,20.6,83.0,100.07
2025-08-14 06:00:00,M5R,20.2,85.0,100.16
2025-08-14 07:00:00,M5R,21.1,77.0,100.23
2025-08-14 08:00:00,M5R,22.8,64.0,100.28
2025-08-14 09:00:00,M5R,24.1,55.0,100.33
2025-08-14 10:00:00,M5R,24.5,52.0,100.4
2025-08-14 11:00:00,M5R,26.1,50.0,100.43
2025-08-14 12:00:00,M5R,26.3,47.0,100.43
2025-08-14 13:00:00,M5R,26.9,48.0,100.43
2025-08-14 14:00:00,M5R,27.2,47.0,100.42
2025-08-14 15:00:00,M5R,27.9,47.0,100.39
2025-08-14 16:00:00,M5R,26.5,52.0,100.39
2025-08-14 17:00:00,M5R,26.5,53.0,100.4
2025-08-14 18:00:00,M5R,26.4,50.0,100.4
2025-08-14 19:00:00,M5R,25.1,54.0,100.43
2025-08-14 20:00:00,M5R,23.8,58.0,100.47
2025-08-14 21:00:00,M5R,22.9,65.0,100.53
2025-08-14 22:00:00,M5R,22.8,74.0,100.57
2025-08-14 23:00:00,M5R,22.2,79.0,100.58
2025-08-15 00:00:00,M5R,21.7,83.0,100.62
2025-08-15 01:00:00,M5R,21.3,84.0,100.66
2025-08-15 02:00:00,M5R,21.4,79.0,100.66
2025-08-15 03:00:00,M5R,21.7,81.0,100.69
2025-08-15 04:00:00,M5R,20.9,82.0,100.71
2025-08-15 05:00:00,M5R,20.4,83.0,100.74
2025-08-15 06:00:00,M5R,20.5,83.0,100.78
2025-08-15 07:00:00,M5R,21.2,74.0,100.82
2025-08-15 08:00:00,M5R,23.4,68.0,100.84
2025-08-15 09:00:00,M5R,24.5,66.0,100.87
2025-08-15 10:00:00,M5R,25.2,60.0,100.88
2025-08-15 11:00:00,M5R,25.9,50.0,100.88
2025-08-15 12:00:00,M5R,26.9,48.0,100.86
2025-08-15 13:00:00,M5R,27.5,46.0,100.83
2025-08-15 14:00:00,M5R,28.6,46.0,100.82
2025-08-15 15:00:00,M5R,29.1,46.0,100.76
2025-08-15 16:00:00,M5R,27.4,55.0,100.74
2025-08-15 17:00:00,M5R,26.5,53.0,100.72
2025-08-15 18:00:00,M5R,26.0,53.0,100.68
2025-08-15 19:00:00,M5R,24.8,66.0,100.65
2025-08-15 20:00:00,M5R,24.1,70.0,100.65
2025-08-15 21:00:00,M5R,23.6,72.0,100.67
2025-08-15 22:00:00,M5R,23.5,70.0,100.7
2025-08-15 23:00:00,M5R,22.8,75.0,100.72
2025-08-16 00:00:00,M5R,22.2,79.0,100.74
2025-08-16 01:00:00,M5R,21.8,79.0,100.7
2025-08-16 02:00:00,M5R,21.9,80.0,100.64
2025-08-16 03:00:00,M5R,21.0,83.0,100.59
2025-08-16 04:00:00,M5R,20.6,85.0,100.6
2025-08-16 05:00:00,M5R,20.7,85.0,100.64
2025-08-16 06:00:00,M5R,20.7,86.0,100.65
2025-08-16 07:00:00,M5R,22.5,77.0,100.64
2025-08-16 08:00:00,M5R,24.5,71.0,100.63
2025-08-16 09:00:00,M5R,25.9,64.0,100.62
2025-08-16 10:00:00,M5R,26.7,64.0,100.6
2025-08-16 11:00:00,M5R,27.8,64.0,100.64
2025-08-16 12:00:00,M5R,28.4,57.0,100.59
2025-08-16 13:00:00,M5R,29.8,45.0,100.51
2025-08-16 14:00:00,M5R,30.4,43.0,100.49
2025-08-16 15:00:00,M5R,30.5,41.0,100.41
2025-08-16 16:00:00,M5R,29.7,43.0,100.35
2025-08-16 17:00:00,M5R,28.6,49.0,100.27
2025-08-16 18:00:00,M5R,28.2,53.0,100.19
2025-08-16 19:00:00,M5R,27.5,57.0,100.18
2025-08-16 20:00:00,M5R,27.0,57.0,100.18
2025-08-16 21:00:00,M5R,27.0,63.0,100.17
2025-08-16 22:00:00,M5R,25.0,70.0,100.07
2025-08-16 23:00:00,M5R,24.8,72.0,100.11
2025-08-17 00:00:00,M5R,24.2,70.0,100.08
2025-08-17 01:00:00,M5R,24.2,73.0,100.05
2025-08-17 02:00:00,M5R,24.0,76.0,99.99
2025-08-17 03:00:00,M5R,24.7,68.0,100.04
2025-08-17 04:00:00,M5R,21.7,89.0,99.96
2025-08-17 05:00:00,M5R,21.4,92.0,99.99
2025-08-17 06:00:00,M5R,21.4,94.0,99.91
2025-08-17 07:00:00,M5R,21.7,93.0,99.98
2025-08-17 08:00:00,M5R,22.7,90.0,100.0
2025-08-17 09:00:00,M5R,23.2,85.0,100.03
2025-08-17 10:00:00,M5R,23.8,83.0,100.06
2025-08-17 11:00:00,M5R,25.3,75.0,100.06
2025-08-17 12:00:00,M5R,26.5,66.0,100.08
2025-08-17 13:00:00,M5R,25.1,69.0,100.16
2025-08-17 14:00:00,M5R,23.3,70.0,100.24
2025-08-17 15:00:00,M5R,22.4,68.0,100.29
2025-08-17 16:00:00,M5R,22.5,67.0,100.31
2025-08-17 17:00:00,M5R,23.6,63.0,100.31
2025-08-17 18:00:00,M5R,23.4,59.0,100.35
2025-08-17 19:00:00,M5R,23.0,56.0,100.37
2025-08-17 20:00:00,M5R,22.3,53.0,100.45
2025-08-17 21:00:00,M5R,20.9,55.0,100.54
2025-08-17 22:00:00,M5R,20.9,49.0,100.61
2025-08-17 23:00:00,M5R,19.9,49.0,100.69
2025-08-18 00:00:00,M5R,18.9,50.0,100.77
2025-08-18 01:00:00,M5R,17.9,45.0,100.79
2025-08-18 02:00:00,M5R,16.8,48.0,100.79
2025-08-18 03:00:00,M5R,16.2,48.0,100.85
2025-08-18 04:00:00,M5R,15.3,51.0,100.9
2025-08-18 05:00:00,M5R,15.0,52.0,100.96
2025-08-18 06:00:00,M5R,14.6,54.0,100.99
2025-08-18 07:00:00,M5R,15.0,55.0,101.03
2025-08-18 08:00:00,M5R,16.7,56.0,101.06
2025-08-18 09:00:00,M5R,18.0,61.0,101.08
2025-08-18 10:00:00,M5R,18.9,56.0,101.11
2025-08-18 11:00:00,M5R,19.1,54.0,101.11
2025-08-18 12:00:00,M5R,20.1,57.0,101.11
2025-08-18 13:00:00,M5R,21.0,49.0,101.12
2025-08-18 14:00:00,M5R,21.0,53.0,101.06
2025-08-18 15:00:00,M5R,20.8,50.0,101.0
2025-08-18 16:00:00,M5R,20.3,53.0,101.0
2025-08-18 17:00:00,M5R,19.9,56.0,100.98
2025-08-18 18:00:00,M5R,19.4,59.0,100.94
2025-08-18 19:00:00,M5R,18.9,58.0,100.89
2025-08-18 20:00:00,M5R,18.9,60.0,100.87
2025-08-18 21:00:00,M5R,18.8,63.0,100.84
2025-08-18 22:00:00,M5R,19.2,59.0,100.79
2025-08-18 23:00:00,M5R,19.4,60.0,100.81
2025-08-19 00:00:00,M5R,19.2,63.0,100.81
2025-08-19 01:00:00,M5R,19.2,60.0,100.78
2025-08-19 02:00:00,M5R,19.4,60.0,100.74
2025-08-19 03:00:00,M5R,19.4,62.0,100.67
2025-08-19 04:00:00,M5R,18.9,61.0,100.64
2025-08-19 05:00:00,M5R,18.5,68.0,100.61
2025-08-19 06:00:00,M5R,18.4,67.0,100.55
2025-08-19 07:00:00,M5R,19.1,68.0,100.56
2025-08-19 08:00:00,M5R,20.1,60.0,100.54
2025-08-19 09:00:00,M5R,20.1,66.0,100.54
2025-08-19 10:00:00,M5R,20.7,67.0,100.56
2025-08-19 11:00:00,M5R,21.1,67.0,100.51
2025-08-19 12:00:00,M5R,21.7,68.0,100.44
2025-08-19 13:00:00,M5R,21.4,72.0,100.47
2025-08-19 14:00:00,M5R,21.4,75.0,100.37
2025-08-19 15:00:00,M5R,21.1,80.0,100.29
2025-08-19 16:00:00,M5R,20.6,85.0,100.24
2025-08-19 17:00:00,M5R,20.6,86.0,100.21
2025-08-19 18:00:00,M5R,20.8,90.0,100.13
2025-08-19 19:00:00,M5R,20.8,87.0,100.07
2025-08-19 20:00:00,M5R,21.0,88.0,100.08
2025-08-19 21:00:00,M5R,20.5,91.0,100.1
2025-08-19 22:00:00,M5R,20.0,93.0,100.09
2025-08-19 23:00:00,M5R,19.6,93.0,100.07
2025-08-20 00:00:00,M5R,19.5,94.0,100.05
2025-08-20 01:00:00,M5R,19.4,93.0,99.99
2025-08-20 02:00:00,M5R,18.8,93.0,99.94
2025-08-20 03:00:00,M5R,18.7,93.0,99.92
2025-08-20 04:00:00,M5R,18.8,93.0,99.94
2025-08-20 05:00:00,M5R,18.8,93.0,99.97
2025-08-20 06:00:00,M5R,18.6,92.0,100.01
2025-08-20 07:00:00,M5R,18.8,93.0,100.06
2025-08-20 08:00:00,M5R,19.1,93.0,100.1
2025-08-20 09:00:00,M5R,19.0,91.0,100.14
2025-08-20 10:00:00,M5R,18.9,86.0,100.21
2025-08-20 11:00:00,M5R,19.5,81.0,100.25
2025-08-20 12:00:00,M5R,20.1,75.0,100.26
2025-08-20 13:00:00,M5R,20.4,73.0,100.28
2025-08-20 14:00:00,M5R,20.9,73.0,100.32
2025-08-20 15:00:00,M5R,20.1,74.0,100.34
2025-08-20 16:00:00,M5R,20.0,73.0,100.36
2025-08-20 17:00:00,M5R,19.8,74.0,100.39
2025-08-20 18:00:00,M5R,19.9,73.0,100.41
2025-08-20 19:00:00,M5R,19.8,77.0,100.46
2025-08-20 20:00:00,M5R,19.7,77.0,100.48
2025-08-20 21:00:00,M5R,19.4,81.0,100.52
2025-08-20 22:00:00,M5R,19.4,78.0,100.52
2025-08-20 23:00:00,M5R,19.1,75.0,100.53
2025-08-21 00:00:00,M5R,18.3,74.0,100.5
2025-08-21 01:00:00,M5R,17.8,77.0,100.47
2025-08-21 02:00:00,M5R,17.2,82.0,100.44
2025-08-21 03:00:00,M5R,16.7,82.0,100.46
2025-08-21 04:00:00,M5R,16.9,82.0,100.47
2025-08-21 05:00:00,M5R,16.6,83.0,100.45
2025-08-21 06:00:00,M5R,16.4,83.0,100.49
2025-08-21 07:00:00,M5R,17.0,80.0,100.54
2025-08-21 08:00:00,M5R,18.7,72.0,100.55
2025-08-21 09:00:00,M5R,20.1,71.0,100.55
2025-08-21 10:00:00,M5R,20.4,66.0,100.56
2025-08-21 11:00:00,M5R,20.9,62.0,100.6
2025-08-21 12:00:00,M5R,22.3,61.0,100.55
2025-08-21 13:00:00,M5R,21.4,65.0,100.5
2025-08-21 14:00:00,M5R,22.6,63.0,100.47
2025-08-21 15:00:00,M5R,22.3,66.0,100.42
2025-08-21 16:00:00,M5R,21.5,68.0,100.41
2025-08-21 17:00:00,M5R,21.5,68.0,100.39
2025-08-21 18:00:00,M5R,21.5,64.0,100.37
2025-08-21 19:00:00,M5R,20.6,66.0,100.38
2025-08-21 20:00:00,M5R,20.0,73.0,100.4
2025-08-21 21:00:00,M5R,19.0,80.0,100.43
2025-08-21 22:00:00,M5R,18.7,81.0,100.43
2025-08-21 23:00:00,M5R,18.0,84.0,100.4
2025-08-22 00:00:00,M5R,17.7,85.0,100.41
2025-08-22 01:00:00,M5R,17.2,87.0,100.37
2025-08-22 02:00:00,M5R,16.8,89.0,100.35
2025-08-22 03:00:00,M5R,17.9,84.0,100.35
2025-08-22 04:00:00,M5R,17.0,87.0,100.39
2025-08-22 05:00:00,M5R,16.5,90.0,100.44
2025-08-22 06:00:00,M5R,16.1,91.0,100.48
2025-08-22 07:00:00,M5R,17.7,88.0,100.53
2025-08-22 08:00:00,M5R,20.6,74.0,100.53
2025-08-22 09:00:00,M5R,22.6,65.0,100.54
2025-08-22 10:00:00,M5R,24.2,55.0,100.53
2025-08-22 11:00:00,M5R,24.8,52.0,100.49
2025-08-22 12:00:00,M5R,25.6,48.0,100.48
2025-08-22 13:00:00,M5R,25.8,47.0,100.44
2025-08-22 14:00:00,M5R,26.1,45.0,100.38
2025-08-22 15:00:00,M5R,26.1,45.0,100.32
2025-08-22 16:00:00,M5R,25.4,42.0,100.3
2025-08-22 17:00:00,M5R,25.1,41.0,100.29
2025-08-22 18:00:00,M5R,24.7,43.0,100.24
2025-08-22 19:00:00,M5R,23.2,56.0,100.23
2025-08-22 20:00:00,M5R,22.5,58.0,100.2
2025-08-22 21:00:00,M5R,22.5,68.0,100.22
2025-08-22 22:00:00,M5R,22.8,70.0,100.22
2025-08-22 23:00:00,M5R,21.4,80.0,100.21
2025-08-23 00:00:00,M5R,20.6,78.0,100.17
2025-08-23 01:00:00,M5R,20.6,68.0,100.14
2025-08-23 02:00:00,M5R,20.6,72.0,100.08
2025-08-23 03:00:00,M5R,19.6,77.0,100.02
2025-08-23 04:00:00,M5R,19.5,78.0,99.99
2025-08-23 05:00:00,M5R,18.8,81.0,99.96
2025-08-23 06:00:00,M5R,18.9,85.0,99.99
2025-08-23 07:00:00,M5R,20.4,82.0,99.95
2025-08-23 08:00:00,M5R,22.0,77.0,99.95
2025-08-23 09:00:00,M5R,22.8,76.0,99.92
2025-08-23 10:00:00,M5R,24.1,73.0,99.88
2025-08-23 11:00:00,M5R,24.0,73.0,99.85
2025-08-23 12:00:00,M5R,25.2,68.0,99.81
2025-08-23 13:00:00,M5R,25.0,66.0,99.76
2025-08-23 14:00:00,M5R,24.7,67.0,99.71
2025-08-23 15:00:00,M5R,25.6,64.0,99.68
2025-08-23 16:00:00,M5R,25.8,56.0,99.62
2025-08-23 17:00:00,M5R,25.9,54.0,99.61
2025-08-23 18:00:00,M5R,25.3,56.0,99.57
2025-08-23 19:00:00,M5R,24.5,60.0,99.55
2025-08-23 20:00:00,M5R,24.1,60.0,99.57
2025-08-23 21:00:00,M5R,24.0,62.0,99.57
2025-08-23 22:00:00,M5R,23.7,65.0,99.55
2025-08-23 23:00:00,M5R,22.7,72.0,99.56
2025-08-24 00:00:00,M5R,22.6,69.0,99.53
2025-08-24 01:00:00,M5R,21.8,67.0,99.54
2025-08-24 02:00:00,M5R,20.5,76.0,99.55
2025-08-24 03:00:00,M5R,20.3,78.0,99.57
2025-08-24 04:00:00,M5R,19.3,82.0,99.6
2025-08-24 05:00:00,M5R,18.1,85.0,99.62
2025-08-24 06:00:00,M5R,18.0,85.0,99.66
2025-08-24 07:00:00,M5R,18.9,80.0,99.7
2025-08-24 08:00:00,M5R,20.3,71.0,99.71
2025-08-24 09:00:00,M5R,21.2,60.0,99.71
2025-08-24 10:00:00,M5R,23.0,56.0,99.71
2025-08-24 11:00:00,M5R,23.3,59.0,99.69
2025-08-24 12:00:00,M5R,23.8,53.0,99.65
2025-08-24 13:00:00,M5R,23.0,58.0,99.59
2025-08-24 14:00:00,M5R,24.0,49.0,99.52
2025-08-24 15:00:00,M5R,24.0,54.0,99.48
2025-08-24 16:00:00,M5R,24.0,54.0,99.48
2025-08-24 17:00:00,M5R,24.7,44.0,99.48
2025-08-24 18:00:00,M5R,23.6,41.0,99.49
2025-08-24 19:00:00,M5R,23.4,38.0,99.53
2025-08-24 20:00:00,M5R,22.1,43.0,99.55
2025-08-24 21:00:00,M5R,20.9,51.0,99.57
2025-08-24 22:00:00,M5R,16.4,90.0,99.61
2025-08-24 23:00:00,M5R,16.6,92.0,99.59
2025-08-25 00:00:00,M5R,16.5,91.0,99.55
2025-08-25 01:00:00,M5R,15.8,92.0,99.51
2025-08-25 02:00:00,M5R,15.3,92.0,99.53
2025-08-25 03:00:00,M5R,15.0,92.0,99.56
2025-08-25 04:00:00,M5R,14.3,92.0,99.55
2025-08-25 05:00:00,M5R,14.4,89.0,99.59
2025-08-25 06:00:00,M5R,14.5,88.0,99.62
2025-08-25 07:00:00,M5R,15.8,81.0,99.65
2025-08-25 08:00:00,M5R,17.2,72.0,99.67
2025-08-25 09:00:00,M5R,18.7,61.0,99.68
2025-08-25 10:00:00,M5R,19.6,55.0,99.69
2025-08-25 11:00:00,M5R,20.6,50.0,99.71
2025-08-25 12:00:00,M5R,21.0,45.0,99.7
2025-08-25 13:00:00,M5R,19.9,53.0,99.76
2025-08-25 14:00:00,M5R,17.5,74.0,99.77
2025-08-25 15:00:00,M5R,19.9,54.0,99.76
2025-08-25 16:00:00,M5R,19.9,54.0,99.79
2025-08-25 17:00:00,M5R,20.1,43.0,99.86
2025-08-25 18:00:00,M5R,19.6,43.0,99.89
2025-08-25 19:00:00,M5R,18.5,50.0,99.95
2025-08-25 20:00:00,M5R,18.2,50.0,100.05
2025-08-25 21:00:00,M5R,17.8,50.0,100.07
2025-08-25 22:00:00,M5R,17.3,54.0,100.07
2025-08-25 23:00:00,M5R,16.5,59.0,100.08
2025-08-26 00:00:00,M5R,16.2,67.0,100.08
2025-08-26 01:00:00,M5R,15.7,70.0,100.07
2025-08-26 02:00:00,M5R,15.8,67.0,100.09
2025-08-26 03:00:00,M5R,15.1,71.0,100.11
2025-08-26 04:00:00,M5R,14.3,75.0,100.13
2025-08-26 05:00:00,M5R,13.9,78.0,100.17
2025-08-26 06:00:00,M5R,13.8,79.0,100.22
2025-08-26 07:00:00,M5R,14.5,75.0,100.25
2025-08-26 08:00:00,M5R,16.1,68.0,100.28
2025-08-26 09:00:00,M5R,17.7,61.0,100.31
2025-08-26 10:00:00,M5R,19.0,54.0,100.32
2025-08-26 11:00:00,M5R,20.1,49.0,100.29
2025-08-26 12:00:00,M5R,19.6,47.0,100.29
2025-08-26 13:00:00,M5R,21.1,42.0,100.27
2025-08-26 14:00:00,M5R,14.6,86.0,100.35
2025-08-26 15:00:00,M5R,16.8,83.0,100.32
2025-08-26 16:00:00,M5R,16.9,79.0,100.33
2025-08-26 17:00:00,M5R,16.3,79.0,100.39
2025-08-26 18:00:00,M5R,16.3,71.0,100.44
2025-08-26 19:00:00,M5R,16.8,61.0,100.46
2025-08-26 20:00:00,M5R,16.4,64.0,100.5
2025-08-26 21:00:00,M5R,15.7,66.0,100.53
2025-08-26 22:00:00,M5R,15.2,69.0,100.55
2025-08-26 23:00:00,M5R,15.0,69.0,100.57
2025-08-27 00:00:00,M5R,14.3,76.0,100.56
2025-08-27 01:00:00,M5R,13.2,84.0,100.54
2025-08-27 02:00:00,M5R,12.8,81.0,100.55
2025-08-27 03:00:00,M5R,12.3,81.0,100.56
2025-08-27 04:00:00,M5R,12.1,82.0,100.57
2025-08-27 05:00:00,M5R,12.4,81.0,100.57
2025-08-27 06:00:00,M5R,13.7,72.0,100.62
2025-08-27 07:00:00,M5R,13.7,73.0,100.66
2025-08-27 08:00:00,M5R,16.0,64.0,100.68
2025-08-27 09:00:00,M5R,17.7,56.0,100.7
2025-08-27 10:00:00,M5R,19.3,47.0,100.72
2025-08-27 11:00:00,M5R,19.9,44.0,100.71
2025-08-27 12:00:00,M5R,20.6,38.0,100.67
2025-08-27 13:00:00,M5R,22.1,31.0,100.62
2025-08-27 14:00:00,M5R,22.9,30.0,100.54
2025-08-27 15:00:00,M5R,23.3,29.0,100.48
2025-08-27 16:00:00,M5R,22.3,36.0,100.44
2025-08-27 17:00:00,M5R,23.0,33.0,100.42
2025-08-27 18:00:00,M5R,22.0,36.0,100.42
2025-08-27 19:00:00,M5R,20.8,36.0,100.47
2025-08-27 20:00:00,M5R,18.3,42.0,100.48
2025-08-27 21:00:00,M5R,16.8,47.0,100.48
2025-08-27 22:00:00,M5R,17.0,55.0,100.44
2025-08-27 23:00:00,M5R,17.6,54.0,100.43
2025-08-28 00:00:00,M5R,17.6,56.0,100.42
2025-08-28 01:00:00,M5R,16.6,62.0,100.38
2025-08-28 02:00:00,M5R,16.5,62.0,100.35
2025-08-28 03:00:00,M5R,16.3,66.0,100.31
2025-08-28 04:00:00,M5R,16.2,66.0,100.27
2025-08-28 05:00:00,M5R,16.1,65.0,100.24
2025-08-28 06:00:00,M5R,15.5,69.0,100.23
2025-08-28 07:00:00,M5R,16.9,64.0,100.21
2025-08-28 08:00:00,M5R,17.8,62.0,100.19
2025-08-28 09:00:00,M5R,19.0,61.0,100.17
2025-08-28 10:00:00,M5R,18.5,69.0,100.18
2025-08-28 11:00:00,M5R,17.1,86.0,100.17
2025-08-28 12:00:00,M5R,17.5,85.0,100.12
2025-08-28 13:00:00,M5R,17.5,87.0,100.08
2025-08-28 14:00:00,M5R,17.3,86.0,100.09
2025-08-28 15:00:00,M5R,17.2,85.0,100.06
2025-08-28 16:00:00,M5R,17.3,81.0,100.07
2025-08-28 17:00:00,M5R,17.8,83.0,100.1
2025-08-28 18:00:00,M5R,17.4,74.0,100.13
2025-08-28 19:00:00,M5R,16.5,71.0,100.19
2025-08-28 20:00:00,M5R,15.6,70.0,100.26
2025-08-28 21:00:00,M5R,14.6,71.0,100.28
2025-08-28 22:00:00,M5R,14.0,74.0,100.25
2025-08-28 23:00:00,M5R,13.4,77.0,100.27
2025-08-29 00:00:00,M5R,12.6,80.0,100.3
2025-08-29 01:00:00,M5R,12.1,80.0,100.32
2025-08-29 02:00:00,M5R,11.5,82.0,100.32
2025-08-29 03:00:00,M5R,10.8,83.0,100.33
2025-08-29 04:00:00,M5R,10.5,84.0,100.34
2025-08-29 05:00:00,M5R,9.9,87.0,100.37
2025-08-29 06:00:00,M5R,9.5,87.0,100.43
2025-08-29 07:00:00,M5R,10.9,80.0,100.47
2025-08-29 08:00:00,M5R,12.7,67.0,100.48
2025-08-29 09:00:00,M5R,14.6,56.0,100.5
2025-08-29 10:00:00,M5R,15.7,53.0,100.52
2025-08-29 11:00:00,M5R,17.0,43.0,100.54
2025-08-29 12:00:00,M5R,16.4,44.0,100.55
2025-08-29 13:00:00,M5R,17.2,38.0,100.52
2025-08-29 14:00:00,M5R,18.2,41.0,100.49
2025-08-29 15:00:00,M5R,17.9,38.0,100.47
2025-08-29 16:00:00,M5R,17.7,40.0,100.47
2025-08-29 17:00:00,M5R,17.6,42.0,100.48
2025-08-29 18:00:00,M5R,16.9,43.0,100.48
2025-08-29 19:00:00,M5R,15.4,51.0,100.49
2025-08-29 20:00:00,M5R,14.2,58.0,100.51
2025-08-29 21:00:00,M5R,13.6,61.0,100.53
2025-08-29 22:00:00,M5R,12.6,64.0,100.52
2025-08-29 23:00:00,M5R,12.0,70.0,100.51
2025-08-30 00:00:00,M5R,11.6,71.0,100.5
2025-08-30 01:00:00,M5R,11.0,76.0,100.47
2025-08-30 02:00:00,M5R,11.3,76.0,100.46
2025-08-30 03:00:00,M5R,11.5,76.0,100.46
2025-08-30 04:00:00,M5R,10.6,80.0,100.48
2025-08-30 05:00:00,M5R,9.8,83.0,100.53
2025-08-30 06:00:00,M5R,9.6,85.0,100.61
2025-08-30 07:00:00,M5R,10.9,83.0,100.67
2025-08-30 08:00:00,M5R,15.1,63.0,100.71
2025-08-30 09:00:00,M5R,17.4,54.0,100.75
2025-08-30 10:00:00,M5R,18.8,42.0,100.76
2025-08-30 11:00:00,M5R,19.1,47.0,100.75
2025-08-30 12:00:00,M5R,20.4,37.0,100.71
2025-08-30 13:00:00,M5R,21.5,38.0,100.69
2025-08-30 14:00:00,M5R,21.9,34.0,100.62
2025-08-30 15:00:00,M5R,22.2,36.0,100.6
2025-08-30 16:00:00,M5R,21.6,38.0,100.61
2025-08-30 17:00:00,M5R,21.1,40.0,100.63
2025-08-30 18:00:00,M5R,20.3,38.0,100.67
2025-08-30 19:00:00,M5R,19.2,38.0,100.72
2025-08-30 20:00:00,M5R,17.7,47.0,100.76
2025-08-30 21:00:00,M5R,16.3,52.0,100.83
2025-08-30 22:00:00,M5R,15.8,60.0,100.86
2025-08-30 23:00:00,M5R,16.2,62.0,100.86
2025-08-31 00:00:00,M5R,14.8,69.0,100.9
2025-08-31 01:00:00,M5R,13.7,77.0,100.92
2025-08-31 02:00:00,M5R,13.6,72.0,100.93
2025-08-31 03:00:00,M5R,13.0,73.0,100.95
2025-08-31 04:00:00,M5R,12.4,76.0,100.96
2025-08-31 05:00:00,M5R,12.5,75.0,101.03
2025-08-31 06:00:00,M5R,12.0,78.0,101.1
2025-08-31 07:00:00,M5R,13.5,76.0,101.15
2025-08-31 08:00:00,M5R,16.6,71.0,101.18
2025-08-31 09:00:00,M5R,18.3,62.0,101.2
2025-08-31 10:00:00,M5R,19.7,50.0,101.24
2025-08-31 11:00:00,M5R,20.2,54.0,101.24
2025-08-31 12:00:00,M5R,21.3,52.0,101.22
2025-08-31 13:00:00,M5R,21.7,48.0,101.2
2025-08-31 14:00:00,M5R,22.4,46.0,101.18
2025-08-31 15:00:00,M5R,22.7,41.0,101.14
2025-08-31 16:00:00,M5R,22.0,40.0,101.12
2025-08-31 17:00:00,M5R,21.2,44.0,101.1
2025-08-31 18:00:00,M5R,20.9,41.0,101.13
2025-08-31 19:00:00,M5R,19.1,53.0,101.12
2025-08-31 20:00:00,M5R,17.7,61.0,101.17
2025-08-31 21:00:00,M5R,16.8,66.0,101.17
2025-08-31 22:00:00,M5R,16.5,68.0,101.17
2025-08-31 23:00:00,M5R,16.1,71.0,101.18
2025-09-01 00:00:00,M5R,16.1,68.0,101.18
2025-09-01 01:00:00,M5R,15.4,71.0,101.19
2025-09-01 02:00:00,M5R,15.3,71.0,101.16
2025-09-01 03:00:00,M5R,15.0,68.0,101.15
2025-09-01 04:00:00,M5R,14.4,71.0,101.19
2025-09-01 05:00:00,M5R,13.6,77.0,101.23
2025-09-01 06:00:00,M5R,13.5,79.0,101.27
2025-09-01 07:00:00,M5R,15.4,71.0,101.29
2025-09-01 08:00:00,M5R,18.6,59.0,101.31
2025-09-01 09:00:00,M5R,20.5,49.0,101.32
2025-09-01 10:00:00,M5R,21.7,45.0,101.34
2025-09-01 11:00:00,M5R,22.2,44.0,101.32
2025-09-01 12:00:00,M5R,23.3,42.0,101.27
2025-09-01 13:00:00,M5R,23.6,37.0,101.24
2025-09-01 14:00:00,M5R,23.8,36.0,101.2
2025-09-01 15:00:00,M5R,23.4,36.0,101.14
2025-09-01 16:00:00,M5R,22.8,42.0,101.1
2025-09-01 17:00:00,M5R,22.0,42.0,101.07
2025-09-01 18:00:00,M5R,21.4,46.0,101.04
2025-09-01 19:00:00,M5R,20.5,50.0,101.01
2025-09-01 20:00:00,M5R,19.8,50.0,100.99
2025-09-01 21:00:00,M5R,19.0,56.0,100.98
2025-09-01 22:00:00,M5R,18.2,61.0,100.96
2025-09-01 23:00:00,M5R,17.3,70.0,100.93
2025-09-02 00:00:00,M5R,17.1,70.0,100.92
2025-09-02 01:00:00,M5R,16.2,78.0,100.89
2025-09-02 02:00:00,M5R,16.0,79.0,100.86
2025-09-02 03:00:00,M5R,15.9,77.0,100.84
2025-09-02 04:00:00,M5R,16.0,75.0,100.79
2025-09-02 05:00:00,M5R,16.2,73.0,100.78
2025-09-02 06:00:00,M5R,16.3,67.0,100.77
2025-09-02 07:00:00,M5R,17.3,68.0,100.79
2025-09-02 08:00:00,M5R,18.8,65.0,100.78
2025-09-02 09:00:00,M5R,20.5,63.0,100.76
2025-09-02 10:00:00,M5R,21.5,64.0,100.72
2025-09-02 11:00:00,M5R,22.1,66.0,100.68
2025-09-02 12:00:00,M5R,22.4,67.0,100.63
2025-09-02 13:00:00,M5R,23.0,55.0,100.56
2025-09-02 14:00:00,M5R,23.5,52.0,100.48
2025-09-02 15:00:00,M5R,24.0,43.0,100.4
2025-09-02 16:00:00,M5R,23.6,52.0,100.35
2025-09-02 17:00:00,M5R,21.6,66.0,100.34
2025-09-02 18:00:00,M5R,21.2,67.0,100.3
2025-09-02 19:00:00,M5R,20.5,63.0,100.24
2025-09-02 20:00:00,M5R,19.0,70.0,100.21
2025-09-02 21:00:00,M5R,18.5,76.0,100.18
2025-09-02 22:00:00,M5R,19.6,73.0,100.16
2025-09-02 23:00:00,M5R,18.8,76.0,100.14
2025-09-03 00:00:00,M5R,18.8,79.0,100.12
2025-09-03 01:00:00,M5R,18.9,79.0,100.06
2025-09-03 02:00:00,M5R,17.8,85.0,100.02
2025-09-03 03:00:00,M5R,17.0,90.0,99.97
2025-09-03 04:00:00,M5R,16.6,92.0,99.93
2025-09-03 05:00:00,M5R,15.7,92.0,99.89
2025-09-03 06:00:00,M5R,15.4,91.0,99.88
2025-09-03 07:00:00,M5R,16.4,89.0,99.87
2025-09-03 08:00:00,M5R,19.3,76.0,99.84
2025-09-03 09:00:00,M5R,20.9,70.0,99.8
2025-09-03 10:00:00,M5R,21.6,70.0,99.76
2025-09-03 11:00:00,M5R,22.1,65.0,99.72
2025-09-03 12:00:00,M5R,23.5,58.0,99.64
2025-09-03 13:00:00,M5R,23.8,58.0,99.59
2025-09-03 14:00:00,M5R,23.7,58.0,99.48
2025-09-03 15:00:00,M5R,23.6,60.0,99.42
2025-09-03 16:00:00,M5R,24.9,46.0,99.34
2025-09-03 17:00:00,M5R,24.6,43.0,99.28
2025-09-03 18:00:00,M5R,24.4,44.0,99.23
2025-09-03 19:00:00,M5R,23.5,49.0,99.19
2025-09-03 20:00:00,M5R,23.3,47.0,99.18
2025-09-03 21:00:00,M5R,22.6,50.0,99.16
2025-09-03 22:00:00,M5R,22.8,54.0,99.14
2025-09-03 23:00:00,M5R,21.4,59.0,99.2
2025-09-04 00:00:00,M5R,20.2,66.0,99.14
2025-09-04 01:00:00,M5R,17.7,89.0,99.12
2025-09-04 02:00:00,M5R,17.5,90.0,99.07
2025-09-04 03:00:00,M5R,17.8,84.0,99.03
2025-09-04 04:00:00,M5R,18.6,82.0,99.0
2025-09-04 05:00:00,M5R,19.2,80.0,98.96
2025-09-04 06:00:00,M5R,19.2,78.0,98.9
2025-09-04 07:00:00,M5R,14.9,89.0,99.04
2025-09-04 08:00:00,M5R,14.2,91.0,98.99
2025-09-04 09:00:00,M5R,13.6,90.0,99.15
2025-09-04 10:00:00,M5R,13.7,90.0,99.16
2025-09-04 11:00:00,M5R,13.9,86.0,99.2
2025-09-04 12:00:00,M5R,15.4,69.0,99.21
2025-09-04 13:00:00,M5R,17.3,60.0,99.27
2025-09-04 14:00:00,M5R,18.0,57.0,99.25
2025-09-04 15:00:00,M5R,18.7,58.0,99.24
2025-09-04 16:00:00,M5R,18.1,63.0,99.26
2025-09-04 17:00:00,M5R,18.0,63.0,99.26
2025-09-04 18:00:00,M5R,18.8,46.0,99.28
2025-09-04 19:00:00,M5R,17.6,47.0,99.36
2025-09-04 20:00:00,M5R,16.6,50.0,99.48
2025-09-04 21:00:00,M5R,15.0,58.0,99.52
2025-09-04 22:00:00,M5R,13.6,61.0,99.54
2025-09-04 23:00:00,M5R,12.8,68.0,99.58
2025-09-05 00:00:00,M5R,12.3,71.0,99.56
2025-09-05 01:00:00,M5R,12.3,78.0,99.55
2025-09-05 02:00:00,M5R,12.3,79.0,99.51
2025-09-05 03:00:00,M5R,12.5,78.0,99.49
2025-09-05 04:00:00,M5R,14.4,79.0,99.44
2025-09-05 05:00:00,M5R,16.8,70.0,99.39
2025-09-05 06:00:00,M5R,16.9,77.0,99.39
2025-09-05 07:00:00,M5R,17.0,80.0,99.37
2025-09-05 08:00:00,M5R,17.9,76.0,99.34
2025-09-05 09:00:00,M5R,18.3,76.0,99.3
2025-09-05 10:00:00,M5R,19.2,70.0,99.26
2025-09-05 11:00:00,M5R,20.0,59.0,99.19
2025-09-05 12:00:00,M5R,21.4,55.0,99.15
2025-09-05 13:00:00,M5R,21.6,56.0,99.14
2025-09-05 14:00:00,M5R,21.2,58.0,99.1
2025-09-05 15:00:00,M5R,21.9,57.0,99.06
2025-09-05 16:00:00,M5R,22.2,55.0,99.14
2025-09-05 17:00:00,M5R,23.1,37.0,99.2
2025-09-05 18:00:00,M5R,22.3,40.0,99.3
2025-09-05 19:00:00,M5R,19.4,53.0,99.49
2025-09-05 20:00:00,M5R,17.7,55.0,99.61
2025-09-05 21:00:00,M5R,17.0,55.0,99.7
2025-09-05 22:00:00,M5R,16.2,57.0,99.75
2025-09-05 23:00:00,M5R,15.8,55.0,99.84
2025-09-06 00:00:00,M5R,15.4,54.0,99.88
2025-09-06 01:00:00,M5R,14.9,54.0,99.88
2025-09-06 02:00:00,M5R,13.9,61.0,99.93
2025-09-06 03:00:00,M5R,13.1,68.0,99.93
2025-09-06 04:00:00,M5R,13.7,71.0,99.95
2025-09-06 05:00:00,M5R,13.6,70.0,99.95
2025-09-06 06:00:00,M5R,13.4,71.0,100.03
2025-09-06 07:00:00,M5R,13.6,70.0,100.11
2025-09-06 08:00:00,M5R,14.3,63.0,100.09
2025-09-06 09:00:00,M5R,15.6,54.0,100.11
2025-09-06 10:00:00,M5R,16.3,50.0,100.06
2025-09-06 11:00:00,M5R,18.0,49.0,100.06
2025-09-06 12:00:00,M5R,18.3,48.0,100.08
2025-09-06 13:00:00,M5R,17.7,48.0,100.07
2025-09-06 14:00:00,M5R,19.1,49.0,100.04
2025-09-06 15:00:00,M5R,17.9,55.0,100.05
2025-09-06 16:00:00,M5R,19.5,38.0,100.03
2025-09-06 17:00:00,M5R,18.9,41.0,100.06
2025-09-06 18:00:00,M5R,18.2,42.0,100.07
2025-09-06 19:00:00,M5R,17.6,45.0,100.12
2025-09-06 20:00:00,M5R,16.8,50.0,100.16
2025-09-06 21:00:00,M5R,16.8,50.0,100.17
2025-09-06 22:00:00,M5R,16.6,51.0,100.22
2025-09-06 23:00:00,M5R,16.0,55.0,100.24
2025-09-07 00:00:00,M5R,15.5,62.0,100.22
2025-09-07 01:00:00,M5R,15.3,62.0,100.22
2025-09-07 02:00:00,M5R,15.1,63.0,100.17
2025-09-07 03:00:00,M5R,14.5,65.0,100.17
2025-09-07 04:00:00,M5R,13.7,69.0,100.22
2025-09-07 05:00:00,M5R,13.1,72.0,100.26
2025-09-07 06:00:00,M5R,11.9,68.0,100.34
2025-09-07 07:00:00,M5R,12.8,64.0,100.44
2025-09-07 08:00:00,M5R,13.5,58.0,100.47
2025-09-07 09:00:00,M5R,14.0,57.0,100.51
2025-09-07 10:00:00,M5R,15.8,52.0,100.55
2025-09-07 11:00:00,M5R,17.0,45.0,100.58
2025-09-07 12:00:00,M5R,17.4,41.0,100.57
2025-09-07 13:00:00,M5R,17.2,44.0,100.57
2025-09-07 14:00:00,M5R,17.7,45.0,100.55
2025-09-07 15:00:00,M5R,16.8,49.0,100.52
2025-09-07 16:00:00,M5R,16.9,52.0,100.55
2025-09-07 17:00:00,M5R,18.7,38.0,100.57
2025-09-07 18:00:00,M5R,18.0,42.0,100.65
2025-09-07 19:00:00,M5R,16.5,45.0,100.73
2025-09-07 20:00:00,M5R,15.0,52.0,100.8
2025-09-07 21:00:00,M5R,13.8,58.0,100.86
2025-09-07 22:00:00,M5R,13.4,62.0,100.9
2025-09-07 23:00:00,M5R,12.4,68.0,100.93
2025-09-08 00:00:00,M5R,12.0,71.0,100.99
2025-09-08 01:00:00,M5R,11.8,74.0,101.04
2025-09-08 02:00:00,M5R,11.0,76.0,101.05
2025-09-08 03:00:00,M5R,10.6,79.0,101.08
2025-09-08 04:00:00,M5R,10.1,81.0,101.15
2025-09-08 05:00:00,M5R,9.9,83.0,101.2
2025-09-08 06:00:00,M5R,9.3,85.0,101.25
2025-09-08 07:00:00,M5R,10.0,86.0,101.29
2025-09-08 08:00:00,M5R,13.0,71.0,101.29
2025-09-08 09:00:00,M5R,14.8,58.0,101.34
2025-09-08 10:00:00,M5R,15.6,57.0,101.35
2025-09-08 11:00:00,M5R,16.3,50.0,101.37
2025-09-08 12:00:00,M5R,17.6,56.0,101.35
2025-09-08 13:00:00,M5R,18.0,50.0,101.33
2025-09-08 14:00:00,M5R,17.5,50.0,101.3
2025-09-08 15:00:00,M5R,18.4,44.0,101.24
2025-09-08 16:00:00,M5R,18.1,48.0,101.2
2025-09-08 17:00:00,M5R,17.8,44.0,101.19
2025-09-08 18:00:00,M5R,16.9,50.0,101.17
2025-09-08 19:00:00,M5R,15.8,53.0,101.17
2025-09-08 20:00:00,M5R,14.4,62.0,101.2
2025-09-08 21:00:00,M5R,14.7,61.0,101.23
2025-09-08 22:00:00,M5R,13.5,71.0,101.22
2025-09-08 23:00:00,M5R,13.1,74.0,101.23
2025-09-09 00:00:00,M5R,13.3,78.0,101.23
2025-09-09 01:00:00,M5R,12.7,81.0,101.21
2025-09-09 02:00:00,M5R,12.4,81.0,101.23
2025-09-09 03:00:00,M5R,11.5,85.0,101.2
2025-09-09 04:00:00,M5R,11.3,85.0,101.18
2025-09-09 05:00:00,M5R,11.6,83.0,101.19
2025-09-09 06:00:00,M5R,11.5,84.0,101.22
2025-09-09 07:00:00,M5R,12.4,82.0,101.23
2025-09-09 08:00:00,M5R,14.9,77.0,101.25
2025-09-09 09:00:00,M5R,16.5,71.0,101.26
2025-09-09 10:00:00,M5R,17.4,65.0,101.28
2025-09-09 11:00:00,M5R,18.7,62.0,101.25
2025-09-09 12:00:00,M5R,19.6,56.0,101.22
2025-09-09 13:00:00,M5R,20.5,52.0,101.17
2025-09-09 14:00:00,M5R,21.2,47.0,101.07
2025-09-09 15:00:00,M5R,20.8,47.0,101.04
2025-09-09 16:00:00,M5R,20.0,51.0,100.99
2025-09-09 17:00:00,M5R,18.7,52.0,100.98
2025-09-09 18:00:00,M5R,18.0,61.0,100.99
2025-09-09 19:00:00,M5R,17.7,65.0,100.96
2025-09-09 20:00:00,M5R,17.5,78.0,100.96
2025-09-09 21:00:00,M5R,17.2,82.0,100.95
2025-09-09 22:00:00,M5R,17.1,83.0,100.94
2025-09-09 23:00:00,M5R,16.5,83.0,100.95
2025-09-10 00:00:00,M5R,16.7,82.0,100.96
2025-09-10 01:00:00,M5R,16.9,82.0,100.93
2025-09-10 02:00:00,M5R,16.8,83.0,100.91
2025-09-10 03:00:00,M5R,15.3,85.0,100.89
2025-09-10 04:00:00,M5R,14.4,87.0,100.88
2025-09-10 05:00:00,M5R,14.1,86.0,100.9
2025-09-10 06:00:00,M5R,14.2,84.0,100.92
2025-09-10 07:00:00,M5R,15.0,83.0,100.93
2025-09-10 08:00:00,M5R,16.6,78.0,100.93
2025-09-10 09:00:00,M5R,19.0,70.0,100.94
2025-09-10 10:00:00,M5R,20.0,63.0,100.93
2025-09-10 11:00:00,M5R,20.7,59.0,100.94
2025-09-10 12:00:00,M5R,21.7,57.0,100.91
2025-09-10 13:00:00,M5R,22.5,49.0,100.86
2025-09-10 14:00:00,M5R,22.8,43.0,100.8
2025-09-10 15:00:00,M5R,23.9,36.0,100.75
2025-09-10 16:00:00,M5R,23.1,39.0,100.71
2025-09-10 17:00:00,M5R,22.4,45.0,100.68
2025-09-10 18:00:00,M5R,21.3,57.0,100.68
2025-09-10 19:00:00,M5R,19.5,64.0,100.69
2025-09-10 20:00:00,M5R,18.6,66.0,100.7
2025-09-10 21:00:00,M5R,19.4,67.0,100.74
2025-09-10 22:00:00,M5R,17.5,78.0,100.73
2025-09-10 23:00:00,M5R,18.3,71.0,100.76
2025-09-11 00:00:00,M5R,17.8,66.0,100.75
2025-09-11 01:00:00,M5R,18.1,59.0,100.74
2025-09-11 02:00:00,M5R,18.0,60.0,100.73
2025-09-11 03:00:00,M5R,17.7,62.0,100.73
2025-09-11 04:00:00,M5R,16.9,65.0,100.75
2025-09-11 05:00:00,M5R,17.1,59.0,100.78
2025-09-11 06:00:00,M5R,16.0,67.0,100.84
2025-09-11 07:00:00,M5R,15.9,74.0,100.89
2025-09-11 08:00:00,M5R,18.8,61.0,100.91
2025-09-11 09:00:00,M5R,20.8,52.0,100.96
2025-09-11 10:00:00,M5R,22.2,46.0,100.96
2025-09-11 11:00:00,M5R,23.8,41.0,100.95
2025-09-11 12:00:00,M5R,24.3,42.0,100.93
2025-09-11 13:00:00,M5R,24.2,39.0,100.9
2025-09-11 14:00:00,M5R,24.7,39.0,100.87
2025-09-11 15:00:00,M5R,23.8,42.0,100.84
2025-09-11 16:00:00,M5R,23.1,41.0,100.84
2025-09-11 17:00:00,M5R,22.6,42.0,100.85
2025-09-11 18:00:00,M5R,21.6,45.0,100.86
2025-09-11 19:00:00,M5R,19.8,51.0,100.87
2025-09-11 20:00:00,M5R,19.2,55.0,100.89
2025-09-11 21:00:00,M5R,20.0,65.0,100.92
2025-09-11 22:00:00,M5R,19.5,68.0,100.93
2025-09-11 23:00:00,M5R,18.3,74.0,100.93
2025-09-12 00:00:00,M5R,17.9,76.0,100.93
2025-09-12 01:00:00,M5R,17.9,75.0,100.95
2025-09-12 02:00:00,M5R,17.7,73.0,100.95
2025-09-12 03:00:00,M5R,17.1,75.0,100.98
2025-09-12 04:00:00,M5R,16.6,75.0,101.03
2025-09-12 05:00:00,M5R,16.2,68.0,101.06
2025-09-12 06:00:00,M5R,15.4,69.0,101.05
2025-09-12 07:00:00,M5R,15.2,70.0,101.09
2025-09-12 08:00:00,M5R,16.8,72.0,101.1
2025-09-12 09:00:00,M5R,18.0,70.0,101.12
2025-09-12 10:00:00,M5R,19.1,69.0,101.14
2025-09-12 11:00:00,M5R,20.4,65.0,101.14
2025-09-12 12:00:00,M5R,20.9,64.0,101.09
2025-09-12 13:00:00,M5R,21.0,62.0,101.03
2025-09-12 14:00:00,M5R,21.5,62.0,100.93
2025-09-12 15:00:00,M5R,21.1,65.0,100.89
2025-09-12 16:00:00,M5R,21.3,64.0,100.86
2025-09-12 17:00:00,M5R,21.4,62.0,100.85
2025-09-12 18:00:00,M5R,20.2,69.0,100.83
2025-09-12 19:00:00,M5R,18.9,73.0,100.8
2025-09-12 20:00:00,M5R,17.9,77.0,100.8
2025-09-12 21:00:00,M5R,17.5,77.0,100.8
2025-09-12 22:00:00,M5R,17.7,78.0,100.83
2025-09-12 23:00:00,M5R,16.9,82.0,100.78
2025-09-13 00:00:00,M5R,16.6,84.0,100.75
2025-09-13 01:00:00,M5R,16.6,87.0,100.73
2025-09-13 02:00:00,M5R,17.1,83.0,100.67
2025-09-13 03:00:00,M5R,17.3,82.0,100.64
2025-09-13 04:00:00,M5R,17.4,81.0,100.64
2025-09-13 05:00:00,M5R,17.1,85.0,100.63
2025-09-13 06:00:00,M5R,17.2,86.0,100.62
2025-09-13 07:00:00,M5R,17.7,86.0,100.62
2025-09-13 08:00:00,M5R,18.6,83.0,100.63
2025-09-13 09:00:00,M5R,18.9,80.0,100.68
2025-09-13 10:00:00,M5R,19.9,73.0,100.64
2025-09-13 11:00:00,M5R,20.1,73.0,100.61
2025-09-13 12:00:00,M5R,21.6,63.0,100.59
2025-09-13 13:00:00,M5R,20.3,71.0,100.55
2025-09-13 14:00:00,M5R,21.0,64.0,100.48
2025-09-13 15:00:00,M5R,21.4,66.0,100.44
2025-09-13 16:00:00,M5R,22.7,58.0,100.38
2025-09-13 17:00:00,M5R,22.0,57.0,100.36
2025-09-13 18:00:00,M5R,21.6,63.0,100.36
2025-09-13 19:00:00,M5R,20.1,70.0,100.38
2025-09-13 20:00:00,M5R,19.2,75.0,100.41
2025-09-13 21:00:00,M5R,18.7,78.0,100.44
2025-09-13 22:00:00,M5R,18.8,74.0,100.45
2025-09-13 23:00:00,M5R,18.1,77.0,100.42
2025-09-14 00:00:00,M5R,17.7,80.0,100.41
2025-09-14 01:00:00,M5R,17.2,82.0,100.42
2025-09-14 02:00:00,M5R,16.9,83.0,100.4
2025-09-14 03:00:00,M5R,16.8,83.0,100.4
2025-09-14 04:00:00,M5R,16.1,84.0,100.42
2025-09-14 05:00:00,M5R,16.1,85.0,100.45
2025-09-14 06:00:00,M5R,15.6,86.0,100.51
2025-09-14 07:00:00,M5R,16.1,87.0,100.55
2025-09-14 08:00:00,M5R,19.1,72.0,100.57
2025-09-14 09:00:00,M5R,21.0,61.0,100.59
2025-09-14 10:00:00,M5R,22.7,59.0,100.62
2025-09-14 11:00:00,M5R,23.9,58.0,100.62
2025-09-14 12:00:00,M5R,23.2,57.0,100.63
2025-09-14 13:00:00,M5R,23.5,54.0,100.63
2025-09-14 14:00:00,M5R,25.0,50.0,100.59
2025-09-14 15:00:00,M5R,24.9,53.0,100.57
2025-09-14 16:00:00,M5R,23.9,59.0,100.57
2025-09-14 17:00:00,M5R,23.5,58.0,100.62
2025-09-14 18:00:00,M5R,22.5,58.0,100.66
2025-09-14 19:00:00,M5R,21.2,67.0,100.69
2025-09-14 20:00:00,M5R,19.8,76.0,100.76
2025-09-14 21:00:00,M5R,19.3,77.0,100.79
2025-09-14 22:00:00,M5R,18.9,77.0,100.81
2025-09-14 23:00:00,M5R,18.8,75.0,100.83
2025-09-15 00:00:00,M5R,19.3,69.0,100.86
2025-09-15 01:00:00,M5R,17.8,76.0,100.91
2025-09-15 02:00:00,M5R,17.7,73.0,100.92
2025-09-15 03:00:00,M5R,17.5,69.0,100.98
2025-09-15 04:00:00,M5R,17.2,73.0,101.0
2025-09-15 05:00:00,M5R,16.8,74.0,101.05
2025-09-15 06:00:00,M5R,15.7,80.0,101.12
2025-09-15 07:00:00,M5R,16.5,81.0,101.2
2025-09-15 08:00:00,M5R,17.5,79.0,101.22
2025-09-15 09:00:00,M5R,18.6,77.0,101.25
2025-09-15 10:00:00,M5R,19.8,74.0,101.28
2025-09-15 11:00:00,M5R,20.0,72.0,101.28
2025-09-15 12:00:00,M5R,21.4,68.0,101.27
2025-09-15 13:00:00,M5R,22.2,61.0,101.21
2025-09-15 14:00:00,M5R,23.8,54.0,101.17
2025-09-15 15:00:00,M5R,22.1,59.0,101.14
2025-09-15 16:00:00,M5R,21.9,54.0,101.09
2025-09-15 17:00:00,M5R,21.7,53.0,101.09
2025-09-15 18:00:00,M5R,21.2,52.0,101.08
2025-09-15 19:00:00,M5R,19.5,63.0,101.09
2025-09-15 20:00:00,M5R,19.0,63.0,101.12
2025-09-15 21:00:00,M5R,18.6,65.0,101.1
2025-09-15 22:00:00,M5R,18.4,64.0,101.09
2025-09-15 23:00:00,M5R,18.1,65.0,101.11
2025-09-16 00:00:00,M5R,16.3,74.0,101.11
2025-09-16 01:00:00,M5R,16.1,79.0,101.11
2025-09-16 02:00:00,M5R,15.6,81.0,101.09
2025-09-16 03:00:00,M5R,15.3,82.0,101.1
2025-09-16 04:00:00,M5R,15.4,79.0,101.12
2025-09-16 05:00:00,M5R,15.3,78.0,101.12
2025-09-16 06:00:00,M5R,15.7,74.0,101.11
2025-09-16 07:00:00,M5R,16.7,72.0,101.14
2025-09-16 08:00:00,M5R,18.5,64.0,101.14
2025-09-16 09:00:00,M5R,20.1,62.0,101.16
2025-09-16 10:00:00,M5R,22.2,58.0,101.16
2025-09-16 11:00:00,M5R,23.2,47.0,101.14
2025-09-16 12:00:00,M5R,23.5,46.0,101.1
2025-09-16 13:00:00,M5R,23.7,47.0,101.08
2025-09-16 14:00:00,M5R,24.1,43.0,101.0
2025-09-16 15:00:00,M5R,23.0,46.0,100.96
2025-09-16 16:00:00,M5R,22.6,48.0,100.91
2025-09-16 17:00:00,M5R,21.8,54.0,100.88
2025-09-16 18:00:00,M5R,21.0,56.0,100.87
2025-09-16 19:00:00,M5R,20.1,55.0,100.85
2025-09-16 20:00:00,M5R,19.2,60.0,100.87
2025-09-16 21:00:00,M5R,18.2,64.0,100.84
2025-09-16 22:00:00,M5R,18.4,63.0,100.82
2025-09-16 23:00:00,M5R,17.7,67.0,100.78
2025-09-17 00:00:00,M5R,16.4,78.0,100.76
2025-09-17 01:00:00,M5R,15.9,78.0,100.75
2025-09-17 02:00:00,M5R,15.9,75.0,100.7
2025-09-17 03:00:00,M5R,15.7,75.0,100.66
2025-09-17 04:00:00,M5R,16.0,70.0,100.66
2025-09-17 05:00:00,M5R,16.4,68.0,100.67
2025-09-17 06:00:00,M5R,16.4,69.0,100.68
2025-09-17 07:00:00,M5R,16.5,69.0,100.68
2025-09-17 08:00:00,M5R,18.1,66.0,100.67
2025-09-17 09:00:00,M5R,19.6,64.0,100.65
2025-09-17 10:00:00,M5R,20.6,62.0,100.64
2025-09-17 11:00:00,M5R,22.1,64.0,100.64
2025-09-17 12:00:00,M5R,22.9,57.0,100.59
2025-09-17 13:00:00,M5R,23.2,56.0,100.56
2025-09-17 14:00:00,M5R,23.9,53.0,100.49
2025-09-17 15:00:00,M5R,23.7,49.0,100.43
2025-09-17 16:00:00,M5R,23.3,53.0,100.4
2025-09-17 17:00:00,M5R,23.1,56.0,100.33
2025-09-17 18:00:00,M5R,21.4,66.0,100.32
2025-09-17 19:00:00,M5R,19.9,79.0,100.32
2025-09-17 20:00:00,M5R,18.9,82.0,100.34
2025-09-17 21:00:00,M5R,18.5,85.0,100.33
2025-09-17 22:00:00,M5R,18.3,87.0,100.34
2025-09-17 23:00:00,M5R,17.9,87.0,100.32
2025-09-18 00:00:00,M5R,17.5,87.0,100.31
2025-09-18 01:00:00,M5R,16.9,89.0,100.29
2025-09-18 02:00:00,M5R,16.5,89.0,100.28
2025-09-18 03:00:00,M5R,16.1,90.0,100.24
2025-09-18 04:00:00,M5R,15.6,91.0,100.23
2025-09-18 05:00:00,M5R,15.1,91.0,100.22
2025-09-18 06:00:00,M5R,14.6,91.0,100.23
2025-09-18 07:00:00,M5R,15.3,86.0,100.26
2025-09-18 08:00:00,M5R,18.5,69.0,100.27
2025-09-18 09:00:00,M5R,22.0,55.0,100.27
2025-09-18 10:00:00,M5R,24.1,48.0,100.27
2025-09-18 11:00:00,M5R,23.3,56.0,100.28
2025-09-18 12:00:00,M5R,25.6,48.0,100.24
2025-09-18 13:00:00,M5R,26.3,46.0,100.23
2025-09-18 14:00:00,M5R,25.9,43.0,100.17
2025-09-18 15:00:00,M5R,26.1,47.0,100.11
2025-09-18 16:00:00,M5R,24.8,59.0,100.07
2025-09-18 17:00:00,M5R,26.6,55.0,100.09
2025-09-18 18:00:00,M5R,24.8,54.0,100.15
2025-09-18 19:00:00,M5R,22.9,61.0,100.22
2025-09-18 20:00:00,M5R,21.7,66.0,100.27
2025-09-18 21:00:00,M5R,20.3,67.0,100.3
2025-09-18 22:00:00,M5R,19.4,71.0,100.33
2025-09-18 23:00:00,M5R,18.4,79.0,100.35
2025-09-19 00:00:00,M5R,18.6,79.0,100.38
2025-09-19 01:00:00,M5R,17.9,78.0,100.39
2025-09-19 02:00:00,M5R,17.3,79.0,100.41
2025-09-19 03:00:00,M5R,16.5,80.0,100.47
2025-09-19 04:00:00,M5R,15.9,80.0,100.54
2025-09-19 05:00:00,M5R,16.1,73.0,100.57
2025-09-19 06:00:00,M5R,15.3,71.0,100.63
2025-09-19 07:00:00,M5R,15.4,72.0,100.68
2025-09-19 08:00:00,M5R,16.4,67.0,100.7
2025-09-19 09:00:00,M5R,16.8,65.0,100.72
2025-09-19 10:00:00,M5R,17.8,59.0,100.73
2025-09-19 11:00:00,M5R,19.1,51.0,100.74
2025-09-19 12:00:00,M5R,19.2,57.0,100.73
2025-09-19 13:00:00,M5R,20.2,54.0,100.72
2025-09-19 14:00:00,M5R,20.3,52.0,100.68
2025-09-19 15:00:00,M5R,20.1,57.0,100.66
2025-09-19 16:00:00,M5R,19.0,63.0,100.65
2025-09-19 17:00:00,M5R,18.8,64.0,100.66
2025-09-19 18:00:00,M5R,18.1,65.0,100.68
2025-09-19 19:00:00,M5R,16.5,72.0,100.72
2025-09-19 20:00:00,M5R,16.4,74.0,100.79
2025-09-19 21:00:00,M5R,16.1,67.0,100.83
2025-09-19 22:00:00,M5R,16.4,64.0,100.87
2025-09-19 23:00:00,M5R,15.6,63.0,100.91
2025-09-20 00:00:00,M5R,15.5,54.0,100.94
2025-09-20 01:00:00,M5R,15.9,58.0,100.97
2025-09-20 02:00:00,M5R,15.0,60.0,101.0
2025-09-20 03:00:00,M5R,13.7,57.0,101.02
2025-09-20 04:00:00,M5R,12.7,57.0,101.05
2025-09-20 05:00:00,M5R,12.3,62.0,101.1
2025-09-20 06:00:00,M5R,12.3,66.0,101.14
2025-09-20 07:00:00,M5R,11.6,63.0,101.19
2025-09-20 08:00:00,M5R,13.5,69.0,101.23
2025-09-20 09:00:00,M5R,14.1,69.0,101.28
2025-09-20 10:00:00,M5R,14.9,70.0,101.29
2025-09-20 11:00:00,M5R,15.4,71.0,101.29
2025-09-20 12:00:00,M5R,15.5,70.0,101.3
2025-09-20 13:00:00,M5R,17.3,62.0,101.28
2025-09-20 14:00:00,M5R,17.5,59.0,101.22
2025-09-20 15:00:00,M5R,18.0,42.0,101.16
2025-09-20 16:00:00,M5R,17.1,45.0,101.12
2025-09-20 17:00:00,M5R,16.9,41.0,101.1
2025-09-20 18:00:00,M5R,16.7,36.0,101.06
2025-09-20 19:00:00,M5R,16.7,40.0,101.04
2025-09-20 20:00:00,M5R,16.7,41.0,101.05
2025-09-20 21:00:00,M5R,16.9,40.0,101.03
2025-09-20 22:00:00,M5R,16.9,51.0,101.01
2025-09-20 23:00:00,M5R,16.6,57.0,101.01
2025-09-21 00:00:00,M5R,16.8,57.0,100.95
2025-09-21 01:00:00,M5R,17.0,59.0,100.9
2025-09-21 02:00:00,M5R,15.8,70.0,100.82
2025-09-21 03:00:00,M5R,16.3,70.0,100.77
2025-09-21 04:00:00,M5R,16.8,68.0,100.74
2025-09-21 05:00:00,M5R,15.5,74.0,100.74
2025-09-21 06:00:00,M5R,15.7,77.0,100.73
2025-09-21 07:00:00,M5R,15.8,71.0,100.72
2025-09-21 08:00:00,M5R,17.2,66.0,100.72
2025-09-21 09:00:00,M5R,18.6,63.0,100.71
2025-09-21 10:00:00,M5R,20.0,60.0,100.67
2025-09-21 11:00:00,M5R,21.3,62.0,100.66
2025-09-21 12:00:00,M5R,22.6,58.0,100.6
2025-09-21 13:00:00,M5R,22.9,59.0,100.53
2025-09-21 14:00:00,M5R,23.0,59.0,100.46
2025-09-21 15:00:00,M5R,21.8,61.0,100.37
2025-09-21 16:00:00,M5R,21.8,64.0,100.31
2025-09-21 17:00:00,M5R,21.3,68.0,100.25
2025-09-21 18:00:00,M5R,20.8,70.0,100.2
2025-09-21 19:00:00,M5R,21.1,70.0,100.14
2025-09-21 20:00:00,M5R,21.8,66.0,100.24
2025-09-21 21:00:00,M5R,18.4,90.0,100.22
2025-09-21 22:00:00,M5R,18.5,91.0,100.23
2025-09-21 23:00:00,M5R,18.5,93.0,100.22
2025-09-22 00:00:00,M5R,18.3,94.0,100.21
2025-09-22 01:00:00,M5R,18.4,94.0,100.22
2025-09-22 02:00:00,M5R,17.9,94.0,100.17
2025-09-22 03:00:00,M5R,17.9,94.0,100.09
2025-09-22 04:00:00,M5R,18.2,94.0,100.06
2025-09-22 05:00:00,M5R,18.3,92.0,100.04
2025-09-22 06:00:00,M5R,18.4,93.0,100.05
2025-09-22 07:00:00,M5R,18.6,93.0,100.03
2025-09-22 08:00:00,M5R,19.1,91.0,100.03
2025-09-22 09:00:00,M5R,19.8,85.0,100.08
2025-09-22 10:00:00,M5R,18.9,86.0,100.06
2025-09-22 11:00:00,M5R,19.1,94.0,100.01
2025-09-22 12:00:00,M5R,20.8,88.0,99.98
2025-09-22 13:00:00,M5R,21.6,85.0,99.94
2025-09-22 14:00:00,M5R,23.4,76.0,99.91
2025-09-22 15:00:00,M5R,23.9,73.0,99.85
2025-09-22 16:00:00,M5R,23.0,78.0,99.82
2025-09-22 17:00:00,M5R,22.5,80.0,99.81
2025-09-22 18:00:00,M5R,21.4,83.0,99.82
2025-09-22 19:00:00,M5R,20.8,86.0,99.84
2025-09-22 20:00:00,M5R,20.8,86.0,99.82
2025-09-22 21:00:00,M5R,20.5,87.0,99.83
2025-09-22 22:00:00,M5R,20.8,88.0,99.92
2025-09-22 23:00:00,M5R,20.7,90.0,99.9
2025-09-23 00:00:00,M5R,20.4,91.0,99.89
2025-09-23 01:00:00,M5R,20.2,92.0,99.89
2025-09-23 02:00:00,M5R,20.0,90.0,99.89
2025-09-23 03:00:00,M5R,19.8,89.0,99.87
2025-09-23 04:00:00,M5R,19.6,89.0,99.9
2025-09-23 05:00:00,M5R,19.3,90.0,99.89
2025-09-23 06:00:00,M5R,19.3,91.0,99.97
2025-09-23 07:00:00,M5R,19.5,89.0,100.04
2025-09-23 08:00:00,M5R,19.7,88.0,100.07
2025-09-23 09:00:00,M5R,20.5,87.0,100.09
2025-09-23 10:00:00,M5R,21.0,83.0,100.08
2025-09-23 11:00:00,M5R,22.6,77.0,100.07
2025-09-23 12:00:00,M5R,23.6,71.0,100.08
2025-09-23 13:00:00,M5R,24.3,67.0,100.03
2025-09-23 14:00:00,M5R,24.4,65.0,100.01
2025-09-23 15:00:00,M5R,23.8,65.0,100.0
2025-09-23 16:00:00,M5R,23.7,61.0,100.0
2025-09-23 17:00:00,M5R,23.2,63.0,100.01
2025-09-23 18:00:00,M5R,22.6,67.0,100.07
2025-09-23 19:00:00,M5R,22.7,68.0,100.17
2025-09-23 20:00:00,M5R,19.8,91.0,100.21
2025-09-23 21:00:00,M5R,19.9,92.0,100.28
2025-09-23 22:00:00,M5R,19.7,92.0,100.22
2025-09-23 23:00:00,M5R,19.2,93.0,100.23
2025-09-24 00:00:00,M5R,19.2,94.0,100.23
2025-09-24 01:00:00,M5R,19.3,94.0,100.27
2025-09-24 02:00:00,M5R,19.2,94.0,100.23
2025-09-24 03:00:00,M5R,19.0,94.0,100.24
2025-09-24 04:00:00,M5R,19.1,93.0,100.26
2025-09-24 05:00:00,M5R,19.0,93.0,100.28
2025-09-24 06:00:00,M5R,19.1,93.0,100.32
2025-09-24 07:00:00,M5R,19.4,93.0,100.34
2025-09-24 08:00:00,M5R,19.7,92.0,100.37
2025-09-24 09:00:00,M5R,20.0,90.0,100.37
2025-09-24 10:00:00,M5R,20.0,87.0,100.38
2025-09-24 11:00:00,M5R,19.9,87.0,100.39
2025-09-24 12:00:00,M5R,20.0,86.0,100.39
2025-09-24 13:00:00,M5R,20.3,86.0,100.3
2025-09-24 14:00:00,M5R,20.5,82.0,100.26
2025-09-24 15:00:00,M5R,20.1,83.0,100.2
2025-09-24 16:00:00,M5R,20.3,79.0,100.16
2025-09-24 17:00:00,M5R,20.5,78.0,100.16
2025-09-24 18:00:00,M5R,19.8,82.0,100.12
2025-09-24 19:00:00,M5R,20.0,82.0,100.1
2025-09-24 20:00:00,M5R,20.2,83.0,100.09
2025-09-24 21:00:00,M5R,20.1,82.0,100.07
2025-09-24 22:00:00,M5R,20.2,81.0,100.05
2025-09-24 23:00:00,M5R,19.4,87.0,100.0
2025-09-25 00:00:00,M5R,18.9,92.0,99.96
2025-09-25 01:00:00,M5R,18.7,93.0,99.91
2025-09-25 02:00:00,M5R,19.1,94.0,99.85
2025-09-25 03:00:00,M5R,19.0,94.0,99.8
2025-09-25 04:00:00,M5R,18.8,95.0,99.75
2025-09-25 05:00:00,M5R,18.4,94.0,99.74
2025-09-25 06:00:00,M5R,18.5,94.0,99.73
2025-09-25 07:00:00,M5R,18.5,94.0,99.72
2025-09-25 08:00:00,M5R,18.5,94.0,99.69
2025-09-25 09:00:00,M5R,18.5,94.0,99.65
2025-09-25 10:00:00,M5R,18.6,94.0,99.64
2025-09-25 11:00:00,M5R,19.2,93.0,99.6
2025-09-25 12:00:00,M5R,19.5,90.0,99.58
2025-09-25 13:00:00,M5R,20.0,86.0,99.48
2025-09-25 14:00:00,M5R,20.4,86.0,99.46
2025-09-25 15:00:00,M5R,20.9,82.0,99.42
2025-09-25 16:00:00,M5R,20.8,79.0,99.4
2025-09-25 17:00:00,M5R,20.3,83.0,99.41
2025-09-25 18:00:00,M5R,19.7,85.0,99.41
2025-09-25 19:00:00,M5R,19.1,90.0,99.45
2025-09-25 20:00:00,M5R,19.5,92.0,99.47
2025-09-25 21:00:00,M5R,18.7,91.0,99.5
2025-09-25 22:00:00,M5R,17.9,93.0,99.52
2025-09-25 23:00:00,M5R,17.2,94.0,99.54
2025-09-26 00:00:00,M5R,17.0,95.0,99.57
2025-09-26 01:00:00,M5R,16.9,95.0,99.57
2025-09-26 02:00:00,M5R,16.5,95.0,99.57
2025-09-26 03:00:00,M5R,16.0,94.0,99.58
2025-09-26 04:00:00,M5R,16.2,90.0,99.62
2025-09-26 05:00:00,M5R,16.0,92.0,99.63
2025-09-26 06:00:00,M5R,15.4,93.0,99.66
2025-09-26 07:00:00,M5R,15.4,93.0,99.72
2025-09-26 08:00:00,M5R,17.0,88.0,99.78
2025-09-26 09:00:00,M5R,19.1,78.0,99.79
2025-09-26 10:00:00,M5R,20.8,68.0,99.83
2025-09-26 11:00:00,M5R,20.5,74.0,99.84
2025-09-26 12:00:00,M5R,21.2,72.0,99.84
2025-09-26 13:00:00,M5R,22.7,65.0,99.8
2025-09-26 14:00:00,M5R,23.1,62.0,99.8
2025-09-26 15:00:00,M5R,23.1,61.0,99.76
2025-09-26 16:00:00,M5R,22.9,62.0,99.74
2025-09-26 17:00:00,M5R,22.1,65.0,99.76
2025-09-26 18:00:00,M5R,20.8,72.0,99.78
2025-09-26 19:00:00,M5R,19.7,76.0,99.83
2025-09-26 20:00:00,M5R,19.2,75.0,99.85
2025-09-26 21:00:00,M5R,18.6,79.0,99.89
2025-09-26 22:00:00,M5R,19.0,87.0,99.92
2025-09-26 23:00:00,M5R,18.9,78.0,99.91
2025-09-27 00:00:00,M5R,17.9,81.0,99.94
2025-09-27 01:00:00,M5R,18.0,82.0,99.97
2025-09-27 02:00:00,M5R,17.6,83.0,99.95
2025-09-27 03:00:00,M5R,16.9,88.0,99.95
2025-09-27 04:00:00,M5R,17.2,87.0,100.0
2025-09-27 05:00:00,M5R,16.7,89.0,100.0
2025-09-27 06:00:00,M5R,16.6,91.0,100.04
2025-09-27 07:00:00,M5R,17.5,88.0,100.09
2025-09-27 08:00:00,M5R,18.6,83.0,100.1
2025-09-27 09:00:00,M5R,20.1,76.0,100.07
2025-09-27 10:00:00,M5R,20.0,77.0,100.08
2025-09-27 11:00:00,M5R,20.6,78.0,100.04
2025-09-27 12:00:00,M5R,21.5,73.0,100.0
2025-09-27 13:00:00,M5R,22.8,64.0,99.96
2025-09-27 14:00:00,M5R,23.6,63.0,99.89
2025-09-27 15:00:00,M5R,23.4,64.0,99.86
2025-09-27 16:00:00,M5R,23.2,61.0,99.85
2025-09-27 17:00:00,M5R,22.6,62.0,99.85
2025-09-27 18:00:00,M5R,22.1,63.0,99.84
2025-09-27 19:00:00,M5R,21.4,69.0,99.9
2025-09-27 20:00:00,M5R,21.0,72.0,99.94
2025-09-27 21:00:00,M5R,19.8,80.0,99.93
2025-09-27 22:00:00,M5R,19.9,76.0,99.94
2025-09-27 23:00:00,M5R,19.3,77.0,99.96
2025-09-28 00:00:00,M5R,18.8,78.0,99.96
2025-09-28 01:00:00,M5R,18.2,80.0,99.97
2025-09-28 02:00:00,M5R,17.6,84.0,99.97
2025-09-28 03:00:00,M5R,17.1,84.0,99.99
2025-09-28 04:00:00,M5R,16.8,85.0,100.05
2025-09-28 05:00:00,M5R,17.5,83.0,100.12
2025-09-28 06:00:00,M5R,16.9,83.0,100.21
2025-09-28 07:00:00,M5R,18.0,75.0,100.31
2025-09-28 08:00:00,M5R,18.7,66.0,100.42
2025-09-28 09:00:00,M5R,19.3,61.0,100.52
2025-09-28 10:00:00,M5R,20.9,45.0,100.6
2025-09-28 11:00:00,M5R,22.2,39.0,100.67
2025-09-28 12:00:00,M5R,22.8,42.0,100.71
2025-09-28 13:00:00,M5R,23.9,37.0,100.73
2025-09-28 14:00:00,M5R,24.8,34.0,100.73
2025-09-28 15:00:00,M5R,24.7,33.0,100.73
2025-09-28 16:00:00,M5R,22.9,55.0,100.73
2025-09-28 17:00:00,M5R,21.8,59.0,100.77
2025-09-28 18:00:00,M5R,20.0,69.0,100.78
2025-09-28 19:00:00,M5R,18.9,50.0,100.82
2025-09-28 20:00:00,M5R,17.9,55.0,100.86
2025-09-28 21:00:00,M5R,17.5,54.0,100.89
2025-09-28 22:00:00,M5R,16.7,57.0,100.92
2025-09-28 23:00:00,M5R,15.4,62.0,100.95
2025-09-29 00:00:00,M5R,14.6,64.0,100.98
2025-09-29 01:00:00,M5R,13.9,74.0,101.01
2025-09-29 02:00:00,M5R,13.7,75.0,101.03
2025-09-29 03:00:00,M5R,13.4,78.0,101.01
2025-09-29 04:00:00,M5R,14.7,69.0,101.0
2025-09-29 05:00:00,M5R,13.3,77.0,101.01
2025-09-29 06:00:00,M5R,12.5,83.0,101.08
2025-09-29 07:00:00,M5R,12.6,84.0,101.15
2025-09-29 08:00:00,M5R,16.4,68.0,101.14
2025-09-29 09:00:00,M5R,18.7,56.0,101.13
2025-09-29 10:00:00,M5R,20.7,46.0,101.17
2025-09-29 11:00:00,M5R,22.1,41.0,101.16
2025-09-29 12:00:00,M5R,23.0,37.0,101.14
2025-09-29 13:00:00,M5R,24.1,34.0,101.07
2025-09-29 14:00:00,M5R,24.6,27.0,101.0
2025-09-29 15:00:00,M5R,25.0,26.0,100.93
2025-09-29 16:00:00,M5R,23.8,35.0,100.89
2025-09-29 17:00:00,M5R,22.3,38.0,100.87
2025-09-29 18:00:00,M5R,20.2,48.0,100.88
2025-09-29 19:00:00,M5R,18.6,62.0,100.88
2025-09-29 20:00:00,M5R,17.6,74.0,100.89
2025-09-29 21:00:00,M5R,16.7,75.0,100.9
2025-09-29 22:00:00,M5R,16.4,73.0,100.88
2025-09-29 23:00:00,M5R,16.0,74.0,100.87
2025-09-30 00:00:00,M5R,16.2,70.0,100.87
2025-09-30 01:00:00,M5R,16.1,68.0,100.88
2025-09-30 02:00:00,M5R,17.7,59.0,100.87
2025-09-30 03:00:00,M5R,16.9,62.0,100.86
2025-09-30 04:00:00,M5R,15.4,71.0,100.87
2025-09-30 05:00:00,M5R,16.8,56.0,100.92
2025-09-30 06:00:00,M5R,17.1,60.0,100.96
2025-09-30 07:00:00,M5R,16.3,62.0,100.99
2025-09-30 08:00:00,M5R,17.0,61.0,101.03
2025-09-30 09:00:00,M5R,18.5,54.0,101.06
2025-09-30 10:00:00,M5R,19.7,53.0,101.11
2025-09-30 11:00:00,M5R,20.3,50.0,101.13
2025-09-30 12:00:00,M5R,20.9,51.0,101.13
2025-09-30 13:00:00,M5R,21.0,51.0,101.07
2025-09-30 14:00:00,M5R,21.3,55.0,101.02
2025-09-30 15:00:00,M5R,20.3,61.0,100.99
2025-09-30 16:00:00,M5R,20.1,57.0,100.96
2025-09-30 17:00:00,M5R,19.8,61.0,100.97
2025-09-30 18:00:00,M5R,19.0,64.0,100.99
2025-09-30 19:00:00,M5R,18.3,65.0,101.01
2025-09-30 20:00:00,M5R,16.9,73.0,101.05
2025-09-30 21:00:00,M5R,17.2,70.0,101.07
2025-09-30 22:00:00,M5R,17.5,52.0,101.1
2025-09-30 23:00:00,M5R,16.3,43.0,101.13
2025-10-01 00:00:00,M5R,15.3,43.0,101.14
2025-10-01 01:00:00,M5R,14.3,47.0,101.16
2025-10-01 02:00:00,M5R,13.5,46.0,101.19
2025-10-01 03:00:00,M5R,12.6,49.0,101.19
2025-10-01 04:00:00,M5R,12.2,51.0,101.23
2025-10-01 05:00:00,M5R,11.2,54.0,101.26
2025-10-01 06:00:00,M5R,11.0,57.0,101.31
2025-10-01 07:00:00,M5R,10.7,58.0,101.34
2025-10-01 08:00:00,M5R,11.6,58.0,101.38
2025-10-01 09:00:00,M5R,13.3,60.0,101.43
2025-10-01 10:00:00,M5R,14.3,60.0,101.47
2025-10-01 11:00:00,M5R,15.3,57.0,101.46
2025-10-01 12:00:00,M5R,16.1,59.0,101.46
2025-10-01 13:00:00,M5R,16.8,54.0,101.4
2025-10-01 14:00:00,M5R,17.4,52.0,101.35
2025-10-01 15:00:00,M5R,16.5,56.0,101.31
2025-10-01 16:00:00,M5R,15.9,56.0,101.29
2025-10-01 17:00:00,M5R,15.5,59.0,101.31
2025-10-01 18:00:00,M5R,14.4,63.0,101.33
2025-10-01 19:00:00,M5R,14.4,64.0,101.36
2025-10-01 20:00:00,M5R,14.1,69.0,101.42
2025-10-01 21:00:00,M5R,13.0,76.0,101.44
2025-10-01 22:00:00,M5R,12.8,76.0,101.47
2025-10-01 23:00:00,M5R,12.5,78.0,101.47
2025-10-02 00:00:00,M5R,12.2,81.0,101.46
2025-10-02 01:00:00,M5R,12.4,78.0,101.48
2025-10-02 02:00:00,M5R,12.4,77.0,101.49
2025-10-02 03:00:00,M5R,11.8,73.0,101.49
2025-10-02 04:00:00,M5R,11.5,70.0,101.51
2025-10-02 05:00:00,M5R,11.0,71.0,101.53
2025-10-02 06:00:00,M5R,10.8,77.0,101.57
2025-10-02 07:00:00,M5R,11.0,71.0,101.59
2025-10-02 08:00:00,M5R,12.7,68.0,101.6
2025-10-02 09:00:00,M5R,15.2,64.0,101.62
2025-10-02 10:00:00,M5R,16.3,59.0,101.61
2025-10-02 11:00:00,M5R,16.9,50.0,101.59
2025-10-02 12:00:00,M5R,17.3,55.0,101.56
2025-10-02 13:00:00,M5R,17.7,47.0,101.5
2025-10-02 14:00:00,M5R,18.3,53.0,101.45
2025-10-02 15:00:00,M5R,17.3,55.0,101.39
2025-10-02 16:00:00,M5R,17.2,57.0,101.38
2025-10-02 17:00:00,M5R,16.7,59.0,101.36
2025-10-02 18:00:00,M5R,16.1,65.0,101.35
2025-10-02 19:00:00,M5R,15.8,68.0,101.34
2025-10-02 20:00:00,M5R,15.5,71.0,101.32
2025-10-02 21:00:00,M5R,14.8,75.0,101.31
2025-10-02 22:00:00,M5R,13.9,81.0,101.27
2025-10-02 23:00:00,M5R,13.8,83.0,101.25
2025-10-03 00:00:00,M5R,13.1,87.0,101.22
2025-10-03 01:00:00,M5R,12.5,85.0,101.21
2025-10-03 02:00:00,M5R,12.3,83.0,101.17
2025-10-03 03:00:00,M5R,11.7,86.0,101.15
2025-10-03 04:00:00,M5R,11.5,87.0,101.12
2025-10-03 05:00:00,M5R,11.5,89.0,101.1
2025-10-03 06:00:00,M5R,11.7,90.0,101.11
2025-10-03 07:00:00,M5R,12.1,88.0,101.13
2025-10-03 08:00:00,M5R,14.6,82.0,101.15
2025-10-03 09:00:00,M5R,17.0,74.0,101.15
2025-10-03 10:00:00,M5R,18.9,66.0,101.12
2025-10-03 11:00:00,M5R,19.6,64.0,101.11
2025-10-03 12:00:00,M5R,20.4,64.0,101.07
2025-10-03 13:00:00,M5R,22.1,52.0,101.0
2025-10-03 14:00:00,M5R,23.5,42.0,100.92
2025-10-03 15:00:00,M5R,23.5,47.0,100.85
2025-10-03 16:00:00,M5R,23.2,51.0,100.81
2025-10-03 17:00:00,M5R,22.0,56.0,100.8
2025-10-03 18:00:00,M5R,20.6,60.0,100.8
2025-10-03 19:00:00,M5R,19.7,69.0,100.81
2025-10-03 20:00:00,M5R,18.8,76.0,100.84
2025-10-03 21:00:00,M5R,18.2,79.0,100.84
2025-10-03 22:00:00,M5R,17.9,80.0,100.83
2025-10-03 23:00:00,M5R,17.3,85.0,100.84
2025-10-04 00:00:00,M5R,16.8,83.0,100.8
2025-10-04 01:00:00,M5R,16.5,81.0,100.79
2025-10-04 02:00:00,M5R,16.1,79.0,100.8
2025-10-04 03:00:00,M5R,15.7,82.0,100.79
2025-10-04 04:00:00,M5R,15.6,81.0,100.79
2025-10-04 05:00:00,M5R,15.3,83.0,100.81
2025-10-04 06:00:00,M5R,15.5,80.0,100.83
2025-10-04 07:00:00,M5R,15.8,81.0,100.88
2025-10-04 08:00:00,M5R,17.9,82.0,100.9
2025-10-04 09:00:00,M5R,20.1,65.0,100.93
2025-10-04 10:00:00,M5R,21.5,58.0,100.92
2025-10-04 11:00:00,M5R,22.3,59.0,100.9
2025-10-04 12:00:00,M5R,23.0,54.0,100.88
2025-10-04 13:00:00,M5R,25.1,46.0,100.82
2025-10-04 14:00:00,M5R,26.4,46.0,100.79
2025-10-04 15:00:00,M5R,25.8,50.0,100.75
2025-10-04 16:00:00,M5R,25.3,47.0,100.73
2025-10-04 17:00:00,M5R,24.6,49.0,100.7
2025-10-04 18:00:00,M5R,23.7,50.0,100.7
2025-10-04 19:00:00,M5R,23.0,52.0,100.72
2025-10-04 20:00:00,M5R,21.7,57.0,100.75
2025-10-04 21:00:00,M5R,20.6,61.0,100.77
2025-10-04 22:00:00,M5R,19.6,67.0,100.8
2025-10-04 23:00:00,M5R,18.6,82.0,100.81
2025-10-05 00:00:00,M5R,18.1,86.0,100.79
2025-10-05 01:00:00,M5R,17.7,86.0,100.81
2025-10-05 02:00:00,M5R,17.2,89.0,100.81
2025-10-05 03:00:00,M5R,16.8,91.0,100.82
2025-10-05 04:00:00,M5R,16.5,91.0,100.85
2025-10-05 05:00:00,M5R,16.4,90.0,100.88
2025-10-05 06:00:00,M5R,16.1,91.0,100.93
2025-10-05 07:00:00,M5R,16.2,91.0,100.95
2025-10-05 08:00:00,M5R,18.0,88.0,100.99
2025-10-05 09:00:00,M5R,20.8,71.0,101.01
2025-10-05 10:00:00,M5R,21.8,63.0,101.01
2025-10-05 11:00:00,M5R,23.1,59.0,101.02
2025-10-05 12:00:00,M5R,24.6,56.0,100.97
2025-10-05 13:00:00,M5R,26.3,48.0,100.91
2025-10-05 14:00:00,M5R,27.2,46.0,100.85
2025-10-05 15:00:00,M5R,26.1,47.0,100.79
2025-10-05 16:00:00,M5R,25.5,48.0,100.75
2025-10-05 17:00:00,M5R,24.5,49.0,100.72
2025-10-05 18:00:00,M5R,23.0,52.0,100.71
2025-10-05 19:00:00,M5R,21.6,59.0,100.72
2025-10-05 20:00:00,M5R,20.5,68.0,100.73
2025-10-05 21:00:00,M5R,19.4,76.0,100.73
2025-10-05 22:00:00,M5R,19.1,74.0,100.73
2025-10-05 23:00:00,M5R,18.8,75.0,100.72
2025-10-06 00:00:00,M5R,18.0,81.0,100.7
2025-10-06 01:00:00,M5R,17.8,83.0,100.69
2025-10-06 02:00:00,M5R,17.4,85.0,100.67
2025-10-06 03:00:00,M5R,16.9,87.0,100.68
2025-10-06 04:00:00,M5R,16.8,89.0,100.7
2025-10-06 05:00:00,M5R,16.8,91.0,100.74
2025-10-06 06:00:00,M5R,16.8,91.0,100.76
2025-10-06 07:00:00,M5R,16.4,89.0,100.78
2025-10-06 08:00:00,M5R,18.3,81.0,100.8
2025-10-06 09:00:00,M5R,19.8,74.0,100.82
2025-10-06 10:00:00,M5R,21.1,72.0,100.8
2025-10-06 11:00:00,M5R,22.5,66.0,100.79
2025-10-06 12:00:00,M5R,24.5,60.0,100.73
2025-10-06 13:00:00,M5R,26.1,51.0,100.65
2025-10-06 14:00:00,M5R,26.8,49.0,100.58
2025-10-06 15:00:00,M5R,26.3,51.0,100.55
2025-10-06 16:00:00,M5R,25.4,56.0,100.5
2025-10-06 17:00:00,M5R,24.3,58.0,100.49
2025-10-06 18:00:00,M5R,23.2,60.0,100.49
2025-10-06 19:00:00,M5R,22.9,61.0,100.49
2025-10-06 20:00:00,M5R,22.3,63.0,100.49
2025-10-06 21:00:00,M5R,21.4,67.0,100.46
2025-10-06 22:00:00,M5R,20.9,72.0,100.44
2025-10-06 23:00:00,M5R,20.0,76.0,100.4
2025-10-07 00:00:00,M5R,19.1,79.0,100.32
2025-10-07 01:00:00,M5R,19.0,80.0,100.25
2025-10-07 02:00:00,M5R,19.2,76.0,100.22
2025-10-07 03:00:00,M5R,19.9,78.0,100.16
2025-10-07 04:00:00,M5R,20.2,79.0,100.13
2025-10-07 05:00:00,M5R,19.5,87.0,100.1
2025-10-07 06:00:00,M5R,19.2,92.0,100.09
2025-10-07 07:00:00,M5R,19.2,93.0,100.06
2025-10-07 08:00:00,M5R,19.7,93.0,100.05
2025-10-07 09:00:00,M5R,19.9,92.0,100.1
2025-10-07 10:00:00,M5R,20.2,90.0,100.09
2025-10-07 11:00:00,M5R,21.0,80.0,100.06
2025-10-07 12:00:00,M5R,21.9,71.0,100.02
2025-10-07 13:00:00,M5R,20.3,73.0,99.97
2025-10-07 14:00:00,M5R,19.6,74.0,99.96
2025-10-07 15:00:00,M5R,17.8,82.0,99.97
2025-10-07 16:00:00,M5R,16.8,79.0,100.02
2025-10-07 17:00:00,M5R,15.8,78.0,100.05
2025-10-07 18:00:00,M5R,15.0,85.0,100.1
2025-10-07 19:00:00,M5R,15.4,85.0,100.14
2025-10-07 20:00:00,M5R,15.4,80.0,100.21
2025-10-07 21:00:00,M5R,15.6,69.0,100.22
2025-10-07 22:00:00,M5R,15.5,67.0,100.34
2025-10-07 23:00:00,M5R,14.8,71.0,100.38
2025-10-08 00:00:00,M5R,14.3,71.0,100.39
2025-10-08 01:00:00,M5R,14.1,72.0,100.45
2025-10-08 02:00:00,M5R,13.4,71.0,100.48
2025-10-08 03:00:00,M5R,12.6,75.0,100.52
2025-10-08 04:00:00,M5R,12.0,73.0,100.57
2025-10-08 05:00:00,M5R,11.4,73.0,100.63
2025-10-08 06:00:00,M5R,10.6,74.0,100.7
2025-10-08 07:00:00,M5R,11.0,68.0,100.76
2025-10-08 08:00:00,M5R,11.7,66.0,100.86
2025-10-08 09:00:00,M5R,12.4,57.0,100.93
2025-10-08 10:00:00,M5R,13.3,54.0,100.99
2025-10-08 11:00:00,M5R,13.7,51.0,101.07
2025-10-08 12:00:00,M5R,14.2,46.0,101.12
2025-10-08 13:00:00,M5R,14.8,42.0,101.11
2025-10-08 14:00:00,M5R,14.8,40.0,101.12
2025-10-08 15:00:00,M5R,14.6,43.0,101.17
2025-10-08 16:00:00,M5R,13.8,44.0,101.22
2025-10-08 17:00:00,M5R,13.1,44.0,101.29
2025-10-08 18:00:00,M5R,12.0,49.0,101.36
2025-10-08 19:00:00,M5R,11.3,51.0,101.44
2025-10-08 20:00:00,M5R,10.6,55.0,101.48
2025-10-08 21:00:00,M5R,9.9,59.0,101.55
2025-10-08 22:00:00,M5R,9.0,64.0,101.64
2025-10-08 23:00:00,M5R,8.6,67.0,101.68
2025-10-09 00:00:00,M5R,8.2,67.0,101.71
2025-10-09 01:00:00,M5R,8.1,59.0,101.74
2025-10-09 02:00:00,M5R,7.7,60.0,101.75
2025-10-09 03:00:00,M5R,7.1,63.0,101.8
2025-10-09 04:00:00,M5R,7.4,60.0,101.84
2025-10-09 05:00:00,M5R,6.9,63.0,101.92
2025-10-09 06:00:00,M5R,6.5,64.0,101.97
2025-10-09 07:00:00,M5R,6.4,62.0,102.04
2025-10-09 08:00:00,M5R,7.7,56.0,102.11
2025-10-09 09:00:00,M5R,9.7,48.0,102.16
2025-10-09 10:00:00,M5R,10.7,50.0,102.18
2025-10-09 11:00:00,M5R,11.2,44.0,102.2
2025-10-09 12:00:00,M5R,11.2,43.0,102.15
2025-10-09 13:00:00,M5R,11.9,39.0,102.07
2025-10-09 14:00:00,M5R,11.7,38.0,102.01
2025-10-09 15:00:00,M5R,11.6,45.0,101.96
2025-10-09 16:00:00,M5R,10.7,44.0,101.93
2025-10-09 17:00:00,M5R,10.6,47.0,101.89
2025-10-09 18:00:00,M5R,9.8,50.0,101.86
2025-10-09 19:00:00,M5R,9.6,51.0,101.86
2025-10-09 20:00:00,M5R,8.9,56.0,101.84
2025-10-09 21:00:00,M5R,8.5,63.0,101.82
2025-10-09 22:00:00,M5R,8.3,64.0,101.77
2025-10-09 23:00:00,M5R,7.8,64.0,101.73
2025-10-10 00:00:00,M5R,8.2,68.0,101.71
2025-10-10 01:00:00,M5R,9.6,58.0,101.7
2025-10-10 02:00:00,M5R,9.1,63.0,101.65
2025-10-10 03:00:00,M5R,8.4,73.0,101.59
2025-10-10 04:00:00,M5R,7.9,74.0,101.56
2025-10-10 05:00:00,M5R,7.3,78.0,101.53
2025-10-10 06:00:00,M5R,7.2,76.0,101.5
2025-10-10 07:00:00,M5R,7.0,76.0,101.45
2025-10-10 08:00:00,M5R,9.2,71.0,101.4
2025-10-10 09:00:00,M5R,12.7,68.0,101.31
2025-10-10 10:00:00,M5R,14.1,66.0,101.24
2025-10-10 11:00:00,M5R,14.3,64.0,101.17
2025-10-10 12:00:00,M5R,15.5,61.0,101.09
2025-10-10 13:00:00,M5R,16.8,52.0,100.99
2025-10-10 14:00:00,M5R,16.7,50.0,100.86
2025-10-10 15:00:00,M5R,16.8,49.0,100.8
2025-10-10 16:00:00,M5R,16.4,51.0,100.75
2025-10-10 17:00:00,M5R,16.4,50.0,100.64
2025-10-10 18:00:00,M5R,16.0,50.0,100.61
2025-10-10 19:00:00,M5R,16.3,50.0,100.62
2025-10-10 20:00:00,M5R,16.1,53.0,100.58
2025-10-10 21:00:00,M5R,14.3,77.0,100.61
2025-10-10 22:00:00,M5R,12.4,88.0,100.64
2025-10-10 23:00:00,M5R,12.1,92.0,100.55
2025-10-11 00:00:00,M5R,12.5,92.0,100.45
2025-10-11 01:00:00,M5R,13.2,90.0,100.41
2025-10-11 02:00:00,M5R,13.5,89.0,100.34
2025-10-11 03:00:00,M5R,14.3,80.0,100.27
2025-10-11 04:00:00,M5R,14.7,82.0,100.3
2025-10-11 05:00:00,M5R,14.3,79.0,100.33
2025-10-11 06:00:00,M5R,13.5,82.0,100.33
2025-10-11 07:00:00,M5R,12.6,87.0,100.35
2025-10-11 08:00:00,M5R,13.5,81.0,100.39
2025-10-11 09:00:00,M5R,13.9,77.0,100.42
2025-10-11 10:00:00,M5R,15.8,60.0,100.46
2025-10-11 11:00:00,M5R,17.1,59.0,100.49
2025-10-11 12:00:00,M5R,17.4,54.0,100.53
2025-10-11 13:00:00,M5R,17.7,60.0,100.52
2025-10-11 14:00:00,M5R,16.4,70.0,100.51
2025-10-11 15:00:00,M5R,16.3,68.0,100.55
2025-10-11 16:00:00,M5R,14.8,74.0,100.61
2025-10-11 17:00:00,M5R,14.6,78.0,100.66
2025-10-11 18:00:00,M5R,14.7,75.0,100.73
2025-10-11 19:00:00,M5R,14.3,77.0,100.72
2025-10-11 20:00:00,M5R,14.1,81.0,100.76
2025-10-11 21:00:00,M5R,14.3,78.0,100.77
2025-10-11 22:00:00,M5R,14.5,72.0,100.76
2025-10-11 23:00:00,M5R,13.9,77.0,100.73
2025-10-12 00:00:00,M5R,13.1,85.0,100.72
2025-10-12 01:00:00,M5R,12.8,84.0,100.73
2025-10-12 02:00:00,M5R,12.2,82.0,100.7
2025-10-12 03:00:00,M5R,12.1,77.0,100.68
2025-10-12 04:00:00,M5R,12.2,77.0,100.66
2025-10-12 05:00:00,M5R,11.9,79.0,100.65
2025-10-12 06:00:00,M5R,11.8,82.0,100.68
2025-10-12 07:00:00,M5R,12.6,83.0,100.69
2025-10-12 08:00:00,M5R,13.5,87.0,100.73
2025-10-12 09:00:00,M5R,14.1,87.0,100.75
2025-10-12 10:00:00,M5R,15.4,88.0,100.75
2025-10-12 11:00:00,M5R,16.8,80.0,100.77
2025-10-12 12:00:00,M5R,15.9,81.0,100.74
2025-10-12 13:00:00,M5R,16.9,77.0,100.71
2025-10-12 14:00:00,M5R,18.0,72.0,100.71
2025-10-12 15:00:00,M5R,17.3,73.0,100.68
2025-10-12 16:00:00,M5R,17.0,70.0,100.66
2025-10-12 17:00:00,M5R,17.0,70.0,100.66
2025-10-12 18:00:00,M5R,16.3,69.0,100.66
2025-10-12 19:00:00,M5R,16.6,67.0,100.65
2025-10-12 20:00:00,M5R,15.3,75.0,100.63
2025-10-12 21:00:00,M5R,15.6,70.0,100.63
2025-10-12 22:00:00,M5R,15.4,69.0,100.64
2025-10-12 23:00:00,M5R,15.7,55.0,100.64
2025-10-13 00:00:00,M5R,14.8,59.0,100.63
2025-10-13 01:00:00,M5R,14.3,62.0,100.62
2025-10-13 02:00:00,M5R,13.5,67.0,100.63
2025-10-13 03:00:00,M5R,13.0,73.0,100.65
2025-10-13 04:00:00,M5R,13.4,73.0,100.67
2025-10-13 05:00:00,M5R,12.5,77.0,100.71
2025-10-13 06:00:00,M5R,12.6,78.0,100.75
2025-10-13 07:00:00,M5R,13.0,80.0,100.78
2025-10-13 08:00:00,M5R,15.2,74.0,100.82
2025-10-13 09:00:00,M5R,15.4,76.0,100.86
2025-10-13 10:00:00,M5R,15.7,76.0,100.86
2025-10-13 11:00:00,M5R,15.6,74.0,100.85
2025-10-13 12:00:00,M5R,16.0,71.0,100.83
2025-10-13 13:00:00,M5R,18.1,56.0,100.74
2025-10-13 14:00:00,M5R,17.7,62.0,100.69
2025-10-13 15:00:00,M5R,17.3,62.0,100.69
2025-10-13 16:00:00,M5R,16.9,65.0,100.66
2025-10-13 17:00:00,M5R,16.6,62.0,100.66
2025-10-13 18:00:00,M5R,15.3,74.0,100.75
2025-10-13 19:00:00,M5R,14.3,76.0,100.73
2025-10-13 20:00:00,M5R,13.9,81.0,100.74
2025-10-13 21:00:00,M5R,13.8,83.0,100.77
2025-10-13 22:00:00,M5R,14.2,83.0,100.78
2025-10-13 23:00:00,M5R,13.7,86.0,100.8
2025-10-14 00:00:00,M5R,13.4,85.0,100.81
2025-10-14 01:00:00,M5R,13.6,84.0,100.79
2025-10-14 02:00:00,M5R,13.2,85.0,100.83
2025-10-14 03:00:00,M5R,12.8,89.0,100.83
2025-10-14 04:00:00,M5R,12.2,89.0,100.84
2025-10-14 05:00:00,M5R,12.2,88.0,100.88
2025-10-14 06:00:00,M5R,12.0,88.0,100.92
2025-10-14 07:00:00,M5R,12.2,87.0,100.97
2025-10-14 08:00:00,M5R,13.3,84.0,101.03
2025-10-14 09:00:00,M5R,15.3,79.0,101.02
2025-10-14 10:00:00,M5R,16.9,71.0,100.98
2025-10-14 11:00:00,M5R,18.7,64.0,100.97
2025-10-14 12:00:00,M5R,20.0,58.0,100.92
2025-10-14 13:00:00,M5R,20.6,58.0,100.85
2025-10-14 14:00:00,M5R,19.5,66.0,100.81
2025-10-14 15:00:00,M5R,19.3,68.0,100.8
2025-10-14 16:00:00,M5R,20.3,62.0,100.78
2025-10-14 17:00:00,M5R,19.3,65.0,100.78
2025-10-14 18:00:00,M5R,17.2,73.0,100.79
2025-10-14 19:00:00,M5R,16.8,69.0,100.88
2025-10-14 20:00:00,M5R,14.6,69.0,100.92
2025-10-14 21:00:00,M5R,14.3,68.0,100.92
2025-10-14 22:00:00,M5R,13.8,68.0,100.87
2025-10-14 23:00:00,M5R,13.5,70.0,100.87
2025-10-15 00:00:00,M5R,13.6,64.0,100.84
2025-10-15 01:00:00,M5R,13.5,63.0,100.83
2025-10-15 02:00:00,M5R,13.2,59.0,100.84
2025-10-15 03:00:00,M5R,13.0,58.0,100.89
2025-10-15 04:00:00,M5R,12.6,55.0,100.9
2025-10-15 05:00:00,M5R,12.2,55.0,100.93
2025-10-15 06:00:00,M5R,11.7,53.0,100.96
2025-10-15 07:00:00,M5R,11.1,54.0,100.97
2025-10-15 08:00:00,M5R,11.2,52.0,101.0
2025-10-15 09:00:00,M5R,11.3,51.0,100.99
2025-10-15 10:00:00,M5R,12.2,49.0,100.99
2025-10-15 11:00:00,M5R,12.6,42.0,100.95
2025-10-15 12:00:00,M5R,12.9,42.0,100.9
2025-10-15 13:00:00,M5R,13.7,38.0,100.83
2025-10-15 14:00:00,M5R,14.2,40.0,100.79
2025-10-15 15:00:00,M5R,14.1,39.0,100.74
2025-10-15 16:00:00,M5R,13.9,38.0,100.7
2025-10-15 17:00:00,M5R,13.0,44.0,100.73
2025-10-15 18:00:00,M5R,11.7,48.0,100.76
2025-10-15 19:00:00,M5R,10.2,60.0,100.77
2025-10-15 20:00:00,M5R,9.8,66.0,100.77
2025-10-15 21:00:00,M5R,9.4,67.0,100.79
2025-10-15 22:00:00,M5R,9.0,67.0,100.8
2025-10-15 23:00:00,M5R,8.8,66.0,100.8
2025-10-16 00:00:00,M5R,8.9,62.0,100.78
2025-10-16 01:00:00,M5R,7.9,66.0,100.81
2025-10-16 02:00:00,M5R,7.9,64.0,100.84
2025-10-16 03:00:00,M5R,6.7,70.0,100.81
2025-10-16 04:00:00,M5R,7.3,64.0,100.84
2025-10-16 05:00:00,M5R,6.7,66.0,100.9
2025-10-16 06:00:00,M5R,5.7,72.0,100.93
2025-10-16 07:00:00,M5R,6.1,70.0,100.96
2025-10-16 08:00:00,M5R,7.7,64.0,100.98
2025-10-16 09:00:00,M5R,9.4,57.0,100.99
2025-10-16 10:00:00,M5R,10.9,41.0,101.01
2025-10-16 11:00:00,M5R,11.9,35.0,100.94
2025-10-16 12:00:00,M5R,12.8,32.0,100.9
2025-10-16 13:00:00,M5R,14.4,32.0,100.83
2025-10-16 14:00:00,M5R,13.8,40.0,100.77
2025-10-16 15:00:00,M5R,13.4,43.0,100.71
2025-10-16 16:00:00,M5R,13.3,46.0,100.68
2025-10-16 17:00:00,M5R,13.7,41.0,100.64
2025-10-16 18:00:00,M5R,12.1,50.0,100.63
2025-10-16 19:00:00,M5R,11.3,51.0,100.68
2025-10-16 20:00:00,M5R,11.0,54.0,100.67
2025-10-16 21:00:00,M5R,10.6,57.0,100.68
2025-10-16 22:00:00,M5R,10.2,60.0,100.62
2025-10-16 23:00:00,M5R,9.2,66.0,100.59
2025-10-17 00:00:00,M5R,9.4,61.0,100.57
2025-10-17 01:00:00,M5R,9.5,65.0,100.55
2025-10-17 02:00:00,M5R,9.8,60.0,100.55
2025-10-17 03:00:00,M5R,9.2,62.0,100.56
2025-10-17 04:00:00,M5R,8.8,61.0,100.59
2025-10-17 05:00:00,M5R,8.4,67.0,100.57
2025-10-17 06:00:00,M5R,9.2,60.0,100.62
2025-10-17 07:00:00,M5R,9.6,61.0,100.58
2025-10-17 08:00:00,M5R,10.0,65.0,100.57
2025-10-17 09:00:00,M5R,10.8,65.0,100.58
2025-10-17 10:00:00,M5R,11.3,66.0,100.52
2025-10-17 11:00:00,M5R,12.9,61.0,100.53
2025-10-17 12:00:00,M5R,12.6,60.0,100.52
2025-10-17 13:00:00,M5R,12.2,65.0,100.46
2025-10-17 14:00:00,M5R,12.3,65.0,100.34
2025-10-17 15:00:00,M5R,12.7,62.0,100.27
2025-10-17 16:00:00,M5R,12.0,68.0,100.2
2025-10-17 17:00:00,M5R,11.9,65.0,100.22
2025-10-17 18:00:00,M5R,12.4,62.0,100.17
2025-10-17 19:00:00,M5R,11.3,76.0,100.15
2025-10-17 20:00:00,M5R,11.1,81.0,100.13
2025-10-17 21:00:00,M5R,11.0,87.0,100.17
2025-10-17 22:00:00,M5R,10.8,91.0,100.08
2025-10-17 23:00:00,M5R,11.3,92.0,100.05
2025-10-18 00:00:00,M5R,11.7,93.0,99.98
2025-10-18 01:00:00,M5R,12.2,93.0,99.95
2025-10-18 02:00:00,M5R,12.8,92.0,99.87
2025-10-18 03:00:00,M5R,12.9,92.0,99.83
2025-10-18 04:00:00,M5R,13.6,90.0,99.8
2025-10-18 05:00:00,M5R,14.6,77.0,99.8
2025-10-18 06:00:00,M5R,14.8,77.0,99.79
2025-10-18 07:00:00,M5R,14.9,75.0,99.8
2025-10-18 08:00:00,M5R,14.9,74.0,99.79
2025-10-18 09:00:00,M5R,16.0,70.0,99.78
2025-10-18 10:00:00,M5R,16.3,68.0,99.81
2025-10-18 11:00:00,M5R,17.4,65.0,99.8
2025-10-18 12:00:00,M5R,18.6,58.0,99.73
2025-10-18 13:00:00,M5R,20.1,55.0,99.61
2025-10-18 14:00:00,M5R,20.2,54.0,99.53
2025-10-18 15:00:00,M5R,20.1,54.0,99.49
2025-10-18 16:00:00,M5R,20.2,57.0,99.47
2025-10-18 17:00:00,M5R,18.7,65.0,99.46
2025-10-18 18:00:00,M5R,17.8,70.0,99.44
2025-10-18 19:00:00,M5R,17.5,73.0,99.47
2025-10-18 20:00:00,M5R,17.0,78.0,99.53
2025-10-18 21:00:00,M5R,17.5,74.0,99.46
2025-10-18 22:00:00,M5R,17.4,76.0,99.44
2025-10-18 23:00:00,M5R,18.1,71.0,99.35
2025-10-19 00:00:00,M5R,19.4,65.0,99.29
2025-10-19 01:00:00,M5R,18.9,69.0,99.22
2025-10-19 02:00:00,M5R,19.1,70.0,99.12
2025-10-19 03:00:00,M5R,18.8,73.0,99.03
2025-10-19 04:00:00,M5R,19.8,67.0,98.98
2025-10-19 05:00:00,M5R,19.8,66.0,98.89
2025-10-19 06:00:00,M5R,20.0,64.0,98.8
2025-10-19 07:00:00,M5R,19.5,66.0,98.78
2025-10-19 08:00:00,M5R,20.2,61.0,98.75
2025-10-19 09:00:00,M5R,20.4,62.0,98.65
2025-10-19 10:00:00,M5R,20.9,62.0,98.6
2025-10-19 11:00:00,M5R,21.8,59.0,98.52
2025-10-19 12:00:00,M5R,22.2,58.0,98.38
2025-10-19 13:00:00,M5R,21.6,62.0,98.23
2025-10-19 14:00:00,M5R,21.6,62.0,98.11
2025-10-19 15:00:00,M5R,19.5,79.0,98.28
2025-10-19 16:00:00,M5R,16.5,91.0,98.31
2025-10-19 17:00:00,M5R,16.6,91.0,98.39
2025-10-19 18:00:00,M5R,16.7,92.0,98.43
2025-10-19 19:00:00,M5R,16.3,87.0,98.47
2025-10-19 20:00:00,M5R,16.3,85.0,98.54
2025-10-19 21:00:00,M5R,16.1,84.0,98.64
2025-10-19 22:00:00,M5R,15.5,87.0,98.69
2025-10-19 23:00:00,M5R,14.9,89.0,98.72
2025-10-20 00:00:00,M5R,14.9,91.0,98.73
2025-10-20 01:00:00,M5R,13.3,90.0,98.75
2025-10-20 02:00:00,M5R,12.5,90.0,98.82
2025-10-20 03:00:00,M5R,11.9,88.0,98.89
2025-10-20 04:00:00,M5R,11.4,87.0,98.99
2025-10-20 05:00:00,M5R,11.1,88.0,99.09
2025-10-20 06:00:00,M5R,10.7,88.0,99.21
2025-10-20 07:00:00,M5R,10.6,89.0,99.33
2025-10-20 08:00:00,M5R,10.9,87.0,99.48
2025-10-20 09:00:00,M5R,11.4,77.0,99.59
2025-10-20 10:00:00,M5R,12.0,65.0,99.67
2025-10-20 11:00:00,M5R,12.7,58.0,99.75
2025-10-20 12:00:00,M5R,14.5,52.0,99.74
2025-10-20 13:00:00,M5R,14.9,47.0,99.77
2025-10-20 14:00:00,M5R,14.8,43.0,99.8
2025-10-20 15:00:00,M5R,14.8,42.0,99.83
2025-10-20 16:00:00,M5R,15.0,41.0,99.83
2025-10-20 17:00:00,M5R,14.3,45.0,99.86
2025-10-20 18:00:00,M5R,13.3,53.0,99.92
2025-10-20 19:00:00,M5R,12.3,60.0,99.96
2025-10-20 20:00:00,M5R,11.0,68.0,100.01
2025-10-20 21:00:00,M5R,10.5,68.0,100.0
2025-10-20 22:00:00,M5R,9.2,76.0,99.96
2025-10-20 23:00:00,M5R,8.9,79.0,99.94
2025-10-21 00:00:00,M5R,8.5,81.0,99.87
2025-10-21 01:00:00,M5R,8.0,83.0,99.83
2025-10-21 02:00:00,M5R,7.8,85.0,99.77
2025-10-21 03:00:00,M5R,8.3,82.0,99.71
2025-10-21 04:00:00,M5R,8.4,80.0,99.59
2025-10-21 05:00:00,M5R,8.3,83.0,99.51
2025-10-21 06:00:00,M5R,10.7,80.0,99.33
2025-10-21 07:00:00,M5R,11.6,84.0,99.28
2025-10-21 08:00:00,M5R,12.9,75.0,99.23
2025-10-21 09:00:00,M5R,13.2,70.0,99.18
2025-10-21 10:00:00,M5R,13.9,73.0,99.11
2025-10-21 11:00:00,M5R,14.5,70.0,99.08
2025-10-21 12:00:00,M5R,15.2,66.0,99.05
2025-10-21 13:00:00,M5R,14.7,70.0,99.04
2025-10-21 14:00:00,M5R,15.0,76.0,99.02
2025-10-21 15:00:00,M5R,15.9,56.0,99.01
2025-10-21 16:00:00,M5R,15.6,49.0,99.04
2025-10-21 17:00:00,M5R,15.1,50.0,99.03
2025-10-21 18:00:00,M5R,14.8,54.0,99.11
2025-10-21 19:00:00,M5R,13.4,59.0,99.14
2025-10-21 20:00:00,M5R,13.7,62.0,99.16
2025-10-21 21:00:00,M5R,11.8,59.0,99.22
2025-10-21 22:00:00,M5R,11.0,63.0,99.09
2025-10-21 23:00:00,M5R,10.8,66.0,99.08
2025-10-22 00:00:00,M5R,10.8,71.0,99.0
2025-10-22 01:00:00,M5R,9.3,83.0,98.97
2025-10-22 02:00:00,M5R,8.8,87.0,98.86
2025-10-22 03:00:00,M5R,9.6,80.0,98.88
2025-10-22 04:00:00,M5R,8.7,80.0,98.87
2025-10-22 05:00:00,M5R,7.8,85.0,98.86
2025-10-22 06:00:00,M5R,7.4,87.0,98.87
2025-10-22 07:00:00,M5R,8.0,82.0,98.91
2025-10-22 08:00:00,M5R,8.1,80.0,98.91
2025-10-22 09:00:00,M5R,,,
2025-10-22 10:00:00,M5R,,,
2025-10-22 11:00:00,M5R,,,
2025-10-22 12:00:00,M5R,,,
2025-10-22 13:00:00,M5R,,,
2025-10-22 14:00:00,M5R,10.3,71.0,98.85
2025-10-22 15:00:00,M5R,9.8,81.0,98.86
2025-10-22 16:00:00,M5R,9.8,79.0,98.88
2025-10-22 17:00:00,M5R,9.5,86.0,98.9
2025-10-22 18:00:00,M5R,8.7,88.0,98.91
2025-10-22 19:00:00,M5R,8.5,87.0,98.95
2025-10-22 20:00:00,M5R,8.4,85.0,98.98
2025-10-22 21:00:00,M5R,7.6,87.0,99.03
2025-10-22 22:00:00,M5R,7.0,90.0,99.05
2025-10-22 23:00:00,M5R,7.9,86.0,99.08
2025-10-23 00:00:00,M5R,8.2,82.0,99.05
2025-10-23 01:00:00,M5R,8.3,81.0,99.05
2025-10-23 02:00:00,M5R,8.2,81.0,99.07
2025-10-23 03:00:00,M5R,8.0,82.0,99.1
2025-10-23 04:00:00,M5R,7.9,83.0,99.14
2025-10-23 05:00:00,M5R,8.1,82.0,99.21
2025-10-23 06:00:00,M5R,8.3,82.0,99.33
2025-10-23 07:00:00,M5R,8.3,80.0,99.41
2025-10-23 08:00:00,M5R,8.4,82.0,99.52
2025-10-23 09:00:00,M5R,10.2,75.0,99.57
2025-10-23 10:00:00,M5R,10.9,68.0,99.63
2025-10-23 11:00:00,M5R,11.8,63.0,99.67
2025-10-23 12:00:00,M5R,12.0,60.0,99.68
2025-10-23 13:00:00,M5R,12.0,62.0,99.68
2025-10-23 14:00:00,M5R,10.4,77.0,99.71
2025-10-23 15:00:00,M5R,10.9,68.0,99.76
2025-10-23 16:00:00,M5R,11.1,71.0,99.81
2025-10-23 17:00:00,M5R,10.7,68.0,99.9
2025-10-23 18:00:00,M5R,9.6,74.0,100.0
2025-10-23 19:00:00,M5R,8.8,76.0,100.07
2025-10-23 20:00:00,M5R,8.7,72.0,100.13
2025-10-23 21:00:00,M5R,8.2,75.0,100.17
2025-10-23 22:00:00,M5R,7.7,79.0,100.21
2025-10-23 23:00:00,M5R,7.3,80.0,100.22
2025-10-24 00:00:00,M5R,7.8,77.0,100.22
2025-10-24 01:00:00,M5R,7.6,79.0,100.24
2025-10-24 02:00:00,M5R,7.0,88.0,100.26
2025-10-24 03:00:00,M5R,6.7,88.0,100.26
2025-10-24 04:00:00,M5R,6.6,87.0,100.31
2025-10-24 05:00:00,M5R,6.8,84.0,100.35
2025-10-24 06:00:00,M5R,6.8,84.0,100.4
2025-10-24 07:00:00,M5R,7.4,77.0,100.45
2025-10-24 08:00:00,M5R,7.5,77.0,100.53
2025-10-24 09:00:00,M5R,8.3,72.0,100.57
2025-10-24 10:00:00,M5R,9.5,62.0,100.61
2025-10-24 11:00:00,M5R,9.9,56.0,100.65
2025-10-24 12:00:00,M5R,10.9,52.0,100.68
2025-10-24 13:00:00,M5R,11.6,48.0,100.67
2025-10-24 14:00:00,M5R,11.7,46.0,100.69
2025-10-24 15:00:00,M5R,11.5,50.0,100.74
2025-10-24 16:00:00,M5R,10.2,59.0,100.81
2025-10-24 17:00:00,M5R,10.3,60.0,100.85
2025-10-24 18:00:00,M5R,9.1,67.0,100.96
2025-10-24 19:00:00,M5R,8.4,81.0,100.98
2025-10-24 20:00:00,M5R,8.8,80.0,101.03
2025-10-24 21:00:00,M5R,7.8,83.0,101.07
2025-10-24 22:00:00,M5R,8.1,76.0,101.11
2025-10-24 23:00:00,M5R,6.6,83.0,101.11
2025-10-25 00:00:00,M5R,6.4,81.0,101.18
2025-10-25 01:00:00,M5R,5.3,87.0,101.22
2025-10-25 02:00:00,M5R,5.4,87.0,101.24
2025-10-25 03:00:00,M5R,4.8,89.0,101.25
2025-10-25 04:00:00,M5R,5.8,85.0,101.31
2025-10-25 05:00:00,M5R,5.0,89.0,101.32
2025-10-25 06:00:00,M5R,5.3,87.0,101.36
2025-10-25 07:00:00,M5R,6.6,81.0,101.44
2025-10-25 08:00:00,M5R,7.3,79.0,101.53
2025-10-25 09:00:00,M5R,8.2,76.0,101.59
2025-10-25 10:00:00,M5R,9.4,72.0,101.57
2025-10-25 11:00:00,M5R,10.9,64.0,101.54
2025-10-25 12:00:00,M5R,11.6,55.0,101.49
2025-10-25 13:00:00,M5R,11.1,64.0,101.43
2025-10-25 14:00:00,M5R,11.1,57.0,101.44
2025-10-25 15:00:00,M5R,11.4,56.0,101.44
2025-10-25 16:00:00,M5R,11.6,53.0,101.43
2025-10-25 17:00:00,M5R,10.8,57.0,101.46
2025-10-25 18:00:00,M5R,9.3,64.0,101.51
2025-10-25 19:00:00,M5R,8.0,68.0,101.57
2025-10-25 20:00:00,M5R,7.2,71.0,101.56
2025-10-25 21:00:00,M5R,6.6,74.0,101.58
2025-10-25 22:00:00,M5R,6.2,76.0,101.59
2025-10-25 23:00:00,M5R,5.7,77.0,101.59
2025-10-26 00:00:00,M5R,5.4,75.0,101.57
2025-10-26 01:00:00,M5R,4.9,78.0,101.59
2025-10-26 02:00:00,M5R,4.6,75.0,101.65
2025-10-26 03:00:00,M5R,3.6,78.0,101.66
2025-10-26 04:00:00,M5R,3.2,76.0,101.7
2025-10-26 05:00:00,M5R,2.8,76.0,101.73
2025-10-26 06:00:00,M5R,2.7,78.0,101.78
2025-10-26 07:00:00,M5R,2.6,81.0,101.82
2025-10-26 08:00:00,M5R,3.3,75.0,101.88
2025-10-26 09:00:00,M5R,4.9,67.0,101.88
2025-10-26 10:00:00,M5R,6.3,61.0,101.9
2025-10-26 11:00:00,M5R,7.1,58.0,101.91
2025-10-26 12:00:00,M5R,8.0,51.0,101.9
2025-10-26 13:00:00,M5R,10.0,47.0,101.81
2025-10-26 14:00:00,M5R,9.1,54.0,101.74
2025-10-26 15:00:00,M5R,8.2,55.0,101.71
2025-10-26 16:00:00,M5R,8.2,57.0,101.69
2025-10-26 17:00:00,M5R,7.5,62.0,101.68
2025-10-26 18:00:00,M5R,7.0,62.0,101.69
2025-10-26 19:00:00,M5R,6.3,72.0,101.69
2025-10-26 20:00:00,M5R,6.5,68.0,101.71
2025-10-26 21:00:00,M5R,5.9,69.0,101.74
2025-10-26 22:00:00,M5R,5.2,71.0,101.73
2025-10-26 23:00:00,M5R,5.0,72.0,101.73
2025-10-27 00:00:00,M5R,5.3,71.0,101.71
2025-10-27 01:00:00,M5R,4.4,69.0,101.7
2025-10-27 02:00:00,M5R,4.8,67.0,101.68
2025-10-27 03:00:00,M5R,4.4,69.0,101.66
2025-10-27 04:00:00,M5R,4.7,67.0,101.67
2025-10-27 05:00:00,M5R,4.9,66.0,101.69
2025-10-27 06:00:00,M5R,4.6,68.0,101.68
2025-10-27 07:00:00,M5R,4.4,68.0,101.68
2025-10-27 08:00:00,M5R,5.1,66.0,101.73
2025-10-27 09:00:00,M5R,6.1,64.0,101.71
2025-10-27 10:00:00,M5R,7.7,57.0,101.72
2025-10-27 11:00:00,M5R,8.3,57.0,101.71
2025-10-27 12:00:00,M5R,8.7,60.0,101.65
2025-10-27 13:00:00,M5R,8.5,65.0,101.6
2025-10-27 14:00:00,M5R,8.5,64.0,101.56
2025-10-27 15:00:00,M5R,8.7,60.0,101.53
2025-10-27 16:00:00,M5R,8.6,58.0,101.49
2025-10-27 17:00:00,M5R,8.4,61.0,101.48
2025-10-27 18:00:00,M5R,7.9,65.0,101.48
2025-10-27 19:00:00,M5R,7.3,72.0,101.47
2025-10-27 20:00:00,M5R,7.4,74.0,101.49
2025-10-27 21:00:00,M5R,7.3,74.0,101.52
2025-10-27 22:00:00,M5R,7.1,74.0,101.57
2025-10-27 23:00:00,M5R,7.3,74.0,101.56
2025-10-28 00:00:00,M5R,7.4,74.0,101.55
2025-10-28 01:00:00,M5R,7.1,75.0,101.52
2025-10-28 02:00:00,M5R,7.1,71.0,101.48
2025-10-28 03:00:00,M5R,7.1,75.0,101.44
2025-10-28 04:00:00,M5R,7.3,76.0,101.45
2025-10-28 05:00:00,M5R,7.3,76.0,101.48
2025-10-28 06:00:00,M5R,6.9,76.0,101.51
2025-10-28 07:00:00,M5R,6.7,77.0,101.54
2025-10-28 08:00:00,M5R,6.5,79.0,101.58
2025-10-28 09:00:00,M5R,8.1,81.0,101.58
2025-10-28 10:00:00,M5R,8.5,74.0,101.58
2025-10-28 11:00:00,M5R,8.9,75.0,101.58
2025-10-28 12:00:00,M5R,9.8,72.0,101.5
2025-10-28 13:00:00,M5R,9.9,70.0,101.41
2025-10-28 14:00:00,M5R,10.3,67.0,101.36
2025-10-28 15:00:00,M5R,10.3,62.0,101.32
2025-10-28 16:00:00,M5R,10.4,64.0,101.28
2025-10-28 17:00:00,M5R,10.1,65.0,101.25
2025-10-28 18:00:00,M5R,9.2,72.0,101.24
2025-10-28 19:00:00,M5R,9.4,71.0,101.23
2025-10-28 20:00:00,M5R,9.2,69.0,101.21
2025-10-28 21:00:00,M5R,9.0,61.0,101.2
2025-10-28 22:00:00,M5R,8.8,59.0,101.17
2025-10-28 23:00:00,M5R,7.9,62.0,101.13
2025-10-29 00:00:00,M5R,7.6,63.0,101.12
2025-10-29 01:00:00,M5R,7.0,65.0,101.09
2025-10-29 02:00:00,M5R,6.6,65.0,101.07
2025-10-29 03:00:00,M5R,6.6,66.0,101.02
2025-10-29 04:00:00,M5R,6.5,67.0,100.96
2025-10-29 05:00:00,M5R,5.9,69.0,100.96
2025-10-29 06:00:00,M5R,5.7,70.0,100.94
2025-10-29 07:00:00,M5R,5.5,72.0,100.95
2025-10-29 08:00:00,M5R,5.7,72.0,100.94
2025-10-29 09:00:00,M5R,7.8,69.0,100.91
2025-10-29 10:00:00,M5R,9.5,66.0,100.9
2025-10-29 11:00:00,M5R,9.7,70.0,100.87
2025-10-29 12:00:00,M5R,10.0,72.0,100.78
2025-10-29 13:00:00,M5R,10.2,72.0,100.7
2025-10-29 14:00:00,M5R,10.3,74.0,100.64
2025-10-29 15:00:00,M5R,10.5,76.0,100.56
2025-10-29 16:00:00,M5R,10.4,72.0,100.53
2025-10-29 17:00:00,M5R,10.0,67.0,100.51
2025-10-29 18:00:00,M5R,9.3,71.0,100.52
2025-10-29 19:00:00,M5R,9.5,73.0,100.49
2025-10-29 20:00:00,M5R,9.0,76.0,100.52
2025-10-29 21:00:00,M5R,9.4,75.0,100.46
2025-10-29 22:00:00,M5R,9.0,78.0,100.42
2025-10-29 23:00:00,M5R,9.1,77.0,100.36
2025-10-30 00:00:00,M5R,8.8,76.0,100.28
2025-10-30 01:00:00,M5R,9.0,69.0,100.21
2025-10-30 02:00:00,M5R,8.8,70.0,100.16
2025-10-30 03:00:00,M5R,9.2,72.0,100.12
2025-10-30 04:00:00,M5R,9.1,74.0,99.94
2025-10-30 05:00:00,M5R,8.9,71.0,99.92
2025-10-30 06:00:00,M5R,9.2,71.0,99.85
2025-10-30 07:00:00,M5R,9.1,73.0,99.8
2025-10-30 08:00:00,M5R,9.0,77.0,99.71
2025-10-30 09:00:00,M5R,8.9,88.0,99.64
2025-10-30 10:00:00,M5R,8.5,93.0,99.58
2025-10-30 11:00:00,M5R,8.2,92.0,99.47
2025-10-30 12:00:00,M5R,8.0,90.0,99.24
2025-10-30 13:00:00,M5R,7.9,86.0,99.08
2025-10-30 14:00:00,M5R,8.1,88.0,98.9
2025-10-30 15:00:00,M5R,8.0,87.0,98.82
2025-10-30 16:00:00,M5R,7.4,93.0,98.76
2025-10-30 17:00:00,M5R,7.1,93.0,98.74
2025-10-30 18:00:00,M5R,6.9,92.0,98.69
2025-10-30 19:00:00,M5R,6.6,92.0,98.65
2025-10-30 20:00:00,M5R,6.6,89.0,98.6
2025-10-30 21:00:00,M5R,6.3,86.0,98.56
2025-10-30 22:00:00,M5R,6.3,86.0,98.48
2025-10-30 23:00:00,M5R,6.2,87.0,98.43
2025-10-31 00:00:00,M5R,5.8,89.0,98.38
2025-10-31 01:00:00,M5R,5.6,92.0,98.34
2025-10-31 02:00:00,M5R,5.4,90.0,98.34
2025-10-31 03:00:00,M5R,5.4,90.0,98.31
2025-10-31 04:00:00,M5R,5.3,88.0,98.3
2025-10-31 05:00:00,M5R,5.3,89.0,98.29
2025-10-31 06:00:00,M5R,5.3,87.0,98.27
2025-10-31 07:00:00,M5R,5.5,91.0,98.25
2025-10-31 08:00:00,M5R,6.3,87.0,98.26
2025-10-31 09:00:00,M5R,6.8,84.0,98.26
2025-10-31 10:00:00,M5R,7.6,80.0,98.29
2025-10-31 11:00:00,M5R,7.6,78.0,98.33
2025-10-31 12:00:00,M5R,7.9,78.0,98.34
2025-10-31 13:00:00,M5R,7.4,84.0,98.42
2025-10-31 14:00:00,M5R,7.5,79.0,98.52
2025-10-31 15:00:00,M5R,8.4,62.0,98.65
2025-10-31 16:00:00,M5R,8.5,57.0,98.77
2025-10-31 17:00:00,M5R,8.4,54.0,98.88
2025-10-31 18:00:00,M5R,8.2,54.0,98.99
2025-10-31 19:00:00,M5R,8.1,57.0,99.09
2025-10-31 20:00:00,M5R,7.6,61.0,99.17
2025-10-31 21:00:00,M5R,7.0,67.0,99.24
2025-10-31 22:00:00,M5R,6.6,68.0,99.34
2025-10-31 23:00:00,M5R,6.2,71.0,99.41
2025-11-01 00:00:00,M5R,6.2,71.0,99.46
2025-11-01 01:00:00,M5R,6.2,70.0,99.52
2025-11-01 02:00:00,M5R,5.6,78.0,99.58
2025-11-01 03:00:00,M5R,6.0,74.0,99.62
2025-11-01 04:00:00,M5R,6.3,71.0,99.66
2025-11-01 05:00:00,M5R,5.8,72.0,99.76
2025-11-01 06:00:00,M5R,5.7,73.0,99.87
2025-11-01 07:00:00,M5R,5.5,73.0,99.95
2025-11-01 08:00:00,M5R,5.6,73.0,100.04
2025-11-01 09:00:00,M5R,6.5,70.0,100.11
2025-11-01 10:00:00,M5R,7.3,66.0,100.17
2025-11-01 11:00:00,M5R,7.9,61.0,100.23
2025-11-01 12:00:00,M5R,8.8,55.0,100.21
2025-11-01 13:00:00,M5R,9.4,52.0,100.21
2025-11-01 14:00:00,M5R,9.8,50.0,100.22
2025-11-01 15:00:00,M5R,10.0,50.0,100.27
2025-11-01 16:00:00,M5R,9.7,48.0,100.32
2025-11-01 17:00:00,M5R,8.6,56.0,100.39
2025-11-01 18:00:00,M5R,7.8,61.0,100.45
2025-11-01 19:00:00,M5R,6.7,69.0,100.54
2025-11-01 20:00:00,M5R,6.4,69.0,100.57
2025-11-01 21:00:00,M5R,5.5,72.0,100.66
2025-11-01 22:00:00,M5R,4.9,74.0,100.71
2025-11-01 23:00:00,M5R,4.8,76.0,100.75
2025-11-02 00:00:00,M5R,4.9,76.0,100.76
2025-11-02 01:00:00,M5R,5.0,75.0,100.8
2025-11-02 02:00:00,M5R,3.5,83.0,100.82
2025-11-02 03:00:00,M5R,3.0,85.0,100.87
2025-11-02 04:00:00,M5R,2.6,88.0,100.91
2025-11-02 05:00:00,M5R,2.6,88.0,100.95
2025-11-02 06:00:00,M5R,2.6,86.0,101.01
2025-11-02 07:00:00,M5R,3.1,83.0,101.07
2025-11-02 08:00:00,M5R,3.2,84.0,101.12
2025-11-02 09:00:00,M5R,6.3,64.0,101.19
2025-11-02 10:00:00,M5R,8.4,50.0,101.16
2025-11-02 11:00:00,M5R,9.4,55.0,101.15
2025-11-02 12:00:00,M5R,9.1,60.0,101.08
2025-11-02 13:00:00,M5R,9.8,63.0,100.97
2025-11-02 14:00:00,M5R,10.1,61.0,100.92
2025-11-02 15:00:00,M5R,10.0,57.0,100.86
2025-11-02 16:00:00,M5R,9.6,60.0,100.83
2025-11-02 17:00:00,M5R,9.4,65.0,100.8
2025-11-02 18:00:00,M5R,8.9,69.0,100.8
2025-11-02 19:00:00,M5R,9.0,72.0,100.76
2025-11-02 20:00:00,M5R,9.0,79.0,100.71
2025-11-02 21:00:00,M5R,10.1,75.0,100.67
2025-11-02 22:00:00,M5R,9.4,73.0,100.64
2025-11-02 23:00:00,M5R,8.8,75.0,100.62
2025-11-03 00:00:00,M5R,8.5,78.0,100.56
2025-11-03 01:00:00,M5R,8.4,81.0,100.54
2025-11-03 02:00:00,M5R,8.0,85.0,100.45
2025-11-03 03:00:00,M5R,8.2,86.0,100.36
2025-11-03 04:00:00,M5R,8.0,85.0,100.28
2025-11-03 05:00:00,M5R,8.3,84.0,100.19
2025-11-03 06:00:00,M5R,8.9,76.0,100.16
2025-11-03 07:00:00,M5R,9.2,71.0,100.13
2025-11-03 08:00:00,M5R,9.3,69.0,99.99
2025-11-03 09:00:00,M5R,9.8,63.0,99.9
2025-11-03 10:00:00,M5R,10.0,62.0,99.84
2025-11-03 11:00:00,M5R,10.5,54.0,99.79
2025-11-03 12:00:00,M5R,7.9,75.0,99.71
2025-11-03 13:00:00,M5R,7.5,80.0,99.64
2025-11-03 14:00:00,M5R,8.1,80.0,99.57
2025-11-03 15:00:00,M5R,10.1,72.0,99.56
2025-11-03 16:00:00,M5R,11.7,60.0,99.6
2025-11-03 17:00:00,M5R,10.9,57.0,99.69
2025-11-03 18:00:00,M5R,10.9,58.0,99.79
2025-11-03 19:00:00,M5R,10.1,64.0,99.87
2025-11-03 20:00:00,M5R,9.9,59.0,99.93
2025-11-03 21:00:00,M5R,7.9,64.0,100.04
2025-11-03 22:00:00,M5R,7.5,67.0,100.06
2025-11-03 23:00:00,M5R,8.0,63.0,100.14
2025-11-04 00:00:00,M5R,7.1,64.0,100.2
2025-11-04 01:00:00,M5R,7.3,64.0,100.25
2025-11-04 02:00:00,M5R,7.0,68.0,100.3
2025-11-04 03:00:00,M5R,6.1,73.0,100.38
2025-11-04 04:00:00,M5R,4.5,79.0,100.39
2025-11-04 05:00:00,M5R,5.0,74.0,100.47
2025-11-04 06:00:00,M5R,5.3,69.0,100.48
2025-11-04 07:00:00,M5R,5.6,66.0,100.52
2025-11-04 08:00:00,M5R,6.5,63.0,100.55
2025-11-04 09:00:00,M5R,8.3,61.0,100.6
2025-11-04 10:00:00,M5R,10.3,57.0,100.6
2025-11-04 11:00:00,M5R,11.7,52.0,100.58
2025-11-04 12:00:00,M5R,13.6,40.0,100.55
2025-11-04 13:00:00,M5R,14.5,33.0,100.47
2025-11-04 14:00:00,M5R,14.1,32.0,100.45
2025-11-04 15:00:00,M5R,13.6,34.0,100.43
2025-11-04 16:00:00,M5R,13.3,35.0,100.48
2025-11-04 17:00:00,M5R,11.9,43.0,100.54
2025-11-04 18:00:00,M5R,10.9,48.0,100.6
2025-11-04 19:00:00,M5R,9.9,52.0,100.65
2025-11-04 20:00:00,M5R,9.2,53.0,100.65
2025-11-04 21:00:00,M5R,7.9,61.0,100.58
2025-11-04 22:00:00,M5R,7.4,66.0,100.55
2025-11-04 23:00:00,M5R,7.9,61.0,100.5
2025-11-05 00:00:00,M5R,8.6,59.0,100.49
2025-11-05 01:00:00,M5R,8.4,63.0,100.45
2025-11-05 02:00:00,M5R,8.3,63.0,100.35
2025-11-05 03:00:00,M5R,8.8,58.0,100.27
2025-11-05 04:00:00,M5R,9.1,65.0,100.14
2025-11-05 05:00:00,M5R,9.2,63.0,100.01
2025-11-05 06:00:00,M5R,9.2,69.0,99.84
2025-11-05 07:00:00,M5R,9.2,78.0,99.65
2025-11-05 08:00:00,M5R,10.1,74.0,99.47
2025-11-05 09:00:00,M5R,11.3,60.0,99.26
2025-11-05 10:00:00,M5R,11.7,67.0,99.09
2025-11-05 11:00:00,M5R,11.8,71.0,98.98
2025-11-05 12:00:00,M5R,12.5,69.0,98.85
2025-11-05 13:00:00,M5R,13.0,65.0,98.81
2025-11-05 14:00:00,M5R,12.5,69.0,98.78
2025-11-05 15:00:00,M5R,11.8,79.0,98.83
2025-11-05 16:00:00,M5R,11.2,72.0,98.9
2025-11-05 17:00:00,M5R,10.3,66.0,99.09
2025-11-05 18:00:00,M5R,8.3,76.0,99.31
2025-11-05 19:00:00,M5R,7.4,74.0,99.45
2025-11-05 20:00:00,M5R,7.2,77.0,99.59
2025-11-05 21:00:00,M5R,7.3,68.0,99.69
2025-11-05 22:00:00,M5R,6.8,66.0,99.79
2025-11-05 23:00:00,M5R,6.6,65.0,99.91
2025-11-06 00:00:00,M5R,6.0,65.0,99.94
2025-11-06 01:00:00,M5R,5.6,67.0,100.05
2025-11-06 02:00:00,M5R,5.2,70.0,100.12
2025-11-06 03:00:00,M5R,4.8,73.0,100.22
2025-11-06 04:00:00,M5R,4.4,74.0,100.26
2025-11-06 05:00:00,M5R,4.0,76.0,100.34
2025-11-06 06:00:00,M5R,4.0,68.0,100.48
2025-11-06 07:00:00,M5R,3.3,79.0,100.58
2025-11-06 08:00:00,M5R,3.1,73.0,100.68
2025-11-06 09:00:00,M5R,3.8,70.0,100.74
2025-11-06 10:00:00,M5R,4.8,61.0,100.77
2025-11-06 11:00:00,M5R,6.5,52.0,100.8
2025-11-06 12:00:00,M5R,7.1,47.0,100.76
2025-11-06 13:00:00,M5R,7.6,43.0,100.7
2025-11-06 14:00:00,M5R,7.2,48.0,100.68
2025-11-06 15:00:00,M5R,7.4,50.0,100.63
2025-11-06 16:00:00,M5R,7.5,51.0,100.62
2025-11-06 17:00:00,M5R,7.4,52.0,100.63
2025-11-06 18:00:00,M5R,6.8,55.0,100.63
2025-11-06 19:00:00,M5R,6.0,60.0,100.6
2025-11-06 20:00:00,M5R,5.5,65.0,100.59
2025-11-06 21:00:00,M5R,4.4,71.0,100.54
2025-11-06 22:00:00,M5R,4.4,72.0,100.45
2025-11-06 23:00:00,M5R,3.8,72.0,100.4
2025-11-07 00:00:00,M5R,4.9,70.0,100.32
2025-11-07 01:00:00,M5R,5.5,65.0,100.25
2025-11-07 02:00:00,M5R,5.6,70.0,100.14
2025-11-07 03:00:00,M5R,5.7,74.0,100.06
2025-11-07 04:00:00,M5R,6.8,76.0,99.87
2025-11-07 05:00:00,M5R,7.4,77.0,99.69
2025-11-07 06:00:00,M5R,7.5,67.0,99.49
2025-11-07 07:00:00,M5R,7.9,65.0,99.36
2025-11-07 08:00:00,M5R,8.3,62.0,99.12
2025-11-07 09:00:00,M5R,8.7,58.0,98.96
2025-11-07 10:00:00,M5R,8.8,59.0,98.73
2025-11-07 11:00:00,M5R,7.7,80.0,98.66
2025-11-07 12:00:00,M5R,7.6,86.0,98.51
2025-11-07 13:00:00,M5R,8.2,89.0,98.36
2025-11-07 14:00:00,M5R,9.0,85.0,98.27
2025-11-07 15:00:00,M5R,10.0,87.0,98.25
2025-11-07 16:00:00,M5R,10.6,89.0,98.27
2025-11-07 17:00:00,M5R,11.1,87.0,98.31
2025-11-07 18:00:00,M5R,11.1,84.0,98.35
2025-11-07 19:00:00,M5R,11.0,82.0,98.37
2025-11-07 20:00:00,M5R,10.9,83.0,98.41
2025-11-07 21:00:00,M5R,10.9,83.0,98.47
2025-11-07 22:00:00,M5R,10.9,82.0,98.52
2025-11-07 23:00:00,M5R,11.1,66.0,98.61
2025-11-08 00:00:00,M5R,10.5,67.0,98.72
2025-11-08 01:00:00,M5R,9.7,66.0,98.77
2025-11-08 02:00:00,M5R,8.4,64.0,98.92
2025-11-08 03:00:00,M5R,7.2,66.0,99.02
2025-11-08 04:00:00,M5R,7.0,65.0,99.11
2025-11-08 05:00:00,M5R,5.6,69.0,99.27
2025-11-08 06:00:00,M5R,4.7,69.0,99.38
2025-11-08 07:00:00,M5R,4.0,71.0,99.49
2025-11-08 08:00:00,M5R,3.7,71.0,99.58
2025-11-08 09:00:00,M5R,4.3,65.0,99.61
2025-11-08 10:00:00,M5R,4.6,64.0,99.67
2025-11-08 11:00:00,M5R,4.9,60.0,99.73
2025-11-08 12:00:00,M5R,6.2,54.0,99.76
2025-11-08 13:00:00,M5R,6.6,49.0,99.75
2025-11-08 14:00:00,M5R,6.7,49.0,99.72
2025-11-08 15:00:00,M5R,6.3,51.0,99.79
2025-11-08 16:00:00,M5R,5.9,51.0,99.82
2025-11-08 17:00:00,M5R,5.1,53.0,99.87
2025-11-08 18:00:00,M5R,4.1,57.0,99.91
2025-11-08 19:00:00,M5R,3.5,56.0,99.95
2025-11-08 20:00:00,M5R,3.5,57.0,99.99
2025-11-08 21:00:00,M5R,3.5,58.0,100.02
2025-11-08 22:00:00,M5R,3.2,60.0,100.01
2025-11-08 23:00:00,M5R,3.0,57.0,100.0
2025-11-09 00:00:00,M5R,2.8,58.0,100.01
2025-11-09 01:00:00,M5R,2.7,57.0,99.98
2025-11-09 02:00:00,M5R,2.8,55.0,100.02
2025-11-09 03:00:00,M5R,2.2,68.0,99.98
2025-11-09 04:00:00,M5R,1.7,77.0,99.91
2025-11-09 05:00:00,M5R,0.9,85.0,99.94
2025-11-09 06:00:00,M5R,0.4,90.0,99.92
2025-11-09 07:00:00,M5R,0.0,88.0,99.9
2025-11-09 08:00:00,M5R,-0.4,90.0,99.91
2025-11-09 09:00:00,M5R,-0.5,89.0,99.87
2025-11-09 10:00:00,M5R,-0.6,85.0,99.85
2025-11-09 11:00:00,M5R,-0.3,90.0,99.78
2025-11-09 12:00:00,M5R,-0.4,91.0,99.7
2025-11-09 13:00:00,M5R,-0.7,91.0,99.66
2025-11-09 14:00:00,M5R,-1.0,91.0,99.67
2025-11-09 15:00:00,M5R,-1.4,90.0,99.74
2025-11-09 16:00:00,M5R,-1.5,90.0,99.77
2025-11-09 17:00:00,M5R,-1.6,89.0,99.83
2025-11-09 18:00:00,M5R,-1.5,84.0,99.91
2025-11-09 19:00:00,M5R,-1.3,81.0,99.93
2025-11-09 20:00:00,M5R,-1.2,79.0,99.96
2025-11-09 21:00:00,M5R,-1.3,76.0,99.97
2025-11-09 22:00:00,M5R,-2.0,84.0,100.01
2025-11-09 23:00:00,M5R,-1.9,79.0,99.96
2025-11-10 00:00:00,M5R,-1.7,82.0,100.06
2025-11-10 01:00:00,M5R,-2.5,84.0,100.05
2025-11-10 02:00:00,M5R,-2.8,80.0,99.99
2025-11-10 03:00:00,M5R,-2.7,80.0,99.99
2025-11-10 04:00:00,M5R,-2.9,79.0,100.01
2025-11-10 05:00:00,M5R,-3.2,76.0,99.97
2025-11-10 06:00:00,M5R,-3.4,77.0,99.98
2025-11-10 07:00:00,M5R,-3.5,75.0,100.03
2025-11-10 08:00:00,M5R,-3.8,84.0,100.06
2025-11-10 09:00:00,M5R,-3.5,82.0,100.04
2025-11-10 10:00:00,M5R,-2.9,79.0,100.02
2025-11-10 11:00:00,M5R,-2.6,74.0,99.99
2025-11-10 12:00:00,M5R,-2.4,75.0,99.93
2025-11-10 13:00:00,M5R,-2.1,72.0,99.87
2025-11-10 14:00:00,M5R,-1.8,70.0,99.8
2025-11-10 15:00:00,M5R,-2.3,70.0,99.75
2025-11-10 16:00:00,M5R,-2.4,76.0,99.74
2025-11-10 17:00:00,M5R,-2.7,75.0,99.76
2025-11-10 18:00:00,M5R,-2.7,75.0,99.79
2025-11-10 19:00:00,M5R,-2.8,75.0,99.8
2025-11-10 20:00:00,M5R,-3.2,83.0,99.77
2025-11-10 21:00:00,M5R,-3.1,82.0,99.72
2025-11-10 22:00:00,M5R,-3.1,77.0,99.64
2025-11-10 23:00:00,M5R,-3.2,78.0,99.6
2025-11-11 00:00:00,M5R,-3.1,80.0,99.57
2025-11-11 01:00:00,M5R,-3.1,82.0,99.51
2025-11-11 02:00:00,M5R,-2.9,82.0,99.47
2025-11-11 03:00:00,M5R,-2.8,84.0,99.45
2025-11-11 04:00:00,M5R,-2.9,86.0,99.42
2025-11-11 05:00:00,M5R,-3.0,87.0,99.4
2025-11-11 06:00:00,M5R,-2.6,88.0,99.41
2025-11-11 07:00:00,M5R,-2.4,86.0,99.41
2025-11-11 08:00:00,M5R,-2.0,86.0,99.47
2025-11-11 09:00:00,M5R,-1.1,87.0,99.49
2025-11-11 10:00:00,M5R,0.0,81.0,99.49
2025-11-11 11:00:00,M5R,1.6,67.0,99.5
2025-11-11 12:00:00,M5R,3.5,55.0,99.43
2025-11-11 13:00:00,M5R,3.8,55.0,99.46
2025-11-11 14:00:00,M5R,3.5,58.0,99.46
2025-11-11 15:00:00,M5R,3.5,66.0,99.5
2025-11-11 16:00:00,M5R,3.2,76.0,99.49
2025-11-11 17:00:00,M5R,3.1,68.0,99.51
2025-11-11 18:00:00,M5R,2.8,64.0,99.53
2025-11-11 19:00:00,M5R,2.4,66.0,99.49
2025-11-11 20:00:00,M5R,2.4,68.0,99.48
2025-11-11 21:00:00,M5R,1.1,84.0,99.47
2025-11-11 22:00:00,M5R,0.7,88.0,99.39
2025-11-11 23:00:00,M5R,0.8,89.0,99.3
2025-11-12 00:00:00,M5R,1.5,88.0,99.18
2025-11-12 01:00:00,M5R,2.0,79.0,99.08
2025-11-12 02:00:00,M5R,2.3,73.0,99.0
2025-11-12 03:00:00,M5R,2.1,72.0,98.97
2025-11-12 04:00:00,M5R,2.2,71.0,98.91
2025-11-12 05:00:00,M5R,2.0,79.0,98.88
2025-11-12 06:00:00,M5R,2.5,73.0,98.86
2025-11-12 07:00:00,M5R,2.5,75.0,98.86
2025-11-12 08:00:00,M5R,3.0,74.0,98.87
2025-11-12 09:00:00,M5R,3.1,76.0,98.87
2025-11-12 10:00:00,M5R,3.9,77.0,98.85
2025-11-12 11:00:00,M5R,4.6,78.0,98.83
2025-11-12 12:00:00,M5R,5.6,77.0,98.8
2025-11-12 13:00:00,M5R,6.6,74.0,98.77
2025-11-12 14:00:00,M5R,7.4,71.0,98.8
2025-11-12 15:00:00,M5R,7.7,70.0,98.86
2025-11-12 16:00:00,M5R,7.5,70.0,98.97
2025-11-12 17:00:00,M5R,7.0,74.0,99.07
2025-11-12 18:00:00,M5R,6.5,78.0,99.18
2025-11-12 19:00:00,M5R,6.4,78.0,99.27
2025-11-12 20:00:00,M5R,6.3,75.0,99.32
2025-11-12 21:00:00,M5R,6.1,74.0,99.39
2025-11-12 22:00:00,M5R,6.0,74.0,99.44
2025-11-12 23:00:00,M5R,5.8,74.0,99.47
2025-11-13 00:00:00,M5R,5.5,74.0,99.5
2025-11-13 01:00:00,M5R,5.2,75.0,99.5
2025-11-13 02:00:00,M5R,5.5,71.0,99.52
2025-11-13 03:00:00,M5R,5.4,70.0,99.55
2025-11-13 04:00:00,M5R,5.1,70.0,99.57
2025-11-13 05:00:00,M5R,4.9,72.0,99.62
2025-11-13 06:00:00,M5R,5.1,69.0,99.65
2025-11-13 07:00:00,M5R,4.4,75.0,99.74
2025-11-13 08:00:00,M5R,4.3,76.0,99.83
2025-11-13 09:00:00,M5R,5.4,70.0,99.89
2025-11-13 10:00:00,M5R,6.5,62.0,99.94
2025-11-13 11:00:00,M5R,7.7,57.0,99.98
2025-11-13 12:00:00,M5R,7.3,57.0,100.03
2025-11-13 13:00:00,M5R,6.0,66.0,100.08
2025-11-13 14:00:00,M5R,6.2,67.0,100.08
2025-11-13 15:00:00,M5R,6.4,64.0,100.12
2025-11-13 16:00:00,M5R,4.9,76.0,100.23
2025-11-13 17:00:00,M5R,5.0,76.0,100.26
2025-11-13 18:00:00,M5R,5.2,71.0,100.32
2025-11-13 19:00:00,M5R,5.3,71.0,100.36
2025-11-13 20:00:00,M5R,5.1,68.0,100.37
2025-11-13 21:00:00,M5R,5.0,66.0,100.41
2025-11-13 22:00:00,M5R,3.7,73.0,100.41
2025-11-13 23:00:00,M5R,3.5,74.0,100.41
2025-11-14 00:00:00,M5R,3.7,71.0,100.41
2025-11-14 01:00:00,M5R,3.6,72.0,100.41
2025-11-14 02:00:00,M5R,3.7,70.0,100.43
2025-11-14 03:00:00,M5R,3.3,73.0,100.45
2025-11-14 04:00:00,M5R,3.6,72.0,100.48
2025-11-14 05:00:00,M5R,3.8,76.0,100.51
2025-11-14 06:00:00,M5R,2.7,79.0,100.52
2025-11-14 07:00:00,M5R,2.4,80.0,100.52
2025-11-14 08:00:00,M5R,3.2,78.0,100.54
2025-11-14 09:00:00,M5R,4.5,74.0,100.51
2025-11-14 10:00:00,M5R,5.6,71.0,100.46
2025-11-14 11:00:00,M5R,6.4,68.0,100.43
2025-11-14 12:00:00,M5R,7.6,65.0,100.36
2025-11-14 13:00:00,M5R,8.7,61.0,100.26
2025-11-14 14:00:00,M5R,9.3,61.0,100.18
2025-11-14 15:00:00,M5R,9.3,59.0,100.14
2025-11-14 16:00:00,M5R,9.1,61.0,100.14
2025-11-14 17:00:00,M5R,8.4,65.0,100.14
2025-11-14 18:00:00,M5R,7.2,71.0,100.16
2025-11-14 19:00:00,M5R,6.6,72.0,100.16
2025-11-14 20:00:00,M5R,5.9,75.0,100.16
2025-11-14 21:00:00,M5R,5.2,68.0,100.15
2025-11-14 22:00:00,M5R,5.0,66.0,100.11
2025-11-14 23:00:00,M5R,3.8,70.0,100.12
2025-11-15 00:00:00,M5R,3.2,72.0,100.06
2025-11-15 01:00:00,M5R,3.2,70.0,99.99
2025-11-15 02:00:00,M5R,3.2,72.0,99.99
2025-11-15 03:00:00,M5R,3.2,75.0,99.92
2025-11-15 04:00:00,M5R,3.4,77.0,99.82
2025-11-15 05:00:00,M5R,3.6,79.0,99.74
2025-11-15 06:00:00,M5R,3.6,83.0,99.64
2025-11-15 07:00:00,M5R,3.8,83.0,99.54
2025-11-15 08:00:00,M5R,4.6,78.0,99.34
2025-11-15 09:00:00,M5R,5.2,78.0,99.28
2025-11-15 10:00:00,M5R,5.5,81.0,99.16
2025-11-15 11:00:00,M5R,5.8,83.0,99.0
2025-11-15 12:00:00,M5R,5.7,83.0,98.7
2025-11-15 13:00:00,M5R,5.3,90.0,98.49
2025-11-15 14:00:00,M5R,5.7,90.0,98.17
2025-11-15 15:00:00,M5R,5.8,91.0,98.06
2025-11-15 16:00:00,M5R,6.2,94.0,97.97
2025-11-15 17:00:00,M5R,6.6,96.0,97.88
2025-11-15 18:00:00,M5R,6.9,96.0,97.77
2025-11-15 19:00:00,M5R,6.9,95.0,97.68
2025-11-15 20:00:00,M5R,7.1,96.0,97.61
2025-11-15 21:00:00,M5R,7.6,96.0,97.64
2025-11-15 22:00:00,M5R,10.0,84.0,97.69
2025-11-15 23:00:00,M5R,9.3,81.0,97.8
2025-11-16 00:00:00,M5R,9.1,79.0,97.79
2025-11-16 01:00:00,M5R,9.2,74.0,97.81
2025-11-16 02:00:00,M5R,8.5,68.0,97.9
2025-11-16 03:00:00,M5R,7.8,70.0,98.01
2025-11-16 04:00:00,M5R,6.8,71.0,98.03
2025-11-16 05:00:00,M5R,5.8,64.0,98.11
2025-11-16 06:00:00,M5R,5.2,53.0,98.12
2025-11-16 07:00:00,M5R,4.6,54.0,98.23
2025-11-16 08:00:00,M5R,3.9,63.0,98.32
2025-11-16 09:00:00,M5R,4.9,57.0,98.36
2025-11-16 10:00:00,M5R,3.8,50.0,98.47
2025-11-16 11:00:00,M5R,4.3,45.0,98.51
2025-11-16 12:00:00,M5R,4.5,47.0,98.55
2025-11-16 13:00:00,M5R,5.7,38.0,98.52
2025-11-16 14:00:00,M5R,5.0,42.0,98.57
2025-11-16 15:00:00,M5R,4.6,39.0,98.66
2025-11-16 16:00:00,M5R,3.4,47.0,98.79
2025-11-16 17:00:00,M5R,2.6,43.0,98.87
2025-11-16 18:00:00,M5R,2.0,49.0,98.98
2025-11-16 19:00:00,M5R,1.5,53.0,99.03
2025-11-16 20:00:00,M5R,1.8,46.0,99.04
2025-11-16 21:00:00,M5R,1.3,46.0,99.1
2025-11-16 22:00:00,M5R,0.8,54.0,99.1
2025-11-16 23:00:00,M5R,0.7,60.0,99.12
2025-11-17 00:00:00,M5R,0.2,62.0,99.13
2025-11-17 01:00:00,M5R,0.1,64.0,99.14
2025-11-17 02:00:00,M5R,0.0,64.0,99.16
2025-11-17 03:00:00,M5R,0.5,74.0,99.25
2025-11-17 04:00:00,M5R,0.6,71.0,99.31
2025-11-17 05:00:00,M5R,0.9,65.0,99.37
2025-11-17 06:00:00,M5R,0.9,56.0,99.45
2025-11-17 07:00:00,M5R,1.4,55.0,99.53
2025-11-17 08:00:00,M5R,1.5,54.0,99.61
2025-11-17 09:00:00,M5R,1.9,51.0,99.66
2025-11-17 10:00:00,M5R,3.0,50.0,99.73
2025-11-17 11:00:00,M5R,3.3,50.0,99.8
2025-11-17 12:00:00,M5R,4.6,39.0,99.78
2025-11-17 13:00:00,M5R,4.4,43.0,99.79
2025-11-17 14:00:00,M5R,4.6,44.0,99.85
2025-11-17 15:00:00,M5R,4.6,43.0,99.9
2025-11-17 16:00:00,M5R,4.2,43.0,99.99
2025-11-17 17:00:00,M5R,3.6,47.0,100.06
2025-11-17 18:00:00,M5R,3.2,50.0,100.17
2025-11-17 19:00:00,M5R,2.4,52.0,100.24
2025-11-17 20:00:00,M5R,1.9,57.0,100.29
2025-11-17 21:00:00,M5R,1.4,61.0,100.32
2025-11-17 22:00:00,M5R,1.2,65.0,100.35
2025-11-17 23:00:00,M5R,1.4,65.0,100.4
2025-11-18 00:00:00,M5R,2.2,69.0,100.41
2025-11-18 01:00:00,M5R,2.2,68.0,100.38
2025-11-18 02:00:00,M5R,2.0,70.0,100.44
2025-11-18 03:00:00,M5R,2.0,69.0,100.49
2025-11-18 04:00:00,M5R,1.9,70.0,100.51
2025-11-18 05:00:00,M5R,2.3,70.0,100.58
2025-11-18 06:00:00,M5R,2.7,68.0,100.59
2025-11-18 07:00:00,M5R,2.9,66.0,100.66
2025-11-18 08:00:00,M5R,3.1,65.0,100.7
2025-11-18 09:00:00,M5R,3.4,63.0,100.69
2025-11-18 10:00:00,M5R,4.3,57.0,100.7
2025-11-18 11:00:00,M5R,4.9,53.0,100.69
2025-11-18 12:00:00,M5R,5.0,47.0,100.61
2025-11-18 13:00:00,M5R,5.1,46.0,100.53
2025-11-18 14:00:00,M5R,5.5,47.0,100.49
2025-11-18 15:00:00,M5R,5.4,51.0,100.49
2025-11-18 16:00:00,M5R,5.4,50.0,100.48
2025-11-18 17:00:00,M5R,4.8,54.0,100.49
2025-11-18 18:00:00,M5R,3.7,58.0,100.49
2025-11-18 19:00:00,M5R,3.7,59.0,100.54
2025-11-18 20:00:00,M5R,3.1,59.0,100.58
2025-11-18 21:00:00,M5R,3.1,59.0,100.57
2025-11-18 22:00:00,M5R,2.8,59.0,100.59
2025-11-18 23:00:00,M5R,2.5,60.0,100.6
2025-11-19 00:00:00,M5R,2.5,59.0,100.61
2025-11-19 01:00:00,M5R,1.7,60.0,100.62
2025-11-19 02:00:00,M5R,1.7,61.0,100.64
2025-11-19 03:00:00,M5R,1.2,65.0,100.69
2025-11-19 04:00:00,M5R,1.2,65.0,100.73
2025-11-19 05:00:00,M5R,0.7,68.0,100.78
2025-11-19 06:00:00,M5R,1.0,64.0,100.83
2025-11-19 07:00:00,M5R,1.1,65.0,100.89
2025-11-19 08:00:00,M5R,0.8,70.0,100.92
2025-11-19 09:00:00,M5R,2.0,61.0,100.97
2025-11-19 10:00:00,M5R,3.1,58.0,101.01
2025-11-19 11:00:00,M5R,4.3,56.0,101.03
2025-11-19 12:00:00,M5R,5.1,52.0,101.01
2025-11-19 13:00:00,M5R,6.1,45.0,100.99
2025-11-19 14:00:00,M5R,6.1,47.0,101.0
2025-11-19 15:00:00,M5R,5.5,55.0,100.97
2025-11-19 16:00:00,M5R,5.1,54.0,100.97
2025-11-19 17:00:00,M5R,4.4,61.0,100.97
2025-11-19 18:00:00,M5R,4.5,64.0,101.06
2025-11-19 19:00:00,M5R,4.2,65.0,101.08
2025-11-19 20:00:00,M5R,4.0,58.0,101.07
2025-11-19 21:00:00,M5R,3.7,55.0,101.09
2025-11-19 22:00:00,M5R,3.5,57.0,101.1
2025-11-19 23:00:00,M5R,3.4,57.0,101.06
2025-11-20 00:00:00,M5R,3.2,56.0,101.02
2025-11-20 01:00:00,M5R,2.6,57.0,100.99
2025-11-20 02:00:00,M5R,2.5,61.0,100.95
2025-11-20 03:00:00,M5R,2.3,70.0,100.94
2025-11-20 04:00:00,M5R,2.6,70.0,100.93
2025-11-20 05:00:00,M5R,2.0,73.0,100.94
2025-11-20 06:00:00,M5R,1.9,74.0,100.93
2025-11-20 07:00:00,M5R,1.8,76.0,100.97
2025-11-20 08:00:00,M5R,2.4,83.0,100.96
2025-11-20 09:00:00,M5R,3.2,81.0,100.94
2025-11-20 10:00:00,M5R,4.5,76.0,100.89
2025-11-20 11:00:00,M5R,5.4,78.0,100.83
2025-11-20 12:00:00,M5R,5.1,77.0,100.78
2025-11-20 13:00:00,M5R,5.7,71.0,100.68
2025-11-20 14:00:00,M5R,5.4,73.0,100.62
2025-11-20 15:00:00,M5R,5.1,75.0,100.57
2025-11-20 16:00:00,M5R,5.1,75.0,100.6
2025-11-20 17:00:00,M5R,4.5,81.0,100.53
2025-11-20 18:00:00,M5R,4.3,82.0,100.46
2025-11-20 19:00:00,M5R,4.7,81.0,100.44
2025-11-20 20:00:00,M5R,5.3,76.0,100.5
2025-11-20 21:00:00,M5R,5.6,70.0,100.44
2025-11-20 22:00:00,M5R,5.9,69.0,100.33
2025-11-20 23:00:00,M5R,5.6,71.0,100.3
2025-11-21 00:00:00,M5R,5.8,76.0,100.15
2025-11-21 01:00:00,M5R,6.0,77.0,100.13
2025-11-21 02:00:00,M5R,6.2,79.0,100.06
2025-11-21 03:00:00,M5R,6.4,80.0,100.06
2025-11-21 04:00:00,M5R,6.3,91.0,100.04
2025-11-21 05:00:00,M5R,6.6,94.0,99.97
2025-11-21 06:00:00,M5R,6.9,94.0,99.91
2025-11-21 07:00:00,M5R,7.4,90.0,99.94
2025-11-21 08:00:00,M5R,7.8,88.0,99.98
2025-11-21 09:00:00,M5R,7.8,89.0,99.96
2025-11-21 10:00:00,M5R,9.0,81.0,99.96
2025-11-21 11:00:00,M5R,10.2,65.0,99.94
2025-11-21 12:00:00,M5R,8.6,76.0,99.92
2025-11-21 13:00:00,M5R,9.3,68.0,99.89
2025-11-21 14:00:00,M5R,9.9,60.0,99.82
2025-11-21 15:00:00,M5R,9.9,55.0,99.82
2025-11-21 16:00:00,M5R,9.5,58.0,99.86
2025-11-21 17:00:00,M5R,8.2,62.0,99.87
2025-11-21 18:00:00,M5R,7.5,64.0,99.91
2025-11-21 19:00:00,M5R,6.7,66.0,99.92
2025-11-21 20:00:00,M5R,5.7,70.0,99.93
2025-11-21 21:00:00,M5R,5.3,72.0,99.92
2025-11-21 22:00:00,M5R,6.2,63.0,99.88
2025-11-21 23:00:00,M5R,5.4,69.0,99.87
2025-11-22 00:00:00,M5R,5.6,69.0,99.89
2025-11-22 01:00:00,M5R,5.5,68.0,99.89
2025-11-22 02:00:00,M5R,5.5,68.0,99.9
2025-11-22 03:00:00,M5R,5.2,68.0,99.92
2025-11-22 04:00:00,M5R,4.5,69.0,99.92
2025-11-22 05:00:00,M5R,3.7,70.0,99.97
2025-11-22 06:00:00,M5R,3.6,71.0,100.01
2025-11-22 07:00:00,M5R,3.4,72.0,100.09
2025-11-22 08:00:00,M5R,3.6,72.0,100.14
2025-11-22 09:00:00,M5R,4.4,69.0,100.21
2025-11-22 10:00:00,M5R,4.7,66.0,100.23
2025-11-22 11:00:00,M5R,5.7,53.0,100.23
2025-11-22 12:00:00,M5R,5.8,53.0,100.26
2025-11-22 13:00:00,M5R,6.2,50.0,100.22
2025-11-22 14:00:00,M5R,5.5,53.0,100.21
2025-11-22 15:00:00,M5R,5.7,45.0,100.21
2025-11-22 16:00:00,M5R,5.1,46.0,100.28
2025-11-22 17:00:00,M5R,4.3,50.0,100.3
2025-11-22 18:00:00,M5R,4.6,50.0,100.28
2025-11-22 19:00:00,M5R,4.8,51.0,100.29
2025-11-22 20:00:00,M5R,4.1,55.0,100.24
2025-11-22 21:00:00,M5R,4.0,55.0,100.21
2025-11-22 22:00:00,M5R,4.1,62.0,100.21
2025-11-22 23:00:00,M5R,4.1,62.0,100.16
2025-11-23 00:00:00,M5R,4.7,66.0,100.13
2025-11-23 01:00:00,M5R,5.0,72.0,100.07
2025-11-23 02:00:00,M5R,3.6,80.0,100.0
2025-11-23 03:00:00,M5R,3.7,84.0,99.89
2025-11-23 04:00:00,M5R,4.4,80.0,99.77
2025-11-23 05:00:00,M5R,4.9,81.0,99.72
2025-11-23 06:00:00,M5R,5.1,86.0,99.65
2025-11-23 07:00:00,M5R,5.0,88.0,99.62
2025-11-23 08:00:00,M5R,5.2,83.0,99.61
2025-11-23 09:00:00,M5R,5.8,78.0,99.62
2025-11-23 10:00:00,M5R,6.8,74.0,99.66
2025-11-23 11:00:00,M5R,8.2,66.0,99.69
2025-11-23 12:00:00,M5R,9.3,55.0,99.69
2025-11-23 13:00:00,M5R,9.3,58.0,99.71
2025-11-23 14:00:00,M5R,7.2,72.0,99.8
2025-11-23 15:00:00,M5R,8.2,60.0,99.84
2025-11-23 16:00:00,M5R,7.7,63.0,99.92
2025-11-23 17:00:00,M5R,7.0,68.0,100.06
2025-11-23 18:00:00,M5R,7.1,57.0,100.12
2025-11-23 19:00:00,M5R,7.2,58.0,100.15
2025-11-23 20:00:00,M5R,7.0,59.0,100.23
2025-11-23 21:00:00,M5R,5.9,70.0,100.31
2025-11-23 22:00:00,M5R,5.7,70.0,100.36
2025-11-23 23:00:00,M5R,5.3,70.0,100.43
2025-11-24 00:00:00,M5R,4.6,73.0,100.48
2025-11-24 01:00:00,M5R,4.2,69.0,100.56
2025-11-24 02:00:00,M5R,3.8,69.0,100.61
2025-11-24 03:00:00,M5R,3.1,72.0,100.71
2025-11-24 04:00:00,M5R,2.0,76.0,100.75
2025-11-24 05:00:00,M5R,1.5,77.0,100.8
2025-11-24 06:00:00,M5R,1.3,79.0,100.86
2025-11-24 07:00:00,M5R,0.8,82.0,100.96
2025-11-24 08:00:00,M5R,1.2,83.0,101.01
2025-11-24 09:00:00,M5R,3.5,73.0,100.96
2025-11-24 10:00:00,M5R,5.8,68.0,100.93
2025-11-24 11:00:00,M5R,5.8,71.0,100.96
2025-11-24 12:00:00,M5R,6.4,65.0,100.94
2025-11-24 13:00:00,M5R,7.3,64.0,100.89
2025-11-24 14:00:00,M5R,7.2,61.0,100.79
2025-11-24 15:00:00,M5R,7.5,62.0,100.81
2025-11-24 16:00:00,M5R,7.2,63.0,100.8
2025-11-24 17:00:00,M5R,7.3,67.0,100.69
2025-11-24 18:00:00,M5R,6.9,74.0,100.67
2025-11-24 19:00:00,M5R,6.8,75.0,100.63
2025-11-24 20:00:00,M5R,6.8,74.0,100.58
2025-11-24 21:00:00,M5R,6.4,77.0,100.56
2025-11-24 22:00:00,M5R,6.5,78.0,100.51
2025-11-24 23:00:00,M5R,6.8,78.0,100.47
2025-11-25 00:00:00,M5R,6.7,80.0,100.45
2025-11-25 01:00:00,M5R,6.5,81.0,100.41
2025-11-25 02:00:00,M5R,6.4,81.0,100.39
2025-11-25 03:00:00,M5R,6.5,79.0,100.3
2025-11-25 04:00:00,M5R,6.9,81.0,100.27
2025-11-25 05:00:00,M5R,6.7,83.0,100.33
2025-11-25 06:00:00,M5R,7.1,78.0,100.21
2025-11-25 07:00:00,M5R,7.3,76.0,100.19
2025-11-25 08:00:00,M5R,7.2,74.0,100.19
2025-11-25 09:00:00,M5R,7.8,71.0,100.16
2025-11-25 10:00:00,M5R,8.3,67.0,100.1
2025-11-25 11:00:00,M5R,9.2,57.0,100.04
2025-11-25 12:00:00,M5R,9.0,59.0,99.86
2025-11-25 13:00:00,M5R,9.0,58.0,99.81
2025-11-25 14:00:00,M5R,7.8,70.0,99.73
2025-11-25 15:00:00,M5R,7.6,78.0,99.66
2025-11-25 16:00:00,M5R,7.1,86.0,99.62
2025-11-25 17:00:00,M5R,6.9,92.0,99.56
2025-11-25 18:00:00,M5R,6.7,95.0,99.54
2025-11-25 19:00:00,M5R,7.4,96.0,99.47
2025-11-25 20:00:00,M5R,7.5,96.0,99.42
2025-11-25 21:00:00,M5R,7.7,97.0,99.39
2025-11-25 22:00:00,M5R,7.5,97.0,99.33
2025-11-25 23:00:00,M5R,7.5,98.0,99.31
2025-11-26 00:00:00,M5R,7.6,98.0,99.26
2025-11-26 01:00:00,M5R,7.8,98.0,99.2
2025-11-26 02:00:00,M5R,7.9,98.0,99.18
2025-11-26 03:00:00,M5R,8.9,98.0,99.18
2025-11-26 04:00:00,M5R,8.8,98.0,99.14
2025-11-26 05:00:00,M5R,8.5,97.0,99.1
2025-11-26 06:00:00,M5R,9.0,97.0,99.0
2025-11-26 07:00:00,M5R,9.0,96.0,99.03
2025-11-26 08:00:00,M5R,9.3,95.0,99.0
2025-11-26 09:00:00,M5R,9.5,93.0,98.97
2025-11-26 10:00:00,M5R,10.3,90.0,98.92
2025-11-26 11:00:00,M5R,11.0,87.0,98.82
2025-11-26 12:00:00,M5R,10.4,93.0,98.74
2025-11-26 13:00:00,M5R,9.1,78.0,98.72
2025-11-26 14:00:00,M5R,8.5,58.0,98.81
2025-11-26 15:00:00,M5R,6.9,55.0,98.93
2025-11-26 16:00:00,M5R,5.8,58.0,99.02
2025-11-26 17:00:00,M5R,4.9,59.0,99.06
2025-11-26 18:00:00,M5R,4.8,58.0,99.11
2025-11-26 19:00:00,M5R,4.5,54.0,99.09
2025-11-26 20:00:00,M5R,3.7,59.0,99.09
2025-11-26 21:00:00,M5R,3.1,62.0,99.1
2025-11-26 22:00:00,M5R,2.7,61.0,99.09
2025-11-26 23:00:00,M5R,2.6,62.0,99.07
2025-11-27 00:00:00,M5R,2.7,58.0,99.08
2025-11-27 01:00:00,M5R,2.3,61.0,99.09
2025-11-27 02:00:00,M5R,2.2,64.0,99.1
2025-11-27 03:00:00,M5R,2.4,60.0,99.11
2025-11-27 04:00:00,M5R,2.3,61.0,99.14
2025-11-27 05:00:00,M5R,2.3,61.0,99.19
2025-11-27 06:00:00,M5R,1.9,66.0,99.2
2025-11-27 07:00:00,M5R,1.4,70.0,99.21
2025-11-27 08:00:00,M5R,1.9,68.0,99.23
2025-11-27 09:00:00,M5R,2.2,67.0,99.28
2025-11-27 10:00:00,M5R,2.8,67.0,99.34
2025-11-27 11:00:00,M5R,3.3,65.0,99.36
2025-11-27 12:00:00,M5R,3.0,61.0,99.34
2025-11-27 13:00:00,M5R,2.5,66.0,99.37
2025-11-27 14:00:00,M5R,1.3,82.0,99.4
2025-11-27 15:00:00,M5R,1.8,81.0,99.4
2025-11-27 16:00:00,M5R,1.8,78.0,99.44
2025-11-27 17:00:00,M5R,1.6,73.0,99.48
2025-11-27 18:00:00,M5R,1.3,78.0,99.5
2025-11-27 19:00:00,M5R,1.2,74.0,99.49
2025-11-27 20:00:00,M5R,1.1,76.0,99.46
2025-11-27 21:00:00,M5R,1.0,77.0,99.44
2025-11-27 22:00:00,M5R,0.9,76.0,99.43
2025-11-27 23:00:00,M5R,0.7,77.0,99.43
2025-11-28 00:00:00,M5R,0.7,73.0,99.42
2025-11-28 01:00:00,M5R,0.4,70.0,99.44
2025-11-28 02:00:00,M5R,0.4,71.0,99.47
2025-11-28 03:00:00,M5R,0.4,72.0,99.48
2025-11-28 04:00:00,M5R,0.4,65.0,99.48
2025-11-28 05:00:00,M5R,0.3,71.0,99.5
2025-11-28 06:00:00,M5R,0.5,68.0,99.55
2025-11-28 07:00:00,M5R,0.5,67.0,99.62
2025-11-28 08:00:00,M5R,0.5,67.0,99.68
2025-11-28 09:00:00,M5R,0.8,69.0,99.75
2025-11-28 10:00:00,M5R,1.3,69.0,99.85
2025-11-28 11:00:00,M5R,2.0,66.0,99.9
2025-11-28 12:00:00,M5R,2.4,64.0,99.94
2025-11-28 13:00:00,M5R,3.0,54.0,99.97
2025-11-28 14:00:00,M5R,2.5,53.0,100.05
2025-11-28 15:00:00,M5R,2.5,55.0,100.14
2025-11-28 16:00:00,M5R,2.1,54.0,100.27
2025-11-28 17:00:00,M5R,1.2,60.0,100.4
2025-11-28 18:00:00,M5R,0.9,54.0,100.52
2025-11-28 19:00:00,M5R,0.5,53.0,100.64
2025-11-28 20:00:00,M5R,-0.1,64.0,100.73
2025-11-28 21:00:00,M5R,-0.5,71.0,100.78
2025-11-28 22:00:00,M5R,-0.8,69.0,100.85
2025-11-28 23:00:00,M5R,-0.7,72.0,100.93
2025-11-29 00:00:00,M5R,-1.1,76.0,101.0
2025-11-29 01:00:00,M5R,-1.5,72.0,101.07
2025-11-29 02:00:00,M5R,-1.6,73.0,101.17
2025-11-29 03:00:00,M5R,-1.3,72.0,101.25
2025-11-29 04:00:00,M5R,-1.7,75.0,101.3
2025-11-29 05:00:00,M5R,-1.9,76.0,101.35
2025-11-29 06:00:00,M5R,-2.3,75.0,101.43
2025-11-29 07:00:00,M5R,-2.1,69.0,101.51
2025-11-29 08:00:00,M5R,-2.1,70.0,101.58
2025-11-29 09:00:00,M5R,-0.5,62.0,101.68
2025-11-29 10:00:00,M5R,0.5,59.0,101.76
2025-11-29 11:00:00,M5R,0.6,59.0,101.8
2025-11-29 12:00:00,M5R,0.9,61.0,101.73
2025-11-29 13:00:00,M5R,1.2,63.0,101.68
2025-11-29 14:00:00,M5R,1.3,58.0,101.65
2025-11-29 15:00:00,M5R,1.5,52.0,101.67
2025-11-29 16:00:00,M5R,1.4,57.0,101.66
2025-11-29 17:00:00,M5R,1.1,60.0,101.62
2025-11-29 18:00:00,M5R,0.8,62.0,101.58
2025-11-29 19:00:00,M5R,0.5,61.0,101.47
2025-11-29 20:00:00,M5R,1.1,58.0,101.39
2025-11-29 21:00:00,M5R,1.4,60.0,101.29
2025-11-29 22:00:00,M5R,1.5,59.0,101.19
2025-11-29 23:00:00,M5R,1.8,60.0,101.1
2025-11-30 00:00:00,M5R,1.9,59.0,101.06
2025-11-30 01:00:00,M5R,1.3,64.0,100.91
2025-11-30 02:00:00,M5R,-0.1,88.0,100.75
2025-11-30 03:00:00,M5R,-0.1,93.0,100.57
2025-11-30 04:00:00,M5R,0.1,95.0,100.38
2025-11-30 05:00:00,M5R,0.4,92.0,100.22
2025-11-30 06:00:00,M5R,0.5,93.0,100.06
2025-11-30 07:00:00,M5R,0.5,94.0,99.92
2025-11-30 08:00:00,M5R,1.2,94.0,99.79
2025-11-30 09:00:00,M5R,2.2,93.0,99.71
2025-11-30 10:00:00,M5R,2.7,91.0,99.61
2025-11-30 11:00:00,M5R,3.3,92.0,99.52
2025-11-30 12:00:00,M5R,2.7,90.0,99.48
2025-11-30 13:00:00,M5R,3.4,82.0,99.43
2025-11-30 14:00:00,M5R,3.5,70.0,99.49
2025-11-30 15:00:00,M5R,3.0,69.0,99.58
2025-11-30 16:00:00,M5R,2.7,69.0,99.71
2025-11-30 17:00:00,M5R,2.3,71.0,99.81
2025-11-30 18:00:00,M5R,1.9,74.0,99.87
2025-11-30 19:00:00,M5R,2.0,74.0,99.95
2025-11-30 20:00:00,M5R,2.5,74.0,100.1
2025-11-30 21:00:00,M5R,1.7,72.0,100.33
2025-11-30 22:00:00,M5R,1.3,69.0,100.49
2025-11-30 23:00:00,M5R,1.3,67.0,100.68
2025-12-01 00:00:00,M5R,0.4,69.0,100.86
2025-12-01 01:00:00,M5R,-0.4,75.0,100.97
2025-12-01 02:00:00,M5R,-1.3,66.0,101.13
2025-12-01 03:00:00,M5R,-2.3,59.0,101.26
2025-12-01 04:00:00,M5R,-3.3,60.0,101.37
2025-12-01 05:00:00,M5R,-4.1,61.0,101.45
2025-12-01 06:00:00,M5R,-4.5,65.0,101.53
2025-12-01 07:00:00,M5R,-4.6,71.0,101.62
2025-12-01 08:00:00,M5R,-5.3,67.0,101.62
2025-12-01 09:00:00,M5R,-5.3,68.0,101.69
2025-12-01 10:00:00,M5R,-4.5,64.0,101.73
2025-12-01 11:00:00,M5R,-3.1,58.0,101.66
2025-12-01 12:00:00,M5R,-2.5,57.0,101.59
2025-12-01 13:00:00,M5R,-3.2,63.0,101.53
2025-12-01 14:00:00,M5R,-3.2,68.0,101.44
2025-12-01 15:00:00,M5R,-2.8,69.0,101.37
2025-12-01 16:00:00,M5R,-3.0,71.0,101.31
2025-12-01 17:00:00,M5R,-2.6,71.0,101.25
2025-12-01 18:00:00,M5R,-2.5,71.0,101.21
2025-12-01 19:00:00,M5R,-2.2,70.0,101.16
2025-12-01 20:00:00,M5R,-1.7,68.0,101.02
2025-12-01 21:00:00,M5R,-1.1,65.0,100.88
2025-12-01 22:00:00,M5R,-0.9,63.0,100.82
2025-12-01 23:00:00,M5R,-1.6,77.0,100.74
2025-12-02 00:00:00,M5R,-2.3,89.0,100.63
2025-12-02 01:00:00,M5R,-2.2,88.0,100.51
2025-12-02 02:00:00,M5R,-2.0,89.0,100.41
2025-12-02 03:00:00,M5R,-1.8,81.0,100.29
2025-12-02 04:00:00,M5R,-1.7,86.0,100.2
2025-12-02 05:00:00,M5R,-1.6,89.0,100.15
2025-12-02 06:00:00,M5R,-1.6,87.0,100.09
2025-12-02 07:00:00,M5R,-1.3,83.0,100.09
2025-12-02 08:00:00,M5R,-1.3,87.0,100.09
2025-12-02 09:00:00,M5R,-1.0,86.0,100.04
2025-12-02 10:00:00,M5R,-0.4,83.0,100.02
2025-12-02 11:00:00,M5R,-0.3,78.0,99.99
2025-12-02 12:00:00,M5R,-0.2,74.0,99.95
2025-12-02 13:00:00,M5R,0.4,71.0,99.91
2025-12-02 14:00:00,M5R,0.8,66.0,99.86
2025-12-02 15:00:00,M5R,0.7,68.0,99.85
2025-12-02 16:00:00,M5R,-0.2,67.0,99.89
2025-12-02 17:00:00,M5R,-0.8,73.0,99.98
2025-12-02 18:00:00,M5R,-1.0,74.0,99.99
2025-12-02 19:00:00,M5R,-1.3,74.0,99.99
2025-12-02 20:00:00,M5R,-1.6,76.0,100.05
2025-12-02 21:00:00,M5R,-2.0,80.0,100.08
2025-12-02 22:00:00,M5R,-2.2,81.0,100.11
2025-12-02 23:00:00,M5R,-3.1,82.0,100.12
2025-12-03 00:00:00,M5R,-3.7,87.0,100.13
2025-12-03 01:00:00,M5R,-3.6,82.0,100.12
2025-12-03 02:00:00,M5R,-3.4,78.0,100.14
2025-12-03 03:00:00,M5R,-4.0,82.0,100.1
2025-12-03 04:00:00,M5R,-3.7,79.0,100.08
2025-12-03 05:00:00,M5R,-3.4,76.0,100.08
2025-12-03 06:00:00,M5R,-3.8,80.0,100.08
2025-12-03 07:00:00,M5R,-2.7,79.0,100.07
2025-12-03 08:00:00,M5R,-1.5,75.0,100.02
2025-12-03 09:00:00,M5R,-1.6,73.0,100.03
2025-12-03 10:00:00,M5R,-0.9,74.0,100.1
2025-12-03 11:00:00,M5R,0.4,75.0,100.03
2025-12-03 12:00:00,M5R,1.0,75.0,99.92
2025-12-03 13:00:00,M5R,2.2,68.0,99.83
2025-12-03 14:00:00,M5R,2.2,63.0,99.84
2025-12-03 15:00:00,M5R,1.5,66.0,99.84
2025-12-03 16:00:00,M5R,1.1,69.0,99.87
2025-12-03 17:00:00,M5R,0.7,71.0,99.91
2025-12-03 18:00:00,M5R,-0.1,80.0,99.94
2025-12-03 19:00:00,M5R,-0.1,77.0,99.97
2025-12-03 20:00:00,M5R,-0.6,79.0,100.01
2025-12-03 21:00:00,M5R,-1.1,86.0,100.0
2025-12-03 22:00:00,M5R,-1.3,84.0,99.99
2025-12-03 23:00:00,M5R,-1.3,82.0,99.98
2025-12-04 00:00:00,M5R,-1.2,79.0,99.97
2025-12-04 01:00:00,M5R,-1.1,78.0,99.96
2025-12-04 02:00:00,M5R,-0.9,78.0,100.01
2025-12-04 03:00:00,M5R,-1.0,70.0,100.05
2025-12-04 04:00:00,M5R,-1.4,63.0,100.08
2025-12-04 05:00:00,M5R,-1.5,68.0,100.14
2025-12-04 06:00:00,M5R,-2.1,58.0,100.21
2025-12-04 07:00:00,M5R,-3.1,57.0,100.28
2025-12-04 08:00:00,M5R,-3.8,53.0,100.4
2025-12-04 09:00:00,M5R,-4.4,50.0,100.51
2025-12-04 10:00:00,M5R,-4.3,42.0,100.63
2025-12-04 11:00:00,M5R,-3.8,42.0,100.72
2025-12-04 12:00:00,M5R,-3.7,43.0,100.79
2025-12-04 13:00:00,M5R,-7.2,80.0,100.92
2025-12-04 14:00:00,M5R,-6.7,57.0,101.02
2025-12-04 15:00:00,M5R,-6.5,54.0,101.08
2025-12-04 16:00:00,M5R,-6.7,52.0,101.16
2025-12-04 17:00:00,M5R,-7.8,43.0,101.26
2025-12-04 18:00:00,M5R,-8.3,43.0,101.3
2025-12-04 19:00:00,M5R,-8.5,47.0,101.28
2025-12-04 20:00:00,M5R,-8.8,50.0,101.32
2025-12-04 21:00:00,M5R,-8.8,52.0,101.29
2025-12-04 22:00:00,M5R,-9.0,54.0,101.23
2025-12-04 23:00:00,M5R,-9.1,56.0,101.18
2025-12-05 00:00:00,M5R,-9.4,58.0,101.15
2025-12-05 01:00:00,M5R,-9.5,60.0,101.06
2025-12-05 02:00:00,M5R,-8.8,61.0,101.03
2025-12-05 03:00:00,M5R,-8.8,64.0,100.98
2025-12-05 04:00:00,M5R,-8.3,63.0,100.91
2025-12-05 05:00:00,M5R,-8.3,67.0,100.81
2025-12-05 06:00:00,M5R,-6.4,67.0,100.68
2025-12-05 07:00:00,M5R,-5.0,71.0,100.63
2025-12-05 08:00:00,M5R,-4.2,69.0,100.56
2025-12-05 09:00:00,M5R,-3.7,68.0,100.48
2025-12-05 10:00:00,M5R,-3.2,71.0,100.43
2025-12-05 11:00:00,M5R,-2.7,62.0,100.34
2025-12-05 12:00:00,M5R,-2.1,57.0,100.2
2025-12-05 13:00:00,M5R,-1.2,54.0,100.11
2025-12-05 14:00:00,M5R,-0.8,59.0,100.04
2025-12-05 15:00:00,M5R,-0.7,59.0,99.97
2025-12-05 16:00:00,M5R,-0.4,60.0,99.91
2025-12-05 17:00:00,M5R,-0.6,65.0,99.85
2025-12-05 18:00:00,M5R,-0.4,62.0,99.83
2025-12-05 19:00:00,M5R,-0.2,64.0,99.8
2025-12-05 20:00:00,M5R,-0.4,65.0,99.77
2025-12-05 21:00:00,M5R,-0.5,66.0,99.72
2025-12-05 22:00:00,M5R,0.0,69.0,99.69
2025-12-05 23:00:00,M5R,0.4,68.0,99.59
2025-12-06 00:00:00,M5R,0.7,69.0,99.54
2025-12-06 01:00:00,M5R,0.6,69.0,99.5
2025-12-06 02:00:00,M5R,0.9,71.0,99.46
2025-12-06 03:00:00,M5R,0.7,69.0,99.43
2025-12-06 04:00:00,M5R,0.5,73.0,99.38
2025-12-06 05:00:00,M5R,0.5,75.0,99.27
2025-12-06 06:00:00,M5R,1.5,72.0,99.23
2025-12-06 07:00:00,M5R,1.5,72.0,99.24
2025-12-06 08:00:00,M5R,1.1,71.0,99.29
2025-12-06 09:00:00,M5R,0.3,73.0,99.36
2025-12-06 10:00:00,M5R,-0.1,80.0,99.43
2025-12-06 11:00:00,M5R,0.7,71.0,99.47
2025-12-06 12:00:00,M5R,1.1,69.0,99.46
2025-12-06 13:00:00,M5R,1.4,68.0,99.48
2025-12-06 14:00:00,M5R,1.6,63.0,99.49
2025-12-06 15:00:00,M5R,1.6,63.0,99.53
2025-12-06 16:00:00,M5R,1.7,61.0,99.62
2025-12-06 17:00:00,M5R,1.6,60.0,99.73
2025-12-06 18:00:00,M5R,1.2,64.0,99.83
2025-12-06 19:00:00,M5R,1.2,61.0,99.9
2025-12-06 20:00:00,M5R,1.1,61.0,99.97
2025-12-06 21:00:00,M5R,0.9,60.0,100.05
2025-12-06 22:00:00,M5R,0.0,69.0,100.11
2025-12-06 23:00:00,M5R,-0.4,75.0,100.16
2025-12-07 00:00:00,M5R,-0.5,77.0,100.21
2025-12-07 01:00:00,M5R,-0.3,68.0,100.24
2025-12-07 02:00:00,M5R,-0.3,70.0,100.22
2025-12-07 03:00:00,M5R,-0.3,67.0,100.26
2025-12-07 04:00:00,M5R,-0.3,68.0,100.22
2025-12-07 05:00:00,M5R,-0.3,65.0,100.18
2025-12-07 06:00:00,M5R,-0.4,66.0,100.2
2025-12-07 07:00:00,M5R,-0.4,65.0,100.21
2025-12-07 08:00:00,M5R,-1.2,78.0,100.26
2025-12-07 09:00:00,M5R,-1.6,88.0,100.24
2025-12-07 10:00:00,M5R,-1.5,88.0,100.22
2025-12-07 11:00:00,M5R,-1.1,87.0,100.16
2025-12-07 12:00:00,M5R,-0.5,82.0,100.11
2025-12-07 13:00:00,M5R,-0.3,79.0,100.08
2025-12-07 14:00:00,M5R,-0.1,61.0,100.1
2025-12-07 15:00:00,M5R,-0.5,60.0,100.16
2025-12-07 16:00:00,M5R,-0.9,58.0,100.24
2025-12-07 17:00:00,M5R,-1.0,58.0,100.33
2025-12-07 18:00:00,M5R,-2.5,70.0,100.44
2025-12-07 19:00:00,M5R,-3.0,71.0,100.55
2025-12-07 20:00:00,M5R,-3.3,68.0,100.67
2025-12-07 21:00:00,M5R,-4.1,60.0,100.75
2025-12-07 22:00:00,M5R,-4.5,47.0,100.86
2025-12-07 23:00:00,M5R,-5.1,46.0,100.96
2025-12-08 00:00:00,M5R,-5.8,47.0,101.06
2025-12-08 01:00:00,M5R,-6.9,61.0,101.14
2025-12-08 02:00:00,M5R,-8.1,43.0,101.22
2025-12-08 03:00:00,M5R,-8.6,44.0,101.26
2025-12-08 04:00:00,M5R,-9.1,45.0,101.27
2025-12-08 05:00:00,M5R,-9.5,50.0,101.33
2025-12-08 06:00:00,M5R,-10.4,56.0,101.41
2025-12-08 07:00:00,M5R,-10.5,63.0,101.47
2025-12-08 08:00:00,M5R,-10.4,65.0,101.52
2025-12-08 09:00:00,M5R,-8.9,66.0,101.54
2025-12-08 10:00:00,M5R,-7.9,60.0,101.55
2025-12-08 11:00:00,M5R,-6.4,56.0,101.53
2025-12-08 12:00:00,M5R,-3.9,49.0,101.44
2025-12-08 13:00:00,M5R,-3.6,49.0,101.35
2025-12-08 14:00:00,M5R,-3.8,55.0,101.31
2025-12-08 15:00:00,M5R,-3.7,57.0,101.29
2025-12-08 16:00:00,M5R,-3.6,47.0,101.26
2025-12-08 17:00:00,M5R,-3.8,49.0,101.27
2025-12-08 18:00:00,M5R,-4.1,50.0,101.28
2025-12-08 19:00:00,M5R,-4.6,51.0,101.3
2025-12-08 20:00:00,M5R,-5.1,53.0,101.25
2025-12-08 21:00:00,M5R,-5.5,53.0,101.21
2025-12-08 22:00:00,M5R,-6.2,48.0,101.17
2025-12-08 23:00:00,M5R,-6.3,48.0,101.12
2025-12-09 00:00:00,M5R,-6.2,46.0,101.03
2025-12-09 01:00:00,M5R,-6.3,47.0,100.98
2025-12-09 02:00:00,M5R,-6.3,49.0,100.93
2025-12-09 03:00:00,M5R,-6.8,52.0,100.89
2025-12-09 04:00:00,M5R,-7.2,57.0,100.76
2025-12-09 05:00:00,M5R,-6.4,59.0,100.67
2025-12-09 06:00:00,M5R,-4.5,63.0,100.58
2025-12-09 07:00:00,M5R,-3.6,57.0,100.5
2025-12-09 08:00:00,M5R,-3.3,50.0,100.38
2025-12-09 09:00:00,M5R,-2.9,57.0,100.25
2025-12-09 10:00:00,M5R,-2.6,55.0,100.14
2025-12-09 11:00:00,M5R,-2.1,61.0,99.99
2025-12-09 12:00:00,M5R,-1.7,59.0,99.81
2025-12-09 13:00:00,M5R,-1.8,60.0,99.61
2025-12-09 14:00:00,M5R,-2.4,77.0,99.38
2025-12-09 15:00:00,M5R,-2.4,90.0,99.25
2025-12-09 16:00:00,M5R,-0.9,80.0,99.13
2025-12-09 17:00:00,M5R,-0.4,82.0,99.04
2025-12-09 18:00:00,M5R,0.1,87.0,98.97
2025-12-09 19:00:00,M5R,-0.1,90.0,99.0
2025-12-09 20:00:00,M5R,0.3,87.0,98.97
2025-12-09 21:00:00,M5R,0.9,82.0,98.9
2025-12-09 22:00:00,M5R,1.0,80.0,98.85
2025-12-09 23:00:00,M5R,1.2,81.0,98.86
2025-12-10 00:00:00,M5R,1.0,86.0,98.81
2025-12-10 01:00:00,M5R,1.1,86.0,98.76
2025-12-10 02:00:00,M5R,1.4,84.0,98.72
2025-12-10 03:00:00,M5R,1.5,83.0,98.64
2025-12-10 04:00:00,M5R,1.1,91.0,98.51
2025-12-10 05:00:00,M5R,0.9,94.0,98.33
2025-12-10 06:00:00,M5R,0.6,95.0,98.23
2025-12-10 07:00:00,M5R,0.5,96.0,98.1
2025-12-10 08:00:00,M5R,0.6,96.0,97.98
2025-12-10 09:00:00,M5R,0.7,96.0,97.88
2025-12-10 10:00:00,M5R,0.8,96.0,97.79
2025-12-10 11:00:00,M5R,1.1,95.0,97.69
2025-12-10 12:00:00,M5R,1.4,95.0,97.55
2025-12-10 13:00:00,M5R,1.7,93.0,97.48
2025-12-10 14:00:00,M5R,1.7,93.0,97.44
2025-12-10 15:00:00,M5R,1.7,91.0,97.5
2025-12-10 16:00:00,M5R,1.0,89.0,97.61
2025-12-10 17:00:00,M5R,0.4,88.0,97.77
2025-12-10 18:00:00,M5R,-0.2,80.0,97.94
2025-12-10 19:00:00,M5R,-1.1,78.0,98.11
2025-12-10 20:00:00,M5R,-1.7,76.0,98.27
2025-12-10 21:00:00,M5R,-2.9,74.0,98.43
2025-12-10 22:00:00,M5R,-3.5,75.0,98.54
2025-12-10 23:00:00,M5R,-4.3,84.0,98.66
2025-12-11 00:00:00,M5R,-4.8,63.0,98.77
2025-12-11 01:00:00,M5R,-5.6,63.0,98.86
2025-12-11 02:00:00,M5R,-6.1,67.0,98.98
2025-12-11 03:00:00,M5R,-6.6,62.0,99.03
2025-12-11 04:00:00,M5R,-7.0,57.0,99.05
2025-12-11 05:00:00,M5R,-7.5,65.0,99.12
2025-12-11 06:00:00,M5R,-7.8,67.0,99.2
2025-12-11 07:00:00,M5R,-8.1,69.0,99.24
2025-12-11 08:00:00,M5R,-8.9,73.0,99.33
2025-12-11 09:00:00,M5R,-8.3,68.0,99.33
2025-12-11 10:00:00,M5R,-7.2,63.0,99.4
2025-12-11 11:00:00,M5R,-6.2,60.0,99.38
2025-12-11 12:00:00,M5R,-4.9,57.0,99.35
2025-12-11 13:00:00,M5R,-4.8,54.0,99.35
2025-12-11 14:00:00,M5R,-4.2,54.0,99.37
2025-12-11 15:00:00,M5R,-4.2,51.0,99.42
2025-12-11 16:00:00,M5R,-5.2,53.0,99.51
2025-12-11 17:00:00,M5R,-5.6,56.0,99.58
2025-12-11 18:00:00,M5R,-6.1,57.0,99.63
2025-12-11 19:00:00,M5R,-6.6,59.0,99.72
2025-12-11 20:00:00,M5R,-7.2,60.0,99.82
2025-12-11 21:00:00,M5R,-7.4,62.0,99.9
2025-12-11 22:00:00,M5R,-7.9,64.0,99.95
2025-12-11 23:00:00,M5R,-7.9,64.0,100.02
2025-12-12 00:00:00,M5R,-8.3,62.0,100.06
2025-12-12 01:00:00,M5R,-8.4,64.0,100.09
2025-12-12 02:00:00,M5R,-8.4,66.0,100.11
2025-12-12 03:00:00,M5R,-8.3,64.0,100.17
2025-12-12 04:00:00,M5R,-8.0,64.0,100.15
2025-12-12 05:00:00,M5R,-8.1,73.0,100.15
2025-12-12 06:00:00,M5R,-8.0,74.0,100.19
2025-12-12 07:00:00,M5R,-7.5,71.0,100.21
2025-12-12 08:00:00,M5R,-7.2,73.0,100.23
2025-12-12 09:00:00,M5R,-5.3,72.0,100.26
2025-12-12 10:00:00,M5R,-2.7,65.0,100.26
2025-12-12 11:00:00,M5R,-1.0,62.0,100.28
2025-12-12 12:00:00,M5R,-0.4,59.0,100.24
2025-12-12 13:00:00,M5R,0.1,60.0,100.23
2025-12-12 14:00:00,M5R,0.0,59.0,100.24
2025-12-12 15:00:00,M5R,0.1,60.0,100.24
2025-12-12 16:00:00,M5R,-0.1,62.0,100.29
2025-12-12 17:00:00,M5R,-0.5,64.0,100.3
2025-12-12 18:00:00,M5R,-1.1,64.0,100.34
2025-12-12 19:00:00,M5R,-1.3,61.0,100.34
2025-12-12 20:00:00,M5R,-1.7,64.0,100.33
2025-12-12 21:00:00,M5R,-1.5,62.0,100.32
2025-12-12 22:00:00,M5R,-2.2,63.0,100.31
2025-12-12 23:00:00,M5R,-2.1,58.0,100.24
2025-12-13 00:00:00,M5R,-2.1,59.0,100.17
2025-12-13 01:00:00,M5R,-1.7,64.0,100.09
2025-12-13 02:00:00,M5R,-2.0,64.0,100.05
2025-12-13 03:00:00,M5R,-1.9,67.0,100.02
2025-12-13 04:00:00,M5R,-2.0,76.0,99.89
2025-12-13 05:00:00,M5R,-1.4,80.0,99.81
2025-12-13 06:00:00,M5R,-2.0,89.0,99.76
2025-12-13 07:00:00,M5R,-1.9,86.0,99.69
2025-12-13 08:00:00,M5R,-1.6,83.0,99.67
2025-12-13 09:00:00,M5R,-0.5,73.0,99.76
2025-12-13 10:00:00,M5R,-1.6,52.0,99.84
2025-12-13 11:00:00,M5R,-2.0,51.0,99.89
2025-12-13 12:00:00,M5R,-1.6,47.0,99.9
2025-12-13 13:00:00,M5R,-1.5,43.0,99.84
2025-12-13 14:00:00,M5R,-2.0,42.0,99.86
2025-12-13 15:00:00,M5R,-2.9,45.0,99.98
2025-12-13 16:00:00,M5R,-3.7,49.0,100.01
2025-12-13 17:00:00,M5R,-4.4,52.0,100.03
2025-12-13 18:00:00,M5R,-4.9,53.0,100.13
2025-12-13 19:00:00,M5R,-5.2,53.0,100.25
2025-12-13 20:00:00,M5R,-5.7,60.0,100.26
2025-12-13 21:00:00,M5R,-6.1,56.0,100.26
2025-12-13 22:00:00,M5R,-6.5,59.0,100.27
2025-12-13 23:00:00,M5R,-6.8,62.0,100.3
2025-12-14 00:00:00,M5R,-7.2,59.0,100.29
2025-12-14 01:00:00,M5R,-7.8,63.0,100.31
2025-12-14 02:00:00,M5R,-8.6,66.0,100.34
2025-12-14 03:00:00,M5R,-9.3,68.0,100.36
2025-12-14 04:00:00,M5R,-9.8,68.0,100.37
2025-12-14 05:00:00,M5R,-10.1,67.0,100.41
2025-12-14 06:00:00,M5R,-10.6,70.0,100.47
2025-12-14 07:00:00,M5R,-10.3,69.0,100.56
2025-12-14 08:00:00,M5R,-10.5,70.0,100.63
2025-12-14 09:00:00,M5R,-9.7,69.0,100.68
2025-12-14 10:00:00,M5R,-8.8,63.0,100.75
2025-12-14 11:00:00,M5R,-7.8,55.0,100.77
2025-12-14 12:00:00,M5R,-6.4,44.0,100.81
2025-12-14 13:00:00,M5R,-6.9,40.0,100.85
2025-12-14 14:00:00,M5R,-6.7,43.0,100.89
2025-12-14 15:00:00,M5R,-6.5,48.0,100.97
2025-12-14 16:00:00,M5R,-7.4,50.0,101.11
2025-12-14 17:00:00,M5R,-8.4,56.0,101.23
2025-12-14 18:00:00,M5R,-8.7,61.0,101.27
2025-12-14 19:00:00,M5R,-8.9,60.0,101.33
2025-12-14 20:00:00,M5R,-9.3,63.0,101.4
2025-12-14 21:00:00,M5R,-9.6,64.0,101.38
2025-12-14 22:00:00,M5R,-9.1,65.0,101.39
2025-12-14 23:00:00,M5R,-9.1,65.0,101.39
2025-12-15 00:00:00,M5R,-8.8,67.0,101.36
2025-12-15 01:00:00,M5R,-9.0,72.0,101.26
2025-12-15 02:00:00,M5R,-9.6,74.0,101.33
2025-12-15 03:00:00,M5R,-9.4,75.0,101.29
2025-12-15 04:00:00,M5R,-8.4,75.0,101.26
2025-12-15 05:00:00,M5R,-7.2,76.0,101.23
2025-12-15 06:00:00,M5R,-6.7,78.0,101.19
2025-12-15 07:00:00,M5R,-6.6,76.0,101.15
2025-12-15 08:00:00,M5R,-6.2,80.0,101.12
2025-12-15 09:00:00,M5R,-4.8,79.0,101.11
2025-12-15 10:00:00,M5R,-4.0,75.0,101.08
2025-12-15 11:00:00,M5R,-3.7,71.0,101.02
2025-12-15 12:00:00,M5R,-3.6,63.0,100.92
2025-12-15 13:00:00,M5R,-4.4,76.0,100.82
2025-12-15 14:00:00,M5R,-4.7,70.0,100.73
2025-12-15 15:00:00,M5R,-5.0,80.0,100.59
2025-12-15 16:00:00,M5R,-4.5,71.0,100.46
2025-12-15 17:00:00,M5R,-4.2,71.0,100.4
2025-12-15 18:00:00,M5R,-4.1,71.0,100.42
2025-12-15 19:00:00,M5R,-4.2,59.0,100.43
2025-12-15 20:00:00,M5R,-4.8,51.0,100.49
2025-12-15 21:00:00,M5R,-5.4,53.0,100.49
2025-12-15 22:00:00,M5R,-5.5,56.0,100.46
2025-12-15 23:00:00,M5R,-5.9,58.0,100.48
2025-12-16 00:00:00,M5R,-5.8,59.0,100.45
2025-12-16 01:00:00,M5R,-5.9,62.0,100.41
2025-12-16 02:00:00,M5R,-5.7,62.0,100.45
2025-12-16 03:00:00,M5R,-5.7,64.0,100.46
2025-12-16 04:00:00,M5R,-5.6,66.0,100.47
2025-12-16 05:00:00,M5R,-5.4,67.0,100.49
2025-12-16 06:00:00,M5R,-5.3,67.0,100.52
2025-12-16 07:00:00,M5R,-5.2,68.0,100.59
2025-12-16 08:00:00,M5R,-4.7,70.0,100.6
2025-12-16 09:00:00,M5R,-4.2,65.0,100.63
2025-12-16 10:00:00,M5R,-3.8,63.0,100.59
2025-12-16 11:00:00,M5R,-3.6,67.0,100.5
2025-12-16 12:00:00,M5R,-3.3,71.0,100.41
2025-12-16 13:00:00,M5R,-3.4,73.0,100.3
2025-12-16 14:00:00,M5R,-2.4,79.0,100.18
2025-12-16 15:00:00,M5R,-1.8,76.0,100.12
2025-12-16 16:00:00,M5R,-1.6,68.0,100.02
2025-12-16 17:00:00,M5R,-1.2,69.0,99.97
2025-12-16 18:00:00,M5R,-0.3,64.0,99.94
2025-12-16 19:00:00,M5R,0.5,63.0,99.87
2025-12-16 20:00:00,M5R,1.3,63.0,99.75
2025-12-16 21:00:00,M5R,1.6,66.0,99.64
2025-12-16 22:00:00,M5R,2.0,69.0,99.55
2025-12-16 23:00:00,M5R,2.3,71.0,99.46
2025-12-17 00:00:00,M5R,2.3,74.0,99.38
2025-12-17 01:00:00,M5R,2.3,78.0,99.31
2025-12-17 02:00:00,M5R,2.9,80.0,99.22
2025-12-17 03:00:00,M5R,3.0,79.0,99.18
2025-12-17 04:00:00,M5R,3.2,80.0,99.09
2025-12-17 05:00:00,M5R,3.6,76.0,99.03
2025-12-17 06:00:00,M5R,3.9,71.0,99.03
2025-12-17 07:00:00,M5R,4.1,69.0,99.04
2025-12-17 08:00:00,M5R,4.1,68.0,99.09
2025-12-17 09:00:00,M5R,4.2,67.0,99.2
2025-12-17 10:00:00,M5R,4.1,69.0,99.27
2025-12-17 11:00:00,M5R,5.1,68.0,99.35
2025-12-17 12:00:00,M5R,5.1,70.0,99.39
2025-12-17 13:00:00,M5R,5.2,72.0,99.48
2025-12-17 14:00:00,M5R,5.4,69.0,99.68
2025-12-17 15:00:00,M5R,5.1,65.0,99.88
2025-12-17 16:00:00,M5R,4.4,60.0,100.01
2025-12-17 17:00:00,M5R,3.9,62.0,100.14
2025-12-17 18:00:00,M5R,3.9,63.0,100.32
2025-12-17 19:00:00,M5R,3.7,64.0,100.46
2025-12-17 20:00:00,M5R,3.5,62.0,100.52
2025-12-17 21:00:00,M5R,3.1,68.0,100.56
2025-12-17 22:00:00,M5R,2.6,68.0,100.6
2025-12-17 23:00:00,M5R,2.8,69.0,100.55
2025-12-18 00:00:00,M5R,1.8,73.0,100.51
2025-12-18 01:00:00,M5R,2.5,75.0,100.44
2025-12-18 02:00:00,M5R,2.7,80.0,100.43
2025-12-18 03:00:00,M5R,2.6,91.0,100.41
2025-12-18 04:00:00,M5R,1.9,91.0,100.34
2025-12-18 05:00:00,M5R,2.5,86.0,100.29
2025-12-18 06:00:00,M5R,2.7,83.0,100.27
2025-12-18 07:00:00,M5R,2.6,83.0,100.22
2025-12-18 08:00:00,M5R,2.8,80.0,100.11
2025-12-18 09:00:00,M5R,3.6,77.0,100.02
2025-12-18 10:00:00,M5R,5.0,67.0,99.95
2025-12-18 11:00:00,M5R,6.0,62.0,99.85
2025-12-18 12:00:00,M5R,6.0,62.0,99.69
2025-12-18 13:00:00,M5R,6.2,61.0,99.6
2025-12-18 14:00:00,M5R,6.0,64.0,99.5
2025-12-18 15:00:00,M5R,6.4,61.0,99.44
2025-12-18 16:00:00,M5R,6.3,69.0,99.37
2025-12-18 17:00:00,M5R,6.7,72.0,99.25
2025-12-18 18:00:00,M5R,9.6,51.0,99.15
2025-12-18 19:00:00,M5R,10.1,48.0,99.02
2025-12-18 20:00:00,M5R,9.6,49.0,98.93
2025-12-18 21:00:00,M5R,9.0,53.0,98.76
2025-12-18 22:00:00,M5R,9.7,59.0,98.54
2025-12-18 23:00:00,M5R,9.5,68.0,98.36
2025-12-19 00:00:00,M5R,9.3,75.0,98.17
2025-12-19 01:00:00,M5R,9.9,75.0,98.02
2025-12-19 02:00:00,M5R,9.1,82.0,97.84
2025-12-19 03:00:00,M5R,9.1,84.0,97.65
2025-12-19 04:00:00,M5R,8.3,90.0,97.48
2025-12-19 05:00:00,M5R,6.0,80.0,97.45
2025-12-19 06:00:00,M5R,4.2,84.0,97.67
2025-12-19 07:00:00,M5R,2.8,89.0,97.81
2025-12-19 08:00:00,M5R,2.6,90.0,97.92
2025-12-19 09:00:00,M5R,2.6,90.0,97.88
2025-12-19 10:00:00,M5R,2.3,88.0,97.88
2025-12-19 11:00:00,M5R,0.6,69.0,97.97
2025-12-19 12:00:00,M5R,-0.6,65.0,98.13
2025-12-19 13:00:00,M5R,-0.7,64.0,98.22
2025-12-19 14:00:00,M5R,-1.0,68.0,98.32
2025-12-19 15:00:00,M5R,-0.9,59.0,98.49
2025-12-19 16:00:00,M5R,-1.9,50.0,98.69
2025-12-19 17:00:00,M5R,-2.7,55.0,98.89
2025-12-19 18:00:00,M5R,-3.1,62.0,99.02
2025-12-19 19:00:00,M5R,-3.1,56.0,99.17
2025-12-19 20:00:00,M5R,-3.2,61.0,99.35
2025-12-19 21:00:00,M5R,-3.3,58.0,99.58
2025-12-19 22:00:00,M5R,-3.2,59.0,99.83
2025-12-19 23:00:00,M5R,-3.3,64.0,100.05
2025-12-20 00:00:00,M5R,-3.2,63.0,100.19
2025-12-20 01:00:00,M5R,-3.4,64.0,100.29
2025-12-20 02:00:00,M5R,-3.1,65.0,100.43
2025-12-20 03:00:00,M5R,-2.7,64.0,100.45
2025-12-20 04:00:00,M5R,-2.7,62.0,100.5
2025-12-20 05:00:00,M5R,-2.7,62.0,100.5
2025-12-20 06:00:00,M5R,-2.9,66.0,100.46
2025-12-20 07:00:00,M5R,-3.1,65.0,100.36
2025-12-20 08:00:00,M5R,-2.9,66.0,100.38
2025-12-20 09:00:00,M5R,-1.7,72.0,100.34
2025-12-20 10:00:00,M5R,-1.2,72.0,100.26
2025-12-20 11:00:00,M5R,-1.7,72.0,100.05
2025-12-20 12:00:00,M5R,-0.9,67.0,100.0
2025-12-20 13:00:00,M5R,-0.2,64.0,99.83
2025-12-20 14:00:00,M5R,0.1,67.0,99.58
2025-12-20 15:00:00,M5R,1.2,67.0,99.42
2025-12-20 16:00:00,M5R,2.6,59.0,99.26
2025-12-20 17:00:00,M5R,3.6,59.0,99.14
2025-12-20 18:00:00,M5R,4.2,55.0,99.15
2025-12-20 19:00:00,M5R,4.8,52.0,99.1
2025-12-20 20:00:00,M5R,5.2,52.0,99.14
2025-12-20 21:00:00,M5R,4.8,57.0,99.09
2025-12-20 22:00:00,M5R,4.0,61.0,99.1
2025-12-20 23:00:00,M5R,3.8,61.0,99.14
2025-12-21 00:00:00,M5R,3.9,56.0,99.19
2025-12-21 01:00:00,M5R,3.4,54.0,99.23
2025-12-21 02:00:00,M5R,1.7,54.0,99.46
2025-12-21 03:00:00,M5R,-1.0,59.0,99.76
2025-12-21 04:00:00,M5R,-2.7,55.0,100.01
2025-12-21 05:00:00,M5R,-3.7,46.0,100.16
2025-12-21 06:00:00,M5R,-3.8,49.0,100.3
2025-12-21 07:00:00,M5R,-3.8,54.0,100.44
2025-12-21 08:00:00,M5R,-3.7,55.0,100.52
2025-12-21 09:00:00,M5R,-3.4,59.0,100.65
2025-12-21 10:00:00,M5R,-2.7,54.0,100.8
2025-12-21 11:00:00,M5R,-2.4,55.0,100.93
2025-12-21 12:00:00,M5R,-2.9,61.0,100.99
2025-12-21 13:00:00,M5R,-3.4,63.0,101.03
2025-12-21 14:00:00,M5R,-2.6,61.0,101.05
2025-12-21 15:00:00,M5R,-1.8,52.0,101.14
2025-12-21 16:00:00,M5R,-2.1,54.0,101.24
2025-12-21 17:00:00,M5R,-2.2,56.0,101.33
2025-12-21 18:00:00,M5R,-2.5,58.0,101.43
2025-12-21 19:00:00,M5R,-2.4,58.0,101.52
2025-12-21 20:00:00,M5R,-2.4,57.0,101.57
2025-12-21 21:00:00,M5R,-2.6,58.0,101.63
2025-12-21 22:00:00,M5R,-3.1,65.0,101.64
2025-12-21 23:00:00,M5R,-2.9,63.0,101.65
2025-12-22 00:00:00,M5R,-3.2,62.0,101.66
2025-12-22 01:00:00,M5R,-3.3,61.0,101.72
2025-12-22 02:00:00,M5R,-3.9,62.0,101.72
2025-12-22 03:00:00,M5R,-4.0,66.0,101.79
2025-12-22 04:00:00,M5R,-4.4,65.0,101.7
2025-12-22 05:00:00,M5R,-4.8,60.0,101.69
2025-12-22 06:00:00,M5R,-4.5,60.0,101.67
2025-12-22 07:00:00,M5R,-4.5,62.0,101.66
2025-12-22 08:00:00,M5R,-3.7,63.0,101.67
2025-12-22 09:00:00,M5R,-3.0,63.0,101.63
2025-12-22 10:00:00,M5R,-2.4,64.0,101.6
2025-12-22 11:00:00,M5R,-0.7,59.0,101.55
2025-12-22 12:00:00,M5R,0.8,56.0,101.39
2025-12-22 13:00:00,M5R,1.8,50.0,101.32
2025-12-22 14:00:00,M5R,2.7,51.0,101.3
2025-12-22 15:00:00,M5R,3.8,48.0,101.3
2025-12-22 16:00:00,M5R,3.8,53.0,101.26
2025-12-22 17:00:00,M5R,4.0,61.0,101.29
2025-12-22 18:00:00,M5R,3.7,65.0,101.23
2025-12-22 19:00:00,M5R,3.5,76.0,101.19
2025-12-22 20:00:00,M5R,3.1,80.0,101.16
2025-12-22 21:00:00,M5R,2.7,82.0,101.12
2025-12-22 22:00:00,M5R,2.2,88.0,101.08
2025-12-22 23:00:00,M5R,2.0,91.0,101.04
2025-12-23 00:00:00,M5R,2.0,94.0,100.96
2025-12-23 01:00:00,M5R,1.6,94.0,100.85
2025-12-23 02:00:00,M5R,0.5,95.0,100.81
2025-12-23 03:00:00,M5R,0.4,96.0,100.81
2025-12-23 04:00:00,M5R,0.5,96.0,100.69
2025-12-23 05:00:00,M5R,0.5,97.0,100.57
2025-12-23 06:00:00,M5R,0.8,96.0,100.38
2025-12-23 07:00:00,M5R,1.7,96.0,100.31
2025-12-23 08:00:00,M5R,2.0,95.0,100.29
2025-12-23 09:00:00,M5R,2.1,93.0,100.21
2025-12-23 10:00:00,M5R,2.3,93.0,100.19
2025-12-23 11:00:00,M5R,2.3,92.0,100.13
2025-12-23 12:00:00,M5R,2.3,93.0,99.98
2025-12-23 13:00:00,M5R,2.3,94.0,99.85
2025-12-23 14:00:00,M5R,2.4,94.0,99.77
2025-12-23 15:00:00,M5R,2.5,94.0,99.78
2025-12-23 16:00:00,M5R,3.1,91.0,99.77
2025-12-23 17:00:00,M5R,3.8,86.0,99.86
2025-12-23 18:00:00,M5R,3.9,85.0,99.93
2025-12-23 19:00:00,M5R,4.3,83.0,99.95
2025-12-23 20:00:00,M5R,4.6,79.0,100.03
2025-12-23 21:00:00,M5R,4.6,76.0,100.01
2025-12-23 22:00:00,M5R,4.6,68.0,100.06
2025-12-23 23:00:00,M5R,4.2,67.0,100.11
2025-12-24 00:00:00,M5R,4.3,66.0,100.13
2025-12-24 01:00:00,M5R,4.1,62.0,100.23
2025-12-24 02:00:00,M5R,3.8,56.0,100.4
2025-12-24 03:00:00,M5R,3.2,59.0,100.53
2025-12-24 04:00:00,M5R,2.8,61.0,100.6
2025-12-24 05:00:00,M5R,2.3,63.0,100.74
2025-12-24 06:00:00,M5R,1.3,62.0,100.87
2025-12-24 07:00:00,M5R,0.2,64.0,101.06
2025-12-24 08:00:00,M5R,-0.6,64.0,101.23
2025-12-24 09:00:00,M5R,-1.2,62.0,101.34
2025-12-24 10:00:00,M5R,-0.9,62.0,101.4
2025-12-24 11:00:00,M5R,-0.2,59.0,101.44
2025-12-24 12:00:00,M5R,0.3,56.0,101.36
2025-12-24 13:00:00,M5R,1.0,54.0,101.27
2025-12-24 14:00:00,M5R,0.8,53.0,101.21
2025-12-24 15:00:00,M5R,1.3,50.0,101.22
2025-12-24 16:00:00,M5R,1.2,52.0,101.19
2025-12-24 17:00:00,M5R,1.2,55.0,101.18
2025-12-24 18:00:00,M5R,1.4,55.0,101.13
2025-12-24 19:00:00,M5R,1.2,60.0,101.13
2025-12-24 20:00:00,M5R,1.4,62.0,101.06
2025-12-24 21:00:00,M5R,1.3,63.0,100.93
2025-12-24 22:00:00,M5R,1.5,64.0,100.84
2025-12-24 23:00:00,M5R,1.5,60.0,100.71
2025-12-25 00:00:00,M5R,1.7,68.0,100.57
2025-12-25 01:00:00,M5R,1.9,73.0,100.45
2025-12-25 02:00:00,M5R,1.7,68.0,100.47
2025-12-25 03:00:00,M5R,1.6,68.0,100.36
2025-12-25 04:00:00,M5R,1.7,70.0,100.23
2025-12-25 05:00:00,M5R,1.2,74.0,100.06
2025-12-25 06:00:00,M5R,1.5,74.0,100.18
2025-12-25 07:00:00,M5R,1.4,75.0,100.21
2025-12-25 08:00:00,M5R,1.9,76.0,100.32
2025-12-25 09:00:00,M5R,2.9,66.0,100.45
2025-12-25 10:00:00,M5R,2.1,69.0,100.54
2025-12-25 11:00:00,M5R,0.6,61.0,100.66
2025-12-25 12:00:00,M5R,0.3,54.0,100.74
2025-12-25 13:00:00,M5R,0.1,47.0,100.76
2025-12-25 14:00:00,M5R,-0.7,50.0,100.82
2025-12-25 15:00:00,M5R,-1.3,42.0,100.99
2025-12-25 16:00:00,M5R,-1.6,50.0,101.14
2025-12-25 17:00:00,M5R,-2.6,51.0,101.16
2025-12-25 18:00:00,M5R,-3.5,53.0,101.23
2025-12-25 19:00:00,M5R,-4.0,53.0,101.24
2025-12-25 20:00:00,M5R,-4.4,55.0,101.25
2025-12-25 21:00:00,M5R,-5.3,48.0,101.26
2025-12-25 22:00:00,M5R,-5.9,48.0,101.24
2025-12-25 23:00:00,M5R,-6.4,51.0,101.29
2025-12-26 00:00:00,M5R,-6.8,50.0,101.24
2025-12-26 01:00:00,M5R,-7.1,54.0,101.2
2025-12-26 02:00:00,M5R,-7.1,58.0,101.2
2025-12-26 03:00:00,M5R,-6.6,65.0,101.12
2025-12-26 04:00:00,M5R,-5.8,75.0,100.95
2025-12-26 05:00:00,M5R,-5.5,76.0,100.97
2025-12-26 06:00:00,M5R,-4.9,79.0,100.91
2025-12-26 07:00:00,M5R,-4.8,81.0,100.88
2025-12-26 08:00:00,M5R,-4.2,81.0,100.78
2025-12-26 09:00:00,M5R,-4.2,89.0,100.58
2025-12-26 10:00:00,M5R,-4.4,90.0,100.3
2025-12-26 11:00:00,M5R,-4.6,91.0,100.22
2025-12-26 12:00:00,M5R,-4.9,91.0,99.93
2025-12-26 13:00:00,M5R,-4.2,90.0,99.65
2025-12-26 14:00:00,M5R,-3.6,88.0,99.48
2025-12-26 15:00:00,M5R,-2.9,90.0,99.27
2025-12-26 16:00:00,M5R,-2.4,92.0,99.14
2025-12-26 17:00:00,M5R,-1.9,88.0,99.2
2025-12-26 18:00:00,M5R,-1.4,91.0,99.18
2025-12-26 19:00:00,M5R,-2.6,90.0,99.28
2025-12-26 20:00:00,M5R,-4.6,87.0,99.38
2025-12-26 21:00:00,M5R,-5.1,84.0,99.51
2025-12-26 22:00:00,M5R,-7.1,81.0,99.6
2025-12-26 23:00:00,M5R,-7.6,81.0,99.76
2025-12-27 00:00:00,M5R,-8.0,81.0,99.88
2025-12-27 01:00:00,M5R,-7.9,82.0,100.0
2025-12-27 02:00:00,M5R,-8.2,84.0,100.14
2025-12-27 03:00:00,M5R,-8.3,84.0,100.26
2025-12-27 04:00:00,M5R,-8.5,83.0,100.32
2025-12-27 05:00:00,M5R,-8.5,85.0,100.37
2025-12-27 06:00:00,M5R,-8.2,80.0,100.48
2025-12-27 07:00:00,M5R,-7.7,79.0,100.58
2025-12-27 08:00:00,M5R,-7.8,78.0,100.66
2025-12-27 09:00:00,M5R,-7.5,78.0,100.77
2025-12-27 10:00:00,M5R,-7.1,73.0,100.83
2025-12-27 11:00:00,M5R,-6.5,71.0,100.84
2025-12-27 12:00:00,M5R,-6.0,74.0,100.81
2025-12-27 13:00:00,M5R,-5.9,76.0,100.81
2025-12-27 14:00:00,M5R,-6.1,78.0,100.82
2025-12-27 15:00:00,M5R,-5.8,82.0,100.89
2025-12-27 16:00:00,M5R,-5.7,85.0,100.91
2025-12-27 17:00:00,M5R,-5.3,85.0,100.93
2025-12-27 18:00:00,M5R,-5.2,83.0,100.91
2025-12-27 19:00:00,M5R,-5.2,82.0,100.9
2025-12-27 20:00:00,M5R,-3.8,85.0,100.88
2025-12-27 21:00:00,M5R,-3.4,81.0,100.85
2025-12-27 22:00:00,M5R,-3.0,83.0,100.78
2025-12-27 23:00:00,M5R,-2.9,83.0,100.75
2025-12-28 00:00:00,M5R,-2.7,84.0,100.72
2025-12-28 01:00:00,M5R,-2.6,84.0,100.64
2025-12-28 02:00:00,M5R,-2.3,85.0,100.58
2025-12-28 03:00:00,M5R,-2.0,85.0,100.57
2025-12-28 04:00:00,M5R,-1.8,85.0,100.48
2025-12-28 05:00:00,M5R,-1.7,86.0,100.4
2025-12-28 06:00:00,M5R,-1.6,88.0,100.37
2025-12-28 07:00:00,M5R,-1.5,88.0,100.28
2025-12-28 08:00:00,M5R,-1.5,88.0,100.19
2025-12-28 09:00:00,M5R,-1.5,88.0,100.12
2025-12-28 10:00:00,M5R,-1.1,86.0,100.01
2025-12-28 11:00:00,M5R,-0.2,84.0,99.89
2025-12-28 12:00:00,M5R,-0.1,86.0,99.77
2025-12-28 13:00:00,M5R,0.0,91.0,99.57
2025-12-28 14:00:00,M5R,0.5,93.0,99.41
2025-12-28 15:00:00,M5R,0.8,94.0,99.33
2025-12-28 16:00:00,M5R,1.0,94.0,99.17
2025-12-28 17:00:00,M5R,1.2,94.0,99.05
2025-12-28 18:00:00,M5R,0.9,95.0,98.89
2025-12-28 19:00:00,M5R,0.8,95.0,98.65
2025-12-28 20:00:00,M5R,1.1,95.0,98.51
2025-12-28 21:00:00,M5R,1.2,95.0,98.3
2025-12-28 22:00:00,M5R,1.9,95.0,98.12
2025-12-28 23:00:00,M5R,2.6,96.0,97.96
2025-12-29 00:00:00,M5R,2.7,95.0,97.86
2025-12-29 01:00:00,M5R,3.1,98.0,97.62
2025-12-29 02:00:00,M5R,3.9,98.0,97.52
2025-12-29 03:00:00,M5R,4.9,99.0,97.37
2025-12-29 04:00:00,M5R,4.8,99.0,97.25
2025-12-29 05:00:00,M5R,6.3,86.0,97.33
2025-12-29 06:00:00,M5R,6.1,81.0,97.38
2025-12-29 07:00:00,M5R,4.9,68.0,97.44
2025-12-29 08:00:00,M5R,3.9,78.0,97.47
2025-12-29 09:00:00,M5R,2.6,86.0,97.53
2025-12-29 10:00:00,M5R,1.2,84.0,97.62
2025-12-29 11:00:00,M5R,-0.7,79.0,97.66
2025-12-29 12:00:00,M5R,-1.3,71.0,97.69
2025-12-29 13:00:00,M5R,-1.8,69.0,97.69
2025-12-29 14:00:00,M5R,-1.6,70.0,97.76
2025-12-29 15:00:00,M5R,-1.7,72.0,97.9
2025-12-29 16:00:00,M5R,-3.3,57.0,98.08
2025-12-29 17:00:00,M5R,-4.4,53.0,98.28
2025-12-29 18:00:00,M5R,-5.7,52.0,98.46
2025-12-29 19:00:00,M5R,-5.9,54.0,98.63
2025-12-29 20:00:00,M5R,-6.4,54.0,98.81
2025-12-29 21:00:00,M5R,-6.8,57.0,98.89
2025-12-29 22:00:00,M5R,-6.9,54.0,98.93
2025-12-29 23:00:00,M5R,-6.9,57.0,98.98
2025-12-30 00:00:00,M5R,-6.9,57.0,99.02
2025-12-30 01:00:00,M5R,-7.2,60.0,99.1
2025-12-30 02:00:00,M5R,-7.3,62.0,99.16
2025-12-30 03:00:00,M5R,-7.0,63.0,99.24
2025-12-30 04:00:00,M5R,-7.1,64.0,99.29
2025-12-30 05:00:00,M5R,-7.0,65.0,99.28
2025-12-30 06:00:00,M5R,-7.2,66.0,99.33
2025-12-30 07:00:00,M5R,-7.2,63.0,99.36
2025-12-30 08:00:00,M5R,-7.1,62.0,99.36
2025-12-30 09:00:00,M5R,-6.6,61.0,99.38
2025-12-30 10:00:00,M5R,-5.7,59.0,99.38
2025-12-30 11:00:00,M5R,-4.6,54.0,99.35
2025-12-30 12:00:00,M5R,-4.6,52.0,99.3
2025-12-30 13:00:00,M5R,-3.6,53.0,99.25
2025-12-30 14:00:00,M5R,-3.8,63.0,99.22
2025-12-30 15:00:00,M5R,-3.9,68.0,99.23
2025-12-30 16:00:00,M5R,-3.8,61.0,99.26
2025-12-30 17:00:00,M5R,-3.9,55.0,99.29
2025-12-30 18:00:00,M5R,-4.4,67.0,99.36
2025-12-30 19:00:00,M5R,-4.5,74.0,99.4
2025-12-30 20:00:00,M5R,-4.3,69.0,99.41
2025-12-30 21:00:00,M5R,-3.9,61.0,99.37
2025-12-30 22:00:00,M5R,-4.0,59.0,99.36
2025-12-30 23:00:00,M5R,-4.1,59.0,99.35
2025-12-31 00:00:00,M5R,-4.3,59.0,99.29
2025-12-31 01:00:00,M5R,-4.5,63.0,99.26
2025-12-31 02:00:00,M5R,-4.4,63.0,99.26
2025-12-31 03:00:00,M5R,-4.1,60.0,99.19
2025-12-31 04:00:00,M5R,-4.1,64.0,99.18
2025-12-31 05:00:00,M5R,-4.2,67.0,99.17
2025-12-31 06:00:00,M5R,-4.5,70.0,99.19
2025-12-31 07:00:00,M5R,-4.7,72.0,99.21
2025-12-31 08:00:00,M5R,-4.9,73.0,99.21
2025-12-31 09:00:00,M5R,-4.6,71.0,99.21
2025-12-31 10:00:00,M5R,-4.4,70.0,99.21
2025-12-31 11:00:00,M5R,-4.0,66.0,99.15
2025-12-31 12:00:00,M5R,-3.6,64.0,99.03
2025-12-31 13:00:00,M5R,-3.5,68.0,98.88
2025-12-31 14:00:00,M5R,-3.5,72.0,98.83
2025-12-31 15:00:00,M5R,-3.5,71.0,98.75
2025-12-31 16:00:00,M5R,-4.3,82.0,98.67
2025-12-31 17:00:00,M5R,-4.7,86.0,98.65
2025-12-31 18:00:00,M5R,-4.7,87.0,98.57
2025-12-31 19:00:00,M5R,-4.4,84.0,98.48
2025-12-31 20:00:00,M5R,-4.2,78.0,98.42
2025-12-31 21:00:00,M5R,-6.2,73.0,98.61
2025-12-31 22:00:00,M5R,-6.4,56.0,98.69
2025-12-31 23:00:00,M5R,-7.6,59.0,98.8
2026-01-01 00:00:00,M5R,-9.1,68.0,98.88
2026-01-01 01:00:00,M5R,-10.3,70.0,99.0
2026-01-01 02:00:00,M5R,-10.7,70.0,99.1
2026-01-01 03:00:00,M5R,-10.6,63.0,99.22
2026-01-01 04:00:00,M5R,-10.5,51.0,99.27
2026-01-01 05:00:00,M5R,-11.3,58.0,99.35
2026-01-01 06:00:00,M5R,-11.8,62.0,99.45
2026-01-01 07:00:00,M5R,-12.3,59.0,99.54
2026-01-01 08:00:00,M5R,-12.4,63.0,99.59
2026-01-01 09:00:00,M5R,-11.8,57.0,99.64
2026-01-01 10:00:00,M5R,-10.1,45.0,99.71
2026-01-01 11:00:00,M5R,-9.5,47.0,99.77
2026-01-01 12:00:00,M5R,-8.9,57.0,99.73
2026-01-01 13:00:00,M5R,-8.3,57.0,99.66
2026-01-01 14:00:00,M5R,-6.5,55.0,99.55
2026-01-01 15:00:00,M5R,-6.9,65.0,99.57
2026-01-01 16:00:00,M5R,-7.0,65.0,99.55
2026-01-01 17:00:00,M5R,-7.4,58.0,99.57
2026-01-01 18:00:00,M5R,-8.0,68.0,99.57
2026-01-01 19:00:00,M5R,-8.2,68.0,99.54
2026-01-01 20:00:00,M5R,-8.6,68.0,99.51
2026-01-01 21:00:00,M5R,-8.6,69.0,99.45
2026-01-01 22:00:00,M5R,-8.6,71.0,99.42
2026-01-01 23:00:00,M5R,-8.4,71.0,99.38
2026-01-02 00:00:00,M5R,-8.3,72.0,99.32
2026-01-02 01:00:00,M5R,-7.9,72.0,99.27
2026-01-02 02:00:00,M5R,-7.4,70.0,99.24
2026-01-02 03:00:00,M5R,-7.2,72.0,99.2
2026-01-02 04:00:00,M5R,-6.9,71.0,99.15
2026-01-02 05:00:00,M5R,-6.8,70.0,99.11
2026-01-02 06:00:00,M5R,-6.8,71.0,99.14
2026-01-02 07:00:00,M5R,-6.6,71.0,99.2
2026-01-02 08:00:00,M5R,-6.6,72.0,99.2
2026-01-02 09:00:00,M5R,-6.5,74.0,99.24
2026-01-02 10:00:00,M5R,-5.8,71.0,99.28
2026-01-02 11:00:00,M5R,-5.0,65.0,99.32
2026-01-02 12:00:00,M5R,-3.8,56.0,99.29
2026-01-02 13:00:00,M5R,-3.9,47.0,99.25
2026-01-02 14:00:00,M5R,-3.6,46.0,99.27
2026-01-02 15:00:00,M5R,-3.9,43.0,99.33
2026-01-02 16:00:00,M5R,-4.1,45.0,99.39
2026-01-02 17:00:00,M5R,-4.7,46.0,99.46
2026-01-02 18:00:00,M5R,-4.9,51.0,99.51
2026-01-02 19:00:00,M5R,-5.3,53.0,99.57
2026-01-02 20:00:00,M5R,-5.8,62.0,99.61
2026-01-02 21:00:00,M5R,-5.7,65.0,99.68
2026-01-02 22:00:00,M5R,-5.7,62.0,99.71
2026-01-02 23:00:00,M5R,-5.7,58.0,99.71
2026-01-03 00:00:00,M5R,-5.7,59.0,99.72
2026-01-03 01:00:00,M5R,-5.6,59.0,99.73
2026-01-03 02:00:00,M5R,-5.8,62.0,99.73
2026-01-03 03:00:00,M5R,-5.8,64.0,99.76
2026-01-03 04:00:00,M5R,-5.5,63.0,99.79
2026-01-03 05:00:00,M5R,-5.6,67.0,99.79
2026-01-03 06:00:00,M5R,-5.9,71.0,99.79
2026-01-03 07:00:00,M5R,-5.8,73.0,99.85
2026-01-03 08:00:00,M5R,-5.5,71.0,99.88
2026-01-03 09:00:00,M5R,-5.6,72.0,99.93
2026-01-03 10:00:00,M5R,-5.0,72.0,99.98
2026-01-03 11:00:00,M5R,-4.2,71.0,100.03
2026-01-03 12:00:00,M5R,-4.0,69.0,99.98
2026-01-03 13:00:00,M5R,-3.1,69.0,99.94
2026-01-03 14:00:00,M5R,-2.0,64.0,99.95
2026-01-03 15:00:00,M5R,-2.5,67.0,99.97
2026-01-03 16:00:00,M5R,-3.7,72.0,100.02
2026-01-03 17:00:00,M5R,-4.0,73.0,100.06
2026-01-03 18:00:00,M5R,-4.3,77.0,100.06
2026-01-03 19:00:00,M5R,-4.7,82.0,100.04
2026-01-03 20:00:00,M5R,-4.7,84.0,100.07
2026-01-03 21:00:00,M5R,-5.2,85.0,100.05
2026-01-03 22:00:00,M5R,-5.3,85.0,100.07
2026-01-03 23:00:00,M5R,-5.2,86.0,100.08
2026-01-04 00:00:00,M5R,-5.1,86.0,100.08
2026-01-04 01:00:00,M5R,-5.1,86.0,100.06
2026-01-04 02:00:00,M5R,-5.3,86.0,100.09
2026-01-04 03:00:00,M5R,-5.8,86.0,100.16
2026-01-04 04:00:00,M5R,-5.0,82.0,100.14
2026-01-04 05:00:00,M5R,-4.6,81.0,100.16
2026-01-04 06:00:00,M5R,-4.0,80.0,100.23
2026-01-04 07:00:00,M5R,-3.7,81.0,100.28
2026-01-04 08:00:00,M5R,-3.9,82.0,100.34
2026-01-04 09:00:00,M5R,-3.1,78.0,100.39
2026-01-04 10:00:00,M5R,-2.0,74.0,100.43
2026-01-04 11:00:00,M5R,-1.0,70.0,100.5
2026-01-04 12:00:00,M5R,-0.9,64.0,100.47
2026-01-04 13:00:00,M5R,-0.9,66.0,100.44
2026-01-04 14:00:00,M5R,-0.6,63.0,100.44
2026-01-04 15:00:00,M5R,-0.6,62.0,100.49
2026-01-04 16:00:00,M5R,-1.2,61.0,100.59
2026-01-04 17:00:00,M5R,-1.4,59.0,100.63
2026-01-04 18:00:00,M5R,-1.7,62.0,100.7
2026-01-04 19:00:00,M5R,-2.6,62.0,100.73
2026-01-04 20:00:00,M5R,-3.4,66.0,100.76
2026-01-04 21:00:00,M5R,-3.7,67.0,100.77
2026-01-04 22:00:00,M5R,-3.8,70.0,100.73
2026-01-04 23:00:00,M5R,-3.7,69.0,100.77
2026-01-05 00:00:00,M5R,-3.3,70.0,100.69
2026-01-05 01:00:00,M5R,-2.8,66.0,100.67
2026-01-05 02:00:00,M5R,-2.7,68.0,100.65
2026-01-05 03:00:00,M5R,-2.8,76.0,100.65
2026-01-05 04:00:00,M5R,-2.3,70.0,100.54
2026-01-05 05:00:00,M5R,-2.0,72.0,100.41
2026-01-05 06:00:00,M5R,-1.9,79.0,100.3
2026-01-05 07:00:00,M5R,-2.1,88.0,100.18
2026-01-05 08:00:00,M5R,-2.7,91.0,100.12
2026-01-05 09:00:00,M5R,-2.4,91.0,100.05
2026-01-05 10:00:00,M5R,-1.5,88.0,100.0
2026-01-05 11:00:00,M5R,-0.9,86.0,99.95
2026-01-05 12:00:00,M5R,-0.8,86.0,99.77
2026-01-05 13:00:00,M5R,0.0,80.0,99.67
2026-01-05 14:00:00,M5R,0.4,77.0,99.62
2026-01-05 15:00:00,M5R,0.8,77.0,99.59
2026-01-05 16:00:00,M5R,1.0,76.0,99.62
2026-01-05 17:00:00,M5R,0.9,74.0,99.66
2026-01-05 18:00:00,M5R,0.9,76.0,99.73
2026-01-05 19:00:00,M5R,0.7,79.0,99.81
2026-01-05 20:00:00,M5R,0.6,82.0,99.84
2026-01-05 21:00:00,M5R,0.8,81.0,99.85
2026-01-05 22:00:00,M5R,0.8,83.0,99.85
2026-01-05 23:00:00,M5R,0.5,84.0,99.83
2026-01-06 00:00:00,M5R,-0.1,88.0,99.88
2026-01-06 01:00:00,M5R,-1.0,89.0,99.86
2026-01-06 02:00:00,M5R,-0.7,90.0,99.93
2026-01-06 03:00:00,M5R,0.3,90.0,99.92
2026-01-06 04:00:00,M5R,-0.2,88.0,99.88
2026-01-06 05:00:00,M5R,-0.3,90.0,99.81
2026-01-06 06:00:00,M5R,0.2,92.0,99.8
2026-01-06 07:00:00,M5R,1.1,92.0,99.75
2026-01-06 08:00:00,M5R,0.9,90.0,99.71
2026-01-06 09:00:00,M5R,0.8,91.0,99.65
2026-01-06 10:00:00,M5R,1.4,86.0,99.6
2026-01-06 11:00:00,M5R,1.3,90.0,99.48
2026-01-06 12:00:00,M5R,1.2,91.0,99.38
2026-01-06 13:00:00,M5R,0.7,94.0,99.23
2026-01-06 14:00:00,M5R,0.2,96.0,99.05
2026-01-06 15:00:00,M5R,0.1,95.0,98.9
2026-01-06 16:00:00,M5R,0.3,95.0,98.81
2026-01-06 17:00:00,M5R,0.8,95.0,98.79
2026-01-06 18:00:00,M5R,1.2,95.0,98.72
2026-01-06 19:00:00,M5R,1.1,95.0,98.69
2026-01-06 20:00:00,M5R,1.1,94.0,98.6
2026-01-06 21:00:00,M5R,1.2,94.0,98.54
2026-01-06 22:00:00,M5R,1.3,94.0,98.52
2026-01-06 23:00:00,M5R,1.2,94.0,98.54
2026-01-07 00:00:00,M5R,1.3,94.0,98.58
2026-01-07 01:00:00,M5R,0.8,94.0,98.63
2026-01-07 02:00:00,M5R,0.7,93.0,98.73
2026-01-07 03:00:00,M5R,0.7,92.0,98.83
2026-01-07 04:00:00,M5R,0.8,90.0,98.92
2026-01-07 05:00:00,M5R,0.8,91.0,99.01
2026-01-07 06:00:00,M5R,1.1,89.0,99.11
2026-01-07 07:00:00,M5R,1.4,89.0,99.23
2026-01-07 08:00:00,M5R,1.6,88.0,99.34
2026-01-07 09:00:00,M5R,2.2,86.0,99.44
2026-01-07 10:00:00,M5R,2.8,82.0,99.49
2026-01-07 11:00:00,M5R,3.0,82.0,99.62
2026-01-07 12:00:00,M5R,3.1,82.0,99.66
2026-01-07 13:00:00,M5R,3.4,81.0,99.62
2026-01-07 14:00:00,M5R,3.6,80.0,99.65
2026-01-07 15:00:00,M5R,3.3,82.0,99.84
2026-01-07 16:00:00,M5R,3.4,81.0,99.87
2026-01-07 17:00:00,M5R,3.4,80.0,99.94
2026-01-07 18:00:00,M5R,3.5,82.0,100.02
2026-01-07 19:00:00,M5R,3.2,86.0,100.03
2026-01-07 20:00:00,M5R,3.1,87.0,100.07
2026-01-07 21:00:00,M5R,3.0,86.0,100.13
2026-01-07 22:00:00,M5R,2.9,87.0,100.14
2026-01-07 23:00:00,M5R,2.8,89.0,100.19
2026-01-08 00:00:00,M5R,3.0,88.0,100.2
2026-01-08 01:00:00,M5R,2.8,89.0,100.24
2026-01-08 02:00:00,M5R,3.0,87.0,100.33
2026-01-08 03:00:00,M5R,3.2,81.0,100.41
2026-01-08 04:00:00,M5R,3.1,78.0,100.46
2026-01-08 05:00:00,M5R,2.6,79.0,100.49
2026-01-08 06:00:00,M5R,2.5,80.0,100.5
2026-01-08 07:00:00,M5R,2.2,82.0,100.55
2026-01-08 08:00:00,M5R,2.6,82.0,100.6
2026-01-08 09:00:00,M5R,2.6,82.0,100.68
2026-01-08 10:00:00,M5R,2.8,81.0,100.68
2026-01-08 11:00:00,M5R,3.5,83.0,100.7
2026-01-08 12:00:00,M5R,4.8,79.0,100.61
2026-01-08 13:00:00,M5R,6.3,72.0,100.58
2026-01-08 14:00:00,M5R,7.0,72.0,100.5
2026-01-08 15:00:00,M5R,5.7,77.0,100.51
2026-01-08 16:00:00,M5R,4.7,83.0,100.52
2026-01-08 17:00:00,M5R,3.8,88.0,100.52
2026-01-08 18:00:00,M5R,3.6,88.0,100.51
2026-01-08 19:00:00,M5R,3.9,89.0,100.49
2026-01-08 20:00:00,M5R,3.9,90.0,100.44
2026-01-08 21:00:00,M5R,3.9,89.0,100.33
2026-01-08 22:00:00,M5R,4.6,84.0,100.2
2026-01-08 23:00:00,M5R,4.9,82.0,100.13
2026-01-09 00:00:00,M5R,5.3,78.0,100.03
2026-01-09 01:00:00,M5R,5.2,77.0,99.89
2026-01-09 02:00:00,M5R,5.6,74.0,99.74
2026-01-09 03:00:00,M5R,5.8,73.0,99.61
2026-01-09 04:00:00,M5R,6.5,66.0,99.47
2026-01-09 05:00:00,M5R,5.1,89.0,99.39
2026-01-09 06:00:00,M5R,5.6,87.0,99.29
2026-01-09 07:00:00,M5R,6.0,87.0,99.37
2026-01-09 08:00:00,M5R,7.9,81.0,99.34
2026-01-09 09:00:00,M5R,8.9,82.0,99.26
2026-01-09 10:00:00,M5R,8.3,86.0,99.25
2026-01-09 11:00:00,M5R,9.0,85.0,99.08
2026-01-09 12:00:00,M5R,9.5,80.0,98.93
2026-01-09 13:00:00,M5R,11.0,76.0,98.84
2026-01-09 14:00:00,M5R,11.6,74.0,98.77
2026-01-09 15:00:00,M5R,14.5,61.0,98.8
2026-01-09 16:00:00,M5R,9.2,64.0,99.19
2026-01-09 17:00:00,M5R,7.4,65.0,99.56
2026-01-09 18:00:00,M5R,5.8,68.0,99.88
2026-01-09 19:00:00,M5R,5.8,69.0,100.18
2026-01-09 20:00:00,M5R,5.6,68.0,100.45
2026-01-09 21:00:00,M5R,4.3,72.0,100.61
2026-01-09 22:00:00,M5R,4.2,73.0,100.75
2026-01-09 23:00:00,M5R,4.3,72.0,100.87
2026-01-10 00:00:00,M5R,4.2,72.0,100.92
2026-01-10 01:00:00,M5R,4.0,68.0,100.95
2026-01-10 02:00:00,M5R,3.5,67.0,100.93
2026-01-10 03:00:00,M5R,3.4,68.0,100.93
2026-01-10 04:00:00,M5R,2.9,69.0,100.91
2026-01-10 05:00:00,M5R,2.7,69.0,100.88
2026-01-10 06:00:00,M5R,2.5,69.0,100.86
2026-01-10 07:00:00,M5R,2.5,70.0,100.8
2026-01-10 08:00:00,M5R,2.6,71.0,100.72
2026-01-10 09:00:00,M5R,2.9,72.0,100.64
2026-01-10 10:00:00,M5R,2.7,76.0,100.58
2026-01-10 11:00:00,M5R,3.1,70.0,100.4
2026-01-10 12:00:00,M5R,3.0,78.0,100.23
2026-01-10 13:00:00,M5R,2.8,79.0,100.01
2026-01-10 14:00:00,M5R,2.7,82.0,99.87
2026-01-10 15:00:00,M5R,2.7,84.0,99.71
2026-01-10 16:00:00,M5R,2.7,87.0,99.54
2026-01-10 17:00:00,M5R,2.3,91.0,99.44
2026-01-10 18:00:00,M5R,2.2,93.0,99.32
2026-01-10 19:00:00,M5R,1.6,94.0,99.35
2026-01-10 20:00:00,M5R,1.8,95.0,99.25
2026-01-10 21:00:00,M5R,2.3,96.0,99.22
2026-01-10 22:00:00,M5R,2.8,95.0,99.21
2026-01-10 23:00:00,M5R,3.0,92.0,99.25
2026-01-11 00:00:00,M5R,3.0,81.0,99.3
2026-01-11 01:00:00,M5R,2.3,68.0,99.4
2026-01-11 02:00:00,M5R,1.0,68.0,99.49
2026-01-11 03:00:00,M5R,0.1,66.0,99.52
2026-01-11 04:00:00,M5R,-0.1,67.0,99.47
2026-01-11 05:00:00,M5R,-0.4,69.0,99.48
2026-01-11 06:00:00,M5R,-0.2,69.0,99.48
2026-01-11 07:00:00,M5R,-0.4,65.0,99.5
2026-01-11 08:00:00,M5R,-0.6,61.0,99.47
2026-01-11 09:00:00,M5R,-0.3,61.0,99.48
2026-01-11 10:00:00,M5R,-0.2,62.0,99.5
2026-01-11 11:00:00,M5R,-0.4,70.0,99.52
2026-01-11 12:00:00,M5R,0.8,55.0,99.49
2026-01-11 13:00:00,M5R,0.0,56.0,99.58
2026-01-11 14:00:00,M5R,-0.6,54.0,99.72
2026-01-11 15:00:00,M5R,-2.0,55.0,99.88
2026-01-11 16:00:00,M5R,-2.9,56.0,100.04
2026-01-11 17:00:00,M5R,-3.5,60.0,100.18
2026-01-11 18:00:00,M5R,-3.6,63.0,100.33
2026-01-11 19:00:00,M5R,-3.6,67.0,100.48
2026-01-11 20:00:00,M5R,-3.5,69.0,100.56
2026-01-11 21:00:00,M5R,-3.4,70.0,100.61
2026-01-11 22:00:00,M5R,-2.6,71.0,100.63
2026-01-11 23:00:00,M5R,-2.0,72.0,100.66
2026-01-12 00:00:00,M5R,-0.4,68.0,100.63
2026-01-12 01:00:00,M5R,-0.2,63.0,100.61
2026-01-12 02:00:00,M5R,-0.3,64.0,100.59
2026-01-12 03:00:00,M5R,-0.6,66.0,100.55
2026-01-12 04:00:00,M5R,-0.8,68.0,100.48
2026-01-12 05:00:00,M5R,-0.7,69.0,100.41
2026-01-12 06:00:00,M5R,-0.8,72.0,100.36
2026-01-12 07:00:00,M5R,-1.2,72.0,100.39
2026-01-12 08:00:00,M5R,-0.7,71.0,100.37
2026-01-12 09:00:00,M5R,-0.2,68.0,100.35
2026-01-12 10:00:00,M5R,0.0,66.0,100.35
2026-01-12 11:00:00,M5R,0.2,69.0,100.3
2026-01-12 12:00:00,M5R,0.0,66.0,100.24
2026-01-12 13:00:00,M5R,0.1,65.0,100.21
2026-01-12 14:00:00,M5R,0.0,68.0,100.17
2026-01-12 15:00:00,M5R,0.0,70.0,100.16
2026-01-12 16:00:00,M5R,0.3,70.0,100.18
2026-01-12 17:00:00,M5R,0.5,69.0,100.2
2026-01-12 18:00:00,M5R,0.5,69.0,100.14
2026-01-12 19:00:00,M5R,0.5,68.0,100.17
2026-01-12 20:00:00,M5R,0.6,69.0,100.13
2026-01-12 21:00:00,M5R,0.7,69.0,100.15
2026-01-12 22:00:00,M5R,0.6,70.0,100.15
2026-01-12 23:00:00,M5R,0.7,70.0,100.14
2026-01-13 00:00:00,M5R,1.2,69.0,100.12
2026-01-13 01:00:00,M5R,1.2,71.0,100.07
2026-01-13 02:00:00,M5R,1.5,73.0,100.05
2026-01-13 03:00:00,M5R,1.7,75.0,100.03
2026-01-13 04:00:00,M5R,1.9,76.0,100.0
2026-01-13 05:00:00,M5R,1.8,75.0,99.94
2026-01-13 06:00:00,M5R,1.9,76.0,99.9
2026-01-13 07:00:00,M5R,1.5,77.0,99.82
2026-01-13 08:00:00,M5R,1.1,80.0,99.72
2026-01-13 09:00:00,M5R,1.6,82.0,99.59
2026-01-13 10:00:00,M5R,2.4,75.0,99.52
2026-01-13 11:00:00,M5R,2.8,71.0,99.39
2026-01-13 12:00:00,M5R,3.1,68.0,99.21
2026-01-13 13:00:00,M5R,3.3,66.0,98.9
2026-01-13 14:00:00,M5R,3.7,65.0,98.73
2026-01-13 15:00:00,M5R,4.0,62.0,98.55
2026-01-13 16:00:00,M5R,4.3,65.0,98.41
2026-01-13 17:00:00,M5R,4.5,69.0,98.3
2026-01-13 18:00:00,M5R,4.3,74.0,98.3
2026-01-13 19:00:00,M5R,4.4,72.0,98.26
2026-01-13 20:00:00,M5R,5.6,65.0,98.23
2026-01-13 21:00:00,M5R,5.6,67.0,98.26
2026-01-13 22:00:00,M5R,5.8,68.0,98.26
2026-01-13 23:00:00,M5R,5.3,74.0,98.25
2026-01-14 00:00:00,M5R,4.6,80.0,98.25
2026-01-14 01:00:00,M5R,4.5,82.0,98.24
2026-01-14 02:00:00,M5R,4.4,81.0,98.24
2026-01-14 03:00:00,M5R,4.4,82.0,98.3
2026-01-14 04:00:00,M5R,4.4,81.0,98.3
2026-01-14 05:00:00,M5R,4.8,78.0,98.28
2026-01-14 06:00:00,M5R,4.4,80.0,98.31
2026-01-14 07:00:00,M5R,4.3,82.0,98.34
2026-01-14 08:00:00,M5R,4.4,83.0,98.39
2026-01-14 09:00:00,M5R,4.4,83.0,98.44
2026-01-14 10:00:00,M5R,4.7,83.0,98.47
2026-01-14 11:00:00,M5R,4.7,82.0,98.51
2026-01-14 12:00:00,M5R,5.4,77.0,98.49
2026-01-14 13:00:00,M5R,5.4,69.0,98.44
2026-01-14 14:00:00,M5R,5.5,67.0,98.41
2026-01-14 15:00:00,M5R,4.4,73.0,98.45
2026-01-14 16:00:00,M5R,3.3,71.0,98.5
2026-01-14 17:00:00,M5R,1.5,76.0,98.53
2026-01-14 18:00:00,M5R,-0.2,81.0,98.55
2026-01-14 19:00:00,M5R,-0.9,81.0,98.57
2026-01-14 20:00:00,M5R,-1.7,84.0,98.52
2026-01-14 21:00:00,M5R,-2.2,82.0,98.48
2026-01-14 22:00:00,M5R,-3.8,83.0,98.46
2026-01-14 23:00:00,M5R,-5.7,83.0,98.46
2026-01-15 00:00:00,M5R,-7.0,86.0,98.39
2026-01-15 01:00:00,M5R,-8.1,85.0,98.36
2026-01-15 02:00:00,M5R,-9.0,83.0,98.33
2026-01-15 03:00:00,M5R,-9.8,85.0,98.38
2026-01-15 04:00:00,M5R,-10.4,83.0,98.57
2026-01-15 05:00:00,M5R,-11.3,84.0,98.68
2026-01-15 06:00:00,M5R,-12.2,85.0,98.69
2026-01-15 07:00:00,M5R,-12.9,85.0,98.65
2026-01-15 08:00:00,M5R,-13.1,84.0,98.66
2026-01-15 09:00:00,M5R,-13.1,84.0,98.71
2026-01-15 10:00:00,M5R,-13.1,81.0,98.78
2026-01-15 11:00:00,M5R,-13.3,80.0,98.78
2026-01-15 12:00:00,M5R,-13.3,79.0,98.74
2026-01-15 13:00:00,M5R,-12.8,77.0,98.74
2026-01-15 14:00:00,M5R,-12.4,77.0,98.75
2026-01-15 15:00:00,M5R,-11.7,71.0,98.81
2026-01-15 16:00:00,M5R,-11.3,65.0,98.88
2026-01-15 17:00:00,M5R,-10.7,72.0,98.95
2026-01-15 18:00:00,M5R,-9.6,73.0,99.0
2026-01-15 19:00:00,M5R,-10.1,73.0,99.06
2026-01-15 20:00:00,M5R,-10.6,73.0,99.12
2026-01-15 21:00:00,M5R,-10.9,71.0,99.15
2026-01-15 22:00:00,M5R,-11.5,72.0,99.19
2026-01-15 23:00:00,M5R,-11.5,73.0,99.23
2026-01-16 00:00:00,M5R,-11.6,73.0,99.25
2026-01-16 01:00:00,M5R,-11.3,73.0,99.28
2026-01-16 02:00:00,M5R,-10.6,74.0,99.32
2026-01-16 03:00:00,M5R,-9.9,77.0,99.38
2026-01-16 04:00:00,M5R,-10.6,78.0,99.37
2026-01-16 05:00:00,M5R,-10.5,81.0,99.37
2026-01-16 06:00:00,M5R,-9.2,77.0,99.38
2026-01-16 07:00:00,M5R,-8.9,76.0,99.39
2026-01-16 08:00:00,M5R,-9.1,77.0,99.44
2026-01-16 09:00:00,M5R,-7.9,73.0,99.53
2026-01-16 10:00:00,M5R,-6.2,69.0,99.56
2026-01-16 11:00:00,M5R,-5.3,64.0,99.56
2026-01-16 12:00:00,M5R,-4.0,58.0,99.41
2026-01-16 13:00:00,M5R,-4.0,77.0,99.37
2026-01-16 14:00:00,M5R,-3.0,68.0,99.29
2026-01-16 15:00:00,M5R,-2.6,65.0,99.3
2026-01-16 16:00:00,M5R,-2.5,62.0,99.27
2026-01-16 17:00:00,M5R,-2.7,74.0,99.29
2026-01-16 18:00:00,M5R,-2.9,87.0,99.27
2026-01-16 19:00:00,M5R,-2.5,91.0,99.3
2026-01-16 20:00:00,M5R,-2.1,86.0,99.32
2026-01-16 21:00:00,M5R,-1.4,79.0,99.31
2026-01-16 22:00:00,M5R,-0.6,72.0,99.32
2026-01-16 23:00:00,M5R,-0.1,73.0,99.37
2026-01-17 00:00:00,M5R,0.2,73.0,99.41
2026-01-17 01:00:00,M5R,0.5,76.0,99.42
2026-01-17 02:00:00,M5R,1.0,76.0,99.43
2026-01-17 03:00:00,M5R,1.1,75.0,99.42
2026-01-17 04:00:00,M5R,1.1,76.0,99.38
2026-01-17 05:00:00,M5R,1.0,77.0,99.43
2026-01-17 06:00:00,M5R,1.5,77.0,99.47
2026-01-17 07:00:00,M5R,1.3,84.0,99.5
2026-01-17 08:00:00,M5R,1.4,86.0,99.54
2026-01-17 09:00:00,M5R,1.7,86.0,99.59
2026-01-17 10:00:00,M5R,1.9,84.0,99.63
2026-01-17 11:00:00,M5R,2.0,85.0,99.66
2026-01-17 12:00:00,M5R,1.8,87.0,99.6
2026-01-17 13:00:00,M5R,1.9,87.0,99.54
2026-01-17 14:00:00,M5R,2.0,87.0,99.52
2026-01-17 15:00:00,M5R,2.3,84.0,99.56
2026-01-17 16:00:00,M5R,1.6,78.0,99.67
2026-01-17 17:00:00,M5R,1.3,59.0,99.82
2026-01-17 18:00:00,M5R,0.0,56.0,99.92
2026-01-17 19:00:00,M5R,-1.2,53.0,99.97
2026-01-17 20:00:00,M5R,-2.6,58.0,100.06
2026-01-17 21:00:00,M5R,-3.8,54.0,100.13
2026-01-17 22:00:00,M5R,-4.8,53.0,100.16
2026-01-17 23:00:00,M5R,-5.9,57.0,100.18
2026-01-18 00:00:00,M5R,-6.7,59.0,100.18
2026-01-18 01:00:00,M5R,-7.5,59.0,100.17
2026-01-18 02:00:00,M5R,-8.3,59.0,100.15
2026-01-18 03:00:00,M5R,-8.7,59.0,100.17
2026-01-18 04:00:00,M5R,-9.1,59.0,100.22
2026-01-18 05:00:00,M5R,-9.5,62.0,100.22
2026-01-18 06:00:00,M5R,-9.2,60.0,100.24
2026-01-18 07:00:00,M5R,-9.4,59.0,100.29
2026-01-18 08:00:00,M5R,-9.0,59.0,100.3
2026-01-18 09:00:00,M5R,-8.7,57.0,100.34
2026-01-18 10:00:00,M5R,-7.5,54.0,100.36
2026-01-18 11:00:00,M5R,-6.3,53.0,100.35
2026-01-18 12:00:00,M5R,-5.7,55.0,100.29
2026-01-18 13:00:00,M5R,-5.2,56.0,100.13
2026-01-18 14:00:00,M5R,-5.2,58.0,100.07
2026-01-18 15:00:00,M5R,-4.9,60.0,100.02
2026-01-18 16:00:00,M5R,-5.2,62.0,99.99
2026-01-18 17:00:00,M5R,-5.3,64.0,99.99
2026-01-18 18:00:00,M5R,-5.1,66.0,99.99
2026-01-18 19:00:00,M5R,-5.1,68.0,99.94
2026-01-18 20:00:00,M5R,-5.2,70.0,99.95
2026-01-18 21:00:00,M5R,-5.3,71.0,99.9
2026-01-18 22:00:00,M5R,-5.1,69.0,99.83
2026-01-18 23:00:00,M5R,-5.3,70.0,99.73
2026-01-19 00:00:00,M5R,-5.3,71.0,99.67
2026-01-19 01:00:00,M5R,-5.3,73.0,99.59
2026-01-19 02:00:00,M5R,-5.4,81.0,99.52
2026-01-19 03:00:00,M5R,-5.4,73.0,99.47
2026-01-19 04:00:00,M5R,-6.4,81.0,99.4
2026-01-19 05:00:00,M5R,-7.7,75.0,99.38
2026-01-19 06:00:00,M5R,-7.8,73.0,99.35
2026-01-19 07:00:00,M5R,-7.4,72.0,99.32
2026-01-19 08:00:00,M5R,-7.1,72.0,99.3
2026-01-19 09:00:00,M5R,-6.7,75.0,99.26
2026-01-19 10:00:00,M5R,-6.2,74.0,99.26
2026-01-19 11:00:00,M5R,-5.3,68.0,99.25
2026-01-19 12:00:00,M5R,-4.6,63.0,99.2
2026-01-19 13:00:00,M5R,-4.8,55.0,99.22
2026-01-19 14:00:00,M5R,-5.5,43.0,99.35
2026-01-19 15:00:00,M5R,-7.0,47.0,99.52
2026-01-19 16:00:00,M5R,-6.9,51.0,99.63
2026-01-19 17:00:00,M5R,-7.6,54.0,99.71
2026-01-19 18:00:00,M5R,-7.7,61.0,99.76
2026-01-19 19:00:00,M5R,-8.0,71.0,99.87
2026-01-19 20:00:00,M5R,-8.3,85.0,99.98
2026-01-19 21:00:00,M5R,-7.8,83.0,100.05
2026-01-19 22:00:00,M5R,-8.0,73.0,100.16
2026-01-19 23:00:00,M5R,-8.7,66.0,100.23
2026-01-20 00:00:00,M5R,-9.2,66.0,100.31
2026-01-20 01:00:00,M5R,-10.5,70.0,100.33
2026-01-20 02:00:00,M5R,-11.0,69.0,100.37
2026-01-20 03:00:00,M5R,-11.7,65.0,100.45
2026-01-20 04:00:00,M5R,-12.0,64.0,100.48
2026-01-20 05:00:00,M5R,-12.1,63.0,100.52
2026-01-20 06:00:00,M5R,-12.5,64.0,100.57
2026-01-20 07:00:00,M5R,-13.2,65.0,100.65
2026-01-20 08:00:00,M5R,-13.5,66.0,100.74
2026-01-20 09:00:00,M5R,-13.6,66.0,100.84
2026-01-20 10:00:00,M5R,-12.3,59.0,100.93
2026-01-20 11:00:00,M5R,-11.8,57.0,101.04
2026-01-20 12:00:00,M5R,-11.1,52.0,101.03
2026-01-20 13:00:00,M5R,-10.5,49.0,101.01
2026-01-20 14:00:00,M5R,-10.4,47.0,101.04
2026-01-20 15:00:00,M5R,-10.4,49.0,101.06
2026-01-20 16:00:00,M5R,-10.3,50.0,101.09
2026-01-20 17:00:00,M5R,-10.7,52.0,101.09
2026-01-20 18:00:00,M5R,-11.0,60.0,101.15
2026-01-20 19:00:00,M5R,-11.0,60.0,101.15
2026-01-20 20:00:00,M5R,-10.8,60.0,101.19
2026-01-20 21:00:00,M5R,-10.3,60.0,101.22
2026-01-20 22:00:00,M5R,-10.3,59.0,101.22
2026-01-20 23:00:00,M5R,-9.9,60.0,101.23
2026-01-21 00:00:00,M5R,-10.0,57.0,101.29
2026-01-21 01:00:00,M5R,-10.6,58.0,101.22
2026-01-21 02:00:00,M5R,-10.3,58.0,101.23
2026-01-21 03:00:00,M5R,-10.1,61.0,101.21
2026-01-21 04:00:00,M5R,-10.3,61.0,101.17
2026-01-21 05:00:00,M5R,-9.7,60.0,101.14
2026-01-21 06:00:00,M5R,-8.8,66.0,101.0
2026-01-21 07:00:00,M5R,-6.5,68.0,100.94
2026-01-21 08:00:00,M5R,-5.3,74.0,100.79
2026-01-21 09:00:00,M5R,-4.3,71.0,100.65
2026-01-21 10:00:00,M5R,-5.3,84.0,100.54
2026-01-21 11:00:00,M5R,-4.6,88.0,100.37
2026-01-21 12:00:00,M5R,-4.3,88.0,100.16
2026-01-21 13:00:00,M5R,-4.0,89.0,100.03
2026-01-21 14:00:00,M5R,-3.2,88.0,99.9
2026-01-21 15:00:00,M5R,-2.3,83.0,99.78
2026-01-21 16:00:00,M5R,-1.6,82.0,99.71
2026-01-21 17:00:00,M5R,-1.9,85.0,99.7
2026-01-21 18:00:00,M5R,-1.2,90.0,99.67
2026-01-21 19:00:00,M5R,-0.4,86.0,99.65
2026-01-21 20:00:00,M5R,-0.2,85.0,99.64
2026-01-21 21:00:00,M5R,-0.5,85.0,99.6
2026-01-21 22:00:00,M5R,-0.7,82.0,99.53
2026-01-21 23:00:00,M5R,-0.4,80.0,99.52
2026-01-22 00:00:00,M5R,-0.2,73.0,99.53
2026-01-22 01:00:00,M5R,-1.2,81.0,99.54
2026-01-22 02:00:00,M5R,-1.6,68.0,99.59
2026-01-22 03:00:00,M5R,-2.5,66.0,99.67
2026-01-22 04:00:00,M5R,-2.6,64.0,99.64
2026-01-22 05:00:00,M5R,-2.7,65.0,99.61
2026-01-22 06:00:00,M5R,-3.0,80.0,99.65
2026-01-22 07:00:00,M5R,-3.0,78.0,99.68
2026-01-22 08:00:00,M5R,-3.3,76.0,99.73
2026-01-22 09:00:00,M5R,-3.0,65.0,99.84
2026-01-22 10:00:00,M5R,-3.2,51.0,99.97
2026-01-22 11:00:00,M5R,-3.2,47.0,100.05
2026-01-22 12:00:00,M5R,-2.8,51.0,100.07
2026-01-22 13:00:00,M5R,-2.9,57.0,100.02
2026-01-22 14:00:00,M5R,-3.4,59.0,100.03
2026-01-22 15:00:00,M5R,-4.1,57.0,100.1
2026-01-22 16:00:00,M5R,-4.7,55.0,100.19
2026-01-22 17:00:00,M5R,-5.4,62.0,100.28
2026-01-22 18:00:00,M5R,-6.4,56.0,100.34
2026-01-22 19:00:00,M5R,-6.9,59.0,100.37
2026-01-22 20:00:00,M5R,-7.2,68.0,100.38
2026-01-22 21:00:00,M5R,-7.7,80.0,100.37
2026-01-22 22:00:00,M5R,-7.1,65.0,100.35
2026-01-22 23:00:00,M5R,-7.6,66.0,100.32
2026-01-23 00:00:00,M5R,-7.6,75.0,100.29
2026-01-23 01:00:00,M5R,-8.1,66.0,100.3
2026-01-23 02:00:00,M5R,-8.7,58.0,100.33
2026-01-23 03:00:00,M5R,-9.3,58.0,100.41
2026-01-23 04:00:00,M5R,-10.1,63.0,100.42
2026-01-23 05:00:00,M5R,-10.3,63.0,100.47
2026-01-23 06:00:00,M5R,-10.2,63.0,100.54
2026-01-23 07:00:00,M5R,-10.5,63.0,100.58
2026-01-23 08:00:00,M5R,-11.0,60.0,100.64
2026-01-23 09:00:00,M5R,-11.0,58.0,100.72
2026-01-23 10:00:00,M5R,-11.3,73.0,100.83
2026-01-23 11:00:00,M5R,-11.0,46.0,100.97
2026-01-23 12:00:00,M5R,-11.7,44.0,101.06
2026-01-23 13:00:00,M5R,-12.4,40.0,101.11
2026-01-23 14:00:00,M5R,-12.0,46.0,101.18
2026-01-23 15:00:00,M5R,-11.7,48.0,101.26
2026-01-23 16:00:00,M5R,-12.4,54.0,101.41
2026-01-23 17:00:00,M5R,-13.1,49.0,101.57
2026-01-23 18:00:00,M5R,-14.0,52.0,101.7
2026-01-23 19:00:00,M5R,-14.4,56.0,101.82
2026-01-23 20:00:00,M5R,-14.8,56.0,101.9
2026-01-23 21:00:00,M5R,-14.8,57.0,101.97
2026-01-23 22:00:00,M5R,-15.0,59.0,102.0
2026-01-23 23:00:00,M5R,-15.1,61.0,102.05
2026-01-24 00:00:00,M5R,-15.3,62.0,102.11
2026-01-24 01:00:00,M5R,-16.6,66.0,102.12
2026-01-24 02:00:00,M5R,-17.8,68.0,102.21
2026-01-24 03:00:00,M5R,-18.1,63.0,102.29
2026-01-24 04:00:00,M5R,-17.9,61.0,102.33
2026-01-24 05:00:00,M5R,-17.8,63.0,102.36
2026-01-24 06:00:00,M5R,-17.6,63.0,102.38
2026-01-24 07:00:00,M5R,-17.1,64.0,102.4
2026-01-24 08:00:00,M5R,-16.5,67.0,102.45
2026-01-24 09:00:00,M5R,-15.5,66.0,102.47
2026-01-24 10:00:00,M5R,-14.0,64.0,102.5
2026-01-24 11:00:00,M5R,-13.1,62.0,102.53
2026-01-24 12:00:00,M5R,-11.3,60.0,102.48
2026-01-24 13:00:00,M5R,-10.6,59.0,102.45
2026-01-24 14:00:00,M5R,-10.6,61.0,102.38
2026-01-24 15:00:00,M5R,-10.2,55.0,102.4
2026-01-24 16:00:00,M5R,-10.6,68.0,102.43
2026-01-24 17:00:00,M5R,-10.7,63.0,102.39
2026-01-24 18:00:00,M5R,-10.9,65.0,102.34
2026-01-24 19:00:00,M5R,-10.7,57.0,102.29
2026-01-24 20:00:00,M5R,-10.7,56.0,102.33
2026-01-24 21:00:00,M5R,-10.6,57.0,102.28
2026-01-24 22:00:00,M5R,-10.6,63.0,102.23
2026-01-24 23:00:00,M5R,-10.9,65.0,102.18
2026-01-25 00:00:00,M5R,-11.2,65.0,102.17
2026-01-25 01:00:00,M5R,-11.3,69.0,102.09
2026-01-25 02:00:00,M5R,-11.4,72.0,101.99
2026-01-25 03:00:00,M5R,-11.5,79.0,101.91
2026-01-25 04:00:00,M5R,-11.8,80.0,101.79
2026-01-25 05:00:00,M5R,-9.4,66.0,101.71
2026-01-25 06:00:00,M5R,-8.7,57.0,101.53
2026-01-25 07:00:00,M5R,-8.6,61.0,101.43
2026-01-25 08:00:00,M5R,-8.8,75.0,101.41
2026-01-25 09:00:00,M5R,-9.1,80.0,101.28
2026-01-25 10:00:00,M5R,-8.7,81.0,101.19
2026-01-25 11:00:00,M5R,-8.2,85.0,101.02
2026-01-25 12:00:00,M5R,-11.0,84.0,100.77
2026-01-25 13:00:00,M5R,-11.1,86.0,100.62
2026-01-25 14:00:00,M5R,-10.2,88.0,100.46
2026-01-25 15:00:00,M5R,-10.7,87.0,100.35
2026-01-25 16:00:00,M5R,-11.6,86.0,100.26
2026-01-25 17:00:00,M5R,-11.9,87.0,100.17
2026-01-25 18:00:00,M5R,-11.9,86.0,100.1
2026-01-25 19:00:00,M5R,-11.3,86.0,100.04
2026-01-25 20:00:00,M5R,-11.7,85.0,99.9
2026-01-25 21:00:00,M5R,-11.4,85.0,99.84
2026-01-25 22:00:00,M5R,-11.9,83.0,99.84
2026-01-25 23:00:00,M5R,-12.5,80.0,99.78
2026-01-26 00:00:00,M5R,-12.8,79.0,99.78
2026-01-26 01:00:00,M5R,-12.9,76.0,99.82
2026-01-26 02:00:00,M5R,-13.2,77.0,99.83
2026-01-26 03:00:00,M5R,-13.2,77.0,99.82
2026-01-26 04:00:00,M5R,-13.1,79.0,99.82
2026-01-26 05:00:00,M5R,-14.0,74.0,99.87
2026-01-26 06:00:00,M5R,-14.1,74.0,99.89
2026-01-26 07:00:00,M5R,-14.1,75.0,99.93
2026-01-26 08:00:00,M5R,-13.9,76.0,99.95
2026-01-26 09:00:00,M5R,-13.3,74.0,99.96
2026-01-26 10:00:00,M5R,-12.0,71.0,99.98
2026-01-26 11:00:00,M5R,-11.1,69.0,100.01
2026-01-26 12:00:00,M5R,-9.8,66.0,100.01
2026-01-26 13:00:00,M5R,-9.7,64.0,99.98
2026-01-26 14:00:00,M5R,-8.9,58.0,99.99
2026-01-26 15:00:00,M5R,-8.9,57.0,100.02
2026-01-26 16:00:00,M5R,-9.1,59.0,100.11
2026-01-26 17:00:00,M5R,-8.9,56.0,100.17
2026-01-26 18:00:00,M5R,-10.1,61.0,100.21
2026-01-26 19:00:00,M5R,-10.1,63.0,100.25
2026-01-26 20:00:00,M5R,-10.2,62.0,100.27
2026-01-26 21:00:00,M5R,-10.3,68.0,100.25
2026-01-26 22:00:00,M5R,-10.1,64.0,100.26
2026-01-26 23:00:00,M5R,-10.6,68.0,100.26
2026-01-27 00:00:00,M5R,-10.2,73.0,100.23
2026-01-27 01:00:00,M5R,-9.6,68.0,100.19
2026-01-27 02:00:00,M5R,-9.7,61.0,100.18
2026-01-27 03:00:00,M5R,-9.9,63.0,100.11
2026-01-27 04:00:00,M5R,-10.5,69.0,100.05
2026-01-27 05:00:00,M5R,-12.5,67.0,99.95
2026-01-27 06:00:00,M5R,-12.9,72.0,99.86
2026-01-27 07:00:00,M5R,-13.1,71.0,99.83
2026-01-27 08:00:00,M5R,-13.2,74.0,99.78
2026-01-27 09:00:00,M5R,-12.9,73.0,99.73
2026-01-27 10:00:00,M5R,-12.2,68.0,99.7
2026-01-27 11:00:00,M5R,-11.2,67.0,99.7
2026-01-27 12:00:00,M5R,-10.1,64.0,99.66
2026-01-27 13:00:00,M5R,-9.9,66.0,99.64
2026-01-27 14:00:00,M5R,-9.1,62.0,99.6
2026-01-27 15:00:00,M5R,-8.9,60.0,99.63
2026-01-27 16:00:00,M5R,-8.8,63.0,99.71
2026-01-27 17:00:00,M5R,-8.6,66.0,99.77
2026-01-27 18:00:00,M5R,-8.6,64.0,99.86
2026-01-27 19:00:00,M5R,-9.0,71.0,99.97
2026-01-27 20:00:00,M5R,-8.9,74.0,100.04
2026-01-27 21:00:00,M5R,-9.0,76.0,100.1
2026-01-27 22:00:00,M5R,-8.5,84.0,100.2
2026-01-27 23:00:00,M5R,-8.4,65.0,100.27
2026-01-28 00:00:00,M5R,-9.2,61.0,100.31
2026-01-28 01:00:00,M5R,-9.7,66.0,100.35
2026-01-28 02:00:00,M5R,-9.4,66.0,100.38
2026-01-28 03:00:00,M5R,-9.5,65.0,100.38
2026-01-28 04:00:00,M5R,-9.7,65.0,100.38
2026-01-28 05:00:00,M5R,-10.2,70.0,100.36
2026-01-28 06:00:00,M5R,-10.3,72.0,100.33
2026-01-28 07:00:00,M5R,-10.7,72.0,100.35
2026-01-28 08:00:00,M5R,-11.1,74.0,100.34
2026-01-28 09:00:00,M5R,-10.2,70.0,100.36
2026-01-28 10:00:00,M5R,-9.3,63.0,100.39
2026-01-28 11:00:00,M5R,-8.2,55.0,100.39
2026-01-28 12:00:00,M5R,-8.7,55.0,100.32
2026-01-28 13:00:00,M5R,-8.5,54.0,100.23
2026-01-28 14:00:00,M5R,-8.7,49.0,100.18
2026-01-28 15:00:00,M5R,-8.2,47.0,100.13
2026-01-28 16:00:00,M5R,-8.7,52.0,100.11
2026-01-28 17:00:00,M5R,-9.1,53.0,100.13
2026-01-28 18:00:00,M5R,-9.4,59.0,100.18
2026-01-28 19:00:00,M5R,-9.5,60.0,100.21
2026-01-28 20:00:00,M5R,-9.8,63.0,100.2
2026-01-28 21:00:00,M5R,-9.7,64.0,100.17
2026-01-28 22:00:00,M5R,-10.4,70.0,100.16
2026-01-28 23:00:00,M5R,-10.5,69.0,100.15
2026-01-29 00:00:00,M5R,-11.0,73.0,100.16
2026-01-29 01:00:00,M5R,-10.5,73.0,100.16
2026-01-29 02:00:00,M5R,-11.0,75.0,100.16
2026-01-29 03:00:00,M5R,-10.5,75.0,100.18
2026-01-29 04:00:00,M5R,-11.0,74.0,100.19
2026-01-29 05:00:00,M5R,-11.3,75.0,100.26
2026-01-29 06:00:00,M5R,-11.2,77.0,100.33
2026-01-29 07:00:00,M5R,-11.6,77.0,100.42
2026-01-29 08:00:00,M5R,-12.4,73.0,100.53
2026-01-29 09:00:00,M5R,-13.1,71.0,100.64
2026-01-29 10:00:00,M5R,-11.8,61.0,100.72
2026-01-29 11:00:00,M5R,-11.4,52.0,100.8
2026-01-29 12:00:00,M5R,-11.5,50.0,100.83
2026-01-29 13:00:00,M5R,-11.7,48.0,100.85
2026-01-29 14:00:00,M5R,-12.3,49.0,100.86
2026-01-29 15:00:00,M5R,-12.7,53.0,100.9
2026-01-29 16:00:00,M5R,-12.7,52.0,100.94
2026-01-29 17:00:00,M5R,-13.4,56.0,101.0
2026-01-29 18:00:00,M5R,-13.5,55.0,101.05
2026-01-29 19:00:00,M5R,-13.8,58.0,101.11
2026-01-29 20:00:00,M5R,-14.4,58.0,101.12
2026-01-29 21:00:00,M5R,-15.0,67.0,101.15
2026-01-29 22:00:00,M5R,-15.9,71.0,101.16
2026-01-29 23:00:00,M5R,-16.0,70.0,101.18
2026-01-30 00:00:00,M5R,-16.6,66.0,101.19
2026-01-30 01:00:00,M5R,-17.4,63.0,101.21
2026-01-30 02:00:00,M5R,-17.8,70.0,101.23
2026-01-30 03:00:00,M5R,-17.9,69.0,101.2
2026-01-30 04:00:00,M5R,-18.0,66.0,101.17
2026-01-30 05:00:00,M5R,-18.5,68.0,101.18
2026-01-30 06:00:00,M5R,-18.9,67.0,101.15
2026-01-30 07:00:00,M5R,-19.1,66.0,101.17
2026-01-30 08:00:00,M5R,-18.9,72.0,101.21
2026-01-30 09:00:00,M5R,-17.5,68.0,101.22
2026-01-30 10:00:00,M5R,-16.3,65.0,101.21
2026-01-30 11:00:00,M5R,-14.3,62.0,101.23
2026-01-30 12:00:00,M5R,-12.3,59.0,101.16
2026-01-30 13:00:00,M5R,-11.6,48.0,101.07
2026-01-30 14:00:00,M5R,-10.5,44.0,101.03
2026-01-30 15:00:00,M5R,-9.7,46.0,100.99
2026-01-30 16:00:00,M5R,-9.7,48.0,100.99
2026-01-30 17:00:00,M5R,-9.5,52.0,100.99
2026-01-30 18:00:00,M5R,-9.9,62.0,101.0
2026-01-30 19:00:00,M5R,-10.1,64.0,101.01
2026-01-30 20:00:00,M5R,-10.2,65.0,100.99
2026-01-30 21:00:00,M5R,-10.0,65.0,100.98
2026-01-30 22:00:00,M5R,-11.5,68.0,101.03
2026-01-30 23:00:00,M5R,-12.1,69.0,101.04
2026-01-31 00:00:00,M5R,-13.0,73.0,101.05
2026-01-31 01:00:00,M5R,-14.0,72.0,101.06
2026-01-31 02:00:00,M5R,-14.0,71.0,101.07
2026-01-31 03:00:00,M5R,-14.1,72.0,101.1
2026-01-31 04:00:00,M5R,-14.3,68.0,101.1
2026-01-31 05:00:00,M5R,-14.5,69.0,101.08
2026-01-31 06:00:00,M5R,-14.8,66.0,101.11
2026-01-31 07:00:00,M5R,-15.3,68.0,101.11
2026-01-31 08:00:00,M5R,-14.6,70.0,101.13
2026-01-31 09:00:00,M5R,-14.2,69.0,101.17
2026-01-31 10:00:00,M5R,-12.7,59.0,101.18
2026-01-31 11:00:00,M5R,-11.9,52.0,101.19
2026-01-31 12:00:00,M5R,-11.4,55.0,101.15
2026-01-31 13:00:00,M5R,-9.7,51.0,101.08
2026-01-31 14:00:00,M5R,-9.8,53.0,101.01
2026-01-31 15:00:00,M5R,-9.8,58.0,101.01
2026-01-31 16:00:00,M5R,-9.6,59.0,101.01
2026-01-31 17:00:00,M5R,-9.7,62.0,101.02
2026-01-31 18:00:00,M5R,-10.4,64.0,101.05
2026-01-31 19:00:00,M5R,-11.1,69.0,101.1
2026-01-31 20:00:00,M5R,-11.1,71.0,101.09
2026-01-31 21:00:00,M5R,-11.3,72.0,101.07
2026-01-31 22:00:00,M5R,-11.3,68.0,101.01
2026-01-31 23:00:00,M5R,-11.1,63.0,100.97
2026-02-01 00:00:00,M5R,-11.3,59.0,100.92
2026-02-01 01:00:00,M5R,-12.0,62.0,100.88
2026-02-01 02:00:00,M5R,-12.7,65.0,100.86
2026-02-01 03:00:00,M5R,-12.6,63.0,100.88
2026-02-01 04:00:00,M5R,-13.5,64.0,100.87
2026-02-01 05:00:00,M5R,-14.4,66.0,100.87
2026-02-01 06:00:00,M5R,-14.3,66.0,100.85
2026-02-01 07:00:00,M5R,-14.7,66.0,100.82
2026-02-01 08:00:00,M5R,-15.0,66.0,100.81
2026-02-01 09:00:00,M5R,-13.7,62.0,100.84
2026-02-01 10:00:00,M5R,-11.6,52.0,100.85
2026-02-01 11:00:00,M5R,-10.0,49.0,100.84
2026-02-01 12:00:00,M5R,-8.7,44.0,100.81
2026-02-01 13:00:00,M5R,-6.8,38.0,100.72
2026-02-01 14:00:00,M5R,-5.5,29.0,100.62
2026-02-01 15:00:00,M5R,-4.9,35.0,100.59
2026-02-01 16:00:00,M5R,-5.1,35.0,100.58
2026-02-01 17:00:00,M5R,-5.6,41.0,100.62
2026-02-01 18:00:00,M5R,-6.4,45.0,100.66
2026-02-01 19:00:00,M5R,-7.1,53.0,100.69
2026-02-01 20:00:00,M5R,-7.7,50.0,100.68
2026-02-01 21:00:00,M5R,-8.1,52.0,100.68
2026-02-01 22:00:00,M5R,-8.1,54.0,100.68
2026-02-01 23:00:00,M5R,-8.5,58.0,100.67
2026-02-02 00:00:00,M5R,-8.7,59.0,100.68
2026-02-02 01:00:00,M5R,-9.9,64.0,100.7
2026-02-02 02:00:00,M5R,-10.8,67.0,100.73
2026-02-02 03:00:00,M5R,-10.5,67.0,100.7
2026-02-02 04:00:00,M5R,-11.4,76.0,100.71
2026-02-02 05:00:00,M5R,-11.6,82.0,100.71
2026-02-02 06:00:00,M5R,-11.6,86.0,100.72
2026-02-02 07:00:00,M5R,-12.1,87.0,100.73
2026-02-02 08:00:00,M5R,-11.8,87.0,100.75
2026-02-02 09:00:00,M5R,-10.6,87.0,100.77
2026-02-02 10:00:00,M5R,-7.0,70.0,100.75
2026-02-02 11:00:00,M5R,-5.5,64.0,100.72
2026-02-02 12:00:00,M5R,-5.9,70.0,100.71
2026-02-02 13:00:00,M5R,-4.2,57.0,100.62
2026-02-02 14:00:00,M5R,-4.5,67.0,100.54
2026-02-02 15:00:00,M5R,-4.7,70.0,100.49
2026-02-02 16:00:00,M5R,-4.2,70.0,100.48
2026-02-02 17:00:00,M5R,-4.3,70.0,100.48
2026-02-02 18:00:00,M5R,-4.6,70.0,100.49
2026-02-02 19:00:00,M5R,-4.4,67.0,100.51
2026-02-02 20:00:00,M5R,-4.6,69.0,100.51
2026-02-02 21:00:00,M5R,-4.8,75.0,100.51
2026-02-02 22:00:00,M5R,-4.8,77.0,100.47
2026-02-02 23:00:00,M5R,-5.0,80.0,100.46
2026-02-03 00:00:00,M5R,-5.0,84.0,100.45
2026-02-03 01:00:00,M5R,-4.9,82.0,100.45
2026-02-03 02:00:00,M5R,-4.9,81.0,100.46
2026-02-03 03:00:00,M5R,-4.7,79.0,100.48
2026-02-03 04:00:00,M5R,-4.7,79.0,100.46
2026-02-03 05:00:00,M5R,-4.6,80.0,100.43
2026-02-03 06:00:00,M5R,-4.2,80.0,100.41
2026-02-03 07:00:00,M5R,-3.9,80.0,100.41
2026-02-03 08:00:00,M5R,-3.9,81.0,100.42
2026-02-03 09:00:00,M5R,-3.2,79.0,100.42
2026-02-03 10:00:00,M5R,-2.6,77.0,100.42
2026-02-03 11:00:00,M5R,-2.2,71.0,100.4
2026-02-03 12:00:00,M5R,-1.7,67.0,100.38
2026-02-03 13:00:00,M5R,-3.2,69.0,100.43
2026-02-03 14:00:00,M5R,-3.6,54.0,100.46
2026-02-03 15:00:00,M5R,-4.1,50.0,100.5
2026-02-03 16:00:00,M5R,-4.2,50.0,100.56
2026-02-03 17:00:00,M5R,-5.1,52.0,100.64
2026-02-03 18:00:00,M5R,-5.6,62.0,100.68
2026-02-03 19:00:00,M5R,-6.0,62.0,100.73
2026-02-03 20:00:00,M5R,-5.7,64.0,100.74
2026-02-03 21:00:00,M5R,-5.9,66.0,100.73
2026-02-03 22:00:00,M5R,-6.9,69.0,100.79
2026-02-03 23:00:00,M5R,-8.5,68.0,100.84
2026-02-04 00:00:00,M5R,-8.8,71.0,100.88
2026-02-04 01:00:00,M5R,-9.0,74.0,100.93
2026-02-04 02:00:00,M5R,-9.5,76.0,100.99
2026-02-04 03:00:00,M5R,-9.7,75.0,101.02
2026-02-04 04:00:00,M5R,-10.0,78.0,101.04
2026-02-04 05:00:00,M5R,-11.0,79.0,101.1
2026-02-04 06:00:00,M5R,-11.2,80.0,101.14
2026-02-04 07:00:00,M5R,-11.6,80.0,101.18
2026-02-04 08:00:00,M5R,-11.9,80.0,101.23
2026-02-04 09:00:00,M5R,-10.7,76.0,101.3
2026-02-04 10:00:00,M5R,-9.0,67.0,101.3
2026-02-04 11:00:00,M5R,-6.9,60.0,101.33
2026-02-04 12:00:00,M5R,-6.7,59.0,101.31
2026-02-04 13:00:00,M5R,-5.7,53.0,101.25
2026-02-04 14:00:00,M5R,-4.7,52.0,101.2
2026-02-04 15:00:00,M5R,-5.0,55.0,101.18
2026-02-04 16:00:00,M5R,-4.6,55.0,101.14
2026-02-04 17:00:00,M5R,-4.8,64.0,101.12
2026-02-04 18:00:00,M5R,-5.1,58.0,101.13
2026-02-04 19:00:00,M5R,-5.8,61.0,101.16
2026-02-04 20:00:00,M5R,-7.0,65.0,101.17
2026-02-04 21:00:00,M5R,-7.4,67.0,101.14
2026-02-04 22:00:00,M5R,-7.5,68.0,101.09
2026-02-04 23:00:00,M5R,-7.6,71.0,101.01
2026-02-05 00:00:00,M5R,-8.6,75.0,100.98
2026-02-05 01:00:00,M5R,-8.9,79.0,100.97
2026-02-05 02:00:00,M5R,-9.0,76.0,100.94
2026-02-05 03:00:00,M5R,-9.6,77.0,100.9
2026-02-05 04:00:00,M5R,-9.6,79.0,100.87
2026-02-05 05:00:00,M5R,-10.3,82.0,100.84
2026-02-05 06:00:00,M5R,-10.5,77.0,100.81
2026-02-05 07:00:00,M5R,-10.0,75.0,100.78
2026-02-05 08:00:00,M5R,-9.1,74.0,100.74
2026-02-05 09:00:00,M5R,-7.4,68.0,100.73
2026-02-05 10:00:00,M5R,-6.0,65.0,100.64
2026-02-05 11:00:00,M5R,-5.2,66.0,100.62
2026-02-05 12:00:00,M5R,-4.6,65.0,100.52
2026-02-05 13:00:00,M5R,-4.4,65.0,100.44
2026-02-05 14:00:00,M5R,-4.2,65.0,100.34
2026-02-05 15:00:00,M5R,-4.4,66.0,100.26
2026-02-05 16:00:00,M5R,-4.8,66.0,100.18
2026-02-05 17:00:00,M5R,-4.7,67.0,100.12
2026-02-05 18:00:00,M5R,-5.2,67.0,100.05
2026-02-05 19:00:00,M5R,-5.6,70.0,100.0
2026-02-05 20:00:00,M5R,-6.0,65.0,99.96
2026-02-05 21:00:00,M5R,-6.3,67.0,99.9
2026-02-05 22:00:00,M5R,-6.2,68.0,99.86
2026-02-05 23:00:00,M5R,-7.6,72.0,99.84
2026-02-06 00:00:00,M5R,-7.7,76.0,99.7
2026-02-06 01:00:00,M5R,-7.0,76.0,99.61
2026-02-06 02:00:00,M5R,-6.3,77.0,99.53
2026-02-06 03:00:00,M5R,-6.2,76.0,99.44
2026-02-06 04:00:00,M5R,-6.5,84.0,99.3
2026-02-06 05:00:00,M5R,-6.4,83.0,99.19
2026-02-06 06:00:00,M5R,-6.0,82.0,99.12
2026-02-06 07:00:00,M5R,-5.8,84.0,99.06
2026-02-06 08:00:00,M5R,-6.2,84.0,99.06
2026-02-06 09:00:00,M5R,-6.0,85.0,99.01
2026-02-06 10:00:00,M5R,-5.5,80.0,98.95
2026-02-06 11:00:00,M5R,-5.1,77.0,98.91
2026-02-06 12:00:00,M5R,-4.7,77.0,98.84
2026-02-06 13:00:00,M5R,-3.9,72.0,98.75
2026-02-06 14:00:00,M5R,-3.2,70.0,98.7
2026-02-06 15:00:00,M5R,-2.4,71.0,98.69
2026-02-06 16:00:00,M5R,-2.4,74.0,98.68
2026-02-06 17:00:00,M5R,-2.4,77.0,98.67
2026-02-06 18:00:00,M5R,-2.4,85.0,98.7
2026-02-06 19:00:00,M5R,-3.7,71.0,98.84
2026-02-06 20:00:00,M5R,-5.4,67.0,98.95
2026-02-06 21:00:00,M5R,-7.3,64.0,99.08
2026-02-06 22:00:00,M5R,-9.3,57.0,99.22
2026-02-06 23:00:00,M5R,-10.8,56.0,99.36
2026-02-07 00:00:00,M5R,-14.3,54.0,99.61
2026-02-07 01:00:00,M5R,-15.9,58.0,99.81
2026-02-07 02:00:00,M5R,-17.2,54.0,100.0
2026-02-07 03:00:00,M5R,-18.2,54.0,100.13
2026-02-07 04:00:00,M5R,-18.8,54.0,100.26
2026-02-07 05:00:00,M5R,-19.4,53.0,100.39
2026-02-07 06:00:00,M5R,-19.6,51.0,100.53
2026-02-07 07:00:00,M5R,-19.6,52.0,100.65
2026-02-07 08:00:00,M5R,-19.3,50.0,100.74
2026-02-07 09:00:00,M5R,-18.5,47.0,100.78
2026-02-07 10:00:00,M5R,-17.6,46.0,100.86
2026-02-07 11:00:00,M5R,-16.8,46.0,100.88
2026-02-07 12:00:00,M5R,-16.3,48.0,100.86
2026-02-07 13:00:00,M5R,-14.7,48.0,100.84
2026-02-07 14:00:00,M5R,-14.1,48.0,100.8
2026-02-07 15:00:00,M5R,-13.9,52.0,100.84
2026-02-07 16:00:00,M5R,-13.5,53.0,100.91
2026-02-07 17:00:00,M5R,-14.2,57.0,100.99
2026-02-07 18:00:00,M5R,-14.7,60.0,101.08
2026-02-07 19:00:00,M5R,-14.7,59.0,101.16
2026-02-07 20:00:00,M5R,-14.5,60.0,101.23
2026-02-07 21:00:00,M5R,-14.7,65.0,101.27
2026-02-07 22:00:00,M5R,-15.3,71.0,101.31
2026-02-07 23:00:00,M5R,-15.2,63.0,101.36
2026-02-08 00:00:00,M5R,-15.4,58.0,101.4
2026-02-08 01:00:00,M5R,-16.0,54.0,101.4
2026-02-08 02:00:00,M5R,-16.5,55.0,101.43
2026-02-08 03:00:00,M5R,-16.9,56.0,101.47
2026-02-08 04:00:00,M5R,-17.4,55.0,101.51
2026-02-08 05:00:00,M5R,-18.1,57.0,101.58
2026-02-08 06:00:00,M5R,-18.5,58.0,101.63
2026-02-08 07:00:00,M5R,-19.3,60.0,101.74
2026-02-08 08:00:00,M5R,-19.9,59.0,101.76
2026-02-08 09:00:00,M5R,-19.1,56.0,101.82
2026-02-08 10:00:00,M5R,-17.5,48.0,101.84
2026-02-08 11:00:00,M5R,-16.7,43.0,101.86
2026-02-08 12:00:00,M5R,-15.4,42.0,101.84
2026-02-08 13:00:00,M5R,-14.7,39.0,101.8
2026-02-08 14:00:00,M5R,-14.1,39.0,101.74
2026-02-08 15:00:00,M5R,-13.3,40.0,101.71
2026-02-08 16:00:00,M5R,-12.6,39.0,101.7
2026-02-08 17:00:00,M5R,-12.2,39.0,101.73
2026-02-08 18:00:00,M5R,-12.4,40.0,101.77
2026-02-08 19:00:00,M5R,-13.0,42.0,101.8
2026-02-08 20:00:00,M5R,-14.0,46.0,101.82
2026-02-08 21:00:00,M5R,-14.8,51.0,101.81
2026-02-08 22:00:00,M5R,-15.2,56.0,101.8
2026-02-08 23:00:00,M5R,-15.5,62.0,101.79
2026-02-09 00:00:00,M5R,-15.5,64.0,101.77
2026-02-09 01:00:00,M5R,-15.6,62.0,101.75
2026-02-09 02:00:00,M5R,-16.3,71.0,101.73
2026-02-09 03:00:00,M5R,-15.8,66.0,101.67
2026-02-09 04:00:00,M5R,-15.7,67.0,101.6
2026-02-09 05:00:00,M5R,-14.7,64.0,101.56
2026-02-09 06:00:00,M5R,-14.9,70.0,101.56
2026-02-09 07:00:00,M5R,-14.4,66.0,101.51
2026-02-09 08:00:00,M5R,-14.2,60.0,101.54
2026-02-09 09:00:00,M5R,-12.5,52.0,101.57
2026-02-09 10:00:00,M5R,-11.3,45.0,101.49
2026-02-09 11:00:00,M5R,-10.3,44.0,101.45
2026-02-09 12:00:00,M5R,-9.5,56.0,101.35
2026-02-09 13:00:00,M5R,-8.8,72.0,101.22
2026-02-09 14:00:00,M5R,-8.0,66.0,101.07
2026-02-09 15:00:00,M5R,-7.5,62.0,100.99
2026-02-09 16:00:00,M5R,-6.9,55.0,100.95
2026-02-09 17:00:00,M5R,-7.2,61.0,100.96
2026-02-09 18:00:00,M5R,-7.2,59.0,100.95
2026-02-09 19:00:00,M5R,-6.8,58.0,100.87
2026-02-09 20:00:00,M5R,-6.1,55.0,100.81
2026-02-09 21:00:00,M5R,-5.9,59.0,100.7
2026-02-09 22:00:00,M5R,-5.2,54.0,100.6
2026-02-09 23:00:00,M5R,-5.0,55.0,100.57
2026-02-10 00:00:00,M5R,-4.7,56.0,100.52
2026-02-10 01:00:00,M5R,-4.5,55.0,100.45
2026-02-10 02:00:00,M5R,-3.8,53.0,100.47
2026-02-10 03:00:00,M5R,-3.5,60.0,100.41
2026-02-10 04:00:00,M5R,-4.1,83.0,100.33
2026-02-10 05:00:00,M5R,-4.2,90.0,100.34
2026-02-10 06:00:00,M5R,-3.8,88.0,100.26
2026-02-10 07:00:00,M5R,-3.7,89.0,100.09
2026-02-10 08:00:00,M5R,-2.9,89.0,100.04
2026-02-10 09:00:00,M5R,-2.2,88.0,99.92
2026-02-10 10:00:00,M5R,-1.5,86.0,99.67
2026-02-10 11:00:00,M5R,-0.3,79.0,99.63
2026-02-10 12:00:00,M5R,0.0,78.0,99.37
2026-02-10 13:00:00,M5R,1.1,70.0,99.18
2026-02-10 14:00:00,M5R,1.6,61.0,99.15
2026-02-10 15:00:00,M5R,1.6,61.0,99.14
2026-02-10 16:00:00,M5R,2.0,58.0,99.1
2026-02-10 17:00:00,M5R,2.0,63.0,99.14
2026-02-10 18:00:00,M5R,1.5,66.0,99.21
2026-02-10 19:00:00,M5R,1.3,70.0,99.29
2026-02-10 20:00:00,M5R,1.7,67.0,99.36
2026-02-10 21:00:00,M5R,1.7,68.0,99.42
2026-02-10 22:00:00,M5R,1.5,71.0,99.43
2026-02-10 23:00:00,M5R,1.5,75.0,99.44
2026-02-11 00:00:00,M5R,1.5,77.0,99.47
2026-02-11 01:00:00,M5R,1.3,78.0,99.48
2026-02-11 02:00:00,M5R,1.3,78.0,99.48
2026-02-11 03:00:00,M5R,1.3,71.0,99.48
2026-02-11 04:00:00,M5R,0.9,66.0,99.49
2026-02-11 05:00:00,M5R,0.4,64.0,99.53
2026-02-11 06:00:00,M5R,0.0,66.0,99.58
2026-02-11 07:00:00,M5R,-0.2,69.0,99.61
2026-02-11 08:00:00,M5R,-0.4,72.0,99.7
2026-02-11 09:00:00,M5R,-0.5,74.0,99.7
2026-02-11 10:00:00,M5R,0.0,71.0,99.7
2026-02-11 11:00:00,M5R,0.4,69.0,99.72
2026-02-11 12:00:00,M5R,0.2,70.0,99.74
2026-02-11 13:00:00,M5R,0.1,71.0,99.73
2026-02-11 14:00:00,M5R,-0.1,74.0,99.74
2026-02-11 15:00:00,M5R,0.3,64.0,99.78
2026-02-11 16:00:00,M5R,0.1,61.0,99.86
2026-02-11 17:00:00,M5R,-0.4,63.0,99.96
2026-02-11 18:00:00,M5R,-0.8,63.0,100.06
2026-02-11 19:00:00,M5R,-1.0,63.0,100.14
2026-02-11 20:00:00,M5R,-1.4,61.0,100.22
2026-02-11 21:00:00,M5R,-1.7,64.0,100.27
2026-02-11 22:00:00,M5R,-2.2,69.0,100.32
2026-02-11 23:00:00,M5R,-2.6,73.0,100.34
2026-02-12 00:00:00,M5R,-3.1,74.0,100.38
2026-02-12 01:00:00,M5R,-3.9,69.0,100.42
2026-02-12 02:00:00,M5R,-4.5,72.0,100.48
2026-02-12 03:00:00,M5R,-4.9,73.0,100.52
2026-02-12 04:00:00,M5R,-5.3,72.0,100.51
2026-02-12 05:00:00,M5R,-5.4,73.0,100.57
2026-02-12 06:00:00,M5R,-5.8,75.0,100.61
2026-02-12 07:00:00,M5R,-6.1,73.0,100.66
2026-02-12 08:00:00,M5R,-5.9,75.0,100.7
2026-02-12 09:00:00,M5R,-5.8,74.0,100.75
2026-02-12 10:00:00,M5R,-5.0,68.0,100.78
2026-02-12 11:00:00,M5R,-4.3,63.0,100.82
2026-02-12 12:00:00,M5R,-4.0,64.0,100.82
2026-02-12 13:00:00,M5R,-3.1,60.0,100.78
2026-02-12 14:00:00,M5R,-2.3,56.0,100.75
2026-02-12 15:00:00,M5R,-2.2,58.0,100.72
2026-02-12 16:00:00,M5R,-2.7,58.0,100.74
2026-02-12 17:00:00,M5R,-3.3,58.0,100.77
2026-02-12 18:00:00,M5R,-4.2,62.0,100.83
2026-02-12 19:00:00,M5R,-5.2,65.0,100.88
2026-02-12 20:00:00,M5R,-6.0,67.0,100.91
2026-02-12 21:00:00,M5R,-6.6,71.0,100.94
2026-02-12 22:00:00,M5R,-7.0,63.0,100.94
2026-02-12 23:00:00,M5R,-7.3,66.0,100.95
2026-02-13 00:00:00,M5R,-7.8,75.0,100.97
2026-02-13 01:00:00,M5R,-8.8,77.0,100.97
2026-02-13 02:00:00,M5R,-8.6,77.0,100.97
2026-02-13 03:00:00,M5R,-9.0,79.0,100.96
2026-02-13 04:00:00,M5R,-9.3,78.0,100.93
2026-02-13 05:00:00,M5R,-9.0,79.0,100.9
2026-02-13 06:00:00,M5R,-9.0,82.0,100.95
2026-02-13 07:00:00,M5R,-8.9,82.0,100.98
2026-02-13 08:00:00,M5R,-8.9,82.0,100.98
2026-02-13 09:00:00,M5R,-7.3,76.0,101.0
2026-02-13 10:00:00,M5R,-5.1,64.0,100.97
2026-02-13 11:00:00,M5R,-3.0,57.0,100.93
2026-02-13 12:00:00,M5R,-2.1,53.0,100.87
2026-02-13 13:00:00,M5R,-1.5,54.0,100.79
2026-02-13 14:00:00,M5R,-1.0,52.0,100.65
2026-02-13 15:00:00,M5R,-0.9,53.0,100.57
2026-02-13 16:00:00,M5R,-0.8,62.0,100.48
2026-02-13 17:00:00,M5R,-0.5,56.0,100.46
2026-02-13 18:00:00,M5R,-0.4,59.0,100.44
2026-02-13 19:00:00,M5R,-0.4,62.0,100.37
2026-02-13 20:00:00,M5R,-2.1,90.0,100.35
2026-02-13 21:00:00,M5R,-1.9,88.0,100.31
2026-02-13 22:00:00,M5R,-1.3,85.0,100.28
2026-02-13 23:00:00,M5R,-1.0,83.0,100.24
2026-02-14 00:00:00,M5R,-0.3,79.0,100.2
2026-02-14 01:00:00,M5R,-0.6,79.0,100.17
2026-02-14 02:00:00,M5R,-0.9,80.0,100.19
2026-02-14 03:00:00,M5R,-0.3,77.0,100.22
2026-02-14 04:00:00,M5R,-0.7,78.0,100.21
2026-02-14 05:00:00,M5R,-1.4,81.0,100.25
2026-02-14 06:00:00,M5R,-1.3,81.0,100.29
2026-02-14 07:00:00,M5R,-0.7,78.0,100.33
2026-02-14 08:00:00,M5R,-0.8,80.0,100.35
2026-02-14 09:00:00,M5R,0.7,72.0,100.41
2026-02-14 10:00:00,M5R,1.8,67.0,100.47
2026-02-14 11:00:00,M5R,1.9,66.0,100.52
2026-02-14 12:00:00,M5R,2.0,66.0,100.49
2026-02-14 13:00:00,M5R,2.3,63.0,100.47
2026-02-14 14:00:00,M5R,2.3,63.0,100.4
2026-02-14 15:00:00,M5R,2.4,64.0,100.43
2026-02-14 16:00:00,M5R,2.5,63.0,100.4
2026-02-14 17:00:00,M5R,2.2,69.0,100.38
2026-02-14 18:00:00,M5R,1.9,71.0,100.39
2026-02-14 19:00:00,M5R,1.7,72.0,100.43
2026-02-14 20:00:00,M5R,1.4,76.0,100.49
2026-02-14 21:00:00,M5R,1.2,78.0,100.44
2026-02-14 22:00:00,M5R,1.0,78.0,100.39
2026-02-14 23:00:00,M5R,0.9,78.0,100.38
2026-02-15 00:00:00,M5R,0.5,81.0,100.34
2026-02-15 01:00:00,M5R,-0.1,83.0,100.36
2026-02-15 02:00:00,M5R,0.1,87.0,100.37
2026-02-15 03:00:00,M5R,0.2,86.0,100.34
2026-02-15 04:00:00,M5R,0.4,85.0,100.35
2026-02-15 05:00:00,M5R,0.3,79.0,100.31
2026-02-15 06:00:00,M5R,0.0,76.0,100.34
2026-02-15 07:00:00,M5R,-0.1,78.0,100.36
2026-02-15 08:00:00,M5R,0.0,77.0,100.37
2026-02-15 09:00:00,M5R,0.5,69.0,100.33
2026-02-15 10:00:00,M5R,0.0,79.0,100.35
2026-02-15 11:00:00,M5R,-0.3,80.0,100.33
2026-02-15 12:00:00,M5R,-0.8,78.0,100.31
2026-02-15 13:00:00,M5R,0.2,72.0,100.2
2026-02-15 14:00:00,M5R,0.5,70.0,100.14
2026-02-15 15:00:00,M5R,0.5,72.0,100.09
2026-02-15 16:00:00,M5R,0.3,74.0,100.1
2026-02-15 17:00:00,M5R,0.3,75.0,100.07
2026-02-15 18:00:00,M5R,-0.1,76.0,100.04
2026-02-15 19:00:00,M5R,0.2,75.0,100.1
2026-02-15 20:00:00,M5R,0.1,74.0,100.1
2026-02-15 21:00:00,M5R,0.3,71.0,100.17
2026-02-15 22:00:00,M5R,0.1,69.0,100.18
2026-02-15 23:00:00,M5R,-0.1,66.0,100.15
2026-02-16 00:00:00,M5R,-0.6,67.0,100.14
2026-02-16 01:00:00,M5R,-0.9,69.0,100.15
2026-02-16 02:00:00,M5R,-1.0,71.0,100.14
2026-02-16 03:00:00,M5R,-1.3,74.0,100.15
2026-02-16 04:00:00,M5R,-1.4,76.0,100.19
2026-02-16 05:00:00,M5R,-1.5,79.0,100.21
2026-02-16 06:00:00,M5R,-1.6,81.0,100.27
2026-02-16 07:00:00,M5R,-1.6,82.0,100.29
2026-02-16 08:00:00,M5R,-1.9,70.0,100.36
2026-02-16 09:00:00,M5R,-0.9,71.0,100.39
2026-02-16 10:00:00,M5R,0.7,74.0,100.34
2026-02-16 11:00:00,M5R,0.6,81.0,100.36
2026-02-16 12:00:00,M5R,0.4,83.0,100.36
2026-02-16 13:00:00,M5R,1.1,80.0,100.28
2026-02-16 14:00:00,M5R,0.7,83.0,100.25
2026-02-16 15:00:00,M5R,1.4,81.0,100.19
2026-02-16 16:00:00,M5R,2.1,84.0,100.17
2026-02-16 17:00:00,M5R,2.2,86.0,100.18
2026-02-16 18:00:00,M5R,2.3,90.0,100.19
2026-02-16 19:00:00,M5R,2.4,90.0,100.21
2026-02-16 20:00:00,M5R,2.7,91.0,100.15
2026-02-16 21:00:00,M5R,2.8,90.0,100.12
2026-02-16 22:00:00,M5R,3.2,88.0,100.11
2026-02-16 23:00:00,M5R,3.4,85.0,100.08
2026-02-17 00:00:00,M5R,3.1,85.0,100.04
2026-02-17 01:00:00,M5R,,,
2026-02-17 02:00:00,M5R,,,
2026-02-17 03:00:00,M5R,,,
2026-02-17 04:00:00,M5R,,,
2026-02-17 05:00:00,M5R,3.0,93.0,100.18
2026-02-17 06:00:00,M5R,2.8,93.0,100.28
2026-02-17 07:00:00,M5R,3.4,90.0,100.31
2026-02-17 08:00:00,M5R,2.9,89.0,100.38
2026-02-17 09:00:00,M5R,3.6,85.0,100.42
2026-02-17 10:00:00,M5R,5.1,75.0,100.44
2026-02-17 11:00:00,M5R,6.1,71.0,100.46
2026-02-17 12:00:00,M5R,7.8,62.0,100.43
2026-02-17 13:00:00,M5R,6.3,69.0,100.41
2026-02-17 14:00:00,M5R,6.8,69.0,100.33
2026-02-17 15:00:00,M5R,5.2,79.0,100.33
2026-02-17 16:00:00,M5R,3.7,84.0,100.29
2026-02-17 17:00:00,M5R,2.5,93.0,100.34
2026-02-17 18:00:00,M5R,3.2,90.0,100.35
2026-02-17 19:00:00,M5R,3.4,89.0,100.35
2026-02-17 20:00:00,M5R,2.7,89.0,100.38
2026-02-17 21:00:00,M5R,3.5,88.0,100.35
2026-02-17 22:00:00,M5R,3.6,87.0,100.32
2026-02-17 23:00:00,M5R,4.1,85.0,100.31
2026-02-18 00:00:00,M5R,4.2,81.0,100.24
2026-02-18 01:00:00,M5R,4.0,79.0,100.2
2026-02-18 02:00:00,M5R,3.5,77.0,100.15
2026-02-18 03:00:00,M5R,3.5,65.0,100.08
2026-02-18 04:00:00,M5R,3.6,61.0,100.02
2026-02-18 05:00:00,M5R,3.7,59.0,99.93
2026-02-18 06:00:00,M5R,3.1,65.0,99.82
2026-02-18 07:00:00,M5R,2.5,70.0,99.84
2026-02-18 08:00:00,M5R,2.1,74.0,99.83
2026-02-18 09:00:00,M5R,1.3,78.0,99.75
2026-02-18 10:00:00,M5R,0.5,82.0,99.67
2026-02-18 11:00:00,M5R,-0.6,94.0,99.64
2026-02-18 12:00:00,M5R,-0.4,93.0,99.48
2026-02-18 13:00:00,M5R,-0.3,92.0,99.46
2026-02-18 14:00:00,M5R,-0.5,91.0,99.35
2026-02-18 15:00:00,M5R,-0.6,89.0,99.38
2026-02-18 16:00:00,M5R,-0.7,90.0,99.36
2026-02-18 17:00:00,M5R,-1.4,88.0,99.4
2026-02-18 18:00:00,M5R,-1.7,86.0,99.47
2026-02-18 19:00:00,M5R,-1.4,82.0,99.6
2026-02-18 20:00:00,M5R,-1.3,79.0,99.69
2026-02-18 21:00:00,M5R,-1.0,73.0,99.65
2026-02-18 22:00:00,M5R,-0.2,63.0,99.76
2026-02-18 23:00:00,M5R,0.1,61.0,99.84
2026-02-19 00:00:00,M5R,0.2,61.0,99.75
2026-02-19 01:00:00,M5R,0.0,60.0,99.83
2026-02-19 02:00:00,M5R,0.0,59.0,99.86
2026-02-19 03:00:00,M5R,0.0,63.0,99.92
2026-02-19 04:00:00,M5R,-0.1,63.0,99.97
2026-02-19 05:00:00,M5R,-0.2,66.0,100.02
2026-02-19 06:00:00,M5R,-0.2,65.0,99.97
2026-02-19 07:00:00,M5R,-0.3,65.0,100.01
2026-02-19 08:00:00,M5R,-0.1,67.0,100.05
2026-02-19 09:00:00,M5R,0.0,71.0,100.02
2026-02-19 10:00:00,M5R,0.4,73.0,100.13
2026-02-19 11:00:00,M5R,0.5,74.0,100.12
2026-02-19 12:00:00,M5R,0.5,76.0,100.13
2026-02-19 13:00:00,M5R,1.0,76.0,100.02
2026-02-19 14:00:00,M5R,0.8,76.0,99.91
2026-02-19 15:00:00,M5R,1.3,78.0,99.91
2026-02-19 16:00:00,M5R,1.2,80.0,99.85
2026-02-19 17:00:00,M5R,1.1,80.0,99.84
2026-02-19 18:00:00,M5R,1.4,83.0,99.81
2026-02-19 19:00:00,M5R,1.6,84.0,99.79
2026-02-19 20:00:00,M5R,1.9,83.0,99.8
2026-02-19 21:00:00,M5R,2.0,81.0,99.73
2026-02-19 22:00:00,M5R,2.1,81.0,99.69
2026-02-19 23:00:00,M5R,2.2,82.0,99.67
2026-02-20 00:00:00,M5R,2.2,86.0,99.57
2026-02-20 01:00:00,M5R,1.9,93.0,99.46
2026-02-20 02:00:00,M5R,2.0,94.0,99.37
2026-02-20 03:00:00,M5R,2.1,93.0,99.17
2026-02-20 04:00:00,M5R,2.2,93.0,99.08
2026-02-20 05:00:00,M5R,2.0,92.0,99.01
2026-02-20 06:00:00,M5R,2.3,92.0,98.99
2026-02-20 07:00:00,M5R,2.0,93.0,98.92
2026-02-20 08:00:00,M5R,2.0,93.0,98.85
2026-02-20 09:00:00,M5R,2.1,94.0,98.73
2026-02-20 10:00:00,M5R,2.2,95.0,98.58
2026-02-20 11:00:00,M5R,2.1,95.0,98.44
2026-02-20 12:00:00,M5R,2.2,95.0,98.32
2026-02-20 13:00:00,M5R,2.2,96.0,98.17
2026-02-20 14:00:00,M5R,2.1,95.0,98.23
2026-02-20 15:00:00,M5R,2.5,95.0,98.25
2026-02-20 16:00:00,M5R,2.7,94.0,98.44
2026-02-20 17:00:00,M5R,3.3,78.0,98.58
2026-02-20 18:00:00,M5R,2.6,86.0,98.7
2026-02-20 19:00:00,M5R,2.6,80.0,98.85
2026-02-20 20:00:00,M5R,2.2,83.0,98.94
2026-02-20 21:00:00,M5R,1.7,88.0,99.01
2026-02-20 22:00:00,M5R,1.7,85.0,99.06
2026-02-20 23:00:00,M5R,1.8,85.0,99.11
2026-02-21 00:00:00,M5R,2.0,83.0,99.2
2026-02-21 01:00:00,M5R,2.2,82.0,99.3
2026-02-21 02:00:00,M5R,2.4,82.0,99.39
2026-02-21 03:00:00,M5R,2.5,80.0,99.46
2026-02-21 04:00:00,M5R,2.5,79.0,99.52
2026-02-21 05:00:00,M5R,2.4,78.0,99.59
2026-02-21 06:00:00,M5R,2.3,82.0,99.69
2026-02-21 07:00:00,M5R,1.9,85.0,99.8
2026-02-21 08:00:00,M5R,1.9,83.0,99.9
2026-02-21 09:00:00,M5R,1.6,88.0,99.99
2026-02-21 10:00:00,M5R,1.5,92.0,100.04
2026-02-21 11:00:00,M5R,1.5,92.0,100.1
2026-02-21 12:00:00,M5R,1.7,92.0,100.12
2026-02-21 13:00:00,M5R,2.3,88.0,100.11
2026-02-21 14:00:00,M5R,2.2,88.0,100.13
2026-02-21 15:00:00,M5R,2.5,83.0,100.16
2026-02-21 16:00:00,M5R,2.8,80.0,100.19
2026-02-21 17:00:00,M5R,2.5,79.0,100.24
2026-02-21 18:00:00,M5R,2.1,88.0,100.27
2026-02-21 19:00:00,M5R,0.9,92.0,100.33
2026-02-21 20:00:00,M5R,0.6,93.0,100.36
2026-02-21 21:00:00,M5R,0.2,93.0,100.4
2026-02-21 22:00:00,M5R,-0.1,93.0,100.4
2026-02-21 23:00:00,M5R,-0.3,93.0,100.38
2026-02-22 00:00:00,M5R,-0.7,93.0,100.36
2026-02-22 01:00:00,M5R,-0.9,93.0,100.35
2026-02-22 02:00:00,M5R,-1.1,94.0,100.33
2026-02-22 03:00:00,M5R,-1.1,94.0,100.27
2026-02-22 04:00:00,M5R,-1.1,94.0,100.22
2026-02-22 05:00:00,M5R,-0.9,93.0,100.19
2026-02-22 06:00:00,M5R,-1.0,92.0,100.2
2026-02-22 07:00:00,M5R,-1.2,92.0,100.2
2026-02-22 08:00:00,M5R,-1.1,91.0,100.19
2026-02-22 09:00:00,M5R,-1.3,91.0,100.19
2026-02-22 10:00:00,M5R,-1.8,91.0,100.19
2026-02-22 11:00:00,M5R,-1.6,91.0,100.16
2026-02-22 12:00:00,M5R,-1.1,89.0,100.15
2026-02-22 13:00:00,M5R,-0.8,89.0,100.11
2026-02-22 14:00:00,M5R,-0.6,88.0,100.1
2026-02-22 15:00:00,M5R,-0.3,87.0,100.1
2026-02-22 16:00:00,M5R,0.0,87.0,100.12
2026-02-22 17:00:00,M5R,0.1,86.0,100.15
2026-02-22 18:00:00,M5R,0.3,88.0,100.19
2026-02-22 19:00:00,M5R,0.2,90.0,100.22
2026-02-22 20:00:00,M5R,0.1,90.0,100.22
2026-02-22 21:00:00,M5R,0.2,87.0,100.19
2026-02-22 22:00:00,M5R,-0.1,86.0,100.17
2026-02-22 23:00:00,M5R,-0.4,82.0,100.15
2026-02-23 00:00:00,M5R,-1.0,85.0,100.09
2026-02-23 01:00:00,M5R,-0.7,86.0,100.12
2026-02-23 02:00:00,M5R,-0.6,83.0,100.11
2026-02-23 03:00:00,M5R,-1.4,84.0,100.11
2026-02-23 04:00:00,M5R,-1.8,78.0,100.09
2026-02-23 05:00:00,M5R,-3.0,81.0,100.11
2026-02-23 06:00:00,M5R,-3.1,81.0,100.09
2026-02-23 07:00:00,M5R,-2.4,79.0,100.09
2026-02-23 08:00:00,M5R,-2.0,80.0,100.19
2026-02-23 09:00:00,M5R,-1.8,78.0,100.23
2026-02-23 10:00:00,M5R,-1.7,81.0,100.26
2026-02-23 11:00:00,M5R,-3.0,73.0,100.23
2026-02-23 12:00:00,M5R,-3.2,69.0,100.24
2026-02-23 13:00:00,M5R,-3.0,62.0,100.24
2026-02-23 14:00:00,M5R,-3.3,61.0,100.23
2026-02-23 15:00:00,M5R,-4.4,65.0,100.26
2026-02-23 16:00:00,M5R,-5.3,67.0,100.27
2026-02-23 17:00:00,M5R,-5.6,70.0,100.31
2026-02-23 18:00:00,M5R,-6.7,70.0,100.38
2026-02-23 19:00:00,M5R,-7.2,73.0,100.43
2026-02-23 20:00:00,M5R,-7.3,73.0,100.43
2026-02-23 21:00:00,M5R,-8.0,72.0,100.45
2026-02-23 22:00:00,M5R,-8.5,68.0,100.43
2026-02-23 23:00:00,M5R,-9.6,61.0,100.45
2026-02-24 00:00:00,M5R,-10.1,62.0,100.41
2026-02-24 01:00:00,M5R,-10.5,66.0,100.38
2026-02-24 02:00:00,M5R,-10.7,68.0,100.38
2026-02-24 03:00:00,M5R,-11.1,72.0,100.38
2026-02-24 04:00:00,M5R,-11.5,72.0,100.41
2026-02-24 05:00:00,M5R,-12.3,71.0,100.42
2026-02-24 06:00:00,M5R,-13.5,70.0,100.46
2026-02-24 07:00:00,M5R,-13.8,71.0,100.45
2026-02-24 08:00:00,M5R,-13.5,69.0,100.46
2026-02-24 09:00:00,M5R,-12.4,65.0,100.41
2026-02-24 10:00:00,M5R,-11.3,61.0,100.36
2026-02-24 11:00:00,M5R,-10.5,56.0,100.29
2026-02-24 12:00:00,M5R,-8.2,50.0,100.15
2026-02-24 13:00:00,M5R,-7.0,48.0,100.0
2026-02-24 14:00:00,M5R,-5.8,54.0,99.87
2026-02-24 15:00:00,M5R,-5.8,63.0,99.74
2026-02-24 16:00:00,M5R,-4.6,58.0,99.64
2026-02-24 17:00:00,M5R,-4.2,67.0,99.5
2026-02-24 18:00:00,M5R,-4.0,63.0,99.43
2026-02-24 19:00:00,M5R,-3.8,68.0,99.27
2026-02-24 20:00:00,M5R,-3.5,68.0,99.11
2026-02-24 21:00:00,M5R,-3.2,68.0,99.02
2026-02-24 22:00:00,M5R,-3.1,69.0,98.96
2026-02-24 23:00:00,M5R,-3.7,86.0,98.82
2026-02-25 00:00:00,M5R,-3.4,92.0,98.61
2026-02-25 01:00:00,M5R,-2.5,92.0,98.44
2026-02-25 02:00:00,M5R,-2.0,94.0,98.33
2026-02-25 03:00:00,M5R,-1.0,90.0,98.28
2026-02-25 04:00:00,M5R,-1.6,87.0,98.24
2026-02-25 05:00:00,M5R,-1.0,86.0,98.25
2026-02-25 06:00:00,M5R,-0.2,85.0,98.26
2026-02-25 07:00:00,M5R,0.2,81.0,98.28
2026-02-25 08:00:00,M5R,0.4,82.0,98.3
2026-02-25 09:00:00,M5R,0.5,83.0,98.29
2026-02-25 10:00:00,M5R,1.2,79.0,98.27
2026-02-25 11:00:00,M5R,1.9,74.0,98.3
2026-02-25 12:00:00,M5R,2.4,70.0,98.3
2026-02-25 13:00:00,M5R,2.4,69.0,98.27
2026-02-25 14:00:00,M5R,1.1,75.0,98.3
2026-02-25 15:00:00,M5R,2.1,63.0,98.33
2026-02-25 16:00:00,M5R,2.0,61.0,98.44
2026-02-25 17:00:00,M5R,-0.1,74.0,98.6
2026-02-25 18:00:00,M5R,-0.8,56.0,98.79
2026-02-25 19:00:00,M5R,-1.1,58.0,98.97
2026-02-25 20:00:00,M5R,-1.4,58.0,99.04
2026-02-25 21:00:00,M5R,-2.1,64.0,99.16
2026-02-25 22:00:00,M5R,-2.5,58.0,99.24
2026-02-25 23:00:00,M5R,-3.0,59.0,99.32
2026-02-26 00:00:00,M5R,-3.7,61.0,99.4
2026-02-26 01:00:00,M5R,-4.0,57.0,99.48
2026-02-26 02:00:00,M5R,-4.4,61.0,99.58
2026-02-26 03:00:00,M5R,-5.0,66.0,99.61
2026-02-26 04:00:00,M5R,-5.3,69.0,99.65
2026-02-26 05:00:00,M5R,-5.4,71.0,99.69
2026-02-26 06:00:00,M5R,-5.4,72.0,99.8
2026-02-26 07:00:00,M5R,-5.3,75.0,99.87
2026-02-26 08:00:00,M5R,-5.2,70.0,99.86
2026-02-26 09:00:00,M5R,-4.8,65.0,99.94
2026-02-26 10:00:00,M5R,-3.7,52.0,100.07
2026-02-26 11:00:00,M5R,-3.5,52.0,100.07
2026-02-26 12:00:00,M5R,-2.4,54.0,100.05
2026-02-26 13:00:00,M5R,-1.9,51.0,100.03
2026-02-26 14:00:00,M5R,-1.8,50.0,99.97
2026-02-26 15:00:00,M5R,-2.0,51.0,99.92
2026-02-26 16:00:00,M5R,-1.9,54.0,99.9
2026-02-26 17:00:00,M5R,-1.7,48.0,99.92
2026-02-26 18:00:00,M5R,-1.8,50.0,99.91
2026-02-26 19:00:00,M5R,-2.1,50.0,99.96
2026-02-26 20:00:00,M5R,-2.7,51.0,99.96
2026-02-26 21:00:00,M5R,-2.8,51.0,100.01
2026-02-26 22:00:00,M5R,-3.0,53.0,100.0
2026-02-26 23:00:00,M5R,-2.9,62.0,99.99
2026-02-27 00:00:00,M5R,-3.6,63.0,100.02
2026-02-27 01:00:00,M5R,-3.4,63.0,100.01
2026-02-27 02:00:00,M5R,-3.4,66.0,100.02
2026-02-27 03:00:00,M5R,-3.6,71.0,99.99
2026-02-27 04:00:00,M5R,-3.8,69.0,99.98
2026-02-27 05:00:00,M5R,-3.8,66.0,99.99
2026-02-27 06:00:00,M5R,-3.5,67.0,100.03
2026-02-27 07:00:00,M5R,-3.0,64.0,100.03
2026-02-27 08:00:00,M5R,-2.3,61.0,100.08
2026-02-27 09:00:00,M5R,-1.5,60.0,100.06
2026-02-27 10:00:00,M5R,-0.5,61.0,100.11
2026-02-27 11:00:00,M5R,0.5,59.0,100.12
2026-02-27 12:00:00,M5R,2.8,54.0,100.09
2026-02-27 13:00:00,M5R,3.1,58.0,100.07
2026-02-27 14:00:00,M5R,5.9,50.0,99.98
2026-02-27 15:00:00,M5R,5.5,57.0,99.93
2026-02-27 16:00:00,M5R,6.1,60.0,99.88
2026-02-27 17:00:00,M5R,5.9,66.0,99.83
2026-02-27 18:00:00,M5R,5.6,66.0,99.79
2026-02-27 19:00:00,M5R,5.4,67.0,99.75
2026-02-27 20:00:00,M5R,5.4,71.0,99.71
2026-02-27 21:00:00,M5R,5.3,69.0,99.67
2026-02-27 22:00:00,M5R,4.8,72.0,99.62
2026-02-27 23:00:00,M5R,4.1,74.0,99.53
2026-02-28 00:00:00,M5R,4.8,73.0,99.43
2026-02-28 01:00:00,M5R,5.9,67.0,99.37
2026-02-28 02:00:00,M5R,6.1,67.0,99.29
2026-02-28 03:00:00,M5R,5.9,68.0,99.21
2026-02-28 04:00:00,M5R,5.4,74.0,99.22
2026-02-28 05:00:00,M5R,5.8,77.0,99.32
2026-02-28 06:00:00,M5R,5.8,77.0,99.35
2026-02-28 07:00:00,M5R,4.4,68.0,99.55
2026-02-28 08:00:00,M5R,2.7,69.0,99.8
2026-02-28 09:00:00,M5R,3.1,62.0,99.92
2026-02-28 10:00:00,M5R,2.6,52.0,100.11
2026-02-28 11:00:00,M5R,3.2,44.0,100.23
2026-02-28 12:00:00,M5R,1.8,46.0,100.41
2026-02-28 13:00:00,M5R,1.5,46.0,100.49
2026-02-28 14:00:00,M5R,0.6,50.0,100.52
2026-02-28 15:00:00,M5R,0.4,50.0,100.57
2026-02-28 16:00:00,M5R,-0.3,48.0,100.62
2026-02-28 17:00:00,M5R,-0.2,50.0,100.68
2026-02-28 18:00:00,M5R,-0.8,52.0,100.78
2026-02-28 19:00:00,M5R,-2.1,53.0,100.82
2026-02-28 20:00:00,M5R,-2.7,51.0,100.83
2026-02-28 21:00:00,M5R,-3.2,55.0,100.9
2026-02-28 22:00:00,M5R,-4.8,76.0,100.99
2026-02-28 23:00:00,M5R,-5.8,78.0,101.09
2026-03-01 00:00:00,M5R,-6.2,81.0,101.09
2026-03-01 01:00:00,M5R,-5.7,74.0,101.08
2026-03-01 02:00:00,M5R,-5.6,64.0,101.11
2026-03-01 03:00:00,M5R,-5.5,58.0,101.17
2026-03-01 04:00:00,M5R,-5.9,61.0,101.21
2026-03-01 05:00:00,M5R,-6.6,62.0,101.29
2026-03-01 06:00:00,M5R,-7.3,63.0,101.33
2026-03-01 07:00:00,M5R,-7.9,65.0,101.41
2026-03-01 08:00:00,M5R,-8.5,64.0,101.52
2026-03-01 09:00:00,M5R,-7.9,56.0,101.61
2026-03-01 10:00:00,M5R,-7.9,47.0,101.69
2026-03-01 11:00:00,M5R,-6.6,44.0,101.76
2026-03-01 12:00:00,M5R,-5.9,40.0,101.8
2026-03-01 13:00:00,M5R,-5.9,37.0,101.82
2026-03-01 14:00:00,M5R,-5.8,36.0,101.81
2026-03-01 15:00:00,M5R,-6.7,37.0,101.86
2026-03-01 16:00:00,M5R,-6.8,40.0,101.87
2026-03-01 17:00:00,M5R,-7.1,43.0,101.92
2026-03-01 18:00:00,M5R,-7.7,48.0,101.96
2026-03-01 19:00:00,M5R,-8.7,49.0,102.03
2026-03-01 20:00:00,M5R,-9.3,51.0,102.07
2026-03-01 21:00:00,M5R,-10.3,56.0,102.15
2026-03-01 22:00:00,M5R,-10.9,59.0,102.17
2026-03-01 23:00:00,M5R,-11.2,63.0,102.18
2026-03-02 00:00:00,M5R,-11.0,63.0,102.19
2026-03-02 01:00:00,M5R,-11.1,64.0,102.22
2026-03-02 02:00:00,M5R,-11.2,65.0,102.26
2026-03-02 03:00:00,M5R,-11.2,58.0,102.24
2026-03-02 04:00:00,M5R,-11.3,57.0,102.2
2026-03-02 05:00:00,M5R,-10.8,54.0,102.19
2026-03-02 06:00:00,M5R,-11.0,54.0,102.3
2026-03-02 07:00:00,M5R,-11.3,58.0,102.33
2026-03-02 08:00:00,M5R,-10.6,54.0,102.39
2026-03-02 09:00:00,M5R,-8.5,52.0,102.48
2026-03-02 10:00:00,M5R,-5.9,44.0,102.44
2026-03-02 11:00:00,M5R,-5.7,46.0,102.39
2026-03-02 12:00:00,M5R,-4.3,39.0,102.31
2026-03-02 13:00:00,M5R,-4.8,46.0,102.24
2026-03-02 14:00:00,M5R,-4.0,41.0,102.14
2026-03-02 15:00:00,M5R,-4.7,44.0,102.08
2026-03-02 16:00:00,M5R,-5.1,44.0,102.05
2026-03-02 17:00:00,M5R,-4.8,35.0,101.96
2026-03-02 18:00:00,M5R,-4.9,41.0,101.92
2026-03-02 19:00:00,M5R,-4.7,48.0,101.91
2026-03-02 20:00:00,M5R,-4.4,56.0,101.86
2026-03-02 21:00:00,M5R,-4.0,61.0,101.82
2026-03-02 22:00:00,M5R,-3.8,67.0,101.73
2026-03-02 23:00:00,M5R,-2.8,70.0,101.71
2026-03-03 00:00:00,M5R,-2.6,68.0,101.65
2026-03-03 01:00:00,M5R,-2.5,69.0,101.54
2026-03-03 02:00:00,M5R,-2.8,71.0,101.53
2026-03-03 03:00:00,M5R,-3.7,74.0,101.45
2026-03-03 04:00:00,M5R,-4.2,75.0,101.42
2026-03-03 05:00:00,M5R,-4.0,77.0,101.34
2026-03-03 06:00:00,M5R,-3.6,79.0,101.35
2026-03-03 07:00:00,M5R,-3.5,79.0,101.34
2026-03-03 08:00:00,M5R,-3.1,77.0,101.32
2026-03-03 09:00:00,M5R,-2.0,78.0,101.29
2026-03-03 10:00:00,M5R,-0.2,75.0,101.25
2026-03-03 11:00:00,M5R,1.6,66.0,101.15
2026-03-03 12:00:00,M5R,1.5,62.0,101.08
2026-03-03 13:00:00,M5R,2.2,57.0,100.98
2026-03-03 14:00:00,M5R,1.7,66.0,100.86
2026-03-03 15:00:00,M5R,1.5,72.0,100.81
2026-03-03 16:00:00,M5R,1.1,77.0,100.76
2026-03-03 17:00:00,M5R,1.0,81.0,100.72
2026-03-03 18:00:00,M5R,1.1,79.0,100.7
2026-03-03 19:00:00,M5R,1.3,77.0,100.74
2026-03-03 20:00:00,M5R,1.5,76.0,100.76
2026-03-03 21:00:00,M5R,1.9,69.0,100.75
2026-03-03 22:00:00,M5R,1.9,71.0,100.82
2026-03-03 23:00:00,M5R,1.1,74.0,100.86
2026-03-04 00:00:00,M5R,0.3,78.0,100.85
2026-03-04 01:00:00,M5R,0.5,79.0,100.87
2026-03-04 02:00:00,M5R,-0.5,84.0,100.9
2026-03-04 03:00:00,M5R,0.0,84.0,100.93
2026-03-04 04:00:00,M5R,0.0,81.0,100.95
2026-03-04 05:00:00,M5R,0.6,72.0,100.99
2026-03-04 06:00:00,M5R,0.4,73.0,101.04
2026-03-04 07:00:00,M5R,-1.3,80.0,101.13
2026-03-04 08:00:00,M5R,0.0,78.0,101.16
2026-03-04 09:00:00,M5R,2.8,64.0,101.18
2026-03-04 10:00:00,M5R,5.6,48.0,101.19
2026-03-04 11:00:00,M5R,6.1,43.0,101.16
2026-03-04 12:00:00,M5R,5.3,53.0,101.13
2026-03-04 13:00:00,M5R,6.2,48.0,101.06
2026-03-04 14:00:00,M5R,7.9,44.0,100.96
2026-03-04 15:00:00,M5R,7.4,41.0,100.93
2026-03-04 16:00:00,M5R,7.3,36.0,100.87
2026-03-04 17:00:00,M5R,7.3,28.0,100.83
2026-03-04 18:00:00,M5R,6.5,31.0,100.86
2026-03-04 19:00:00,M5R,5.0,48.0,100.9
2026-03-04 20:00:00,M5R,4.1,57.0,100.89
2026-03-04 21:00:00,M5R,3.1,61.0,100.88
2026-03-04 22:00:00,M5R,3.2,62.0,100.84
2026-03-04 23:00:00,M5R,3.2,57.0,100.8
2026-03-05 00:00:00,M5R,2.6,63.0,100.82
2026-03-05 01:00:00,M5R,2.7,66.0,100.79
2026-03-05 02:00:00,M5R,2.6,62.0,100.76
2026-03-05 03:00:00,M5R,2.9,63.0,100.7
2026-03-05 04:00:00,M5R,2.6,63.0,100.68
2026-03-05 05:00:00,M5R,2.9,65.0,100.69
2026-03-05 06:00:00,M5R,3.2,65.0,100.78
2026-03-05 07:00:00,M5R,3.8,62.0,100.83
2026-03-05 08:00:00,M5R,4.6,56.0,100.86
2026-03-05 09:00:00,M5R,4.3,43.0,100.95
2026-03-05 10:00:00,M5R,3.8,60.0,100.95
2026-03-05 11:00:00,M5R,3.9,62.0,100.98
2026-03-05 12:00:00,M5R,3.8,64.0,100.93
2026-03-05 13:00:00,M5R,3.9,63.0,100.82
2026-03-05 14:00:00,M5R,3.4,68.0,100.73
2026-03-05 15:00:00,M5R,3.3,72.0,100.71
2026-03-05 16:00:00,M5R,2.8,81.0,100.76
2026-03-05 17:00:00,M5R,2.4,86.0,100.75
2026-03-05 18:00:00,M5R,2.0,86.0,100.72
2026-03-05 19:00:00,M5R,2.0,88.0,100.75
2026-03-05 20:00:00,M5R,1.9,88.0,100.79
2026-03-05 21:00:00,M5R,2.1,86.0,100.84
2026-03-05 22:00:00,M5R,2.0,84.0,100.86
2026-03-05 23:00:00,M5R,1.8,72.0,100.81
2026-03-06 00:00:00,M5R,1.8,67.0,100.95
2026-03-06 01:00:00,M5R,1.6,69.0,100.95
2026-03-06 02:00:00,M5R,1.3,70.0,100.94
2026-03-06 03:00:00,M5R,0.6,74.0,100.95
2026-03-06 04:00:00,M5R,0.1,83.0,100.93
2026-03-06 05:00:00,M5R,0.0,87.0,100.95
2026-03-06 06:00:00,M5R,-0.5,94.0,101.0
2026-03-06 07:00:00,M5R,-0.7,95.0,101.05
2026-03-06 08:00:00,M5R,-1.0,95.0,101.11
2026-03-06 09:00:00,M5R,-0.9,95.0,101.14
2026-03-06 10:00:00,M5R,-0.8,95.0,101.13
2026-03-06 11:00:00,M5R,-0.6,95.0,101.08
2026-03-06 12:00:00,M5R,-0.7,94.0,101.08
2026-03-06 13:00:00,M5R,0.0,94.0,100.95
2026-03-06 14:00:00,M5R,-0.1,92.0,100.86
2026-03-06 15:00:00,M5R,0.0,94.0,100.83
2026-03-06 16:00:00,M5R,0.4,95.0,100.85
2026-03-06 17:00:00,M5R,0.7,93.0,100.8
2026-03-06 18:00:00,M5R,0.9,94.0,100.75
2026-03-06 19:00:00,M5R,1.2,94.0,100.72
2026-03-06 20:00:00,M5R,1.5,96.0,100.56
2026-03-06 21:00:00,M5R,1.8,97.0,100.41
2026-03-06 22:00:00,M5R,2.7,98.0,100.28
2026-03-06 23:00:00,M5R,3.5,97.0,100.15
2026-03-07 00:00:00,M5R,3.5,96.0,99.97
2026-03-07 01:00:00,M5R,2.9,96.0,99.99
2026-03-07 02:00:00,M5R,5.2,98.0,99.91
2026-03-07 03:00:00,M5R,4.4,97.0,99.81
2026-03-07 04:00:00,M5R,5.6,98.0,99.81
2026-03-07 05:00:00,M5R,6.6,98.0,99.78
2026-03-07 06:00:00,M5R,6.6,98.0,99.72
2026-03-07 07:00:00,M5R,8.5,99.0,99.68
2026-03-07 08:00:00,M5R,9.1,99.0,99.61
2026-03-07 09:00:00,M5R,10.1,99.0,99.53
2026-03-07 10:00:00,M5R,10.7,96.0,99.42
2026-03-07 11:00:00,M5R,14.3,83.0,99.31
2026-03-07 12:00:00,M5R,13.9,83.0,99.2
2026-03-07 13:00:00,M5R,12.0,91.0,99.13
2026-03-07 14:00:00,M5R,13.0,92.0,98.93
2026-03-07 15:00:00,M5R,14.3,92.0,98.87
2026-03-07 16:00:00,M5R,16.7,82.0,98.85
2026-03-07 17:00:00,M5R,16.8,82.0,98.82
2026-03-07 18:00:00,M5R,14.6,87.0,98.84
2026-03-07 19:00:00,M5R,12.8,91.0,98.81
2026-03-07 20:00:00,M5R,12.4,91.0,98.82
2026-03-07 21:00:00,M5R,12.1,91.0,98.82
2026-03-07 22:00:00,M5R,13.5,87.0,98.82
2026-03-07 23:00:00,M5R,14.2,82.0,98.88
2026-03-08 00:00:00,M5R,10.9,75.0,99.03
2026-03-08 01:00:00,M5R,8.0,77.0,99.1
2026-03-08 02:00:00,M5R,5.9,78.0,99.27
2026-03-08 03:00:00,M5R,4.5,78.0,99.33
2026-03-08 04:00:00,M5R,4.4,77.0,99.35
2026-03-08 05:00:00,M5R,4.1,76.0,99.44
2026-03-08 06:00:00,M5R,3.8,75.0,99.5
2026-03-08 07:00:00,M5R,3.5,78.0,99.58
2026-03-08 08:00:00,M5R,3.9,75.0,99.66
2026-03-08 09:00:00,M5R,3.8,77.0,99.66
2026-03-08 10:00:00,M5R,5.3,72.0,99.56
2026-03-08 11:00:00,M5R,8.1,63.0,99.5
2026-03-08 12:00:00,M5R,9.8,52.0,99.47
2026-03-08 13:00:00,M5R,10.5,52.0,99.4
2026-03-08 14:00:00,M5R,10.1,53.0,99.29
2026-03-08 15:00:00,M5R,10.4,54.0,99.25
2026-03-08 16:00:00,M5R,9.9,54.0,99.27
2026-03-08 17:00:00,M5R,9.2,56.0,99.28
2026-03-08 18:00:00,M5R,9.0,59.0,99.37
2026-03-08 19:00:00,M5R,8.3,62.0,99.46
2026-03-08 20:00:00,M5R,7.7,64.0,99.52
2026-03-08 21:00:00,M5R,7.3,65.0,99.57
2026-03-08 22:00:00,M5R,7.5,63.0,99.59
2026-03-08 23:00:00,M5R,8.0,61.0,99.57
2026-03-09 00:00:00,M5R,8.3,62.0,99.55
2026-03-09 01:00:00,M5R,8.0,62.0,99.55
2026-03-09 02:00:00,M5R,8.3,64.0,99.54
2026-03-09 03:00:00,M5R,7.5,68.0,99.53
2026-03-09 04:00:00,M5R,7.2,69.0,99.51
2026-03-09 05:00:00,M5R,6.8,66.0,99.54
2026-03-09 06:00:00,M5R,6.7,66.0,99.53
2026-03-09 07:00:00,M5R,6.9,65.0,99.55
2026-03-09 08:00:00,M5R,7.0,66.0,99.55
2026-03-09 09:00:00,M5R,9.0,57.0,99.55
2026-03-09 10:00:00,M5R,,,
2026-03-09 11:00:00,M5R,12.6,47.0,99.47
2026-03-09 12:00:00,M5R,13.7,44.0,99.5
2026-03-09 13:00:00,M5R,13.6,43.0,99.46
2026-03-09 14:00:00,M5R,15.6,39.0,99.41
2026-03-09 15:00:00,M5R,16.4,36.0,99.36
2026-03-09 16:00:00,M5R,15.7,38.0,99.37
2026-03-09 17:00:00,M5R,14.8,41.0,99.43
2026-03-09 18:00:00,M5R,14.4,42.0,99.46
2026-03-09 19:00:00,M5R,14.4,41.0,99.52
2026-03-09 20:00:00,M5R,15.0,40.0,99.59
2026-03-09 21:00:00,M5R,15.1,40.0,99.66
2026-03-09 22:00:00,M5R,14.2,42.0,99.72
2026-03-09 23:00:00,M5R,14.1,46.0,99.75
2026-03-10 00:00:00,M5R,12.9,52.0,99.74
2026-03-10 01:00:00,M5R,12.4,53.0,99.73
2026-03-10 02:00:00,M5R,10.3,60.0,99.7
2026-03-10 03:00:00,M5R,10.0,61.0,99.67
2026-03-10 04:00:00,M5R,10.2,60.0,99.68
2026-03-10 05:00:00,M5R,10.5,61.0,99.71
2026-03-10 06:00:00,M5R,10.5,64.0,99.73
2026-03-10 07:00:00,M5R,10.2,68.0,99.77
2026-03-10 08:00:00,M5R,11.3,70.0,99.81
2026-03-10 09:00:00,M5R,13.2,65.0,99.85
2026-03-10 10:00:00,M5R,14.9,64.0,99.85
2026-03-10 11:00:00,M5R,15.5,55.0,99.88
2026-03-10 12:00:00,M5R,16.8,58.0,99.86
2026-03-10 13:00:00,M5R,18.2,60.0,99.87
2026-03-10 14:00:00,M5R,18.9,61.0,99.85
2026-03-10 15:00:00,M5R,18.0,66.0,99.84
2026-03-10 16:00:00,M5R,16.5,55.0,99.86
2026-03-10 17:00:00,M5R,13.7,59.0,99.92
2026-03-10 18:00:00,M5R,11.9,59.0,100.05
2026-03-10 19:00:00,M5R,10.3,57.0,100.12
2026-03-10 20:00:00,M5R,10.1,54.0,100.21
2026-03-10 21:00:00,M5R,8.2,63.0,100.23
2026-03-10 22:00:00,M5R,9.1,54.0,100.21
2026-03-10 23:00:00,M5R,7.3,55.0,100.14
2026-03-11 00:00:00,M5R,5.7,56.0,100.07
2026-03-11 01:00:00,M5R,4.2,64.0,100.03
2026-03-11 02:00:00,M5R,3.2,73.0,99.88
2026-03-11 03:00:00,M5R,2.9,72.0,99.68
2026-03-11 04:00:00,M5R,2.5,75.0,99.59
2026-03-11 05:00:00,M5R,2.5,77.0,99.46
2026-03-11 06:00:00,M5R,1.5,90.0,99.26
2026-03-11 07:00:00,M5R,1.4,90.0,99.15
2026-03-11 08:00:00,M5R,2.5,89.0,99.16
2026-03-11 09:00:00,M5R,2.7,90.0,99.2
2026-03-11 10:00:00,M5R,2.9,94.0,98.99
2026-03-11 11:00:00,M5R,2.6,97.0,98.96
2026-03-11 12:00:00,M5R,2.8,96.0,98.82
2026-03-11 13:00:00,M5R,2.9,95.0,98.6
2026-03-11 14:00:00,M5R,3.0,95.0,98.46
2026-03-11 15:00:00,M5R,3.2,96.0,98.38
2026-03-11 16:00:00,M5R,4.3,96.0,98.5
2026-03-11 17:00:00,M5R,5.5,93.0,98.44
2026-03-11 18:00:00,M5R,4.7,94.0,98.53
2026-03-11 19:00:00,M5R,4.5,93.0,98.54
2026-03-11 20:00:00,M5R,6.6,82.0,98.63
2026-03-11 21:00:00,M5R,4.5,77.0,98.78
2026-03-11 22:00:00,M5R,3.0,71.0,99.0
2026-03-11 23:00:00,M5R,2.0,68.0,99.09
2026-03-12 00:00:00,M5R,1.1,72.0,99.24
2026-03-12 01:00:00,M5R,0.8,65.0,99.37
2026-03-12 02:00:00,M5R,0.3,66.0,99.44
2026-03-12 03:00:00,M5R,0.2,63.0,99.49
2026-03-12 04:00:00,M5R,-0.3,63.0,99.57
2026-03-12 05:00:00,M5R,-1.1,61.0,99.76
2026-03-12 06:00:00,M5R,-1.2,61.0,99.81
2026-03-12 07:00:00,M5R,-1.2,64.0,99.89
2026-03-12 08:00:00,M5R,-0.3,67.0,99.99
2026-03-12 09:00:00,M5R,1.0,65.0,100.11
2026-03-12 10:00:00,M5R,1.8,52.0,100.09
2026-03-12 11:00:00,M5R,1.8,58.0,100.08
2026-03-12 12:00:00,M5R,2.0,53.0,100.07
2026-03-12 13:00:00,M5R,2.2,52.0,100.05
2026-03-12 14:00:00,M5R,2.2,46.0,100.03
2026-03-12 15:00:00,M5R,2.1,43.0,100.1
2026-03-12 16:00:00,M5R,1.9,43.0,100.19
2026-03-12 17:00:00,M5R,1.1,40.0,100.23
2026-03-12 18:00:00,M5R,0.7,42.0,100.29
2026-03-12 19:00:00,M5R,0.1,45.0,100.33
2026-03-12 20:00:00,M5R,-0.4,49.0,100.41
2026-03-12 21:00:00,M5R,-0.7,53.0,100.43
2026-03-12 22:00:00,M5R,-1.1,56.0,100.46
2026-03-12 23:00:00,M5R,-1.4,58.0,100.48
2026-03-13 00:00:00,M5R,-1.8,60.0,100.44
2026-03-13 01:00:00,M5R,-2.0,62.0,100.42
2026-03-13 02:00:00,M5R,-2.2,65.0,100.39
2026-03-13 03:00:00,M5R,-2.8,68.0,100.3
2026-03-13 04:00:00,M5R,-2.1,66.0,100.18
2026-03-13 05:00:00,M5R,-2.1,66.0,100.1
2026-03-13 06:00:00,M5R,-1.3,66.0,100.0
2026-03-13 07:00:00,M5R,-0.6,70.0,99.9
2026-03-13 08:00:00,M5R,-0.3,75.0,99.82
2026-03-13 09:00:00,M5R,-0.1,79.0,99.62
2026-03-13 10:00:00,M5R,0.0,78.0,99.53
2026-03-13 11:00:00,M5R,-0.5,94.0,99.25
2026-03-13 12:00:00,M5R,0.3,96.0,98.96
2026-03-13 13:00:00,M5R,0.4,96.0,98.73
2026-03-13 14:00:00,M5R,1.6,88.0,98.5
2026-03-13 15:00:00,M5R,1.7,86.0,98.38
2026-03-13 16:00:00,M5R,1.3,92.0,98.28
2026-03-13 17:00:00,M5R,3.0,88.0,98.24
2026-03-13 18:00:00,M5R,3.1,87.0,98.32
2026-03-13 19:00:00,M5R,2.9,90.0,98.39
2026-03-13 20:00:00,M5R,2.6,87.0,98.44
2026-03-13 21:00:00,M5R,2.6,80.0,98.52
2026-03-13 22:00:00,M5R,2.6,78.0,98.59
2026-03-13 23:00:00,M5R,2.6,74.0,98.63
2026-03-14 00:00:00,M5R,2.0,67.0,98.67
2026-03-14 01:00:00,M5R,1.2,69.0,98.68
2026-03-14 02:00:00,M5R,0.6,71.0,98.72
2026-03-14 03:00:00,M5R,-0.3,86.0,98.84
2026-03-14 04:00:00,M5R,0.1,71.0,99.09
2026-03-14 05:00:00,M5R,-0.7,66.0,99.41
2026-03-14 06:00:00,M5R,-1.6,65.0,99.67
2026-03-14 07:00:00,M5R,-2.3,65.0,99.91
2026-03-14 08:00:00,M5R,-1.9,63.0,100.07
2026-03-14 09:00:00,M5R,-1.4,61.0,100.28
2026-03-14 10:00:00,M5R,-0.5,58.0,100.44
2026-03-14 11:00:00,M5R,0.1,59.0,100.61
2026-03-14 12:00:00,M5R,0.6,59.0,100.7
2026-03-14 13:00:00,M5R,0.6,56.0,100.8
2026-03-14 14:00:00,M5R,1.2,55.0,100.78
2026-03-14 15:00:00,M5R,1.5,51.0,100.88
2026-03-14 16:00:00,M5R,1.2,47.0,100.96
2026-03-14 17:00:00,M5R,0.9,48.0,101.05
2026-03-14 18:00:00,M5R,0.4,49.0,101.15
2026-03-14 19:00:00,M5R,-0.4,53.0,101.19
2026-03-14 20:00:00,M5R,-0.8,55.0,101.26
2026-03-14 21:00:00,M5R,-0.9,55.0,101.29
2026-03-14 22:00:00,M5R,-1.3,65.0,101.31
2026-03-14 23:00:00,M5R,-1.7,68.0,101.31
2026-03-15 00:00:00,M5R,-2.2,66.0,101.3
2026-03-15 01:00:00,M5R,-2.3,62.0,101.3
2026-03-15 02:00:00,M5R,-1.9,70.0,101.31
2026-03-15 03:00:00,M5R,-1.1,68.0,101.23
2026-03-15 04:00:00,M5R,-0.8,69.0,101.22
2026-03-15 05:00:00,M5R,-0.6,74.0,101.2
2026-03-15 06:00:00,M5R,-0.5,80.0,101.18
2026-03-15 07:00:00,M5R,-0.8,92.0,101.11
2026-03-15 08:00:00,M5R,-0.6,91.0,100.99
2026-03-15 09:00:00,M5R,0.2,83.0,100.81
2026-03-15 10:00:00,M5R,0.6,76.0,100.62
2026-03-15 11:00:00,M5R,1.4,72.0,100.4
2026-03-15 12:00:00,M5R,1.8,71.0,100.24
2026-03-15 13:00:00,M5R,2.1,71.0,100.03
2026-03-15 14:00:00,M5R,2.1,67.0,99.86
2026-03-15 15:00:00,M5R,1.9,67.0,99.67
2026-03-15 16:00:00,M5R,2.9,64.0,99.53
2026-03-15 17:00:00,M5R,3.7,63.0,99.39
2026-03-15 18:00:00,M5R,4.2,65.0,99.21
2026-03-15 19:00:00,M5R,5.3,67.0,99.06
2026-03-15 20:00:00,M5R,7.9,61.0,98.94
2026-03-15 21:00:00,M5R,8.7,61.0,98.87
2026-03-15 22:00:00,M5R,7.6,68.0,98.77
2026-03-15 23:00:00,M5R,8.5,69.0,98.71
2026-03-16 00:00:00,M5R,8.7,70.0,98.59
2026-03-16 01:00:00,M5R,7.7,75.0,98.5
2026-03-16 02:00:00,M5R,7.6,79.0,98.43
2026-03-16 03:00:00,M5R,7.5,83.0,98.28
2026-03-16 04:00:00,M5R,8.9,85.0,98.09
2026-03-16 05:00:00,M5R,12.4,77.0,97.95
2026-03-16 06:00:00,M5R,11.5,78.0,97.86
2026-03-16 07:00:00,M5R,12.5,77.0,97.8
2026-03-16 08:00:00,M5R,12.8,75.0,97.7
2026-03-16 09:00:00,M5R,12.9,78.0,97.67
2026-03-16 10:00:00,M5R,12.5,86.0,97.57
2026-03-16 11:00:00,M5R,9.9,83.0,97.81
2026-03-16 12:00:00,M5R,8.5,69.0,97.89
2026-03-16 13:00:00,M5R,6.2,60.0,97.97
2026-03-16 14:00:00,M5R,5.5,54.0,97.91
2026-03-16 15:00:00,M5R,4.8,59.0,97.99
2026-03-16 16:00:00,M5R,4.0,59.0,98.02
2026-03-16 17:00:00,M5R,3.2,61.0,98.01
2026-03-16 18:00:00,M5R,0.6,92.0,97.96
2026-03-16 19:00:00,M5R,0.4,95.0,97.97
2026-03-16 20:00:00,M5R,-0.4,92.0,98.01
2026-03-16 21:00:00,M5R,-1.0,93.0,98.01
2026-03-16 22:00:00,M5R,-1.7,82.0,98.04
2026-03-16 23:00:00,M5R,-2.7,68.0,98.1
2026-03-17 00:00:00,M5R,-4.5,68.0,98.2
2026-03-17 01:00:00,M5R,-5.8,61.0,98.31
2026-03-17 02:00:00,M5R,-6.9,62.0,98.49
2026-03-17 03:00:00,M5R,-8.1,60.0,98.63
2026-03-17 04:00:00,M5R,-8.8,74.0,98.78
2026-03-17 05:00:00,M5R,-9.5,55.0,98.95
2026-03-17 06:00:00,M5R,-9.7,54.0,99.13
2026-03-17 07:00:00,M5R,-9.6,53.0,99.27
2026-03-17 08:00:00,M5R,-8.7,54.0,99.46
2026-03-17 09:00:00,M5R,-8.5,62.0,99.61
2026-03-17 10:00:00,M5R,-7.6,59.0,99.75
2026-03-17 11:00:00,M5R,-5.8,52.0,99.86
2026-03-17 12:00:00,M5R,-4.7,47.0,99.91
2026-03-17 13:00:00,M5R,-4.1,45.0,99.97
2026-03-17 14:00:00,M5R,-4.6,54.0,100.02
2026-03-17 15:00:00,M5R,-4.0,49.0,100.12
2026-03-17 16:00:00,M5R,-5.0,67.0,100.23
2026-03-17 17:00:00,M5R,-4.6,50.0,100.34
2026-03-17 18:00:00,M5R,-5.3,48.0,100.48
2026-03-17 19:00:00,M5R,-6.0,52.0,100.57
2026-03-17 20:00:00,M5R,-6.3,52.0,100.64
2026-03-17 21:00:00,M5R,-6.6,56.0,100.73
2026-03-17 22:00:00,M5R,-6.9,60.0,100.81
2026-03-17 23:00:00,M5R,-6.6,62.0,100.89
2026-03-18 00:00:00,M5R,-6.8,65.0,100.93
2026-03-18 01:00:00,M5R,-6.4,69.0,100.97
2026-03-18 02:00:00,M5R,-6.8,73.0,101.01
2026-03-18 03:00:00,M5R,-6.5,76.0,101.01
2026-03-18 04:00:00,M5R,-5.9,71.0,100.98
2026-03-18 05:00:00,M5R,-5.6,68.0,101.03
2026-03-18 06:00:00,M5R,-5.4,68.0,101.09
2026-03-18 07:00:00,M5R,-4.9,65.0,101.15
2026-03-18 08:00:00,M5R,-4.3,62.0,101.2
2026-03-18 09:00:00,M5R,-3.1,58.0,101.19
2026-03-18 10:00:00,M5R,-2.0,49.0,101.2
2026-03-18 11:00:00,M5R,-2.0,47.0,101.19
2026-03-18 12:00:00,M5R,-1.5,51.0,101.15
2026-03-18 13:00:00,M5R,-2.6,69.0,101.1
2026-03-18 14:00:00,M5R,-1.8,69.0,100.99
2026-03-18 15:00:00,M5R,-0.5,47.0,100.94
2026-03-18 16:00:00,M5R,-1.1,49.0,100.91
2026-03-18 17:00:00,M5R,-0.9,52.0,100.88
2026-03-18 18:00:00,M5R,-1.0,53.0,100.88
2026-03-18 19:00:00,M5R,-0.8,53.0,100.85
2026-03-18 20:00:00,M5R,-0.4,52.0,100.83
2026-03-18 21:00:00,M5R,-0.7,62.0,100.84
2026-03-18 22:00:00,M5R,-1.4,77.0,100.8
2026-03-18 23:00:00,M5R,-0.9,77.0,100.73
2026-03-19 00:00:00,M5R,-0.8,78.0,100.67
2026-03-19 01:00:00,M5R,-0.3,74.0,100.63
2026-03-19 02:00:00,M5R,0.4,70.0,100.55
2026-03-19 03:00:00,M5R,0.6,68.0,100.48
2026-03-19 04:00:00,M5R,0.9,70.0,100.44
2026-03-19 05:00:00,M5R,1.1,70.0,100.45
2026-03-19 06:00:00,M5R,1.2,70.0,100.46
2026-03-19 07:00:00,M5R,1.2,68.0,100.49
2026-03-19 08:00:00,M5R,1.8,67.0,100.48
2026-03-19 09:00:00,M5R,2.3,67.0,100.49
2026-03-19 10:00:00,M5R,4.1,65.0,100.5
2026-03-19 11:00:00,M5R,5.7,61.0,100.51
2026-03-19 12:00:00,M5R,7.0,59.0,100.45
2026-03-19 13:00:00,M5R,8.5,50.0,100.46
2026-03-19 14:00:00,M5R,8.4,50.0,100.43
2026-03-19 15:00:00,M5R,8.3,52.0,100.45
2026-03-19 16:00:00,M5R,7.6,55.0,100.47
2026-03-19 17:00:00,M5R,7.1,54.0,100.49
2026-03-19 18:00:00,M5R,6.0,57.0,100.54
2026-03-19 19:00:00,M5R,4.8,57.0,100.66
2026-03-19 20:00:00,M5R,4.4,58.0,100.7
2026-03-19 21:00:00,M5R,2.8,66.0,100.75
2026-03-19 22:00:00,M5R,1.9,70.0,100.76
2026-03-19 23:00:00,M5R,1.5,67.0,100.67
2026-03-20 00:00:00,M5R,1.2,69.0,100.57
2026-03-20 01:00:00,M5R,0.0,72.0,100.51
2026-03-20 02:00:00,M5R,0.9,70.0,100.42
2026-03-20 03:00:00,M5R,1.2,74.0,100.29
2026-03-20 04:00:00,M5R,1.3,77.0,100.32
2026-03-20 05:00:00,M5R,0.9,76.0,100.13
2026-03-20 06:00:00,M5R,0.7,76.0,99.98
2026-03-20 07:00:00,M5R,0.6,87.0,99.87
2026-03-20 08:00:00,M5R,0.6,92.0,99.71
2026-03-20 09:00:00,M5R,1.0,94.0,99.53
2026-03-20 10:00:00,M5R,1.5,95.0,99.37
2026-03-20 11:00:00,M5R,2.2,95.0,99.27
2026-03-20 12:00:00,M5R,3.0,94.0,99.25
2026-03-20 13:00:00,M5R,3.3,93.0,99.22
2026-03-20 14:00:00,M5R,4.1,88.0,99.22
2026-03-20 15:00:00,M5R,4.8,86.0,99.22
2026-03-20 16:00:00,M5R,5.2,85.0,99.3
2026-03-20 17:00:00,M5R,5.3,86.0,99.39
2026-03-20 18:00:00,M5R,4.9,87.0,99.48
2026-03-20 19:00:00,M5R,4.8,86.0,99.51
2026-03-20 20:00:00,M5R,4.5,85.0,99.71
2026-03-20 21:00:00,M5R,3.9,85.0,99.78
2026-03-20 22:00:00,M5R,3.1,82.0,99.8
2026-03-20 23:00:00,M5R,2.8,83.0,99.85
2026-03-21 00:00:00,M5R,2.7,85.0,99.92
2026-03-21 01:00:00,M5R,2.6,83.0,99.95
2026-03-21 02:00:00,M5R,2.4,80.0,99.95
2026-03-21 03:00:00,M5R,2.3,80.0,100.03
2026-03-21 04:00:00,M5R,2.1,80.0,100.08
2026-03-21 05:00:00,M5R,1.9,81.0,100.12
2026-03-21 06:00:00,M5R,2.1,81.0,100.26
2026-03-21 07:00:00,M5R,2.2,80.0,100.31
2026-03-21 08:00:00,M5R,2.4,77.0,100.31
2026-03-21 09:00:00,M5R,3.2,75.0,100.41
2026-03-21 10:00:00,M5R,4.1,68.0,100.35
2026-03-21 11:00:00,M5R,3.0,78.0,100.36
2026-03-21 12:00:00,M5R,3.4,77.0,100.32
2026-03-21 13:00:00,M5R,3.1,74.0,100.39
2026-03-21 14:00:00,M5R,3.2,66.0,100.3
2026-03-21 15:00:00,M5R,3.6,63.0,100.22
2026-03-21 16:00:00,M5R,3.6,65.0,100.09
2026-03-21 17:00:00,M5R,2.9,67.0,100.01
2026-03-21 18:00:00,M5R,2.7,72.0,99.97
2026-03-21 19:00:00,M5R,2.1,83.0,99.92
2026-03-21 20:00:00,M5R,2.1,85.0,99.79
2026-03-21 21:00:00,M5R,2.3,79.0,99.63
2026-03-21 22:00:00,M5R,2.2,79.0,99.52
2026-03-21 23:00:00,M5R,2.1,81.0,99.51
2026-03-22 00:00:00,M5R,2.1,82.0,99.37
2026-03-22 01:00:00,M5R,2.0,85.0,99.26
2026-03-22 02:00:00,M5R,1.8,88.0,99.1
2026-03-22 03:00:00,M5R,2.0,88.0,99.02
2026-03-22 04:00:00,M5R,2.1,87.0,98.91
2026-03-22 05:00:00,M5R,2.3,87.0,98.94
2026-03-22 06:00:00,M5R,2.3,87.0,98.95
2026-03-22 07:00:00,M5R,2.9,85.0,98.89
2026-03-22 08:00:00,M5R,2.8,89.0,98.97
2026-03-22 09:00:00,M5R,3.0,92.0,99.17
2026-03-22 10:00:00,M5R,3.0,94.0,99.11
2026-03-22 11:00:00,M5R,3.5,95.0,99.16
2026-03-22 12:00:00,M5R,4.6,90.0,99.17
2026-03-22 13:00:00,M5R,5.3,84.0,99.25
2026-03-22 14:00:00,M5R,5.5,81.0,99.39
2026-03-22 15:00:00,M5R,6.4,74.0,99.45
2026-03-22 16:00:00,M5R,5.6,76.0,99.61
2026-03-22 17:00:00,M5R,4.9,76.0,99.71
2026-03-22 18:00:00,M5R,4.9,75.0,99.79
2026-03-22 19:00:00,M5R,4.7,74.0,99.82
2026-03-22 20:00:00,M5R,4.3,77.0,99.89
2026-03-22 21:00:00,M5R,4.3,78.0,99.93
2026-03-22 22:00:00,M5R,3.4,71.0,99.98
2026-03-22 23:00:00,M5R,2.5,75.0,99.91
2026-03-23 00:00:00,M5R,2.2,69.0,99.97
2026-03-23 01:00:00,M5R,1.9,64.0,100.03
2026-03-23 02:00:00,M5R,1.4,73.0,100.08
2026-03-23 03:00:00,M5R,1.4,70.0,100.08
2026-03-23 04:00:00,M5R,1.3,67.0,100.09
2026-03-23 05:00:00,M5R,1.2,66.0,100.14
2026-03-23 06:00:00,M5R,1.0,66.0,100.27
2026-03-23 07:00:00,M5R,0.9,66.0,100.31
2026-03-23 08:00:00,M5R,1.1,66.0,100.38
2026-03-23 09:00:00,M5R,1.3,64.0,100.45
2026-03-23 10:00:00,M5R,1.5,63.0,100.54
2026-03-23 11:00:00,M5R,2.0,59.0,100.61
2026-03-23 12:00:00,M5R,2.4,61.0,100.64
2026-03-23 13:00:00,M5R,1.6,67.0,100.7
2026-03-23 14:00:00,M5R,3.0,55.0,100.72
2026-03-23 15:00:00,M5R,2.8,48.0,100.8
2026-03-23 16:00:00,M5R,2.2,49.0,100.91
2026-03-23 17:00:00,M5R,1.4,50.0,101.02
2026-03-23 18:00:00,M5R,-0.4,54.0,101.17
2026-03-23 19:00:00,M5R,-1.3,57.0,101.27
2026-03-23 20:00:00,M5R,-1.6,60.0,101.39
2026-03-23 21:00:00,M5R,-1.9,62.0,101.45
2026-03-23 22:00:00,M5R,-2.2,60.0,101.49
2026-03-23 23:00:00,M5R,-2.4,60.0,101.51
2026-03-24 00:00:00,M5R,-2.8,64.0,101.53
2026-03-24 01:00:00,M5R,-3.1,67.0,101.51
2026-03-24 02:00:00,M5R,-3.2,68.0,101.57
2026-03-24 03:00:00,M5R,-3.6,70.0,101.55
2026-03-24 04:00:00,M5R,-3.9,69.0,101.59
2026-03-24 05:00:00,M5R,-4.2,72.0,101.64
2026-03-24 06:00:00,M5R,-4.3,73.0,101.67
2026-03-24 07:00:00,M5R,-4.1,72.0,101.66
2026-03-24 08:00:00,M5R,-2.0,63.0,101.59
2026-03-24 09:00:00,M5R,-0.5,54.0,101.58
2026-03-24 10:00:00,M5R,0.5,53.0,101.57
2026-03-24 11:00:00,M5R,1.0,55.0,101.57
2026-03-24 12:00:00,M5R,2.1,51.0,101.45
2026-03-24 13:00:00,M5R,2.1,52.0,101.37
2026-03-24 14:00:00,M5R,2.4,51.0,101.33
2026-03-24 15:00:00,M5R,4.0,42.0,101.26
2026-03-24 16:00:00,M5R,4.9,44.0,101.23
2026-03-24 17:00:00,M5R,3.3,58.0,101.23
2026-03-24 18:00:00,M5R,3.1,61.0,101.19
2026-03-24 19:00:00,M5R,2.9,63.0,101.23
2026-03-24 20:00:00,M5R,3.3,59.0,101.29
2026-03-24 21:00:00,M5R,3.5,60.0,101.32
2026-03-24 22:00:00,M5R,2.4,66.0,101.31
2026-03-24 23:00:00,M5R,1.7,73.0,101.34
2026-03-25 00:00:00,M5R,1.7,73.0,101.34
2026-03-25 01:00:00,M5R,1.3,75.0,101.32
2026-03-25 02:00:00,M5R,0.9,77.0,101.27
2026-03-25 03:00:00,M5R,0.8,79.0,101.22
2026-03-25 04:00:00,M5R,0.7,81.0,101.2
2026-03-25 05:00:00,M5R,0.4,81.0,101.21
2026-03-25 06:00:00,M5R,0.5,80.0,101.27
2026-03-25 07:00:00,M5R,1.1,75.0,101.26
2026-03-25 08:00:00,M5R,1.7,74.0,101.24
2026-03-25 09:00:00,M5R,3.3,69.0,101.2
2026-03-25 10:00:00,M5R,4.7,53.0,101.13
2026-03-25 11:00:00,M5R,5.4,49.0,101.01
2026-03-25 12:00:00,M5R,5.8,47.0,100.86
2026-03-25 13:00:00,M5R,5.3,50.0,100.73
2026-03-25 14:00:00,M5R,5.3,53.0,100.54
2026-03-25 15:00:00,M5R,3.7,58.0,100.39
2026-03-25 16:00:00,M5R,3.1,66.0,100.25
2026-03-25 17:00:00,M5R,3.1,66.0,100.18
2026-03-25 18:00:00,M5R,3.0,68.0,100.15
2026-03-25 19:00:00,M5R,3.0,68.0,100.03
2026-03-25 20:00:00,M5R,3.3,68.0,100.0
2026-03-25 21:00:00,M5R,3.4,72.0,99.9
2026-03-25 22:00:00,M5R,3.7,73.0,99.9
2026-03-25 23:00:00,M5R,4.3,81.0,99.72
2026-03-26 00:00:00,M5R,4.4,75.0,99.63
2026-03-26 01:00:00,M5R,5.3,62.0,99.54
2026-03-26 02:00:00,M5R,3.6,76.0,99.45
2026-03-26 03:00:00,M5R,3.2,77.0,99.42
2026-03-26 04:00:00,M5R,4.7,68.0,99.4
2026-03-26 05:00:00,M5R,3.9,71.0,99.45
2026-03-26 06:00:00,M5R,3.7,73.0,99.47
2026-03-26 07:00:00,M5R,3.9,72.0,99.52
2026-03-26 08:00:00,M5R,5.8,69.0,99.45
2026-03-26 09:00:00,M5R,6.7,68.0,99.49
2026-03-26 10:00:00,M5R,8.8,61.0,99.46
2026-03-26 11:00:00,M5R,10.5,56.0,99.46
2026-03-26 12:00:00,M5R,9.0,72.0,99.52
2026-03-26 13:00:00,M5R,10.3,66.0,99.37
2026-03-26 14:00:00,M5R,10.1,71.0,99.32
2026-03-26 15:00:00,M5R,8.1,82.0,99.29
2026-03-26 16:00:00,M5R,8.0,91.0,99.22
2026-03-26 17:00:00,M5R,8.2,90.0,99.18
2026-03-26 18:00:00,M5R,6.0,92.0,99.27
2026-03-26 19:00:00,M5R,6.5,93.0,99.37
2026-03-26 20:00:00,M5R,6.3,90.0,99.53
2026-03-26 21:00:00,M5R,4.7,81.0,99.64
2026-03-26 22:00:00,M5R,3.5,82.0,99.74
2026-03-26 23:00:00,M5R,1.6,82.0,99.94
2026-03-27 00:00:00,M5R,0.9,80.0,100.04
2026-03-27 01:00:00,M5R,-0.1,71.0,100.16
2026-03-27 02:00:00,M5R,-1.7,67.0,100.36
2026-03-27 03:00:00,M5R,-3.0,67.0,100.54
2026-03-27 04:00:00,M5R,-3.9,63.0,100.68
2026-03-27 05:00:00,M5R,-4.9,61.0,100.83
2026-03-27 06:00:00,M5R,-5.6,54.0,101.03
2026-03-27 07:00:00,M5R,-6.2,50.0,101.12
2026-03-27 08:00:00,M5R,-5.7,44.0,101.21
2026-03-27 09:00:00,M5R,-5.0,41.0,101.31
2026-03-27 10:00:00,M5R,-3.7,39.0,101.33
2026-03-27 11:00:00,M5R,-2.5,39.0,101.33
2026-03-27 12:00:00,M5R,-1.6,41.0,101.25
2026-03-27 13:00:00,M5R,-0.1,34.0,101.18
2026-03-27 14:00:00,M5R,-0.6,43.0,101.11
2026-03-27 15:00:00,M5R,-1.0,45.0,101.1
2026-03-27 16:00:00,M5R,-1.9,49.0,101.14
2026-03-27 17:00:00,M5R,-1.2,47.0,101.12
2026-03-27 18:00:00,M5R,-1.7,48.0,101.16
2026-03-27 19:00:00,M5R,-1.5,49.0,101.21
2026-03-27 20:00:00,M5R,-2.1,38.0,101.3
2026-03-27 21:00:00,M5R,-3.1,41.0,101.37
2026-03-27 22:00:00,M5R,-4.1,45.0,101.4
2026-03-27 23:00:00,M5R,-4.2,41.0,101.42
2026-03-28 00:00:00,M5R,-4.0,39.0,101.44
2026-03-28 01:00:00,M5R,-3.8,39.0,101.47
2026-03-28 02:00:00,M5R,-4.0,42.0,101.47
2026-03-28 03:00:00,M5R,-4.4,46.0,101.5
2026-03-28 04:00:00,M5R,-4.3,54.0,101.54
2026-03-28 05:00:00,M5R,-4.0,52.0,101.59
2026-03-28 06:00:00,M5R,-3.7,57.0,101.67
2026-03-28 07:00:00,M5R,-3.5,61.0,101.77
2026-03-28 08:00:00,M5R,-2.1,53.0,101.83
2026-03-28 09:00:00,M5R,-0.9,42.0,101.88
2026-03-28 10:00:00,M5R,-0.6,37.0,101.96
2026-03-28 11:00:00,M5R,0.3,38.0,101.93
2026-03-28 12:00:00,M5R,-0.2,46.0,101.91
2026-03-28 13:00:00,M5R,0.4,43.0,101.87
2026-03-28 14:00:00,M5R,1.1,47.0,101.84
2026-03-28 15:00:00,M5R,2.4,39.0,101.78
2026-03-28 16:00:00,M5R,2.2,38.0,101.77
2026-03-28 17:00:00,M5R,1.8,39.0,101.73
2026-03-28 18:00:00,M5R,1.3,41.0,101.72
2026-03-28 19:00:00,M5R,1.1,45.0,101.74
2026-03-28 20:00:00,M5R,1.1,44.0,101.74
2026-03-28 21:00:00,M5R,1.2,46.0,101.73
2026-03-28 22:00:00,M5R,0.9,62.0,101.68
2026-03-28 23:00:00,M5R,0.8,63.0,101.64
2026-03-29 00:00:00,M5R,0.8,64.0,101.57
2026-03-29 01:00:00,M5R,0.9,73.0,101.51
2026-03-29 02:00:00,M5R,1.3,72.0,101.53
2026-03-29 03:00:00,M5R,1.2,64.0,101.5
2026-03-29 04:00:00,M5R,1.3,66.0,101.46
2026-03-29 05:00:00,M5R,1.5,69.0,101.44
2026-03-29 06:00:00,M5R,1.5,72.0,101.43
2026-03-29 07:00:00,M5R,1.7,70.0,101.43
2026-03-29 08:00:00,M5R,2.7,64.0,101.42
2026-03-29 09:00:00,M5R,4.1,62.0,101.39
2026-03-29 10:00:00,M5R,5.0,59.0,101.36
2026-03-29 11:00:00,M5R,7.0,51.0,101.3
2026-03-29 12:00:00,M5R,9.4,43.0,101.2
2026-03-29 13:00:00,M5R,9.2,45.0,101.13
2026-03-29 14:00:00,M5R,8.6,50.0,101.07
2026-03-29 15:00:00,M5R,9.2,46.0,101.02
2026-03-29 16:00:00,M5R,9.5,43.0,100.96
2026-03-29 17:00:00,M5R,9.4,44.0,100.91
2026-03-29 18:00:00,M5R,9.1,43.0,100.84
2026-03-29 19:00:00,M5R,8.4,42.0,100.8
2026-03-29 20:00:00,M5R,8.4,41.0,100.76
2026-03-29 21:00:00,M5R,8.2,38.0,100.74
2026-03-29 22:00:00,M5R,7.0,42.0,100.67
2026-03-29 23:00:00,M5R,6.4,41.0,100.59
2026-03-30 00:00:00,M5R,5.9,43.0,100.54
2026-03-30 01:00:00,M5R,4.5,49.0,100.45
2026-03-30 02:00:00,M5R,4.0,54.0,100.38
2026-03-30 03:00:00,M5R,3.9,53.0,100.31
2026-03-30 04:00:00,M5R,4.0,52.0,100.24
2026-03-30 05:00:00,M5R,5.0,48.0,100.2
2026-03-30 06:00:00,M5R,5.6,50.0,100.2
2026-03-30 07:00:00,M5R,6.3,48.0,100.2
2026-03-30 08:00:00,M5R,7.9,46.0,100.17
2026-03-30 09:00:00,M5R,9.3,47.0,100.08
2026-03-30 10:00:00,M5R,11.2,43.0,100.16
2026-03-30 11:00:00,M5R,14.3,41.0,100.08
2026-03-30 12:00:00,M5R,16.2,37.0,100.07
2026-03-30 13:00:00,M5R,18.3,36.0,100.01
2026-03-30 14:00:00,M5R,20.0,38.0,99.93
2026-03-30 15:00:00,M5R,19.0,38.0,99.89
2026-03-30 16:00:00,M5R,19.2,38.0,99.86
2026-03-30 17:00:00,M5R,17.4,45.0,99.88
2026-03-30 18:00:00,M5R,15.9,51.0,99.93
2026-03-30 19:00:00,M5R,15.7,58.0,99.93
2026-03-30 20:00:00,M5R,15.8,61.0,99.9
2026-03-30 21:00:00,M5R,15.7,66.0,99.91
2026-03-30 22:00:00,M5R,14.6,73.0,99.86
2026-03-30 23:00:00,M5R,13.5,87.0,99.77
2026-03-31 00:00:00,M5R,13.5,87.0,99.62
2026-03-31 01:00:00,M5R,12.9,90.0,99.48
2026-03-31 02:00:00,M5R,11.9,93.0,99.45
2026-03-31 03:00:00,M5R,13.3,93.0,99.51
2026-03-31 04:00:00,M5R,13.5,96.0,99.59
2026-03-31 05:00:00,M5R,13.4,95.0,99.62
2026-03-31 06:00:00,M5R,12.7,96.0,99.6
2026-03-31 07:00:00,M5R,11.6,96.0,99.66
2026-03-31 08:00:00,M5R,12.4,95.0,99.55
2026-03-31 09:00:00,M5R,14.7,87.0,99.54
2026-03-31 10:00:00,M5R,16.9,78.0,99.61
2026-03-31 11:00:00,M5R,17.4,77.0,99.46
2026-03-31 12:00:00,M5R,9.7,88.0,99.58
2026-03-31 13:00:00,M5R,6.9,95.0,99.41
2026-03-31 14:00:00,M5R,9.0,86.0,99.46
2026-03-31 15:00:00,M5R,10.7,82.0,99.41
2026-03-31 16:00:00,M5R,10.2,81.0,99.39
2026-03-31 17:00:00,M5R,7.7,88.0,99.31
2026-03-31 18:00:00,M5R,6.3,94.0,99.34
2026-03-31 19:00:00,M5R,7.6,97.0,99.41
2026-03-31 20:00:00,M5R,7.4,95.0,99.24
2026-03-31 21:00:00,M5R,8.1,96.0,99.59
2026-03-31 22:00:00,M5R,7.1,94.0,99.59
2026-03-31 23:00:00,M5R,8.9,95.0,99.62
2026-04-01 00:00:00,M5R,9.2,86.0,99.8
2026-04-01 01:00:00,M5R,7.2,79.0,99.93
2026-04-01 02:00:00,M5R,5.7,81.0,100.03
2026-04-01 03:00:00,M5R,4.0,83.0,100.13
2026-04-01 04:00:00,M5R,3.4,82.0,100.27
2026-04-01 05:00:00,M5R,2.5,82.0,100.43
2026-04-01 06:00:00,M5R,2.2,81.0,100.57
2026-04-01 07:00:00,M5R,2.2,80.0,100.71
2026-04-01 08:00:00,M5R,2.5,74.0,100.86
2026-04-01 09:00:00,M5R,2.5,71.0,100.97
2026-04-01 10:00:00,M5R,3.1,70.0,101.09
2026-04-01 11:00:00,M5R,2.9,69.0,101.17
2026-04-01 12:00:00,M5R,2.7,70.0,101.19
2026-04-01 13:00:00,M5R,3.9,68.0,101.19
2026-04-01 14:00:00,M5R,4.0,69.0,101.21
2026-04-01 15:00:00,M5R,4.2,66.0,101.19
2026-04-01 16:00:00,M5R,4.6,67.0,101.19
2026-04-01 17:00:00,M5R,4.7,65.0,101.23
2026-04-01 18:00:00,M5R,5.2,67.0,101.27
2026-04-01 19:00:00,M5R,5.3,67.0,101.33
2026-04-01 20:00:00,M5R,4.3,70.0,101.34
2026-04-01 21:00:00,M5R,3.3,81.0,101.44
2026-04-01 22:00:00,M5R,3.0,77.0,101.47
2026-04-01 23:00:00,M5R,2.4,71.0,101.46
2026-04-02 00:00:00,M5R,2.1,66.0,101.47
2026-04-02 01:00:00,M5R,1.7,64.0,101.45
2026-04-02 02:00:00,M5R,1.4,64.0,101.42
2026-04-02 03:00:00,M5R,1.3,66.0,101.31
2026-04-02 04:00:00,M5R,1.2,67.0,101.34
2026-04-02 05:00:00,M5R,1.2,70.0,101.31
2026-04-02 06:00:00,M5R,1.3,70.0,101.36
2026-04-02 07:00:00,M5R,1.6,69.0,101.31
2026-04-02 08:00:00,M5R,1.7,72.0,101.3
2026-04-02 09:00:00,M5R,2.0,74.0,101.3
2026-04-02 10:00:00,M5R,2.3,82.0,101.28
2026-04-02 11:00:00,M5R,2.1,88.0,101.23
2026-04-02 12:00:00,M5R,2.3,91.0,101.16
2026-04-02 13:00:00,M5R,2.2,93.0,101.02
2026-04-02 14:00:00,M5R,2.2,93.0,100.95
2026-04-02 15:00:00,M5R,2.8,94.0,100.77
2026-04-02 16:00:00,M5R,3.1,95.0,100.65
2026-04-02 17:00:00,M5R,3.5,96.0,100.58
2026-04-02 18:00:00,M5R,3.7,96.0,100.53
2026-04-02 19:00:00,M5R,3.7,96.0,100.44
2026-04-02 20:00:00,M5R,3.9,97.0,100.34
2026-04-02 21:00:00,M5R,4.3,95.0,100.28
2026-04-02 22:00:00,M5R,5.1,94.0,100.14
2026-04-02 23:00:00,M5R,5.8,94.0,100.11
2026-04-03 00:00:00,M5R,6.3,94.0,100.03
2026-04-03 01:00:00,M5R,7.3,95.0,100.09
2026-04-03 02:00:00,M5R,7.4,95.0,99.87
2026-04-03 03:00:00,M5R,7.1,96.0,99.93
2026-04-03 04:00:00,M5R,7.9,97.0,99.86
2026-04-03 05:00:00,M5R,7.7,97.0,99.78
2026-04-03 06:00:00,M5R,10.0,98.0,99.83
2026-04-03 07:00:00,M5R,10.9,98.0,99.8
2026-04-03 08:00:00,M5R,14.0,89.0,99.8
2026-04-03 09:00:00,M5R,15.6,80.0,99.8
2026-04-03 10:00:00,M5R,16.5,77.0,99.79
2026-04-03 11:00:00,M5R,17.8,71.0,99.78
2026-04-03 12:00:00,M5R,23.3,57.0,99.77
2026-04-03 13:00:00,M5R,23.8,55.0,99.84
2026-04-03 14:00:00,M5R,23.4,53.0,99.89
2026-04-03 15:00:00,M5R,22.1,53.0,99.98
2026-04-03 16:00:00,M5R,19.5,55.0,100.1
2026-04-03 17:00:00,M5R,15.9,60.0,100.26
2026-04-03 18:00:00,M5R,13.6,62.0,100.35
2026-04-03 19:00:00,M5R,10.3,65.0,100.48
2026-04-03 20:00:00,M5R,8.4,67.0,100.7
2026-04-03 21:00:00,M5R,7.5,61.0,100.89
2026-04-03 22:00:00,M5R,6.1,64.0,101.01
2026-04-03 23:00:00,M5R,5.4,68.0,101.09
2026-04-04 00:00:00,M5R,5.3,70.0,101.1
2026-04-04 01:00:00,M5R,4.6,73.0,101.03
2026-04-04 02:00:00,M5R,4.3,75.0,101.1
2026-04-04 03:00:00,M5R,3.9,76.0,101.04
2026-04-04 04:00:00,M5R,3.9,76.0,101.02
2026-04-04 05:00:00,M5R,4.0,76.0,101.04
2026-04-04 06:00:00,M5R,3.8,74.0,101.03
2026-04-04 07:00:00,M5R,3.7,70.0,101.04
2026-04-04 08:00:00,M5R,4.0,70.0,100.97
2026-04-04 09:00:00,M5R,3.8,72.0,100.88
2026-04-04 10:00:00,M5R,3.6,73.0,100.77
2026-04-04 11:00:00,M5R,2.4,87.0,100.63
2026-04-04 12:00:00,M5R,3.2,82.0,100.53
2026-04-04 13:00:00,M5R,3.9,80.0,100.38
2026-04-04 14:00:00,M5R,4.8,78.0,100.27
2026-04-04 15:00:00,M5R,5.9,72.0,100.09
2026-04-04 16:00:00,M5R,5.8,75.0,99.93
2026-04-04 17:00:00,M5R,6.1,74.0,99.78
2026-04-04 18:00:00,M5R,6.1,75.0,99.57
2026-04-04 19:00:00,M5R,6.3,81.0,99.6
2026-04-04 20:00:00,M5R,6.6,85.0,99.31
2026-04-04 21:00:00,M5R,6.9,91.0,99.36
2026-04-04 22:00:00,M5R,7.2,94.0,99.31
2026-04-04 23:00:00,M5R,6.7,95.0,99.31
2026-04-05 00:00:00,M5R,5.7,95.0,99.29
2026-04-05 01:00:00,M5R,5.6,95.0,99.31
2026-04-05 02:00:00,M5R,6.3,96.0,99.37
2026-04-05 03:00:00,M5R,8.6,72.0,99.37
2026-04-05 04:00:00,M5R,8.4,72.0,99.39
2026-04-05 05:00:00,M5R,7.8,68.0,99.44
2026-04-05 06:00:00,M5R,7.3,63.0,99.49
2026-04-05 07:00:00,M5R,6.7,62.0,99.56
2026-04-05 08:00:00,M5R,6.5,56.0,99.61
2026-04-05 09:00:00,M5R,6.4,58.0,99.65
2026-04-05 10:00:00,M5R,6.4,57.0,99.67
2026-04-05 11:00:00,M5R,6.2,54.0,99.68
2026-04-05 12:00:00,M5R,5.8,58.0,99.69
2026-04-05 13:00:00,M5R,6.7,55.0,99.68
2026-04-05 14:00:00,M5R,6.1,64.0,99.72
2026-04-05 15:00:00,M5R,6.4,56.0,99.73
2026-04-05 16:00:00,M5R,5.0,74.0,99.81
2026-04-05 17:00:00,M5R,3.8,68.0,99.89
2026-04-05 18:00:00,M5R,3.8,63.0,100.0
2026-04-05 19:00:00,M5R,3.2,59.0,100.09
2026-04-05 20:00:00,M5R,3.0,59.0,100.19
2026-04-05 21:00:00,M5R,2.6,63.0,100.28
2026-04-05 22:00:00,M5R,2.4,62.0,100.33
2026-04-05 23:00:00,M5R,2.2,59.0,100.37
2026-04-06 00:00:00,M5R,2.2,60.0,100.4
2026-04-06 01:00:00,M5R,2.2,60.0,100.41
2026-04-06 02:00:00,M5R,1.8,63.0,100.4
2026-04-06 03:00:00,M5R,2.0,62.0,100.4
2026-04-06 04:00:00,M5R,2.0,63.0,100.4
2026-04-06 05:00:00,M5R,2.0,65.0,100.42
2026-04-06 06:00:00,M5R,1.9,66.0,100.47
2026-04-06 07:00:00,M5R,2.0,62.0,100.51
2026-04-06 08:00:00,M5R,2.4,59.0,100.55
2026-04-06 09:00:00,M5R,3.1,56.0,100.54
2026-04-06 10:00:00,M5R,4.2,52.0,100.57
2026-04-06 11:00:00,M5R,5.1,48.0,100.52
2026-04-06 12:00:00,M5R,4.7,57.0,100.48
2026-04-06 13:00:00,M5R,4.4,56.0,100.46
2026-04-06 14:00:00,M5R,5.3,51.0,100.4
2026-04-06 15:00:00,M5R,4.5,68.0,100.39
2026-04-06 16:00:00,M5R,4.6,67.0,100.35
2026-04-06 17:00:00,M5R,3.9,75.0,100.37
2026-04-06 18:00:00,M5R,3.1,83.0,100.36
2026-04-06 19:00:00,M5R,3.0,83.0,100.33
2026-04-06 20:00:00,M5R,2.5,84.0,100.37
2026-04-06 21:00:00,M5R,2.4,83.0,100.36
2026-04-06 22:00:00,M5R,2.5,83.0,100.33
2026-04-06 23:00:00,M5R,2.9,84.0,100.28
2026-04-07 00:00:00,M5R,1.3,92.0,100.35
2026-04-07 01:00:00,M5R,-0.1,76.0,100.45
2026-04-07 02:00:00,M5R,-1.3,68.0,100.49
2026-04-07 03:00:00,M5R,-1.8,62.0,100.56
2026-04-07 04:00:00,M5R,-2.4,65.0,100.65
2026-04-07 05:00:00,M5R,-3.2,63.0,100.78
2026-04-07 06:00:00,M5R,-4.0,65.0,100.96
2026-04-07 07:00:00,M5R,-4.2,65.0,101.17
2026-04-07 08:00:00,M5R,-4.7,70.0,101.34
2026-04-07 09:00:00,M5R,-3.8,56.0,101.47
2026-04-07 10:00:00,M5R,-3.0,55.0,101.61
2026-04-07 11:00:00,M5R,-2.8,49.0,101.73
2026-04-07 12:00:00,M5R,-1.1,47.0,101.75
2026-04-07 13:00:00,M5R,-0.2,43.0,101.8
2026-04-07 14:00:00,M5R,0.8,40.0,101.8
2026-04-07 15:00:00,M5R,1.2,36.0,101.77
2026-04-07 16:00:00,M5R,1.0,33.0,101.78
2026-04-07 17:00:00,M5R,1.1,32.0,101.81
2026-04-07 18:00:00,M5R,0.6,34.0,101.82
2026-04-07 19:00:00,M5R,0.1,41.0,101.84
2026-04-07 20:00:00,M5R,-0.5,43.0,101.91
2026-04-07 21:00:00,M5R,-1.0,45.0,101.95
2026-04-07 22:00:00,M5R,-1.9,50.0,101.97
2026-04-07 23:00:00,M5R,-2.1,49.0,102.0
2026-04-08 00:00:00,M5R,-2.5,54.0,102.03
2026-04-08 01:00:00,M5R,-2.9,61.0,102.05
2026-04-08 02:00:00,M5R,-2.9,61.0,102.07
2026-04-08 03:00:00,M5R,-2.8,60.0,102.06
2026-04-08 04:00:00,M5R,-3.0,62.0,102.07
2026-04-08 05:00:00,M5R,-2.8,67.0,102.08
2026-04-08 06:00:00,M5R,-2.5,68.0,102.1
2026-04-08 07:00:00,M5R,-1.6,67.0,102.11
2026-04-08 08:00:00,M5R,-0.2,63.0,102.12
2026-04-08 09:00:00,M5R,0.7,63.0,102.1
2026-04-08 10:00:00,M5R,1.6,57.0,102.09
2026-04-08 11:00:00,M5R,2.1,54.0,102.03
2026-04-08 12:00:00,M5R,2.6,46.0,101.94
2026-04-08 13:00:00,M5R,3.4,50.0,101.86
2026-04-08 14:00:00,M5R,4.2,48.0,101.76
2026-04-08 15:00:00,M5R,4.8,55.0,101.64
2026-04-08 16:00:00,M5R,3.1,58.0,101.58
2026-04-08 17:00:00,M5R,2.8,61.0,101.5
2026-04-08 18:00:00,M5R,2.8,62.0,101.46
2026-04-08 19:00:00,M5R,2.6,65.0,101.39
2026-04-08 20:00:00,M5R,2.7,66.0,101.34
2026-04-08 21:00:00,M5R,2.9,68.0,101.29
2026-04-08 22:00:00,M5R,2.8,73.0,101.24
2026-04-08 23:00:00,M5R,3.0,75.0,101.18
2026-04-09 00:00:00,M5R,2.4,77.0,101.12
2026-04-09 01:00:00,M5R,3.2,76.0,101.04
2026-04-09 02:00:00,M5R,5.1,61.0,100.97
2026-04-09 03:00:00,M5R,6.2,52.0,100.95
2026-04-09 04:00:00,M5R,6.6,49.0,100.94
2026-04-09 05:00:00,M5R,7.1,48.0,100.89
2026-04-09 06:00:00,M5R,7.2,47.0,100.88
2026-04-09 07:00:00,M5R,8.5,44.0,100.85
2026-04-09 08:00:00,M5R,9.7,42.0,100.8
2026-04-09 09:00:00,M5R,11.0,42.0,100.76
2026-04-09 10:00:00,M5R,13.1,38.0,100.66
2026-04-09 11:00:00,M5R,13.9,40.0,100.62
2026-04-09 12:00:00,M5R,13.8,45.0,100.62
2026-04-09 13:00:00,M5R,13.6,62.0,100.6
2026-04-09 14:00:00,M5R,14.3,59.0,100.6
2026-04-09 15:00:00,M5R,15.1,61.0,100.56
2026-04-09 16:00:00,M5R,15.2,59.0,100.58
2026-04-09 17:00:00,M5R,17.3,48.0,100.55
2026-04-09 18:00:00,M5R,15.6,52.0,100.57
2026-04-09 19:00:00,M5R,14.6,55.0,100.58
2026-04-09 20:00:00,M5R,14.3,60.0,100.66
2026-04-09 21:00:00,M5R,10.6,51.0,100.79
2026-04-09 22:00:00,M5R,9.2,50.0,100.81
2026-04-09 23:00:00,M5R,8.6,49.0,100.83
2026-04-10 00:00:00,M5R,8.2,46.0,100.89
2026-04-10 01:00:00,M5R,8.0,44.0,100.87
2026-04-10 02:00:00,M5R,7.4,43.0,100.79
2026-04-10 03:00:00,M5R,7.0,48.0,100.74
2026-04-10 04:00:00,M5R,5.7,64.0,100.81
2026-04-10 05:00:00,M5R,5.6,69.0,100.86
2026-04-10 06:00:00,M5R,4.5,81.0,100.73
2026-04-10 07:00:00,M5R,4.8,80.0,100.78
2026-04-10 08:00:00,M5R,5.5,78.0,100.71
2026-04-10 09:00:00,M5R,6.4,74.0,100.64
2026-04-10 10:00:00,M5R,6.2,78.0,100.7
2026-04-10 11:00:00,M5R,5.7,87.0,100.68
2026-04-10 12:00:00,M5R,5.6,90.0,100.64
2026-04-10 13:00:00,M5R,6.0,90.0,100.74
2026-04-10 14:00:00,M5R,6.7,85.0,100.68
2026-04-10 15:00:00,M5R,7.7,82.0,100.63
2026-04-10 16:00:00,M5R,7.7,81.0,100.66
2026-04-10 17:00:00,M5R,7.8,79.0,100.77
2026-04-10 18:00:00,M5R,6.7,81.0,100.84
2026-04-10 19:00:00,M5R,6.3,82.0,100.91
2026-04-10 20:00:00,M5R,5.5,83.0,101.05
2026-04-10 21:00:00,M5R,5.1,81.0,101.16
2026-04-10 22:00:00,M5R,4.2,80.0,101.19
2026-04-10 23:00:00,M5R,3.8,80.0,101.24
2026-04-11 00:00:00,M5R,3.3,81.0,101.26
2026-04-11 01:00:00,M5R,3.1,84.0,101.26
2026-04-11 02:00:00,M5R,3.4,83.0,101.25
2026-04-11 03:00:00,M5R,3.0,83.0,101.28
2026-04-11 04:00:00,M5R,2.9,80.0,101.31
2026-04-11 05:00:00,M5R,2.2,76.0,101.36
2026-04-11 06:00:00,M5R,1.9,71.0,101.46
2026-04-11 07:00:00,M5R,2.5,67.0,101.57
2026-04-11 08:00:00,M5R,3.7,64.0,101.61
2026-04-11 09:00:00,M5R,5.0,62.0,101.65
2026-04-11 10:00:00,M5R,6.6,57.0,101.7
2026-04-11 11:00:00,M5R,7.8,50.0,101.71
2026-04-11 12:00:00,M5R,9.1,44.0,101.66
2026-04-11 13:00:00,M5R,9.9,38.0,101.66
2026-04-11 14:00:00,M5R,11.2,35.0,101.61
2026-04-11 15:00:00,M5R,10.1,29.0,101.6
2026-04-11 16:00:00,M5R,10.2,32.0,101.56
2026-04-11 17:00:00,M5R,10.3,31.0,101.58
2026-04-11 18:00:00,M5R,9.6,31.0,101.59
2026-04-11 19:00:00,M5R,9.0,32.0,101.6
2026-04-11 20:00:00,M5R,7.1,48.0,101.71
2026-04-11 21:00:00,M5R,6.4,47.0,101.71
2026-04-11 22:00:00,M5R,6.3,48.0,101.65
2026-04-11 23:00:00,M5R,6.1,53.0,101.62
2026-04-12 00:00:00,M5R,6.0,52.0,101.58
2026-04-12 01:00:00,M5R,5.4,59.0,101.55
2026-04-12 02:00:00,M5R,5.0,54.0,101.52
2026-04-12 03:00:00,M5R,4.7,54.0,101.51
2026-04-12 04:00:00,M5R,4.9,63.0,101.5
2026-04-12 05:00:00,M5R,4.7,68.0,101.45
2026-04-12 06:00:00,M5R,5.0,53.0,101.4
2026-04-12 07:00:00,M5R,5.0,55.0,101.39
2026-04-12 08:00:00,M5R,6.1,53.0,101.33
2026-04-12 09:00:00,M5R,5.1,59.0,101.28
2026-04-12 10:00:00,M5R,5.3,61.0,101.17
2026-04-12 11:00:00,M5R,4.5,74.0,101.15
2026-04-12 12:00:00,M5R,4.1,82.0,100.97
2026-04-12 13:00:00,M5R,4.1,82.0,100.82
2026-04-12 14:00:00,M5R,3.9,83.0,100.68
2026-04-12 15:00:00,M5R,4.8,79.0,100.56
2026-04-12 16:00:00,M5R,5.6,74.0,100.46
2026-04-12 17:00:00,M5R,6.6,71.0,100.34
2026-04-12 18:00:00,M5R,7.0,69.0,100.22
2026-04-12 19:00:00,M5R,7.4,68.0,100.14
2026-04-12 20:00:00,M5R,6.5,73.0,100.05
2026-04-12 21:00:00,M5R,6.6,74.0,99.96
2026-04-12 22:00:00,M5R,6.0,77.0,99.85
2026-04-12 23:00:00,M5R,7.0,76.0,99.8
2026-04-13 00:00:00,M5R,7.8,78.0,99.75
2026-04-13 01:00:00,M5R,9.0,79.0,99.7
2026-04-13 02:00:00,M5R,10.5,74.0,99.65
2026-04-13 03:00:00,M5R,10.1,76.0,99.66
2026-04-13 04:00:00,M5R,11.0,78.0,99.59
2026-04-13 05:00:00,M5R,7.9,84.0,99.57
2026-04-13 06:00:00,M5R,12.5,77.0,99.5
2026-04-13 07:00:00,M5R,12.8,80.0,99.48
2026-04-13 08:00:00,M5R,13.9,82.0,99.44
2026-04-13 09:00:00,M5R,13.3,82.0,99.48
2026-04-13 10:00:00,M5R,16.5,83.0,99.52
2026-04-13 11:00:00,M5R,18.9,75.0,99.6
2026-04-13 12:00:00,M5R,19.8,70.0,99.64
2026-04-13 13:00:00,M5R,20.4,69.0,99.69
2026-04-13 14:00:00,M5R,20.6,68.0,99.73
2026-04-13 15:00:00,M5R,20.8,69.0,99.75
2026-04-13 16:00:00,M5R,21.1,67.0,99.78
2026-04-13 17:00:00,M5R,21.1,67.0,99.87
2026-04-13 18:00:00,M5R,20.4,66.0,99.93
2026-04-13 19:00:00,M5R,19.7,68.0,99.97
2026-04-13 20:00:00,M5R,17.8,75.0,100.03
2026-04-13 21:00:00,M5R,17.4,78.0,100.03
2026-04-13 22:00:00,M5R,16.4,80.0,100.07
2026-04-13 23:00:00,M5R,14.6,84.0,100.07
2026-04-14 00:00:00,M5R,14.3,86.0,100.02
2026-04-14 01:00:00,M5R,12.4,92.0,99.95
2026-04-14 02:00:00,M5R,12.8,90.0,99.99
2026-04-14 03:00:00,M5R,12.9,90.0,99.95
2026-04-14 04:00:00,M5R,12.6,92.0,99.82
2026-04-14 05:00:00,M5R,12.0,94.0,99.79
2026-04-14 06:00:00,M5R,12.1,96.0,99.74
2026-04-14 07:00:00,M5R,12.6,96.0,99.57
2026-04-14 08:00:00,M5R,11.6,95.0,99.57
2026-04-14 09:00:00,M5R,12.1,96.0,99.43
2026-04-14 10:00:00,M5R,14.9,84.0,99.39
2026-04-14 11:00:00,M5R,18.2,75.0,99.41
2026-04-14 12:00:00,M5R,17.7,74.0,99.33
2026-04-14 13:00:00,M5R,23.4,51.0,99.35
2026-04-14 14:00:00,M5R,22.0,53.0,99.41
2026-04-14 15:00:00,M5R,21.5,51.0,99.46
2026-04-14 16:00:00,M5R,19.3,57.0,99.56
2026-04-14 17:00:00,M5R,19.5,56.0,99.64
2026-04-14 18:00:00,M5R,19.5,55.0,99.75
2026-04-14 19:00:00,M5R,18.6,58.0,99.75
2026-04-14 20:00:00,M5R,17.3,62.0,99.81
2026-04-14 21:00:00,M5R,13.1,74.0,99.91
2026-04-14 22:00:00,M5R,12.2,76.0,99.94
2026-04-14 23:00:00,M5R,11.6,78.0,99.96
2026-04-15 00:00:00,M5R,10.9,83.0,99.96
2026-04-15 01:00:00,M5R,9.9,89.0,99.68
2026-04-15 02:00:00,M5R,9.5,92.0,99.73
2026-04-15 03:00:00,M5R,9.1,96.0,99.73
2026-04-15 04:00:00,M5R,9.0,95.0,99.55
2026-04-15 05:00:00,M5R,6.9,95.0,99.44
2026-04-15 06:00:00,M5R,7.0,95.0,99.58
2026-04-15 07:00:00,M5R,6.8,95.0,99.59
2026-04-15 08:00:00,M5R,7.6,94.0,99.67
2026-04-15 09:00:00,M5R,8.5,93.0,99.63
2026-04-15 10:00:00,M5R,9.9,89.0,99.64
2026-04-15 11:00:00,M5R,9.4,88.0,99.75
2026-04-15 12:00:00,M5R,10.4,89.0,99.73
2026-04-15 13:00:00,M5R,14.0,82.0,99.65
2026-04-15 14:00:00,M5R,16.8,75.0,99.71
2026-04-15 15:00:00,M5R,16.4,79.0,99.69
2026-04-15 16:00:00,M5R,18.0,77.0,99.65
2026-04-15 17:00:00,M5R,18.9,73.0,99.54
2026-04-15 18:00:00,M5R,16.5,91.0,99.61
2026-04-15 19:00:00,M5R,15.8,94.0,99.57
2026-04-15 20:00:00,M5R,12.3,95.0,99.68
2026-04-15 21:00:00,M5R,13.1,97.0,99.74
2026-04-15 22:00:00,M5R,13.8,97.0,99.68
2026-04-15 23:00:00,M5R,13.0,98.0,99.71
2026-04-16 00:00:00,M5R,13.0,98.0,99.72
2026-04-16 01:00:00,M5R,13.0,99.0,99.65
2026-04-16 02:00:00,M5R,13.0,99.0,99.61
2026-04-16 03:00:00,M5R,12.8,98.0,99.56
2026-04-16 04:00:00,M5R,11.4,98.0,99.56
2026-04-16 05:00:00,M5R,11.1,99.0,99.54
2026-04-16 06:00:00,M5R,11.9,99.0,99.49
2026-04-16 07:00:00,M5R,12.2,98.0,99.48
2026-04-16 08:00:00,M5R,14.0,98.0,99.43
2026-04-16 09:00:00,M5R,14.5,96.0,99.41
2026-04-16 10:00:00,M5R,14.6,93.0,99.43
2026-04-16 11:00:00,M5R,16.5,85.0,99.41
2026-04-16 12:00:00,M5R,18.3,79.0,99.35
2026-04-16 13:00:00,M5R,18.8,76.0,99.33
2026-04-16 14:00:00,M5R,17.2,85.0,99.36
2026-04-16 15:00:00,M5R,16.9,95.0,99.4
2026-04-16 16:00:00,M5R,17.1,90.0,99.35
2026-04-16 17:00:00,M5R,17.5,88.0,99.4
2026-04-16 18:00:00,M5R,16.3,88.0,99.49
2026-04-16 19:00:00,M5R,15.2,91.0,99.49
2026-04-16 20:00:00,M5R,15.1,93.0,99.58
2026-04-16 21:00:00,M5R,15.0,96.0,99.63
2026-04-16 22:00:00,M5R,15.6,96.0,99.65
2026-04-16 23:00:00,M5R,14.2,87.0,99.71
2026-04-17 00:00:00,M5R,13.2,90.0,99.71
2026-04-17 01:00:00,M5R,12.6,88.0,99.75
2026-04-17 02:00:00,M5R,11.5,89.0,99.78
2026-04-17 03:00:00,M5R,11.2,91.0,99.82
2026-04-17 04:00:00,M5R,11.2,92.0,99.87
2026-04-17 05:00:00,M5R,11.5,91.0,99.95
2026-04-17 06:00:00,M5R,11.9,90.0,100.04
2026-04-17 07:00:00,M5R,12.4,87.0,100.11
2026-04-17 08:00:00,M5R,12.9,85.0,100.2
2026-04-17 09:00:00,M5R,13.4,82.0,100.29
2026-04-17 10:00:00,M5R,14.6,77.0,100.32
2026-04-17 11:00:00,M5R,16.0,70.0,100.34
2026-04-17 12:00:00,M5R,16.8,72.0,100.36
2026-04-17 13:00:00,M5R,15.2,77.0,100.37
2026-04-17 14:00:00,M5R,15.7,73.0,100.35
2026-04-17 15:00:00,M5R,16.0,70.0,100.3
2026-04-17 16:00:00,M5R,15.2,71.0,100.27
2026-04-17 17:00:00,M5R,15.0,74.0,100.31
2026-04-17 18:00:00,M5R,14.5,74.0,100.2
2026-04-17 19:00:00,M5R,13.5,79.0,100.1
2026-04-17 20:00:00,M5R,12.7,78.0,100.08
2026-04-17 21:00:00,M5R,11.9,80.0,100.08
2026-04-17 22:00:00,M5R,11.9,79.0,100.16
2026-04-17 23:00:00,M5R,11.4,80.0,100.01
2026-04-18 00:00:00,M5R,11.5,77.0,100.02
2026-04-18 01:00:00,M5R,11.2,78.0,99.92
2026-04-18 02:00:00,M5R,10.3,81.0,99.77
2026-04-18 03:00:00,M5R,9.3,84.0,99.69
2026-04-18 04:00:00,M5R,9.8,87.0,99.57
2026-04-18 05:00:00,M5R,9.4,86.0,99.53
2026-04-18 06:00:00,M5R,9.5,86.0,99.44
2026-04-18 07:00:00,M5R,10.6,83.0,99.39
2026-04-18 08:00:00,M5R,12.3,75.0,99.31
2026-04-18 09:00:00,M5R,15.8,65.0,99.21
2026-04-18 10:00:00,M5R,16.7,61.0,99.08
2026-04-18 11:00:00,M5R,17.9,55.0,99.01
2026-04-18 12:00:00,M5R,19.3,51.0,98.96
2026-04-18 13:00:00,M5R,18.1,60.0,98.97
2026-04-18 14:00:00,M5R,17.7,84.0,99.01
2026-04-18 15:00:00,M5R,16.5,93.0,98.96
2026-04-18 16:00:00,M5R,15.5,92.0,98.93
2026-04-18 17:00:00,M5R,15.5,84.0,99.08
2026-04-18 18:00:00,M5R,13.9,78.0,99.22
2026-04-18 19:00:00,M5R,11.5,76.0,99.36
2026-04-18 20:00:00,M5R,10.7,73.0,99.49
2026-04-18 21:00:00,M5R,9.2,77.0,99.68
2026-04-18 22:00:00,M5R,7.2,80.0,99.74
2026-04-18 23:00:00,M5R,6.8,76.0,99.79
2026-04-19 00:00:00,M5R,5.9,69.0,99.92
2026-04-19 01:00:00,M5R,5.4,61.0,99.91
2026-04-19 02:00:00,M5R,5.4,62.0,99.87
2026-04-19 03:00:00,M5R,5.4,61.0,99.96
2026-04-19 04:00:00,M5R,5.2,63.0,99.94
2026-04-19 05:00:00,M5R,5.3,65.0,99.97
2026-04-19 06:00:00,M5R,5.5,64.0,100.0
2026-04-19 07:00:00,M5R,5.7,59.0,100.09
2026-04-19 08:00:00,M5R,5.6,54.0,100.14
2026-04-19 09:00:00,M5R,4.6,62.0,100.17
2026-04-19 10:00:00,M5R,6.0,50.0,100.17
2026-04-19 11:00:00,M5R,6.6,40.0,100.18
2026-04-19 12:00:00,M5R,8.1,42.0,100.11
2026-04-19 13:00:00,M5R,7.2,52.0,100.13
2026-04-19 14:00:00,M5R,6.1,55.0,100.12
2026-04-19 15:00:00,M5R,6.5,56.0,100.12
2026-04-19 16:00:00,M5R,3.5,70.0,100.21
2026-04-19 17:00:00,M5R,4.5,82.0,100.22
2026-04-19 18:00:00,M5R,3.7,80.0,100.29
2026-04-19 19:00:00,M5R,3.1,68.0,100.37
2026-04-19 20:00:00,M5R,3.1,62.0,100.41
2026-04-19 21:00:00,M5R,2.5,49.0,100.5
2026-04-19 22:00:00,M5R,1.7,50.0,100.56
2026-04-19 23:00:00,M5R,1.0,52.0,100.59
2026-04-20 00:00:00,M5R,0.5,54.0,100.66
2026-04-20 01:00:00,M5R,0.1,51.0,100.7
2026-04-20 02:00:00,M5R,-0.3,54.0,100.74
2026-04-20 03:00:00,M5R,-0.7,58.0,100.78
2026-04-20 04:00:00,M5R,-1.0,61.0,100.83
2026-04-20 05:00:00,M5R,-1.1,63.0,100.89
2026-04-20 06:00:00,M5R,-1.2,70.0,100.99
2026-04-20 07:00:00,M5R,-0.4,62.0,101.1
2026-04-20 08:00:00,M5R,1.2,44.0,101.18
2026-04-20 09:00:00,M5R,1.8,32.0,101.25
2026-04-20 10:00:00,M5R,2.8,32.0,101.34
2026-04-20 11:00:00,M5R,2.7,35.0,101.36
2026-04-20 12:00:00,M5R,2.9,35.0,101.34
2026-04-20 13:00:00,M5R,4.1,31.0,101.31
2026-04-20 14:00:00,M5R,4.3,32.0,101.29
2026-04-20 15:00:00,M5R,5.0,30.0,101.26
2026-04-20 16:00:00,M5R,3.8,41.0,101.22
2026-04-20 17:00:00,M5R,4.5,43.0,101.22
2026-04-20 18:00:00,M5R,4.0,45.0,101.21
2026-04-20 19:00:00,M5R,4.4,37.0,101.2
2026-04-20 20:00:00,M5R,4.2,37.0,101.24
2026-04-20 21:00:00,M5R,3.6,41.0,101.29
2026-04-20 22:00:00,M5R,2.9,45.0,101.27
2026-04-20 23:00:00,M5R,2.1,49.0,101.25
2026-04-21 00:00:00,M5R,1.7,51.0,101.19
2026-04-21 01:00:00,M5R,1.5,49.0,101.18
2026-04-21 02:00:00,M5R,1.6,58.0,101.19
2026-04-21 03:00:00,M5R,1.3,56.0,101.22
2026-04-21 04:00:00,M5R,1.6,59.0,101.2
2026-04-21 05:00:00,M5R,1.9,67.0,101.13
2026-04-21 06:00:00,M5R,2.3,68.0,101.11
2026-04-21 07:00:00,M5R,3.0,66.0,101.08
2026-04-21 08:00:00,M5R,4.0,61.0,101.06
2026-04-21 09:00:00,M5R,5.1,53.0,100.98
2026-04-21 10:00:00,M5R,6.1,51.0,100.9
2026-04-21 11:00:00,M5R,7.7,43.0,100.79
2026-04-21 12:00:00,M5R,9.6,43.0,100.68
2026-04-21 13:00:00,M5R,8.1,52.0,100.59
2026-04-21 14:00:00,M5R,9.0,49.0,100.48
2026-04-21 15:00:00,M5R,7.0,51.0,100.37
2026-04-21 16:00:00,M5R,7.4,51.0,100.3
2026-04-21 17:00:00,M5R,7.5,48.0,100.19
2026-04-21 18:00:00,M5R,7.4,51.0,100.17
2026-04-21 19:00:00,M5R,7.3,52.0,100.13
2026-04-21 20:00:00,M5R,8.2,50.0,100.12
2026-04-21 21:00:00,M5R,8.5,52.0,100.09
2026-04-21 22:00:00,M5R,8.1,56.0,100.04
2026-04-21 23:00:00,M5R,7.6,57.0,99.99
2026-04-22 00:00:00,M5R,7.5,58.0,99.93
2026-04-22 01:00:00,M5R,7.0,61.0,99.89
2026-04-22 02:00:00,M5R,6.9,61.0,99.85
2026-04-22 03:00:00,M5R,6.7,60.0,99.81
2026-04-22 04:00:00,M5R,6.2,63.0,99.85
2026-04-22 05:00:00,M5R,6.5,61.0,99.88
2026-04-22 06:00:00,M5R,7.1,58.0,99.96
2026-04-22 07:00:00,M5R,7.9,58.0,100.0
2026-04-22 08:00:00,M5R,10.1,51.0,99.96
2026-04-22 09:00:00,M5R,12.7,44.0,99.99
2026-04-22 10:00:00,M5R,12.6,48.0,100.01
2026-04-22 11:00:00,M5R,13.8,45.0,100.03
2026-04-22 12:00:00,M5R,15.7,44.0,100.03
2026-04-22 13:00:00,M5R,17.0,41.0,100.02
2026-04-22 14:00:00,M5R,16.5,43.0,99.97
2026-04-22 15:00:00,M5R,16.3,41.0,99.97
2026-04-22 16:00:00,M5R,17.3,45.0,99.95
2026-04-22 17:00:00,M5R,17.2,41.0,99.95
2026-04-22 18:00:00,M5R,16.8,46.0,99.95
2026-04-22 19:00:00,M5R,16.1,47.0,100.01
2026-04-22 20:00:00,M5R,16.3,31.0,100.08
2026-04-22 21:00:00,M5R,14.8,42.0,100.16
2026-04-22 22:00:00,M5R,13.3,44.0,100.17
2026-04-22 23:00:00,M5R,12.4,46.0,100.18
2026-04-23 00:00:00,M5R,11.6,50.0,100.16
2026-04-23 01:00:00,M5R,11.2,49.0,100.17
2026-04-23 02:00:00,M5R,10.9,49.0,100.16
2026-04-23 03:00:00,M5R,10.5,50.0,100.21
2026-04-23 04:00:00,M5R,10.5,50.0,100.27
2026-04-23 05:00:00,M5R,9.7,54.0,100.3
2026-04-23 06:00:00,M5R,9.5,55.0,100.32
2026-04-23 07:00:00,M5R,11.0,48.0,100.41
2026-04-23 08:00:00,M5R,12.8,39.0,100.42
2026-04-23 09:00:00,M5R,12.0,41.0,100.42
2026-04-23 10:00:00,M5R,13.2,32.0,100.45
2026-04-23 11:00:00,M5R,14.6,31.0,100.41
2026-04-23 12:00:00,M5R,15.6,28.0,100.31
2026-04-23 13:00:00,M5R,16.6,30.0,100.27
2026-04-23 14:00:00,M5R,16.7,34.0,100.19
2026-04-23 15:00:00,M5R,18.0,33.0,100.09
2026-04-23 16:00:00,M5R,18.1,28.0,100.01
2026-04-23 17:00:00,M5R,18.2,28.0,99.98
2026-04-23 18:00:00,M5R,17.0,28.0,99.96
2026-04-23 19:00:00,M5R,15.9,31.0,99.93
2026-04-23 20:00:00,M5R,11.9,44.0,99.93
2026-04-23 21:00:00,M5R,11.3,50.0,99.92
2026-04-23 22:00:00,M5R,10.8,48.0,99.85
2026-04-23 23:00:00,M5R,10.5,48.0,99.85
2026-04-24 00:00:00,M5R,10.4,46.0,99.86
2026-04-24 01:00:00,M5R,10.5,48.0,99.88
2026-04-24 02:00:00,M5R,12.2,44.0,99.85
2026-04-24 03:00:00,M5R,12.0,44.0,99.88
2026-04-24 04:00:00,M5R,11.4,44.0,99.88
2026-04-24 05:00:00,M5R,9.1,51.0,99.98
2026-04-24 06:00:00,M5R,8.0,46.0,99.99
2026-04-24 07:00:00,M5R,7.9,45.0,100.07
2026-04-24 08:00:00,M5R,5.7,64.0,100.07
2026-04-24 09:00:00,M5R,5.9,60.0,100.09
2026-04-24 10:00:00,M5R,5.5,58.0,100.08
2026-04-24 11:00:00,M5R,5.7,57.0,100.05
2026-04-24 12:00:00,M5R,5.5,55.0,100.03
2026-04-24 13:00:00,M5R,5.1,58.0,99.97
2026-04-24 14:00:00,M5R,6.7,44.0,99.93
2026-04-24 15:00:00,M5R,7.6,40.0,99.88
2026-04-24 16:00:00,M5R,7.7,41.0,99.83
2026-04-24 17:00:00,M5R,7.7,39.0,99.78
2026-04-24 18:00:00,M5R,7.3,39.0,99.77
2026-04-24 19:00:00,M5R,7.3,38.0,99.81
2026-04-24 20:00:00,M5R,7.1,42.0,99.74
2026-04-24 21:00:00,M5R,7.9,38.0,99.73
2026-04-24 22:00:00,M5R,8.3,39.0,99.87
2026-04-24 23:00:00,M5R,7.3,53.0,99.85
2026-04-25 00:00:00,M5R,6.7,64.0,99.8
2026-04-25 01:00:00,M5R,6.8,64.0,99.8
2026-04-25 02:00:00,M5R,6.7,65.0,99.74
2026-04-25 03:00:00,M5R,6.1,72.0,99.76
2026-04-25 04:00:00,M5R,5.3,80.0,99.64
2026-04-25 05:00:00,M5R,5.5,82.0,99.59
2026-04-25 06:00:00,M5R,5.0,83.0,99.71
2026-04-25 07:00:00,M5R,4.6,88.0,99.78
2026-04-25 08:00:00,M5R,4.4,89.0,99.79
2026-04-25 09:00:00,M5R,4.4,88.0,99.88
2026-04-25 10:00:00,M5R,5.0,87.0,99.85
2026-04-25 11:00:00,M5R,5.4,88.0,99.91
2026-04-25 12:00:00,M5R,5.3,90.0,99.9
2026-04-25 13:00:00,M5R,5.9,93.0,100.01
2026-04-25 14:00:00,M5R,6.7,89.0,100.02
2026-04-25 15:00:00,M5R,7.8,83.0,100.06
2026-04-25 16:00:00,M5R,8.6,78.0,100.09
2026-04-25 17:00:00,M5R,9.5,75.0,100.15
2026-04-25 18:00:00,M5R,9.7,73.0,100.16
2026-04-25 19:00:00,M5R,9.0,72.0,100.24
2026-04-25 20:00:00,M5R,8.5,82.0,100.4
2026-04-25 21:00:00,M5R,8.6,82.0,100.46
2026-04-25 22:00:00,M5R,7.9,85.0,100.45
2026-04-25 23:00:00,M5R,7.5,87.0,100.44
2026-04-26 00:00:00,M5R,6.7,90.0,100.44
2026-04-26 01:00:00,M5R,6.8,88.0,100.46
2026-04-26 02:00:00,M5R,7.1,82.0,100.46
2026-04-26 03:00:00,M5R,6.6,86.0,100.5
2026-04-26 04:00:00,M5R,6.8,88.0,100.56
2026-04-26 05:00:00,M5R,6.4,84.0,100.59
2026-04-26 06:00:00,M5R,6.3,76.0,100.67
2026-04-26 07:00:00,M5R,6.9,73.0,100.79
2026-04-26 08:00:00,M5R,9.7,74.0,100.83
2026-04-26 09:00:00,M5R,10.9,69.0,100.9
2026-04-26 10:00:00,M5R,11.4,68.0,100.93
2026-04-26 11:00:00,M5R,11.2,68.0,100.92
2026-04-26 12:00:00,M5R,12.0,61.0,100.88
2026-04-26 13:00:00,M5R,13.3,50.0,100.84
2026-04-26 14:00:00,M5R,13.8,40.0,100.82
2026-04-26 15:00:00,M5R,14.5,37.0,100.8
2026-04-26 16:00:00,M5R,13.6,35.0,100.77
2026-04-26 17:00:00,M5R,13.8,35.0,100.8
2026-04-26 18:00:00,M5R,14.0,37.0,100.81
2026-04-26 19:00:00,M5R,13.6,32.0,100.81
2026-04-26 20:00:00,M5R,12.7,37.0,100.86
2026-04-26 21:00:00,M5R,12.4,40.0,100.87
2026-04-26 22:00:00,M5R,11.1,49.0,100.87
2026-04-26 23:00:00,M5R,10.8,44.0,100.89
2026-04-27 00:00:00,M5R,11.3,42.0,100.95
2026-04-27 01:00:00,M5R,10.9,47.0,100.87
2026-04-27 02:00:00,M5R,10.5,48.0,100.84
2026-04-27 03:00:00,M5R,7.5,66.0,100.86
2026-04-27 04:00:00,M5R,7.0,71.0,100.9
2026-04-27 05:00:00,M5R,6.8,71.0,100.95
2026-04-27 06:00:00,M5R,7.4,68.0,100.99
2026-04-27 07:00:00,M5R,10.8,49.0,101.03
2026-04-27 08:00:00,M5R,12.6,44.0,101.04
2026-04-27 09:00:00,M5R,14.1,38.0,101.07
2026-04-27 10:00:00,M5R,14.5,35.0,101.02
2026-04-27 11:00:00,M5R,14.8,39.0,100.99
2026-04-27 12:00:00,M5R,15.7,36.0,100.93
2026-04-27 13:00:00,M5R,16.2,34.0,100.88
2026-04-27 14:00:00,M5R,16.6,35.0,100.8
2026-04-27 15:00:00,M5R,17.2,34.0,100.67
2026-04-27 16:00:00,M5R,16.7,35.0,100.6
2026-04-27 17:00:00,M5R,16.5,35.0,100.55
2026-04-27 18:00:00,M5R,15.5,36.0,100.45
2026-04-27 19:00:00,M5R,14.8,38.0,100.38
2026-04-27 20:00:00,M5R,14.7,41.0,100.3
2026-04-27 21:00:00,M5R,12.7,46.0,100.19
2026-04-27 22:00:00,M5R,10.7,60.0,100.03
2026-04-27 23:00:00,M5R,12.6,56.0,100.04
2026-04-28 00:00:00,M5R,13.6,50.0,100.02
2026-04-28 01:00:00,M5R,13.2,50.0,99.9
2026-04-28 02:00:00,M5R,12.5,53.0,99.84
2026-04-28 03:00:00,M5R,13.1,52.0,99.79
2026-04-28 04:00:00,M5R,12.8,54.0,99.72
2026-04-28 05:00:00,M5R,12.6,58.0,99.63
2026-04-28 06:00:00,M5R,12.4,57.0,99.55
2026-04-28 07:00:00,M5R,12.9,68.0,99.64
2026-04-28 08:00:00,M5R,11.3,80.0,99.71
2026-04-28 09:00:00,M5R,12.3,79.0,99.68
2026-04-28 10:00:00,M5R,13.0,71.0,99.7
2026-04-28 11:00:00,M5R,13.1,74.0,99.72
2026-04-28 12:00:00,M5R,13.9,71.0,99.7
2026-04-28 13:00:00,M5R,13.6,73.0,99.71
2026-04-28 14:00:00,M5R,14.1,76.0,99.73
2026-04-28 15:00:00,M5R,14.8,77.0,99.7
2026-04-28 16:00:00,M5R,14.9,76.0,99.67
2026-04-28 17:00:00,M5R,15.5,73.0,99.68
2026-04-28 18:00:00,M5R,14.4,76.0,99.71
2026-04-28 19:00:00,M5R,15.0,77.0,99.72
2026-04-28 20:00:00,M5R,14.4,79.0,99.78
2026-04-28 21:00:00,M5R,15.1,77.0,99.86
2026-04-28 22:00:00,M5R,15.3,69.0,99.85
2026-04-28 23:00:00,M5R,14.5,72.0,99.91
2026-04-29 00:00:00,M5R,13.9,69.0,99.93
2026-04-29 01:00:00,M5R,12.8,74.0,99.9
2026-04-29 02:00:00,M5R,11.6,72.0,99.88
2026-04-29 03:00:00,M5R,11.1,69.0,99.94
2026-04-29 04:00:00,M5R,10.7,69.0,99.91
2026-04-29 05:00:00,M5R,10.5,70.0,99.9
2026-04-29 06:00:00,M5R,10.4,70.0,99.92
2026-04-29 07:00:00,M5R,10.6,68.0,99.95
2026-04-29 08:00:00,M5R,10.5,69.0,99.86
2026-04-29 09:00:00,M5R,10.6,68.0,99.83
2026-04-29 10:00:00,M5R,10.8,70.0,99.85
2026-04-29 11:00:00,M5R,10.6,78.0,99.73
2026-04-29 12:00:00,M5R,10.1,68.0,99.7
2026-04-29 13:00:00,M5R,10.5,66.0,99.67
2026-04-29 14:00:00,M5R,10.8,64.0,99.64
2026-04-29 15:00:00,M5R,10.7,61.0,99.56
2026-04-29 16:00:00,M5R,10.4,64.0,99.56
2026-04-29 17:00:00,M5R,10.1,65.0,99.5
2026-04-29 18:00:00,M5R,9.2,70.0,99.52
2026-04-29 19:00:00,M5R,8.5,73.0,99.54
2026-04-29 20:00:00,M5R,8.6,72.0,99.58
2026-04-29 21:00:00,M5R,7.4,67.0,99.61
2026-04-29 22:00:00,M5R,6.5,68.0,99.63
2026-04-29 23:00:00,M5R,5.8,68.0,99.61
2026-04-30 00:00:00,M5R,5.8,69.0,99.59
2026-04-30 01:00:00,M5R,5.9,70.0,99.56
2026-04-30 02:00:00,M5R,5.5,72.0,99.55
2026-04-30 03:00:00,M5R,5.3,74.0,99.57
2026-04-30 04:00:00,M5R,5.5,75.0,99.59
2026-04-30 05:00:00,M5R,5.8,75.0,99.59
2026-04-30 06:00:00,M5R,5.9,74.0,99.68
2026-04-30 07:00:00,M5R,6.6,71.0,99.72
2026-04-30 08:00:00,M5R,7.0,71.0,99.74
2026-04-30 09:00:00,M5R,8.0,66.0,99.73
2026-04-30 10:00:00,M5R,9.5,59.0,99.74
2026-04-30 11:00:00,M5R,10.5,47.0,99.75
2026-04-30 12:00:00,M5R,10.2,45.0,99.76
2026-04-30 13:00:00,M5R,10.7,49.0,99.76
2026-04-30 14:00:00,M5R,11.5,41.0,99.77
2026-04-30 15:00:00,M5R,11.5,41.0,99.75
2026-04-30 16:00:00,M5R,11.9,36.0,99.74
2026-04-30 17:00:00,M5R,11.5,37.0,99.78
2026-04-30 18:00:00,M5R,10.3,36.0,99.83
2026-04-30 19:00:00,M5R,9.0,39.0,99.86
2026-04-30 20:00:00,M5R,8.6,43.0,99.92
2026-04-30 21:00:00,M5R,8.1,43.0,99.98
2026-04-30 22:00:00,M5R,7.6,43.0,100.02
2026-04-30 23:00:00,M5R,7.5,43.0,99.99
2026-05-01 00:00:00,M5R,7.1,45.0,99.97
2026-05-01 01:00:00,M5R,6.4,50.0,99.97
2026-05-01 02:00:00,M5R,5.9,52.0,99.94
2026-05-01 03:00:00,M5R,5.0,59.0,99.94
2026-05-01 04:00:00,M5R,4.4,63.0,99.95
2026-05-01 05:00:00,M5R,4.6,63.0,99.94
2026-05-01 06:00:00,M5R,5.0,63.0,99.97
2026-05-01 07:00:00,M5R,5.6,61.0,99.95
2026-05-01 08:00:00,M5R,6.7,52.0,99.96
2026-05-01 09:00:00,M5R,7.6,50.0,99.93
2026-05-01 10:00:00,M5R,9.3,47.0,99.91
2026-05-01 11:00:00,M5R,9.0,44.0,99.89
2026-05-01 12:00:00,M5R,10.1,45.0,99.86
2026-05-01 13:00:00,M5R,9.7,46.0,99.83
2026-05-01 14:00:00,M5R,10.7,45.0,99.77
2026-05-01 15:00:00,M5R,9.2,48.0,99.77
2026-05-01 16:00:00,M5R,8.7,57.0,99.79
2026-05-01 17:00:00,M5R,8.3,57.0,99.84
2026-05-01 18:00:00,M5R,8.8,54.0,99.82
2026-05-01 19:00:00,M5R,8.1,56.0,99.87
2026-05-01 20:00:00,M5R,8.3,55.0,99.91
2026-05-01 21:00:00,M5R,6.8,60.0,100.01
2026-05-01 22:00:00,M5R,5.3,58.0,100.04
2026-05-01 23:00:00,M5R,4.1,71.0,100.05
2026-05-02 00:00:00,M5R,3.7,71.0,100.06
2026-05-02 01:00:00,M5R,3.3,75.0,100.08
2026-05-02 02:00:00,M5R,2.8,73.0,100.06
2026-05-02 03:00:00,M5R,2.6,72.0,100.04
2026-05-02 04:00:00,M5R,2.3,70.0,100.06
2026-05-02 05:00:00,M5R,1.9,72.0,100.11
2026-05-02 06:00:00,M5R,2.2,71.0,100.12
2026-05-02 07:00:00,M5R,3.7,66.0,100.15
2026-05-02 08:00:00,M5R,4.4,69.0,100.17
2026-05-02 09:00:00,M5R,4.8,70.0,100.16
2026-05-02 10:00:00,M5R,5.7,66.0,100.15
2026-05-02 11:00:00,M5R,6.6,54.0,100.14
2026-05-02 12:00:00,M5R,8.4,45.0,100.1
2026-05-02 13:00:00,M5R,8.2,43.0,100.1
2026-05-02 14:00:00,M5R,8.5,36.0,100.11
2026-05-02 15:00:00,M5R,7.1,56.0,100.09
2026-05-02 16:00:00,M5R,7.6,52.0,100.06
2026-05-02 17:00:00,M5R,7.6,45.0,100.07
2026-05-02 18:00:00,M5R,7.5,42.0,100.08
2026-05-02 19:00:00,M5R,7.3,41.0,100.08
2026-05-02 20:00:00,M5R,6.7,42.0,100.1
2026-05-02 21:00:00,M5R,6.1,46.0,100.11
2026-05-02 22:00:00,M5R,5.1,49.0,100.09
2026-05-02 23:00:00,M5R,4.9,48.0,100.09
2026-05-03 00:00:00,M5R,4.3,45.0,100.07
2026-05-03 01:00:00,M5R,3.8,46.0,100.05
2026-05-03 02:00:00,M5R,2.6,53.0,100.02
2026-05-03 03:00:00,M5R,2.3,54.0,100.01
2026-05-03 04:00:00,M5R,3.1,55.0,99.98
2026-05-03 05:00:00,M5R,3.0,55.0,99.95
2026-05-03 06:00:00,M5R,3.4,55.0,99.94
2026-05-03 07:00:00,M5R,5.2,61.0,99.95
2026-05-03 08:00:00,M5R,6.8,55.0,99.94
2026-05-03 09:00:00,M5R,7.9,53.0,99.92
2026-05-03 10:00:00,M5R,7.7,55.0,99.9
2026-05-03 11:00:00,M5R,9.7,47.0,99.84
2026-05-03 12:00:00,M5R,12.0,34.0,99.76
2026-05-03 13:00:00,M5R,12.3,34.0,99.65
2026-05-03 14:00:00,M5R,12.7,43.0,99.53
2026-05-03 15:00:00,M5R,12.1,50.0,99.45
2026-05-03 16:00:00,M5R,13.1,55.0,99.47
2026-05-03 17:00:00,M5R,11.6,67.0,99.52
2026-05-03 18:00:00,M5R,11.5,65.0,99.46
2026-05-03 19:00:00,M5R,11.7,64.0,99.41
2026-05-03 20:00:00,M5R,10.9,71.0,99.38
2026-05-03 21:00:00,M5R,11.3,64.0,99.39
2026-05-03 22:00:00,M5R,11.3,57.0,99.36
2026-05-03 23:00:00,M5R,11.1,55.0,99.3
2026-05-04 00:00:00,M5R,12.8,50.0,99.32
2026-05-04 01:00:00,M5R,12.8,51.0,99.24
2026-05-04 02:00:00,M5R,12.8,50.0,99.23
2026-05-04 03:00:00,M5R,12.1,55.0,99.21
2026-05-04 04:00:00,M5R,10.9,60.0,99.18
2026-05-04 05:00:00,M5R,10.7,61.0,99.17
2026-05-04 06:00:00,M5R,10.3,63.0,99.18
2026-05-04 07:00:00,M5R,11.0,61.0,99.16
2026-05-04 08:00:00,M5R,12.7,56.0,99.15
2026-05-04 09:00:00,M5R,13.9,54.0,99.11
2026-05-04 10:00:00,M5R,16.5,49.0,99.09
2026-05-04 11:00:00,M5R,17.2,48.0,99.07
2026-05-04 12:00:00,M5R,17.6,46.0,99.03
2026-05-04 13:00:00,M5R,20.0,46.0,98.93
2026-05-04 14:00:00,M5R,19.0,46.0,98.85
2026-05-04 15:00:00,M5R,20.2,42.0,98.78
2026-05-04 16:00:00,M5R,19.0,41.0,98.74
2026-05-04 17:00:00,M5R,19.3,38.0,98.77
2026-05-04 18:00:00,M5R,19.3,35.0,98.76
2026-05-04 19:00:00,M5R,18.8,33.0,98.74
2026-05-04 20:00:00,M5R,17.9,35.0,98.7
2026-05-04 21:00:00,M5R,17.2,44.0,98.73
2026-05-04 22:00:00,M5R,15.2,58.0,98.7
2026-05-04 23:00:00,M5R,15.5,67.0,98.64
2026-05-05 00:00:00,M5R,14.1,71.0,98.65
2026-05-05 01:00:00,M5R,13.5,71.0,98.63
2026-05-05 02:00:00,M5R,14.3,71.0,98.56
2026-05-05 03:00:00,M5R,15.1,71.0,98.57
2026-05-05 04:00:00,M5R,13.2,75.0,98.54
2026-05-05 05:00:00,M5R,13.6,77.0,98.56
2026-05-05 06:00:00,M5R,13.9,76.0,98.64
2026-05-05 07:00:00,M5R,14.1,74.0,98.69
2026-05-05 08:00:00,M5R,15.0,69.0,98.74
2026-05-05 09:00:00,M5R,17.5,65.0,98.81
2026-05-05 10:00:00,M5R,16.0,61.0,98.9
2026-05-05 11:00:00,M5R,16.0,61.0,99.03
2026-05-05 12:00:00,M5R,17.0,53.0,99.02
2026-05-05 13:00:00,M5R,16.5,44.0,99.12
2026-05-05 14:00:00,M5R,15.7,42.0,99.21
2026-05-05 15:00:00,M5R,13.0,63.0,99.32
2026-05-05 16:00:00,M5R,11.2,73.0,99.36
2026-05-05 17:00:00,M5R,11.5,66.0,99.4
2026-05-05 18:00:00,M5R,11.6,59.0,99.38
2026-05-05 19:00:00,M5R,11.3,60.0,99.41
2026-05-05 20:00:00,M5R,11.2,59.0,99.47
2026-05-05 21:00:00,M5R,10.4,69.0,99.56
2026-05-05 22:00:00,M5R,9.2,80.0,99.51
2026-05-05 23:00:00,M5R,9.1,89.0,99.52
2026-05-06 00:00:00,M5R,9.2,89.0,99.58
2026-05-06 01:00:00,M5R,8.8,92.0,99.52
2026-05-06 02:00:00,M5R,7.6,93.0,99.47
2026-05-06 03:00:00,M5R,7.2,94.0,99.49
2026-05-06 04:00:00,M5R,6.7,95.0,99.5
2026-05-06 05:00:00,M5R,6.4,96.0,99.46
2026-05-06 06:00:00,M5R,6.4,95.0,99.49
2026-05-06 07:00:00,M5R,6.3,94.0,99.54
2026-05-06 08:00:00,M5R,6.5,93.0,99.57
2026-05-06 09:00:00,M5R,6.8,93.0,99.58
2026-05-06 10:00:00,M5R,6.7,90.0,99.59
2026-05-06 11:00:00,M5R,6.6,89.0,99.65
2026-05-06 12:00:00,M5R,7.1,89.0,99.65
2026-05-06 13:00:00,M5R,6.6,88.0,99.68
2026-05-06 14:00:00,M5R,6.2,77.0,99.71
2026-05-06 15:00:00,M5R,7.0,65.0,99.73
2026-05-06 16:00:00,M5R,8.2,59.0,99.68
2026-05-06 17:00:00,M5R,9.2,49.0,99.73
2026-05-06 18:00:00,M5R,9.8,50.0,99.79
2026-05-06 19:00:00,M5R,7.8,62.0,99.85
2026-05-06 20:00:00,M5R,6.6,71.0,99.89
2026-05-06 21:00:00,M5R,6.4,58.0,99.93
2026-05-06 22:00:00,M5R,6.5,52.0,99.93
2026-05-06 23:00:00,M5R,6.1,53.0,99.93
2026-05-07 00:00:00,M5R,5.8,51.0,99.93
2026-05-07 01:00:00,M5R,5.8,50.0,99.89
2026-05-07 02:00:00,M5R,6.0,51.0,99.87
2026-05-07 03:00:00,M5R,5.6,53.0,99.87
2026-05-07 04:00:00,M5R,5.1,72.0,99.87
2026-05-07 05:00:00,M5R,5.5,70.0,99.84
2026-05-07 06:00:00,M5R,5.2,73.0,99.89
2026-05-07 07:00:00,M5R,5.9,70.0,99.89
2026-05-07 08:00:00,M5R,7.7,64.0,99.91
2026-05-07 09:00:00,M5R,8.9,53.0,99.87
2026-05-07 10:00:00,M5R,9.8,60.0,99.85
2026-05-07 11:00:00,M5R,9.5,57.0,99.83
2026-05-07 12:00:00,M5R,8.6,58.0,99.78
2026-05-07 13:00:00,M5R,9.8,54.0,99.73
2026-05-07 14:00:00,M5R,10.4,51.0,99.72
2026-05-07 15:00:00,M5R,9.6,59.0,99.66
2026-05-07 16:00:00,M5R,9.6,60.0,99.62
2026-05-07 17:00:00,M5R,8.9,59.0,99.65
2026-05-07 18:00:00,M5R,8.7,60.0,99.68
2026-05-07 19:00:00,M5R,8.3,66.0,99.72
2026-05-07 20:00:00,M5R,8.0,66.0,99.73
2026-05-07 21:00:00,M5R,7.8,66.0,99.76
2026-05-07 22:00:00,M5R,8.2,62.0,99.8
2026-05-07 23:00:00,M5R,7.5,49.0,99.8
2026-05-08 00:00:00,M5R,7.0,46.0,99.81
2026-05-08 01:00:00,M5R,6.9,47.0,99.77
2026-05-08 02:00:00,M5R,6.5,50.0,99.76
2026-05-08 03:00:00,M5R,5.3,65.0,99.74
2026-05-08 04:00:00,M5R,6.1,56.0,99.73
2026-05-08 05:00:00,M5R,6.4,52.0,99.74
2026-05-08 06:00:00,M5R,5.8,68.0,99.81
2026-05-08 07:00:00,M5R,5.7,73.0,99.83
2026-05-08 08:00:00,M5R,6.3,71.0,99.85
2026-05-08 09:00:00,M5R,8.5,66.0,99.83
2026-05-08 10:00:00,M5R,9.2,60.0,99.86
2026-05-08 11:00:00,M5R,8.7,57.0,99.85
2026-05-08 12:00:00,M5R,9.9,55.0,99.8
2026-05-08 13:00:00,M5R,10.5,50.0,99.73
2026-05-08 14:00:00,M5R,12.4,42.0,99.67
2026-05-08 15:00:00,M5R,11.9,47.0,99.62
2026-05-08 16:00:00,M5R,11.9,51.0,99.58
2026-05-08 17:00:00,M5R,11.8,50.0,99.56
2026-05-08 18:00:00,M5R,11.7,48.0,99.54
2026-05-08 19:00:00,M5R,11.8,44.0,99.55
2026-05-08 20:00:00,M5R,11.3,41.0,99.58
2026-05-08 21:00:00,M5R,10.8,44.0,99.59
2026-05-08 22:00:00,M5R,10.1,49.0,99.58
2026-05-08 23:00:00,M5R,9.2,56.0,99.55
2026-05-09 00:00:00,M5R,8.6,60.0,99.54
2026-05-09 01:00:00,M5R,8.0,62.0,99.48
2026-05-09 02:00:00,M5R,8.7,56.0,99.39
2026-05-09 03:00:00,M5R,7.3,71.0,99.36
2026-05-09 04:00:00,M5R,7.4,69.0,99.36
2026-05-09 05:00:00,M5R,7.7,63.0,99.34
2026-05-09 06:00:00,M5R,7.8,64.0,99.32
2026-05-09 07:00:00,M5R,8.6,64.0,99.3
2026-05-09 08:00:00,M5R,10.2,66.0,99.31
2026-05-09 09:00:00,M5R,11.4,74.0,99.27
2026-05-09 10:00:00,M5R,12.0,76.0,99.22
2026-05-09 11:00:00,M5R,14.4,72.0,99.18
2026-05-09 12:00:00,M5R,16.0,66.0,99.14
2026-05-09 13:00:00,M5R,14.6,69.0,99.04
2026-05-09 14:00:00,M5R,13.6,66.0,98.99
2026-05-09 15:00:00,M5R,15.1,64.0,98.93
2026-05-09 16:00:00,M5R,15.2,68.0,98.87
2026-05-09 17:00:00,M5R,12.3,85.0,98.99
2026-05-09 18:00:00,M5R,11.4,77.0,98.9
2026-05-09 19:00:00,M5R,11.0,83.0,99.0
2026-05-09 20:00:00,M5R,11.0,93.0,99.04
2026-05-09 21:00:00,M5R,11.9,87.0,99.18
2026-05-09 22:00:00,M5R,11.8,82.0,99.26
2026-05-09 23:00:00,M5R,11.6,57.0,99.34
2026-05-10 00:00:00,M5R,11.0,56.0,99.43
2026-05-10 01:00:00,M5R,10.5,50.0,99.48
2026-05-10 02:00:00,M5R,9.7,50.0,99.54
2026-05-10 03:00:00,M5R,7.6,56.0,99.59
2026-05-10 04:00:00,M5R,6.7,58.0,99.64
2026-05-10 05:00:00,M5R,6.2,60.0,99.73
2026-05-10 06:00:00,M5R,6.2,60.0,99.87
2026-05-10 07:00:00,M5R,7.7,54.0,99.95
2026-05-10 08:00:00,M5R,8.9,47.0,100.04
2026-05-10 09:00:00,M5R,9.9,36.0,100.11
2026-05-10 10:00:00,M5R,11.2,40.0,100.16
2026-05-10 11:00:00,M5R,12.8,35.0,100.21
2026-05-10 12:00:00,M5R,12.0,33.0,100.22
2026-05-10 13:00:00,M5R,12.8,33.0,100.25
2026-05-10 14:00:00,M5R,13.2,31.0,100.27
2026-05-10 15:00:00,M5R,13.7,28.0,100.3
2026-05-10 16:00:00,M5R,13.0,27.0,100.34
2026-05-10 17:00:00,M5R,13.3,26.0,100.41
2026-05-10 18:00:00,M5R,12.6,26.0,100.45
2026-05-10 19:00:00,M5R,11.9,28.0,100.51
2026-05-10 20:00:00,M5R,10.4,36.0,100.56
2026-05-10 21:00:00,M5R,10.1,35.0,100.58
2026-05-10 22:00:00,M5R,10.7,36.0,100.62
2026-05-10 23:00:00,M5R,9.8,39.0,100.64
2026-05-11 00:00:00,M5R,9.3,43.0,100.69
2026-05-11 01:00:00,M5R,9.0,44.0,100.72
2026-05-11 02:00:00,M5R,8.6,48.0,100.72
2026-05-11 03:00:00,M5R,8.3,49.0,100.72
2026-05-11 04:00:00,M5R,7.8,49.0,100.69
2026-05-11 05:00:00,M5R,7.6,44.0,100.72
2026-05-11 06:00:00,M5R,7.2,46.0,100.75
2026-05-11 07:00:00,M5R,8.0,47.0,100.81
2026-05-11 08:00:00,M5R,8.4,43.0,100.87
2026-05-11 09:00:00,M5R,8.6,42.0,100.87
2026-05-11 10:00:00,M5R,10.1,44.0,100.88
2026-05-11 11:00:00,M5R,9.7,41.0,100.87
2026-05-11 12:00:00,M5R,9.7,42.0,100.85
2026-05-11 13:00:00,M5R,11.4,40.0,100.82
2026-05-11 14:00:00,M5R,12.2,33.0,100.79
2026-05-11 15:00:00,M5R,12.8,30.0,100.75
2026-05-11 16:00:00,M5R,12.9,31.0,100.76
2026-05-11 17:00:00,M5R,12.5,30.0,100.78
2026-05-11 18:00:00,M5R,12.2,30.0,100.79
2026-05-11 19:00:00,M5R,11.2,33.0,100.83
2026-05-11 20:00:00,M5R,10.0,32.0,100.87
2026-05-11 21:00:00,M5R,9.0,37.0,100.94
2026-05-11 22:00:00,M5R,7.7,44.0,100.96
2026-05-11 23:00:00,M5R,6.8,47.0,100.98
2026-05-12 00:00:00,M5R,6.4,49.0,101.01
2026-05-12 01:00:00,M5R,5.9,53.0,100.99
2026-05-12 02:00:00,M5R,5.5,56.0,100.97
2026-05-12 03:00:00,M5R,5.1,59.0,100.98
2026-05-12 04:00:00,M5R,5.2,61.0,100.97
2026-05-12 05:00:00,M5R,5.1,66.0,100.98
2026-05-12 06:00:00,M5R,5.0,68.0,101.01
2026-05-12 07:00:00,M5R,7.1,58.0,101.02
2026-05-12 08:00:00,M5R,9.3,43.0,101.02
2026-05-12 09:00:00,M5R,9.1,43.0,101.04
2026-05-12 10:00:00,M5R,9.5,44.0,101.05
2026-05-12 11:00:00,M5R,9.7,45.0,100.92
2026-05-12 12:00:00,M5R,10.6,50.0,100.84
2026-05-12 13:00:00,M5R,12.2,39.0,100.78
2026-05-12 14:00:00,M5R,13.1,34.0,100.66
2026-05-12 15:00:00,M5R,11.0,42.0,100.57
2026-05-12 16:00:00,M5R,9.1,47.0,100.48
2026-05-12 17:00:00,M5R,8.6,47.0,100.44
2026-05-12 18:00:00,M5R,8.1,47.0,100.39
2026-05-12 19:00:00,M5R,6.9,68.0,100.27
2026-05-12 20:00:00,M5R,7.5,72.0,100.27
2026-05-12 21:00:00,M5R,7.2,76.0,100.16
2026-05-12 22:00:00,M5R,7.7,69.0,100.1
2026-05-12 23:00:00,M5R,7.1,76.0,100.03
2026-05-13 00:00:00,M5R,6.5,86.0,99.92
2026-05-13 01:00:00,M5R,7.1,83.0,99.77
2026-05-13 02:00:00,M5R,6.2,90.0,99.62
2026-05-13 03:00:00,M5R,6.7,96.0,99.43
2026-05-13 04:00:00,M5R,7.5,97.0,99.33
2026-05-13 05:00:00,M5R,8.1,97.0,99.19
2026-05-13 06:00:00,M5R,9.6,97.0,99.15
2026-05-13 07:00:00,M5R,11.1,94.0,99.12
2026-05-13 08:00:00,M5R,11.5,92.0,99.08
2026-05-13 09:00:00,M5R,12.8,88.0,99.0
2026-05-13 10:00:00,M5R,14.1,81.0,98.97
2026-05-13 11:00:00,M5R,14.4,74.0,99.01
2026-05-13 12:00:00,M5R,15.2,61.0,99.01
2026-05-13 13:00:00,M5R,13.9,62.0,99.06
2026-05-13 14:00:00,M5R,13.1,62.0,99.14
2026-05-13 15:00:00,M5R,11.4,64.0,99.21
2026-05-13 16:00:00,M5R,10.8,65.0,99.27
2026-05-13 17:00:00,M5R,10.1,67.0,99.33
2026-05-13 18:00:00,M5R,9.7,67.0,99.35
2026-05-13 19:00:00,M5R,9.1,68.0,99.42
2026-05-13 20:00:00,M5R,8.7,70.0,99.48
2026-05-13 21:00:00,M5R,8.4,71.0,99.47
2026-05-13 22:00:00,M5R,8.1,73.0,99.48
2026-05-13 23:00:00,M5R,8.0,75.0,99.45
2026-05-14 00:00:00,M5R,8.1,75.0,99.4
2026-05-14 01:00:00,M5R,8.2,73.0,99.37
2026-05-14 02:00:00,M5R,7.9,72.0,99.37
2026-05-14 03:00:00,M5R,7.6,75.0,99.39
2026-05-14 04:00:00,M5R,7.2,81.0,99.4
2026-05-14 05:00:00,M5R,7.1,85.0,99.43
2026-05-14 06:00:00,M5R,7.4,83.0,99.5
2026-05-14 07:00:00,M5R,7.6,81.0,99.56
2026-05-14 08:00:00,M5R,8.0,81.0,99.61
2026-05-14 09:00:00,M5R,8.5,75.0,99.67
2026-05-14 10:00:00,M5R,8.5,77.0,99.71
2026-05-14 11:00:00,M5R,8.9,77.0,99.73
2026-05-14 12:00:00,M5R,9.5,74.0,99.76
2026-05-14 13:00:00,M5R,9.3,75.0,99.79
2026-05-14 14:00:00,M5R,9.8,73.0,99.81
2026-05-14 15:00:00,M5R,9.9,72.0,99.84
2026-05-14 16:00:00,M5R,10.2,72.0,99.87
2026-05-14 17:00:00,M5R,10.7,69.0,99.89
2026-05-14 18:00:00,M5R,11.3,67.0,99.9
2026-05-14 19:00:00,M5R,11.1,69.0,99.96
2026-05-14 20:00:00,M5R,10.8,71.0,99.97
2026-05-14 21:00:00,M5R,10.7,72.0,100.04
2026-05-14 22:00:00,M5R,11.0,69.0,100.06
2026-05-14 23:00:00,M5R,11.0,71.0,100.09
2026-05-15 00:00:00,M5R,10.3,72.0,100.09
2026-05-15 01:00:00,M5R,9.1,76.0,100.07
2026-05-15 02:00:00,M5R,9.1,74.0,100.03
2026-05-15 03:00:00,M5R,9.1,66.0,100.04
2026-05-15 04:00:00,M5R,8.8,65.0,100.06
2026-05-15 05:00:00,M5R,8.8,62.0,100.13
2026-05-15 06:00:00,M5R,8.7,63.0,100.17
2026-05-15 07:00:00,M5R,12.6,47.0,100.21
2026-05-15 08:00:00,M5R,14.8,42.0,100.17
2026-05-15 09:00:00,M5R,17.7,37.0,100.17
2026-05-15 10:00:00,M5R,18.8,35.0,100.17
2026-05-15 11:00:00,M5R,17.6,38.0,100.2
2026-05-15 12:00:00,M5R,18.0,35.0,100.21
2026-05-15 13:00:00,M5R,19.2,31.0,100.19
2026-05-15 14:00:00,M5R,19.2,32.0,100.16
2026-05-15 15:00:00,M5R,17.4,40.0,100.1
2026-05-15 16:00:00,M5R,19.5,32.0,100.1
2026-05-15 17:00:00,M5R,19.3,33.0,100.08
2026-05-15 18:00:00,M5R,18.5,33.0,100.07
2026-05-15 19:00:00,M5R,16.0,46.0,100.08
2026-05-15 20:00:00,M5R,14.7,51.0,100.11
2026-05-15 21:00:00,M5R,13.2,52.0,100.13
2026-05-15 22:00:00,M5R,12.2,58.0,100.15
2026-05-15 23:00:00,M5R,11.2,61.0,100.13
2026-05-16 00:00:00,M5R,10.5,62.0,100.12
2026-05-16 01:00:00,M5R,10.1,63.0,100.06
2026-05-16 02:00:00,M5R,10.2,61.0,100.05
2026-05-16 03:00:00,M5R,10.3,62.0,100.03
2026-05-16 04:00:00,M5R,10.3,66.0,100.09
2026-05-16 05:00:00,M5R,10.1,66.0,100.05
2026-05-16 06:00:00,M5R,11.3,68.0,100.08
2026-05-16 07:00:00,M5R,12.6,65.0,100.1
2026-05-16 08:00:00,M5R,14.7,59.0,100.04
2026-05-16 09:00:00,M5R,15.3,57.0,99.95
2026-05-16 10:00:00,M5R,16.4,54.0,99.77
2026-05-16 11:00:00,M5R,16.5,52.0,99.56
2026-05-16 12:00:00,M5R,17.2,55.0,99.67
2026-05-16 13:00:00,M5R,14.8,84.0,99.68
2026-05-16 14:00:00,M5R,16.6,75.0,99.68
2026-05-16 15:00:00,M5R,16.7,74.0,99.57
2026-05-16 16:00:00,M5R,16.6,79.0,99.59
2026-05-16 17:00:00,M5R,17.1,74.0,99.56
2026-05-16 18:00:00,M5R,16.5,78.0,99.61
2026-05-16 19:00:00,M5R,16.4,80.0,99.6
2026-05-16 20:00:00,M5R,15.4,86.0,99.65
2026-05-16 21:00:00,M5R,14.3,90.0,99.75
2026-05-16 22:00:00,M5R,14.0,94.0,99.79
2026-05-16 23:00:00,M5R,14.2,95.0,99.82
2026-05-17 00:00:00,M5R,14.4,94.0,99.84
2026-05-17 01:00:00,M5R,14.0,94.0,99.85
2026-05-17 02:00:00,M5R,13.7,96.0,99.86
2026-05-17 03:00:00,M5R,13.6,97.0,99.86
2026-05-17 04:00:00,M5R,13.0,97.0,99.91
2026-05-17 05:00:00,M5R,13.2,98.0,99.98
2026-05-17 06:00:00,M5R,12.8,98.0,100.04
2026-05-17 07:00:00,M5R,15.4,95.0,100.12
2026-05-17 08:00:00,M5R,19.4,74.0,100.18
2026-05-17 09:00:00,M5R,21.5,63.0,100.23
2026-05-17 10:00:00,M5R,23.0,62.0,100.25
2026-05-17 11:00:00,M5R,23.7,61.0,100.3
2026-05-17 12:00:00,M5R,24.9,52.0,100.31
2026-05-17 13:00:00,M5R,25.6,60.0,100.3
2026-05-17 14:00:00,M5R,25.7,65.0,100.27
2026-05-17 15:00:00,M5R,24.6,63.0,100.22
2026-05-17 16:00:00,M5R,25.6,61.0,100.2
2026-05-17 17:00:00,M5R,24.0,60.0,100.21
2026-05-17 18:00:00,M5R,23.0,63.0,100.21
2026-05-17 19:00:00,M5R,21.4,69.0,100.23
2026-05-17 20:00:00,M5R,19.8,75.0,100.25
2026-05-17 21:00:00,M5R,19.2,77.0,100.27
2026-05-17 22:00:00,M5R,19.2,79.0,100.24
2026-05-17 23:00:00,M5R,18.9,79.0,100.22
2026-05-18 00:00:00,M5R,18.6,80.0,100.25
2026-05-18 01:00:00,M5R,18.3,79.0,100.27
2026-05-18 02:00:00,M5R,17.3,80.0,100.22
2026-05-18 03:00:00,M5R,16.9,81.0,100.23
2026-05-18 04:00:00,M5R,16.0,84.0,100.22
2026-05-18 05:00:00,M5R,15.0,87.0,100.25
2026-05-18 06:00:00,M5R,15.8,87.0,100.3
2026-05-18 07:00:00,M5R,18.0,78.0,100.34
2026-05-18 08:00:00,M5R,19.9,69.0,100.3
2026-05-18 09:00:00,M5R,21.7,67.0,100.31
2026-05-18 10:00:00,M5R,23.8,63.0,100.33
2026-05-18 11:00:00,M5R,25.4,57.0,100.28
2026-05-18 12:00:00,M5R,26.7,52.0,100.22
2026-05-18 13:00:00,M5R,27.5,49.0,100.17
2026-05-18 14:00:00,M5R,27.5,47.0,100.11
2026-05-18 15:00:00,M5R,27.1,49.0,100.04
2026-05-18 16:00:00,M5R,27.6,46.0,99.94
2026-05-18 17:00:00,M5R,27.6,42.0,99.97
2026-05-18 18:00:00,M5R,26.5,43.0,99.94
2026-05-18 19:00:00,M5R,25.5,47.0,99.98
2026-05-18 20:00:00,M5R,24.5,55.0,100.0
2026-05-18 21:00:00,M5R,26.2,56.0,100.14
2026-05-18 22:00:00,M5R,25.0,60.0,100.16
2026-05-18 23:00:00,M5R,24.2,61.0,100.17
2026-05-19 00:00:00,M5R,23.1,63.0,100.13
2026-05-19 01:00:00,M5R,20.3,70.0,100.1
2026-05-19 02:00:00,M5R,18.1,79.0,100.1
2026-05-19 03:00:00,M5R,17.5,82.0,100.14
2026-05-19 04:00:00,M5R,17.1,86.0,100.12
2026-05-19 05:00:00,M5R,17.8,83.0,100.12
2026-05-19 06:00:00,M5R,18.3,86.0,100.11
2026-05-19 07:00:00,M5R,19.4,84.0,100.11
2026-05-19 08:00:00,M5R,21.1,77.0,100.11
2026-05-19 09:00:00,M5R,22.5,71.0,100.11
2026-05-19 10:00:00,M5R,24.9,63.0,100.13
2026-05-19 11:00:00,M5R,25.3,60.0,100.11
2026-05-19 12:00:00,M5R,26.4,57.0,100.07
2026-05-19 13:00:00,M5R,27.0,57.0,99.96
2026-05-19 14:00:00,M5R,25.5,57.0,99.89
2026-05-19 15:00:00,M5R,26.4,56.0,99.82
2026-05-19 16:00:00,M5R,26.3,58.0,99.77
2026-05-19 17:00:00,M5R,24.2,65.0,99.78
2026-05-19 18:00:00,M5R,26.5,59.0,99.68
2026-05-19 19:00:00,M5R,23.2,65.0,99.71
2026-05-19 20:00:00,M5R,20.7,85.0,99.81
2026-05-19 21:00:00,M5R,21.8,79.0,99.82
2026-05-19 22:00:00,M5R,21.1,79.0,99.84
2026-05-19 23:00:00,M5R,18.8,84.0,99.88
2026-05-20 00:00:00,M5R,19.0,89.0,99.95
2026-05-20 01:00:00,M5R,17.5,89.0,99.97
2026-05-20 02:00:00,M5R,20.5,83.0,99.95
2026-05-20 03:00:00,M5R,16.8,67.0,100.09
2026-05-20 04:00:00,M5R,14.8,54.0,100.19
2026-05-20 05:00:00,M5R,13.9,57.0,100.24
2026-05-20 06:00:00,M5R,13.1,56.0,100.38
2026-05-20 07:00:00,M5R,13.1,50.0,100.46
2026-05-20 08:00:00,M5R,13.1,50.0,100.52
2026-05-20 09:00:00,M5R,14.4,47.0,100.57
2026-05-20 10:00:00,M5R,15.8,43.0,100.63
2026-05-20 11:00:00,M5R,16.6,38.0,100.64
2026-05-20 12:00:00,M5R,17.9,36.0,100.63
2026-05-20 13:00:00,M5R,18.5,34.0,100.6
2026-05-20 14:00:00,M5R,18.5,37.0,100.62
2026-05-20 15:00:00,M5R,18.6,35.0,100.61
2026-05-20 16:00:00,M5R,18.1,38.0,100.64
2026-05-20 17:00:00,M5R,15.7,45.0,100.71
2026-05-20 18:00:00,M5R,15.0,46.0,100.75
2026-05-20 19:00:00,M5R,13.8,51.0,100.8
2026-05-20 20:00:00,M5R,12.6,54.0,100.89
2026-05-20 21:00:00,M5R,11.2,55.0,100.93
2026-05-20 22:00:00,M5R,10.6,56.0,100.97
2026-05-20 23:00:00,M5R,10.3,57.0,100.99
2026-05-21 00:00:00,M5R,9.9,61.0,101.03
2026-05-21 01:00:00,M5R,9.5,60.0,101.0
2026-05-21 02:00:00,M5R,9.2,62.0,101.04
2026-05-21 03:00:00,M5R,9.2,61.0,101.11
2026-05-21 04:00:00,M5R,8.3,67.0,101.18
2026-05-21 05:00:00,M5R,8.0,70.0,101.27
2026-05-21 06:00:00,M5R,8.4,67.0,101.37
2026-05-21 07:00:00,M5R,9.5,61.0,101.43
2026-05-21 08:00:00,M5R,10.8,52.0,101.49
2026-05-21 09:00:00,M5R,10.6,51.0,101.5
2026-05-21 10:00:00,M5R,11.7,50.0,101.47
2026-05-21 11:00:00,M5R,11.5,47.0,101.5
2026-05-21 12:00:00,M5R,11.6,45.0,101.46
2026-05-21 13:00:00,M5R,12.3,44.0,101.43
2026-05-21 14:00:00,M5R,13.1,43.0,101.39
2026-05-21 15:00:00,M5R,14.1,46.0,101.35
2026-05-21 16:00:00,M5R,13.4,43.0,101.33
2026-05-21 17:00:00,M5R,13.5,44.0,101.33
2026-05-21 18:00:00,M5R,13.0,44.0,101.34
2026-05-21 19:00:00,M5R,12.3,43.0,101.31
2026-05-21 20:00:00,M5R,11.8,43.0,101.33
2026-05-21 21:00:00,M5R,11.1,48.0,101.38
2026-05-21 22:00:00,M5R,10.9,46.0,101.45
2026-05-21 23:00:00,M5R,10.3,50.0,101.45
2026-05-22 00:00:00,M5R,10.3,50.0,101.44
2026-05-22 01:00:00,M5R,10.1,52.0,101.41
2026-05-22 02:00:00,M5R,9.5,54.0,101.42
2026-05-22 03:00:00,M5R,8.8,58.0,101.44
2026-05-22 04:00:00,M5R,8.5,59.0,101.5
2026-05-22 05:00:00,M5R,8.9,56.0,101.49
2026-05-22 06:00:00,M5R,10.0,51.0,101.53
2026-05-22 07:00:00,M5R,11.6,40.0,101.58
2026-05-22 08:00:00,M5R,11.1,46.0,101.59
2026-05-22 09:00:00,M5R,11.4,51.0,101.61
2026-05-22 10:00:00,M5R,12.3,45.0,101.59
2026-05-22 11:00:00,M5R,13.3,36.0,101.56
2026-05-22 12:00:00,M5R,14.8,28.0,101.51
2026-05-22 13:00:00,M5R,14.3,28.0,101.44
2026-05-22 14:00:00,M5R,14.9,33.0,101.38
2026-05-22 15:00:00,M5R,15.8,27.0,101.31
2026-05-22 16:00:00,M5R,14.1,29.0,101.29
2026-05-22 17:00:00,M5R,14.4,26.0,101.25
2026-05-22 18:00:00,M5R,13.8,31.0,101.22
2026-05-22 19:00:00,M5R,13.9,34.0,101.23
2026-05-22 20:00:00,M5R,13.9,34.0,101.23
2026-05-22 21:00:00,M5R,13.7,37.0,101.23
2026-05-22 22:00:00,M5R,13.9,37.0,101.23
2026-05-22 23:00:00,M5R,13.5,38.0,101.21
2026-05-23 00:00:00,M5R,12.9,42.0,101.17
2026-05-23 01:00:00,M5R,12.9,41.0,101.1
2026-05-23 02:00:00,M5R,12.5,41.0,101.09
2026-05-23 03:00:00,M5R,12.9,44.0,101.09
2026-05-23 04:00:00,M5R,12.0,54.0,101.02
2026-05-23 05:00:00,M5R,11.9,58.0,101.07
2026-05-23 06:00:00,M5R,11.0,67.0,101.07
2026-05-23 07:00:00,M5R,11.3,69.0,101.09
2026-05-23 08:00:00,M5R,9.6,82.0,101.19
2026-05-23 09:00:00,M5R,10.5,86.0,101.15
2026-05-23 10:00:00,M5R,9.3,90.0,101.16
2026-05-23 11:00:00,M5R,8.8,93.0,101.12
2026-05-23 12:00:00,M5R,8.6,94.0,101.09
2026-05-23 13:00:00,M5R,7.6,95.0,101.04
2026-05-23 14:00:00,M5R,7.4,96.0,100.99
2026-05-23 15:00:00,M5R,7.3,95.0,100.95
2026-05-23 16:00:00,M5R,7.2,96.0,100.91
2026-05-23 17:00:00,M5R,7.0,96.0,100.85
2026-05-23 18:00:00,M5R,7.3,96.0,100.82
2026-05-23 19:00:00,M5R,7.2,97.0,100.81
2026-05-23 20:00:00,M5R,7.5,97.0,100.77
2026-05-23 21:00:00,M5R,7.6,96.0,100.79
2026-05-23 22:00:00,M5R,7.5,97.0,100.8
2026-05-23 23:00:00,M5R,7.3,97.0,100.76
2026-05-24 00:00:00,M5R,7.3,97.0,100.76
2026-05-24 01:00:00,M5R,7.2,98.0,100.65
2026-05-24 02:00:00,M5R,7.2,98.0,100.66
2026-05-24 03:00:00,M5R,7.4,98.0,100.61
2026-05-24 04:00:00,M5R,7.6,98.0,100.6
2026-05-24 05:00:00,M5R,7.6,98.0,100.63
2026-05-24 06:00:00,M5R,7.8,98.0,100.63
2026-05-24 07:00:00,M5R,8.3,98.0,100.64
2026-05-24 08:00:00,M5R,8.7,98.0,100.68
2026-05-24 09:00:00,M5R,9.0,97.0,100.67
2026-05-24 10:00:00,M5R,9.5,97.0,100.65
2026-05-24 11:00:00,M5R,10.0,97.0,100.64
2026-05-24 12:00:00,M5R,11.1,97.0,100.59
2026-05-24 13:00:00,M5R,11.6,97.0,100.55
2026-05-24 14:00:00,M5R,12.4,95.0,100.53
2026-05-24 15:00:00,M5R,12.4,94.0,100.51
2026-05-24 16:00:00,M5R,12.9,95.0,100.47
2026-05-24 17:00:00,M5R,12.8,95.0,100.41
2026-05-24 18:00:00,M5R,13.0,94.0,100.39
2026-05-24 19:00:00,M5R,12.9,95.0,100.43
2026-05-24 20:00:00,M5R,12.8,95.0,100.46
2026-05-24 21:00:00,M5R,12.8,93.0,100.44
2026-05-24 22:00:00,M5R,12.6,94.0,100.39
2026-05-24 23:00:00,M5R,12.8,95.0,100.36
2026-05-25 00:00:00,M5R,13.0,95.0,100.36
2026-05-25 01:00:00,M5R,13.3,96.0,100.34
2026-05-25 02:00:00,M5R,13.4,97.0,100.31
2026-05-25 03:00:00,M5R,13.4,97.0,100.32
2026-05-25 04:00:00,M5R,13.5,98.0,100.35
2026-05-25 05:00:00,M5R,12.7,98.0,100.41
2026-05-25 06:00:00,M5R,13.1,98.0,100.49
2026-05-25 07:00:00,M5R,14.1,91.0,100.57
2026-05-25 08:00:00,M5R,14.8,83.0,100.65
2026-05-25 09:00:00,M5R,16.6,73.0,100.68
2026-05-25 10:00:00,M5R,17.4,67.0,100.69
2026-05-25 11:00:00,M5R,18.7,64.0,100.73
2026-05-25 12:00:00,M5R,19.0,60.0,100.7
2026-05-25 13:00:00,M5R,18.3,65.0,100.72
2026-05-25 14:00:00,M5R,19.0,61.0,100.68
2026-05-25 15:00:00,M5R,21.2,59.0,100.63
2026-05-25 16:00:00,M5R,21.2,57.0,100.57
2026-05-25 17:00:00,M5R,20.4,68.0,100.52
2026-05-25 18:00:00,M5R,20.1,68.0,100.46
2026-05-25 19:00:00,M5R,19.0,70.0,100.47
2026-05-25 20:00:00,M5R,18.6,73.0,100.49
2026-05-25 21:00:00,M5R,18.5,69.0,100.53
2026-05-25 22:00:00,M5R,16.7,76.0,100.55
2026-05-25 23:00:00,M5R,15.5,82.0,100.52
2026-05-26 00:00:00,M5R,14.9,84.0,100.47
2026-05-26 01:00:00,M5R,14.6,88.0,100.47
2026-05-26 02:00:00,M5R,14.1,91.0,100.49
2026-05-26 03:00:00,M5R,14.0,91.0,100.46
2026-05-26 04:00:00,M5R,13.5,89.0,100.5
2026-05-26 05:00:00,M5R,13.6,83.0,100.49
2026-05-26 06:00:00,M5R,14.1,83.0,100.51
2026-05-26 07:00:00,M5R,16.9,67.0,100.52
2026-05-26 08:00:00,M5R,17.5,62.0,100.55
2026-05-26 09:00:00,M5R,19.6,51.0,100.51
2026-05-26 10:00:00,M5R,21.7,47.0,100.49
2026-05-26 11:00:00,M5R,22.9,42.0,100.44
2026-05-26 12:00:00,M5R,24.8,42.0,100.38
2026-05-26 13:00:00,M5R,25.9,36.0,100.28
2026-05-26 14:00:00,M5R,25.8,35.0,100.21
2026-05-26 15:00:00,M5R,25.9,36.0,100.12
2026-05-26 16:00:00,M5R,25.2,44.0,100.03
2026-05-26 17:00:00,M5R,24.6,41.0,100.0
2026-05-26 18:00:00,M5R,22.6,46.0,99.98
2026-05-26 19:00:00,M5R,22.1,49.0,99.95
2026-05-26 20:00:00,M5R,22.6,46.0,99.94
2026-05-26 21:00:00,M5R,21.7,48.0,99.98
2026-05-26 22:00:00,M5R,20.6,52.0,99.96
2026-05-26 23:00:00,M5R,19.6,59.0,99.93
2026-05-27 00:00:00,M5R,19.6,62.0,99.89
2026-05-27 01:00:00,M5R,20.3,62.0,99.9
2026-05-27 02:00:00,M5R,21.1,60.0,99.88
2026-05-27 03:00:00,M5R,19.4,64.0,99.86
2026-05-27 04:00:00,M5R,19.1,54.0,99.88
2026-05-27 05:00:00,M5R,18.2,47.0,99.9
2026-05-27 06:00:00,M5R,18.2,42.0,99.93
2026-05-27 07:00:00,M5R,17.9,48.0,99.97
2026-05-27 08:00:00,M5R,18.8,48.0,100.01
2026-05-27 09:00:00,M5R,20.5,50.0,100.04
2026-05-27 10:00:00,M5R,22.4,47.0,100.05
2026-05-27 11:00:00,M5R,21.7,45.0,100.05
2026-05-27 12:00:00,M5R,22.5,46.0,100.03
2026-05-27 13:00:00,M5R,21.8,47.0,100.0
2026-05-27 14:00:00,M5R,24.5,39.0,99.92
2026-05-27 15:00:00,M5R,26.1,30.0,99.88
2026-05-27 16:00:00,M5R,25.1,35.0,99.86
2026-05-27 17:00:00,M5R,22.9,34.0,99.9
2026-05-27 18:00:00,M5R,21.6,38.0,99.94
2026-05-27 19:00:00,M5R,20.2,44.0,99.99
2026-05-27 20:00:00,M5R,19.3,47.0,100.02
2026-05-27 21:00:00,M5R,18.7,45.0,100.11
2026-05-27 22:00:00,M5R,17.8,47.0,100.15
2026-05-27 23:00:00,M5R,17.3,52.0,100.16
2026-05-28 00:00:00,M5R,16.4,55.0,100.18
2026-05-28 01:00:00,M5R,15.7,59.0,100.18
2026-05-28 02:00:00,M5R,15.3,61.0,100.16
2026-05-28 03:00:00,M5R,15.6,60.0,100.2
2026-05-28 04:00:00,M5R,15.4,62.0,100.25
2026-05-28 05:00:00,M5R,15.0,61.0,100.33
2026-05-28 06:00:00,M5R,14.5,63.0,100.43
2026-05-28 07:00:00,M5R,15.2,61.0,100.48
2026-05-28 08:00:00,M5R,15.2,61.0,100.57
2026-05-28 09:00:00,M5R,16.4,55.0,100.59
2026-05-28 10:00:00,M5R,17.2,53.0,100.64
2026-05-28 11:00:00,M5R,18.3,46.0,100.65
2026-05-28 12:00:00,M5R,19.0,45.0,100.66
2026-05-28 13:00:00,M5R,20.3,47.0,100.64
2026-05-28 14:00:00,M5R,20.6,42.0,100.66
2026-05-28 15:00:00,M5R,20.4,41.0,100.62
2026-05-28 16:00:00,M5R,20.3,42.0,100.61
2026-05-28 17:00:00,M5R,20.1,45.0,100.6
2026-05-28 18:00:00,M5R,19.6,47.0,100.57
2026-05-28 19:00:00,M5R,18.7,48.0,100.58
2026-05-28 20:00:00,M5R,17.7,51.0,100.58
2026-05-28 21:00:00,M5R,16.6,53.0,100.59
2026-05-28 22:00:00,M5R,15.5,59.0,100.58
2026-05-28 23:00:00,M5R,15.0,58.0,100.56
2026-05-29 00:00:00,M5R,14.7,61.0,100.56
2026-05-29 01:00:00,M5R,14.0,63.0,100.58
2026-05-29 02:00:00,M5R,13.9,63.0,100.54
2026-05-29 03:00:00,M5R,13.6,64.0,100.51
2026-05-29 04:00:00,M5R,13.1,66.0,100.49
2026-05-29 05:00:00,M5R,12.5,69.0,100.46
2026-05-29 06:00:00,M5R,12.8,72.0,100.48
2026-05-29 07:00:00,M5R,15.0,59.0,100.4
2026-05-29 08:00:00,M5R,16.4,59.0,100.35
2026-05-29 09:00:00,M5R,17.9,55.0,100.28
2026-05-29 10:00:00,M5R,18.1,53.0,100.16
2026-05-29 11:00:00,M5R,20.1,49.0,100.07
2026-05-29 12:00:00,M5R,24.0,33.0,99.91
2026-05-29 13:00:00,M5R,24.4,30.0,99.79
2026-05-29 14:00:00,M5R,25.3,25.0,99.66
2026-05-29 15:00:00,M5R,25.6,26.0,99.56
2026-05-29 16:00:00,M5R,25.7,27.0,99.48
2026-05-29 17:00:00,M5R,25.1,31.0,99.48
2026-05-29 18:00:00,M5R,24.8,31.0,99.48
2026-05-29 19:00:00,M5R,23.8,33.0,99.51
2026-05-29 20:00:00,M5R,20.3,36.0,99.71
2026-05-29 21:00:00,M5R,17.8,26.0,99.94
2026-05-29 22:00:00,M5R,15.7,25.0,100.07
2026-05-29 23:00:00,M5R,14.5,30.0,100.16
2026-05-30 00:00:00,M5R,13.4,38.0,100.24
2026-05-30 01:00:00,M5R,12.4,44.0,100.34
2026-05-30 02:00:00,M5R,11.4,50.0,100.38
2026-05-30 03:00:00,M5R,10.9,56.0,100.41
2026-05-30 04:00:00,M5R,10.4,59.0,100.47
2026-05-30 05:00:00,M5R,10.3,62.0,100.54
2026-05-30 06:00:00,M5R,10.4,63.0,100.6
2026-05-30 07:00:00,M5R,11.4,61.0,100.69
2026-05-30 08:00:00,M5R,13.0,56.0,100.75
2026-05-30 09:00:00,M5R,14.5,52.0,100.82
2026-05-30 10:00:00,M5R,16.0,49.0,100.85
2026-05-30 11:00:00,M5R,16.9,51.0,100.88
2026-05-30 12:00:00,M5R,17.5,45.0,100.89
2026-05-30 13:00:00,M5R,16.9,49.0,100.89
2026-05-30 14:00:00,M5R,16.9,48.0,100.86
2026-05-30 15:00:00,M5R,17.4,46.0,100.83
2026-05-30 16:00:00,M5R,17.4,41.0,100.79
2026-05-30 17:00:00,M5R,17.1,41.0,100.78
2026-05-30 18:00:00,M5R,17.2,40.0,100.76
2026-05-30 19:00:00,M5R,16.4,42.0,100.75
2026-05-30 20:00:00,M5R,14.8,46.0,100.76
2026-05-30 21:00:00,M5R,15.6,50.0,100.77
2026-05-30 22:00:00,M5R,15.0,49.0,100.8
2026-05-30 23:00:00,M5R,13.9,55.0,100.79
2026-05-31 00:00:00,M5R,13.7,54.0,100.76
2026-05-31 01:00:00,M5R,13.1,54.0,100.73
2026-05-31 02:00:00,M5R,13.5,51.0,100.71
2026-05-31 03:00:00,M5R,12.8,54.0,100.7
2026-05-31 04:00:00,M5R,12.6,56.0,100.68
2026-05-31 05:00:00,M5R,12.3,58.0,100.68
2026-05-31 06:00:00,M5R,13.0,58.0,100.67
2026-05-31 07:00:00,M5R,15.3,50.0,100.66
2026-05-31 08:00:00,M5R,17.9,39.0,100.63
2026-05-31 09:00:00,M5R,19.5,33.0,100.59
2026-05-31 10:00:00,M5R,21.7,36.0,100.5
2026-05-31 11:00:00,M5R,20.3,37.0,100.44
2026-05-31 12:00:00,M5R,22.4,35.0,100.33
2026-05-31 13:00:00,M5R,23.8,27.0,100.24
2026-05-31 14:00:00,M5R,24.5,27.0,100.15
2026-05-31 15:00:00,M5R,24.7,28.0,100.03
2026-05-31 16:00:00,M5R,24.5,27.0,100.01
2026-05-31 17:00:00,M5R,23.9,26.0,99.97
2026-05-31 18:00:00,M5R,23.2,27.0,99.95
2026-05-31 19:00:00,M5R,22.3,28.0,99.95
2026-05-31 20:00:00,M5R,21.1,31.0,99.99
2026-05-31 21:00:00,M5R,19.7,35.0,100.08
2026-05-31 22:00:00,M5R,19.0,36.0,100.12
2026-05-31 23:00:00,M5R,17.5,40.0,100.12
2026-06-01 00:00:00,M5R,16.6,47.0,100.16
2026-06-01 01:00:00,M5R,15.5,50.0,100.19
2026-06-01 02:00:00,M5R,14.5,56.0,100.19
2026-06-01 03:00:00,M5R,14.7,52.0,100.21
2026-06-01 04:00:00,M5R,14.1,54.0,100.26
2026-06-01 05:00:00,M5R,13.8,53.0,100.32
2026-06-01 06:00:00,M5R,14.2,52.0,100.37
2026-06-01 07:00:00,M5R,15.5,51.0,100.43
2026-06-01 08:00:00,M5R,17.3,40.0,100.46
2026-06-01 09:00:00,M5R,17.7,40.0,100.55
2026-06-01 10:00:00,M5R,17.2,42.0,100.62
2026-06-01 11:00:00,M5R,16.9,42.0,100.63
2026-06-01 12:00:00,M5R,17.1,44.0,100.65
2026-06-01 13:00:00,M5R,17.7,44.0,100.65
2026-06-01 14:00:00,M5R,18.7,42.0,100.66
2026-06-01 15:00:00,M5R,18.8,43.0,100.69
2026-06-01 16:00:00,M5R,18.9,42.0,100.69
2026-06-01 17:00:00,M5R,18.2,44.0,100.71
2026-06-01 18:00:00,M5R,17.6,45.0,100.74
2026-06-01 19:00:00,M5R,17.4,48.0,100.78
2026-06-01 20:00:00,M5R,16.5,51.0,100.82
2026-06-01 21:00:00,M5R,15.7,53.0,100.88
2026-06-01 22:00:00,M5R,15.3,54.0,100.93
2026-06-01 23:00:00,M5R,14.7,62.0,100.96
2026-06-02 00:00:00,M5R,14.1,64.0,100.98
2026-06-02 01:00:00,M5R,13.6,67.0,100.97
2026-06-02 02:00:00,M5R,13.1,69.0,100.98
2026-06-02 03:00:00,M5R,14.3,54.0,100.98
2026-06-02 04:00:00,M5R,13.5,58.0,101.01
2026-06-02 05:00:00,M5R,13.9,53.0,101.05
2026-06-02 06:00:00,M5R,13.6,58.0,101.1
2026-06-02 07:00:00,M5R,16.1,51.0,101.14
2026-06-02 08:00:00,M5R,18.6,47.0,101.19
2026-06-02 09:00:00,M5R,20.6,41.0,101.21
2026-06-02 10:00:00,M5R,22.2,40.0,101.21
2026-06-02 11:00:00,M5R,20.8,43.0,101.21
2026-06-02 12:00:00,M5R,22.7,36.0,101.17
2026-06-02 13:00:00,M5R,23.8,32.0,101.11
2026-06-02 14:00:00,M5R,23.8,32.0,101.13
2026-06-02 15:00:00,M5R,23.6,28.0,101.07
2026-06-02 16:00:00,M5R,23.7,27.0,101.06
2026-06-02 17:00:00,M5R,23.4,25.0,101.06
2026-06-02 18:00:00,M5R,23.9,24.0,101.05
2026-06-02 19:00:00,M5R,23.1,25.0,101.07
2026-06-02 20:00:00,M5R,21.2,29.0,101.08
2026-06-02 21:00:00,M5R,20.1,31.0,101.11
2026-06-02 22:00:00,M5R,19.4,33.0,101.1
2026-06-02 23:00:00,M5R,18.9,35.0,101.09
2026-06-03 00:00:00,M5R,18.4,35.0,101.07
2026-06-03 01:00:00,M5R,16.6,43.0,101.05
2026-06-03 02:00:00,M5R,16.8,41.0,101.06
2026-06-03 03:00:00,M5R,16.2,42.0,101.07
2026-06-03 04:00:00,M5R,15.8,46.0,101.13
2026-06-03 05:00:00,M5R,15.9,46.0,101.19
2026-06-03 06:00:00,M5R,16.0,49.0,101.23
2026-06-03 07:00:00,M5R,18.9,44.0,101.26
2026-06-03 08:00:00,M5R,21.5,36.0,101.28
2026-06-03 09:00:00,M5R,23.1,34.0,101.24
2026-06-03 10:00:00,M5R,22.5,38.0,101.25
2026-06-03 11:00:00,M5R,22.8,38.0,101.24
2026-06-03 12:00:00,M5R,24.4,34.0,101.16
2026-06-03 13:00:00,M5R,25.5,29.0,101.1
2026-06-03 14:00:00,M5R,26.7,27.0,101.02
2026-06-03 15:00:00,M5R,26.7,24.0,100.95
2026-06-03 16:00:00,M5R,27.1,24.0,100.9
2026-06-03 17:00:00,M5R,26.0,29.0,100.87
2026-06-03 18:00:00,M5R,23.9,40.0,100.82
2026-06-03 19:00:00,M5R,23.0,42.0,100.82
2026-06-03 20:00:00,M5R,22.8,36.0,100.84
2026-06-03 21:00:00,M5R,21.1,38.0,100.85
2026-06-03 22:00:00,M5R,20.1,41.0,100.86
2026-06-03 23:00:00,M5R,19.0,44.0,100.86
2026-06-04 00:00:00,M5R,18.4,50.0,100.84
2026-06-04 01:00:00,M5R,16.7,57.0,100.81
2026-06-04 02:00:00,M5R,16.1,61.0,100.78
2026-06-04 03:00:00,M5R,15.7,64.0,100.8
2026-06-04 04:00:00,M5R,14.9,68.0,100.83
2026-06-04 05:00:00,M5R,15.2,60.0,100.83
2026-06-04 06:00:00,M5R,16.4,61.0,100.85
2026-06-04 07:00:00,M5R,19.2,48.0,100.88
2026-06-04 08:00:00,M5R,20.5,43.0,100.84
2026-06-04 09:00:00,M5R,20.6,42.0,100.81
2026-06-04 10:00:00,M5R,22.0,39.0,100.78
2026-06-04 11:00:00,M5R,23.1,37.0,100.74
2026-06-04 12:00:00,M5R,24.5,35.0,100.69
2026-06-04 13:00:00,M5R,25.9,34.0,100.61
2026-06-04 14:00:00,M5R,26.3,35.0,100.54
2026-06-04 15:00:00,M5R,26.1,32.0,100.48
2026-06-04 16:00:00,M5R,25.1,36.0,100.41
2026-06-04 17:00:00,M5R,25.3,31.0,100.35
2026-06-04 18:00:00,M5R,24.3,36.0,100.3
2026-06-04 19:00:00,M5R,22.6,42.0,100.28
2026-06-04 20:00:00,M5R,20.9,48.0,100.27
2026-06-04 21:00:00,M5R,20.6,52.0,100.35
2026-06-04 22:00:00,M5R,20.3,50.0,100.34
2026-06-04 23:00:00,M5R,20.3,50.0,100.34
2026-06-05 00:00:00,M5R,18.8,55.0,100.32
2026-06-05 01:00:00,M5R,17.9,66.0,100.27
2026-06-05 02:00:00,M5R,17.7,60.0,100.25
2026-06-05 03:00:00,M5R,17.0,61.0,100.25
2026-06-05 04:00:00,M5R,16.2,64.0,100.24
2026-06-05 05:00:00,M5R,15.9,70.0,100.22
2026-06-05 06:00:00,M5R,16.9,67.0,100.2
2026-06-05 07:00:00,M5R,18.9,59.0,100.2
2026-06-05 08:00:00,M5R,20.8,46.0,100.19
2026-06-05 09:00:00,M5R,21.8,50.0,100.14
2026-06-05 10:00:00,M5R,23.2,45.0,100.13
2026-06-05 11:00:00,M5R,24.4,48.0,100.1
2026-06-05 12:00:00,M5R,26.8,44.0,100.04
2026-06-05 13:00:00,M5R,26.3,45.0,100.0
2026-06-05 14:00:00,M5R,28.1,41.0,99.94
2026-06-05 15:00:00,M5R,28.7,37.0,99.89
2026-06-05 16:00:00,M5R,27.6,40.0,99.84
2026-06-05 17:00:00,M5R,26.3,41.0,99.79
2026-06-05 18:00:00,M5R,25.3,44.0,99.77
2026-06-05 19:00:00,M5R,24.6,49.0,99.75
2026-06-05 20:00:00,M5R,25.9,47.0,99.77
2026-06-05 21:00:00,M5R,21.9,73.0,99.75
2026-06-05 22:00:00,M5R,23.2,65.0,99.8
2026-06-05 23:00:00,M5R,20.1,87.0,99.72
2026-06-06 00:00:00,M5R,20.1,88.0,99.66
2026-06-06 01:00:00,M5R,19.3,91.0,99.66
2026-06-06 02:00:00,M5R,18.6,95.0,99.59
2026-06-06 03:00:00,M5R,18.3,95.0,99.5
2026-06-06 04:00:00,M5R,17.8,95.0,99.44
2026-06-06 05:00:00,M5R,17.8,95.0,99.41
2026-06-06 06:00:00,M5R,17.8,95.0,99.27
2026-06-06 07:00:00,M5R,18.0,92.0,99.25
2026-06-06 08:00:00,M5R,19.5,85.0,99.22
2026-06-06 09:00:00,M5R,19.7,83.0,99.2
2026-06-06 10:00:00,M5R,23.7,70.0,99.2
2026-06-06 11:00:00,M5R,23.9,66.0,99.23
2026-06-06 12:00:00,M5R,24.3,56.0,99.28
2026-06-06 13:00:00,M5R,24.7,52.0,99.33
2026-06-06 14:00:00,M5R,24.7,52.0,99.34
2026-06-06 15:00:00,M5R,25.1,47.0,99.39
2026-06-06 16:00:00,M5R,24.9,52.0,99.43
2026-06-06 17:00:00,M5R,25.1,53.0,99.44
2026-06-06 18:00:00,M5R,25.4,51.0,99.44
2026-06-06 19:00:00,M5R,25.0,52.0,99.48
2026-06-06 20:00:00,M5R,24.1,58.0,99.51
2026-06-06 21:00:00,M5R,23.1,65.0,99.56
2026-06-06 22:00:00,M5R,22.0,68.0,99.62
2026-06-06 23:00:00,M5R,20.5,72.0,99.66
2026-06-07 00:00:00,M5R,19.9,74.0,99.67
2026-06-07 01:00:00,M5R,19.4,76.0,99.7
2026-06-07 02:00:00,M5R,18.7,78.0,99.72
2026-06-07 03:00:00,M5R,18.1,77.0,99.7
2026-06-07 04:00:00,M5R,17.6,77.0,99.76
2026-06-07 05:00:00,M5R,17.0,78.0,99.84
2026-06-07 06:00:00,M5R,17.1,77.0,99.94
2026-06-07 07:00:00,M5R,17.8,73.0,100.0
2026-06-07 08:00:00,M5R,18.8,64.0,100.07
2026-06-07 09:00:00,M5R,19.3,65.0,100.13
2026-06-07 10:00:00,M5R,20.5,62.0,100.14
2026-06-07 11:00:00,M5R,21.3,59.0,100.18
2026-06-07 12:00:00,M5R,21.7,58.0,100.19
2026-06-07 13:00:00,M5R,22.6,56.0,100.21
2026-06-07 14:00:00,M5R,22.2,59.0,100.23
2026-06-07 15:00:00,M5R,22.0,57.0,100.22
2026-06-07 16:00:00,M5R,22.1,55.0,100.23
2026-06-07 17:00:00,M5R,21.8,58.0,100.28
2026-06-07 18:00:00,M5R,21.9,60.0,100.32
2026-06-07 19:00:00,M5R,21.5,61.0,100.34
2026-06-07 20:00:00,M5R,20.5,64.0,100.4
2026-06-07 21:00:00,M5R,19.7,65.0,100.53
2026-06-07 22:00:00,M5R,19.3,65.0,100.64
2026-06-07 23:00:00,M5R,18.3,70.0,100.7
2026-06-08 00:00:00,M5R,17.8,71.0,100.71
2026-06-08 01:00:00,M5R,17.0,76.0,100.72
2026-06-08 02:00:00,M5R,16.4,79.0,100.74
2026-06-08 03:00:00,M5R,16.3,80.0,100.75
2026-06-08 04:00:00,M5R,16.5,78.0,100.78
2026-06-08 05:00:00,M5R,16.2,81.0,100.86
2026-06-08 06:00:00,M5R,16.3,83.0,100.94
2026-06-08 07:00:00,M5R,18.1,76.0,100.95
2026-06-08 08:00:00,M5R,18.7,71.0,100.99
2026-06-08 09:00:00,M5R,19.0,74.0,100.99
2026-06-08 10:00:00,M5R,19.9,68.0,101.01
2026-06-08 11:00:00,M5R,20.4,70.0,101.04
2026-06-08 12:00:00,M5R,20.4,65.0,100.99
2026-06-08 13:00:00,M5R,21.5,61.0,100.91
2026-06-08 14:00:00,M5R,21.8,56.0,100.84
2026-06-08 15:00:00,M5R,21.7,59.0,100.8
2026-06-08 16:00:00,M5R,21.5,59.0,100.78
2026-06-08 17:00:00,M5R,20.8,61.0,100.73
2026-06-08 18:00:00,M5R,20.3,64.0,100.72
2026-06-08 19:00:00,M5R,19.7,63.0,100.72
2026-06-08 20:00:00,M5R,19.3,62.0,100.7
2026-06-08 21:00:00,M5R,18.8,62.0,100.76
2026-06-08 22:00:00,M5R,18.6,62.0,100.75
2026-06-08 23:00:00,M5R,18.9,64.0,100.71
2026-06-09 00:00:00,M5R,18.6,66.0,100.67
2026-06-09 01:00:00,M5R,17.6,68.0,100.65
2026-06-09 02:00:00,M5R,17.8,71.0,100.63
2026-06-09 03:00:00,M5R,17.6,72.0,100.61
2026-06-09 04:00:00,M5R,17.7,72.0,100.59
2026-06-09 05:00:00,M5R,17.2,75.0,100.59
2026-06-09 06:00:00,M5R,17.8,75.0,100.58
2026-06-09 07:00:00,M5R,18.9,74.0,100.57
2026-06-09 08:00:00,M5R,20.2,71.0,100.55
2026-06-09 09:00:00,M5R,22.1,67.0,100.52
2026-06-09 10:00:00,M5R,21.0,70.0,100.5
2026-06-09 11:00:00,M5R,23.2,64.0,100.46
2026-06-09 12:00:00,M5R,23.7,65.0,100.38
2026-06-09 13:00:00,M5R,22.7,68.0,100.33
2026-06-09 14:00:00,M5R,22.8,68.0,100.29
2026-06-09 15:00:00,M5R,23.4,73.0,100.23
2026-06-09 16:00:00,M5R,24.5,68.0,100.15
2026-06-09 17:00:00,M5R,23.0,68.0,100.08
2026-06-09 18:00:00,M5R,22.7,68.0,100.02
2026-06-09 19:00:00,M5R,22.5,69.0,100.01
2026-06-09 20:00:00,M5R,22.7,68.0,99.94
2026-06-09 21:00:00,M5R,22.5,70.0,99.9
2026-06-09 22:00:00,M5R,22.0,74.0,99.86
2026-06-09 23:00:00,M5R,21.6,82.0,99.78
2026-06-10 00:00:00,M5R,22.6,84.0,99.71
2026-06-10 01:00:00,M5R,22.2,85.0,99.68
2026-06-10 02:00:00,M5R,21.2,88.0,99.61
2026-06-10 03:00:00,M5R,21.7,86.0,99.63
2026-06-10 04:00:00,M5R,20.0,97.0,99.55
2026-06-10 05:00:00,M5R,20.7,97.0,99.51
2026-06-10 06:00:00,M5R,21.0,97.0,99.51
2026-06-10 07:00:00,M5R,21.2,96.0,99.51
2026-06-10 08:00:00,M5R,21.4,96.0,99.52
2026-06-10 09:00:00,M5R,22.4,91.0,99.48
2026-06-10 10:00:00,M5R,22.1,90.0,99.45
2026-06-10 11:00:00,M5R,22.9,88.0,99.43
2026-06-10 12:00:00,M5R,22.1,86.0,99.45
2026-06-10 13:00:00,M5R,25.5,75.0,99.39
2026-06-10 14:00:00,M5R,26.4,71.0,99.37
2026-06-10 15:00:00,M5R,28.7,56.0,99.36
2026-06-10 16:00:00,M5R,28.4,54.0,99.34
2026-06-10 17:00:00,M5R,28.2,57.0,99.29
2026-06-10 18:00:00,M5R,27.6,58.0,99.25
2026-06-10 19:00:00,M5R,27.3,58.0,99.31
2026-06-10 20:00:00,M5R,26.1,62.0,99.27
2026-06-10 21:00:00,M5R,23.8,73.0,99.35
2026-06-10 22:00:00,M5R,23.1,77.0,99.35
2026-06-10 23:00:00,M5R,22.8,80.0,99.3
2026-06-11 00:00:00,M5R,22.5,84.0,99.28
2026-06-11 01:00:00,M5R,23.0,84.0,99.32
2026-06-11 02:00:00,M5R,21.6,94.0,99.27
2026-06-11 03:00:00,M5R,21.0,96.0,99.31
2026-06-11 04:00:00,M5R,20.6,95.0,99.3
2026-06-11 05:00:00,M5R,20.8,94.0,99.35
2026-06-11 06:00:00,M5R,21.1,95.0,99.37
2026-06-11 07:00:00,M5R,21.8,90.0,99.41
2026-06-11 08:00:00,M5R,23.6,83.0,99.35
2026-06-11 09:00:00,M5R,24.5,78.0,99.33
2026-06-11 10:00:00,M5R,25.8,72.0,99.27
2026-06-11 11:00:00,M5R,25.6,70.0,99.32
2026-06-11 12:00:00,M5R,27.6,68.0,99.26
2026-06-11 13:00:00,M5R,26.0,72.0,99.25
2026-06-11 14:00:00,M5R,28.9,68.0,99.25
2026-06-11 15:00:00,M5R,26.6,68.0,99.25
2026-06-11 16:00:00,M5R,27.3,69.0,99.22
2026-06-11 17:00:00,M5R,24.8,93.0,99.21
2026-06-11 18:00:00,M5R,24.9,81.0,99.23
2026-06-11 19:00:00,M5R,24.2,87.0,99.21
2026-06-11 20:00:00,M5R,24.0,90.0,99.22
2026-06-11 21:00:00,M5R,25.0,80.0,99.25
2026-06-11 22:00:00,M5R,23.9,84.0,99.32
2026-06-11 23:00:00,M5R,22.8,85.0,99.4
2026-06-12 00:00:00,M5R,22.3,88.0,99.33
2026-06-12 01:00:00,M5R,22.1,90.0,99.27
2026-06-12 02:00:00,M5R,21.3,90.0,99.21
2026-06-12 03:00:00,M5R,20.9,89.0,99.12
2026-06-12 04:00:00,M5R,21.3,83.0,99.07
2026-06-12 05:00:00,M5R,20.9,85.0,98.74
2026-06-12 06:00:00,M5R,20.8,87.0,99.02
2026-06-12 07:00:00,M5R,22.2,84.0,99.14
2026-06-12 08:00:00,M5R,24.8,68.0,99.2
2026-06-12 09:00:00,M5R,24.6,69.0,99.21
2026-06-12 10:00:00,M5R,24.3,67.0,99.26
2026-06-12 11:00:00,M5R,26.7,47.0,99.31
2026-06-12 12:00:00,M5R,25.9,47.0,99.39
2026-06-12 13:00:00,M5R,25.1,50.0,99.44
2026-06-12 14:00:00,M5R,25.0,45.0,99.46
2026-06-12 15:00:00,M5R,25.3,43.0,99.48
2026-06-12 16:00:00,M5R,26.0,41.0,99.47
2026-06-12 17:00:00,M5R,25.4,42.0,99.49
2026-06-12 18:00:00,M5R,25.3,44.0,99.52
2026-06-12 19:00:00,M5R,24.8,45.0,99.58
2026-06-12 20:00:00,M5R,23.9,49.0,99.65
2026-06-12 21:00:00,M5R,23.2,53.0,99.73
2026-06-12 22:00:00,M5R,21.6,61.0,99.77
2026-06-12 23:00:00,M5R,21.1,62.0,99.81
2026-06-13 00:00:00,M5R,19.7,69.0,99.84
2026-06-13 01:00:00,M5R,19.2,72.0,99.85
2026-06-13 02:00:00,M5R,18.6,74.0,99.84
2026-06-13 03:00:00,M5R,18.3,77.0,99.84
2026-06-13 04:00:00,M5R,18.3,75.0,99.83
2026-06-13 05:00:00,M5R,18.1,75.0,99.83
2026-06-13 06:00:00,M5R,19.5,69.0,99.87
2026-06-13 07:00:00,M5R,21.2,65.0,99.88
2026-06-13 08:00:00,M5R,22.9,56.0,99.9
2026-06-13 09:00:00,M5R,24.8,48.0,99.9
2026-06-13 10:00:00,M5R,26.5,36.0,99.92
2026-06-13 11:00:00,M5R,26.3,42.0,99.88
2026-06-13 12:00:00,M5R,27.9,33.0,99.85
2026-06-13 13:00:00,M5R,27.4,40.0,99.77
2026-06-13 14:00:00,M5R,27.6,38.0,99.74
2026-06-13 15:00:00,M5R,28.0,42.0,99.69
2026-06-13 16:00:00,M5R,27.1,39.0,99.65
2026-06-13 17:00:00,M5R,26.2,44.0,99.57
2026-06-13 18:00:00,M5R,25.1,41.0,99.54
2026-06-13 19:00:00,M5R,23.7,46.0,99.5
2026-06-13 20:00:00,M5R,22.7,53.0,99.47
2026-06-13 21:00:00,M5R,22.6,55.0,99.45
2026-06-13 22:00:00,M5R,21.8,58.0,99.47
2026-06-13 23:00:00,M5R,20.9,61.0,99.44
2026-06-14 00:00:00,M5R,20.4,64.0,99.4
2026-06-14 01:00:00,M5R,20.0,65.0,99.37
2026-06-14 02:00:00,M5R,19.5,67.0,99.29
2026-06-14 03:00:00,M5R,19.2,69.0,99.31
2026-06-14 04:00:00,M5R,20.0,70.0,99.34
2026-06-14 05:00:00,M5R,19.8,71.0,99.35
2026-06-14 06:00:00,M5R,19.0,72.0,99.34
2026-06-14 07:00:00,M5R,17.7,90.0,99.36
2026-06-14 08:00:00,M5R,18.2,90.0,99.33
2026-06-14 09:00:00,M5R,18.0,85.0,99.35
2026-06-14 10:00:00,M5R,18.7,84.0,99.26
2026-06-14 11:00:00,M5R,18.0,89.0,99.22
2026-06-14 12:00:00,M5R,19.1,87.0,99.16
2026-06-14 13:00:00,M5R,17.6,92.0,99.11
2026-06-14 14:00:00,M5R,17.2,94.0,99.19
2026-06-14 15:00:00,M5R,17.6,94.0,99.01
2026-06-14 16:00:00,M5R,17.3,93.0,98.98
2026-06-14 17:00:00,M5R,16.2,90.0,99.16
2026-06-14 18:00:00,M5R,16.3,86.0,99.14
2026-06-14 19:00:00,M5R,15.7,80.0,99.28
2026-06-14 20:00:00,M5R,15.8,73.0,99.33
2026-06-14 21:00:00,M5R,15.4,77.0,99.4
2026-06-14 22:00:00,M5R,15.2,72.0,99.35
2026-06-14 23:00:00,M5R,14.3,75.0,99.41
2026-06-15 00:00:00,M5R,13.4,73.0,99.45
2026-06-15 01:00:00,M5R,12.6,72.0,99.49
2026-06-15 02:00:00,M5R,12.0,68.0,99.52
2026-06-15 03:00:00,M5R,11.6,68.0,99.59
2026-06-15 04:00:00,M5R,11.0,68.0,99.6
2026-06-15 05:00:00,M5R,10.5,70.0,99.67
2026-06-15 06:00:00,M5R,10.6,70.0,99.73
2026-06-15 07:00:00,M5R,11.2,66.0,99.75
2026-06-15 08:00:00,M5R,12.7,61.0,99.77
2026-06-15 09:00:00,M5R,14.0,57.0,99.72
2026-06-15 10:00:00,M5R,15.2,53.0,99.71
2026-06-15 11:00:00,M5R,15.8,54.0,99.73
2026-06-15 12:00:00,M5R,16.8,52.0,99.72
2026-06-15 13:00:00,M5R,17.9,46.0,99.68
2026-06-15 14:00:00,M5R,16.7,55.0,99.7
2026-06-15 15:00:00,M5R,17.1,56.0,99.7
2026-06-15 16:00:00,M5R,17.9,52.0,99.68
2026-06-15 17:00:00,M5R,19.0,51.0,99.65
2026-06-15 18:00:00,M5R,19.8,38.0,99.65
2026-06-15 19:00:00,M5R,19.7,36.0,99.67
2026-06-15 20:00:00,M5R,18.2,41.0,99.65
2026-06-15 21:00:00,M5R,16.1,51.0,99.69
2026-06-15 22:00:00,M5R,15.5,56.0,99.69
2026-06-15 23:00:00,M5R,16.3,63.0,99.69
2026-06-16 00:00:00,M5R,15.4,70.0,99.68
2026-06-16 01:00:00,M5R,14.4,78.0,99.64
2026-06-16 02:00:00,M5R,13.9,80.0,99.6
2026-06-16 03:00:00,M5R,14.2,81.0,99.59
2026-06-16 04:00:00,M5R,13.8,84.0,99.56
2026-06-16 05:00:00,M5R,13.2,87.0,99.57
2026-06-16 06:00:00,M5R,13.8,89.0,99.57
2026-06-16 07:00:00,M5R,15.9,75.0,99.57
2026-06-16 08:00:00,M5R,16.4,73.0,99.59
2026-06-16 09:00:00,M5R,17.8,68.0,99.56
2026-06-16 10:00:00,M5R,20.2,55.0,99.52
2026-06-16 11:00:00,M5R,21.6,55.0,99.47
2026-06-16 12:00:00,M5R,21.6,55.0,99.45
2026-06-16 13:00:00,M5R,21.1,60.0,99.37
2026-06-16 14:00:00,M5R,20.9,52.0,99.32
2026-06-16 15:00:00,M5R,19.1,64.0,99.34
2026-06-16 16:00:00,M5R,21.0,52.0,99.28
2026-06-16 17:00:00,M5R,21.2,50.0,99.25
2026-06-16 18:00:00,M5R,20.9,50.0,99.26
2026-06-16 19:00:00,M5R,20.2,50.0,99.24
2026-06-16 20:00:00,M5R,18.8,55.0,99.22
2026-06-16 21:00:00,M5R,17.6,61.0,99.16
2026-06-16 22:00:00,M5R,17.8,59.0,99.17
2026-06-16 23:00:00,M5R,17.7,65.0,99.35
2026-06-17 00:00:00,M5R,15.2,86.0,99.28
2026-06-17 01:00:00,M5R,14.8,84.0,99.24
2026-06-17 02:00:00,M5R,14.0,94.0,99.12
2026-06-17 03:00:00,M5R,14.1,93.0,99.12
2026-06-17 04:00:00,M5R,14.2,93.0,99.11
2026-06-17 05:00:00,M5R,13.9,93.0,99.1
2026-06-17 06:00:00,M5R,15.0,87.0,99.12
2026-06-17 07:00:00,M5R,16.2,80.0,99.14
2026-06-17 08:00:00,M5R,17.4,78.0,99.16
2026-06-17 09:00:00,M5R,17.9,77.0,99.12
2026-06-17 10:00:00,M5R,20.2,73.0,99.08
2026-06-17 11:00:00,M5R,19.6,74.0,99.15
2026-06-17 12:00:00,M5R,20.1,72.0,99.13
2026-06-17 13:00:00,M5R,19.5,74.0,99.14
2026-06-17 14:00:00,M5R,20.7,70.0,99.08
2026-06-17 15:00:00,M5R,21.7,62.0,99.06
2026-06-17 16:00:00,M5R,19.6,69.0,99.11
2026-06-17 17:00:00,M5R,19.6,67.0,99.15
2026-06-17 18:00:00,M5R,18.6,68.0,99.11
2026-06-17 19:00:00,M5R,16.7,86.0,99.12
2026-06-17 20:00:00,M5R,16.6,93.0,99.02
2026-06-17 21:00:00,M5R,16.3,92.0,98.94
2026-06-17 22:00:00,M5R,15.7,93.0,98.87
2026-06-17 23:00:00,M5R,15.9,86.0,98.74
2026-06-18 00:00:00,M5R,15.6,91.0,98.62
2026-06-18 01:00:00,M5R,15.4,89.0,98.43
2026-06-18 02:00:00,M5R,15.0,95.0,98.35
2026-06-18 03:00:00,M5R,14.8,97.0,98.13
2026-06-18 04:00:00,M5R,14.6,97.0,97.94
2026-06-18 05:00:00,M5R,15.1,98.0,97.85
2026-06-18 06:00:00,M5R,15.7,98.0,97.81
2026-06-18 07:00:00,M5R,16.5,98.0,97.81
2026-06-18 08:00:00,M5R,17.3,95.0,97.82
2026-06-18 09:00:00,M5R,17.5,95.0,97.9
2026-06-18 10:00:00,M5R,20.7,76.0,97.93
2026-06-18 11:00:00,M5R,22.3,60.0,98.03
2026-06-18 12:00:00,M5R,22.3,60.0,98.14
2026-06-18 13:00:00,M5R,20.0,68.0,98.27
2026-06-18 14:00:00,M5R,20.4,65.0,98.36
2026-06-18 15:00:00,M5R,20.7,63.0,98.4
2026-06-18 16:00:00,M5R,19.8,65.0,98.52
2026-06-18 17:00:00,M5R,18.7,68.0,98.63
2026-06-18 18:00:00,M5R,18.2,70.0,98.71
2026-06-18 19:00:00,M5R,17.6,71.0,98.85
2026-06-18 20:00:00,M5R,17.0,72.0,98.96
2026-06-18 21:00:00,M5R,16.9,74.0,99.04
2026-06-18 22:00:00,M5R,16.9,74.0,99.12
2026-06-18 23:00:00,M5R,17.0,71.0,99.13
2026-06-19 00:00:00,M5R,16.9,74.0,99.14
2026-06-19 01:00:00,M5R,16.8,75.0,99.16
2026-06-19 02:00:00,M5R,16.6,73.0,99.14
2026-06-19 03:00:00,M5R,16.4,70.0,99.19
2026-06-19 04:00:00,M5R,16.0,72.0,99.21
2026-06-19 05:00:00,M5R,15.7,74.0,99.25
2026-06-19 06:00:00,M5R,15.8,72.0,99.29
2026-06-19 07:00:00,M5R,17.0,68.0,99.32
2026-06-19 08:00:00,M5R,19.0,61.0,99.34
2026-06-19 09:00:00,M5R,20.3,56.0,99.34
2026-06-19 10:00:00,M5R,20.9,55.0,99.33
2026-06-19 11:00:00,M5R,21.3,55.0,99.33
2026-06-19 12:00:00,M5R,22.6,48.0,99.32
2026-06-19 13:00:00,M5R,22.1,46.0,99.29
2026-06-19 14:00:00,M5R,22.9,43.0,99.31
2026-06-19 15:00:00,M5R,22.7,41.0,99.35
2026-06-19 16:00:00,M5R,22.5,43.0,99.39
2026-06-19 17:00:00,M5R,22.8,40.0,99.44
2026-06-19 18:00:00,M5R,21.7,40.0,99.49
2026-06-19 19:00:00,M5R,20.6,44.0,99.51
2026-06-19 20:00:00,M5R,19.6,45.0,99.55
2026-06-19 21:00:00,M5R,18.8,49.0,99.6
2026-06-19 22:00:00,M5R,18.2,51.0,99.64
2026-06-19 23:00:00,M5R,17.5,55.0,99.62
2026-06-20 00:00:00,M5R,16.8,55.0,99.61
2026-06-20 01:00:00,M5R,16.4,59.0,99.62
2026-06-20 02:00:00,M5R,15.8,59.0,99.64
2026-06-20 03:00:00,M5R,15.7,57.0,99.62
2026-06-20 04:00:00,M5R,15.0,59.0,99.63
2026-06-20 05:00:00,M5R,14.0,66.0,99.66
2026-06-20 06:00:00,M5R,14.6,58.0,99.7
2026-06-20 07:00:00,M5R,16.1,50.0,99.72
2026-06-20 08:00:00,M5R,18.4,46.0,99.73
2026-06-20 09:00:00,M5R,20.0,41.0,99.76
2026-06-20 10:00:00,M5R,21.3,37.0,99.76
2026-06-20 11:00:00,M5R,21.5,37.0,99.76
2026-06-20 12:00:00,M5R,22.3,37.0,99.74
2026-06-20 13:00:00,M5R,23.0,33.0,99.7
2026-06-20 14:00:00,M5R,23.7,36.0,99.65
2026-06-20 15:00:00,M5R,23.9,32.0,99.6
2026-06-20 16:00:00,M5R,24.2,37.0,99.57
2026-06-20 17:00:00,M5R,23.0,41.0,99.58
2026-06-20 18:00:00,M5R,20.8,51.0,99.59
2026-06-20 19:00:00,M5R,20.6,53.0,99.59
2026-06-20 20:00:00,M5R,22.0,41.0,99.62
2026-06-20 21:00:00,M5R,20.0,45.0,99.7
2026-06-20 22:00:00,M5R,18.4,51.0,99.75
2026-06-20 23:00:00,M5R,18.0,47.0,99.76
2026-06-21 00:00:00,M5R,17.3,53.0,99.77
2026-06-21 01:00:00,M5R,16.8,54.0,99.76
2026-06-21 02:00:00,M5R,15.5,61.0,99.78
2026-06-21 03:00:00,M5R,14.6,67.0,99.8
2026-06-21 04:00:00,M5R,14.5,66.0,99.85
2026-06-21 05:00:00,M5R,13.4,72.0,99.88
2026-06-21 06:00:00,M5R,14.7,66.0,99.89
2026-06-21 07:00:00,M5R,16.6,58.0,99.94
2026-06-21 08:00:00,M5R,18.3,55.0,100.01
2026-06-21 09:00:00,M5R,19.9,53.0,100.02
2026-06-21 10:00:00,M5R,20.8,51.0,99.99
2026-06-21 11:00:00,M5R,20.1,54.0,100.03
2026-06-21 12:00:00,M5R,20.6,48.0,100.04
2026-06-21 13:00:00,M5R,21.8,45.0,100.02
2026-06-21 14:00:00,M5R,22.5,44.0,100.01
2026-06-21 15:00:00,M5R,23.5,42.0,99.98
2026-06-21 16:00:00,M5R,23.0,45.0,99.97
2026-06-21 17:00:00,M5R,22.3,44.0,99.96
2026-06-21 18:00:00,M5R,21.1,55.0,100.0
2026-06-21 19:00:00,M5R,20.2,56.0,100.03
2026-06-21 20:00:00,M5R,18.9,60.0,100.02
2026-06-21 21:00:00,M5R,18.0,67.0,100.04
2026-06-21 22:00:00,M5R,18.0,69.0,100.07
2026-06-21 23:00:00,M5R,18.8,63.0,100.11
2026-06-22 00:00:00,M5R,18.6,61.0,100.1
2026-06-22 01:00:00,M5R,18.7,61.0,100.09
2026-06-22 02:00:00,M5R,18.6,60.0,100.08
2026-06-22 03:00:00,M5R,17.9,63.0,100.07
2026-06-22 04:00:00,M5R,16.1,71.0,100.09
2026-06-22 05:00:00,M5R,16.0,72.0,99.99
2026-06-22 06:00:00,M5R,16.3,72.0,100.08
2026-06-22 07:00:00,M5R,16.8,75.0,100.05
2026-06-22 08:00:00,M5R,16.2,83.0,100.1
2026-06-22 09:00:00,M5R,16.4,85.0,100.07
2026-06-22 10:00:00,M5R,15.8,87.0,100.05
2026-06-22 11:00:00,M5R,17.2,77.0,100.02
2026-06-22 12:00:00,M5R,17.8,74.0,100.07
2026-06-22 13:00:00,M5R,17.4,77.0,100.08
2026-06-22 14:00:00,M5R,17.2,78.0,100.06
2026-06-22 15:00:00,M5R,17.9,76.0,100.03
2026-06-22 16:00:00,M5R,18.3,77.0,100.05
2026-06-22 17:00:00,M5R,17.5,74.0,100.07
2026-06-22 18:00:00,M5R,17.7,77.0,100.08
2026-06-22 19:00:00,M5R,17.2,78.0,100.13
2026-06-22 20:00:00,M5R,15.8,84.0,100.16
2026-06-22 21:00:00,M5R,15.1,89.0,100.22
2026-06-22 22:00:00,M5R,14.9,91.0,100.23
2026-06-22 23:00:00,M5R,14.4,92.0,100.24
2026-06-23 00:00:00,M5R,14.1,92.0,100.21
2026-06-23 01:00:00,M5R,13.6,95.0,100.18
2026-06-23 02:00:00,M5R,13.3,95.0,100.16
2026-06-23 03:00:00,M5R,12.9,93.0,100.17
2026-06-23 04:00:00,M5R,13.2,85.0,100.19
2026-06-23 05:00:00,M5R,13.8,81.0,100.24
2026-06-23 06:00:00,M5R,15.3,75.0,100.26
2026-06-23 07:00:00,M5R,17.2,69.0,100.29
2026-06-23 08:00:00,M5R,18.8,61.0,100.35
2026-06-23 09:00:00,M5R,20.5,53.0,100.38
2026-06-23 10:00:00,M5R,21.9,46.0,100.35
2026-06-23 11:00:00,M5R,22.4,41.0,100.34
2026-06-23 12:00:00,M5R,23.0,41.0,100.32
2026-06-23 13:00:00,M5R,23.9,37.0,100.29
2026-06-23 14:00:00,M5R,24.9,37.0,100.25
2026-06-23 15:00:00,M5R,24.2,40.0,100.26
2026-06-23 16:00:00,M5R,24.6,43.0,100.26
2026-06-23 17:00:00,M5R,23.6,43.0,100.28
2026-06-23 18:00:00,M5R,22.8,45.0,100.32
2026-06-23 19:00:00,M5R,22.1,45.0,100.34
2026-06-23 20:00:00,M5R,21.0,46.0,100.38
2026-06-23 21:00:00,M5R,19.9,48.0,100.39
2026-06-23 22:00:00,M5R,19.1,51.0,100.42
2026-06-23 23:00:00,M5R,18.7,53.0,100.41
2026-06-24 00:00:00,M5R,18.4,56.0,100.43
2026-06-24 01:00:00,M5R,17.7,60.0,100.43
2026-06-24 02:00:00,M5R,17.2,63.0,100.4
2026-06-24 03:00:00,M5R,16.2,67.0,100.38
2026-06-24 04:00:00,M5R,16.2,66.0,100.39
2026-06-24 05:00:00,M5R,15.3,71.0,100.4
2026-06-24 06:00:00,M5R,15.8,73.0,100.42
2026-06-24 07:00:00,M5R,17.7,67.0,100.46
2026-06-24 08:00:00,M5R,20.0,56.0,100.46
2026-06-24 09:00:00,M5R,22.0,51.0,100.48
2026-06-24 10:00:00,M5R,22.0,52.0,100.48
2026-06-24 11:00:00,M5R,21.5,55.0,100.46
2026-06-24 12:00:00,M5R,21.9,57.0,100.4
2026-06-24 13:00:00,M5R,22.8,50.0,100.37
2026-06-24 14:00:00,M5R,23.2,44.0,100.32
2026-06-24 15:00:00,M5R,22.8,43.0,100.31
2026-06-24 16:00:00,M5R,22.7,43.0,100.27
2026-06-24 17:00:00,M5R,21.2,52.0,100.27
2026-06-24 18:00:00,M5R,20.7,53.0,100.26
2026-06-24 19:00:00,M5R,20.3,56.0,100.23
2026-06-24 20:00:00,M5R,20.9,55.0,100.28
2026-06-24 21:00:00,M5R,20.7,58.0,100.33
2026-06-24 22:00:00,M5R,19.7,62.0,100.33
2026-06-24 23:00:00,M5R,18.4,70.0,100.32
2026-06-25 00:00:00,M5R,17.9,72.0,100.28
2026-06-25 01:00:00,M5R,17.4,72.0,100.26
2026-06-25 02:00:00,M5R,18.0,69.0,100.22
2026-06-25 03:00:00,M5R,18.2,68.0,100.22
2026-06-25 04:00:00,M5R,17.6,71.0,100.23
2026-06-25 05:00:00,M5R,17.3,74.0,100.21
2026-06-25 06:00:00,M5R,17.1,79.0,100.24
2026-06-25 07:00:00,M5R,18.0,75.0,100.25
2026-06-25 08:00:00,M5R,18.4,77.0,100.19
2026-06-25 09:00:00,M5R,18.4,72.0,100.25
2026-06-25 10:00:00,M5R,17.4,76.0,100.3
2026-06-25 11:00:00,M5R,16.1,93.0,100.22
2026-06-25 12:00:00,M5R,17.9,87.0,100.26
2026-06-25 13:00:00,M5R,18.1,85.0,100.14
2026-06-25 14:00:00,M5R,18.3,83.0,100.13
2026-06-25 15:00:00,M5R,18.1,86.0,100.1
2026-06-25 16:00:00,M5R,18.3,85.0,100.06
2026-06-25 17:00:00,M5R,18.6,84.0,100.0
2026-06-25 18:00:00,M5R,18.3,86.0,100.04
2026-06-25 19:00:00,M5R,17.6,86.0,100.01
2026-06-25 20:00:00,M5R,16.6,90.0,100.04
2026-06-25 21:00:00,M5R,16.6,91.0,100.01
2026-06-25 22:00:00,M5R,16.8,91.0,100.02
2026-06-25 23:00:00,M5R,16.3,91.0,100.02
2026-06-26 00:00:00,M5R,16.0,96.0,99.98
2026-06-26 01:00:00,M5R,15.6,96.0,99.96
2026-06-26 02:00:00,M5R,15.5,97.0,100.01
2026-06-26 03:00:00,M5R,15.3,97.0,100.02
2026-06-26 04:00:00,M5R,15.7,97.0,100.06
2026-06-26 05:00:00,M5R,15.4,97.0,100.16
2026-06-26 06:00:00,M5R,15.8,97.0,100.19
2026-06-26 07:00:00,M5R,16.0,96.0,100.25
2026-06-26 08:00:00,M5R,16.5,93.0,100.35
2026-06-26 09:00:00,M5R,16.2,93.0,100.37
2026-06-26 10:00:00,M5R,18.1,85.0,100.39
2026-06-26 11:00:00,M5R,19.2,81.0,100.44
2026-06-26 12:00:00,M5R,20.2,75.0,100.43
2026-06-26 13:00:00,M5R,21.8,71.0,100.42
2026-06-26 14:00:00,M5R,22.4,68.0,100.43
2026-06-26 15:00:00,M5R,23.2,67.0,100.38
2026-06-26 16:00:00,M5R,22.4,65.0,100.37
2026-06-26 17:00:00,M5R,21.0,70.0,100.38
2026-06-26 18:00:00,M5R,20.2,75.0,100.39
2026-06-26 19:00:00,M5R,20.3,74.0,100.41
2026-06-26 20:00:00,M5R,20.1,80.0,100.41
2026-06-26 21:00:00,M5R,20.2,79.0,100.47
2026-06-26 22:00:00,M5R,18.7,87.0,100.49
2026-06-26 23:00:00,M5R,18.5,87.0,100.51
2026-06-27 00:00:00,M5R,18.5,74.0,100.49
2026-06-27 01:00:00,M5R,17.6,78.0,100.46
2026-06-27 02:00:00,M5R,17.6,80.0,100.43
2026-06-27 03:00:00,M5R,17.6,76.0,100.43
2026-06-27 04:00:00,M5R,16.7,80.0,100.43
2026-06-27 05:00:00,M5R,17.4,77.0,100.44
2026-06-27 06:00:00,M5R,17.5,77.0,100.45
2026-06-27 07:00:00,M5R,18.6,75.0,100.47
2026-06-27 08:00:00,M5R,20.2,72.0,100.49
2026-06-27 09:00:00,M5R,21.6,67.0,100.46
2026-06-27 10:00:00,M5R,22.7,61.0,100.43
2026-06-27 11:00:00,M5R,22.7,60.0,100.43
2026-06-27 12:00:00,M5R,23.5,60.0,100.4
2026-06-27 13:00:00,M5R,24.6,52.0,100.36
2026-06-27 14:00:00,M5R,25.1,47.0,100.36
2026-06-27 15:00:00,M5R,25.1,46.0,100.33
2026-06-27 16:00:00,M5R,25.2,51.0,100.28
2026-06-27 17:00:00,M5R,24.3,48.0,100.22
2026-06-27 18:00:00,M5R,23.6,51.0,100.19
2026-06-27 19:00:00,M5R,22.9,54.0,100.2
2026-06-27 20:00:00,M5R,22.2,57.0,100.21
2026-06-27 21:00:00,M5R,21.3,59.0,100.27
2026-06-27 22:00:00,M5R,20.3,64.0,100.26
2026-06-27 23:00:00,M5R,19.4,68.0,100.27
2026-06-28 00:00:00,M5R,18.7,73.0,100.28
2026-06-28 01:00:00,M5R,18.9,71.0,100.23
2026-06-28 02:00:00,M5R,17.9,78.0,100.22
2026-06-28 03:00:00,M5R,17.5,78.0,100.23
2026-06-28 04:00:00,M5R,17.6,80.0,100.23
2026-06-28 05:00:00,M5R,17.3,80.0,100.24
2026-06-28 06:00:00,M5R,17.4,81.0,100.3
2026-06-28 07:00:00,M5R,19.7,73.0,100.31
2026-06-28 08:00:00,M5R,22.1,59.0,100.33
2026-06-28 09:00:00,M5R,23.7,52.0,100.33
2026-06-28 10:00:00,M5R,24.6,47.0,100.31
2026-06-28 11:00:00,M5R,24.6,52.0,100.31
2026-06-28 12:00:00,M5R,25.1,55.0,100.31
2026-06-28 13:00:00,M5R,25.1,53.0,100.36
2026-06-28 14:00:00,M5R,26.2,50.0,100.31
2026-06-28 15:00:00,M5R,26.3,45.0,100.32
2026-06-28 16:00:00,M5R,26.2,42.0,100.28
2026-06-28 17:00:00,M5R,25.9,41.0,100.28
2026-06-28 18:00:00,M5R,25.1,42.0,100.28
2026-06-28 19:00:00,M5R,24.6,40.0,100.27
2026-06-28 20:00:00,M5R,23.5,44.0,100.24
2026-06-28 21:00:00,M5R,23.0,48.0,100.3
2026-06-28 22:00:00,M5R,21.5,52.0,100.32
2026-06-28 23:00:00,M5R,20.8,54.0,100.35
2026-06-29 00:00:00,M5R,20.6,54.0,100.35
2026-06-29 01:00:00,M5R,20.3,56.0,100.41
2026-06-29 02:00:00,M5R,18.7,67.0,100.42
2026-06-29 03:00:00,M5R,18.3,72.0,100.45
2026-06-29 04:00:00,M5R,18.8,70.0,100.45
2026-06-29 05:00:00,M5R,18.3,71.0,100.47
2026-06-29 06:00:00,M5R,19.5,66.0,100.5
2026-06-29 07:00:00,M5R,21.1,62.0,100.54
2026-06-29 08:00:00,M5R,24.0,51.0,100.59
2026-06-29 09:00:00,M5R,25.2,48.0,100.6
2026-06-29 10:00:00,M5R,25.6,45.0,100.64
2026-06-29 11:00:00,M5R,25.7,42.0,100.67
2026-06-29 12:00:00,M5R,26.6,41.0,100.65
2026-06-29 13:00:00,M5R,26.9,42.0,100.65
2026-06-29 14:00:00,M5R,26.2,43.0,100.54
2026-06-29 15:00:00,M5R,26.4,42.0,100.57
2026-06-29 16:00:00,M5R,25.5,45.0,100.61
2026-06-29 17:00:00,M5R,25.7,45.0,100.45
2026-06-29 18:00:00,M5R,25.2,44.0,100.42
2026-06-29 19:00:00,M5R,24.7,47.0,100.44
2026-06-29 20:00:00,M5R,24.5,47.0,100.45
2026-06-29 21:00:00,M5R,23.7,50.0,100.43
2026-06-29 22:00:00,M5R,23.7,53.0,100.42
2026-06-29 23:00:00,M5R,23.5,58.0,100.41
2026-06-30 00:00:00,M5R,23.4,59.0,100.37
2026-06-30 01:00:00,M5R,22.7,64.0,100.35
2026-06-30 02:00:00,M5R,22.4,65.0,100.37
2026-06-30 03:00:00,M5R,22.1,68.0,100.28
2026-06-30 04:00:00,M5R,21.2,73.0,100.25
2026-06-30 05:00:00,M5R,21.6,72.0,100.2
2026-06-30 06:00:00,M5R,21.4,72.0,100.24
2026-06-30 07:00:00,M5R,21.6,73.0,100.24
2026-06-30 08:00:00,M5R,23.4,75.0,100.17
2026-06-30 09:00:00,M5R,25.0,74.0,100.13
2026-06-30 10:00:00,M5R,26.4,70.0,100.09
2026-06-30 11:00:00,M5R,28.1,70.0,100.09
2026-06-30 12:00:00,M5R,30.7,66.0,100.05
2026-06-30 13:00:00,M5R,31.3,65.0,99.97
2026-06-30 14:00:00,M5R,31.1,60.0,99.92
2026-06-30 15:00:00,M5R,32.2,54.0,99.86
2026-06-30 16:00:00,M5R,31.3,56.0,99.81
2026-06-30 17:00:00,M5R,31.2,58.0,99.78
2026-06-30 18:00:00,M5R,30.1,61.0,99.78
2026-06-30 19:00:00,M5R,29.3,66.0,99.8
2026-06-30 20:00:00,M5R,28.7,69.0,99.84
2026-06-30 21:00:00,M5R,27.6,74.0,99.92
2026-06-30 22:00:00,M5R,27.7,76.0,99.89
2026-06-30 23:00:00,M5R,27.5,77.0,99.91
2026-07-01 00:00:00,M5R,26.9,77.0,99.88
2026-07-01 01:00:00,M5R,26.3,83.0,99.86
2026-07-01 02:00:00,M5R,26.1,85.0,99.86
2026-07-01 03:00:00,M5R,24.8,83.0,99.9
2026-07-01 04:00:00,M5R,24.2,84.0,99.91
2026-07-01 05:00:00,M5R,23.7,86.0,99.93
2026-07-01 06:00:00,M5R,24.4,86.0,99.94
2026-07-01 07:00:00,M5R,26.0,83.0,99.94
2026-07-01 08:00:00,M5R,27.3,79.0,99.95
2026-07-01 09:00:00,M5R,29.9,69.0,99.97
2026-07-01 10:00:00,M5R,32.8,58.0,99.97
2026-07-01 11:00:00,M5R,33.9,54.0,99.94
2026-07-01 12:00:00,M5R,32.7,63.0,99.98
2026-07-01 13:00:00,M5R,33.2,60.0,99.94
2026-07-01 14:00:00,M5R,32.7,57.0,99.92
2026-07-01 15:00:00,M5R,33.1,58.0,99.88
2026-07-01 16:00:00,M5R,36.0,45.0,99.89
2026-07-01 17:00:00,M5R,31.6,48.0,99.96
2026-07-01 18:00:00,M5R,27.3,62.0,99.99
2026-07-01 19:00:00,M5R,26.3,70.0,99.95
2026-07-01 20:00:00,M5R,27.3,65.0,99.97
2026-07-01 21:00:00,M5R,25.2,73.0,100.02
2026-07-01 22:00:00,M5R,24.1,79.0,100.08
2026-07-01 23:00:00,M5R,23.7,83.0,100.06
2026-07-02 00:00:00,M5R,24.6,80.0,100.08
2026-07-02 01:00:00,M5R,24.5,80.0,100.05
2026-07-02 02:00:00,M5R,24.7,83.0,100.02
2026-07-02 03:00:00,M5R,23.7,88.0,100.03
2026-07-02 04:00:00,M5R,23.5,90.0,100.07
2026-07-02 05:00:00,M5R,23.4,91.0,100.1
2026-07-02 06:00:00,M5R,24.3,84.0,100.15
2026-07-02 07:00:00,M5R,25.5,83.0,100.15
2026-07-02 08:00:00,M5R,27.1,76.0,100.17
2026-07-02 09:00:00,M5R,29.2,71.0,100.13
2026-07-02 10:00:00,M5R,30.5,64.0,100.14
2026-07-02 11:00:00,M5R,30.4,67.0,100.17
2026-07-02 12:00:00,M5R,31.5,64.0,100.12
2026-07-02 13:00:00,M5R,31.9,59.0,100.1
2026-07-02 14:00:00,M5R,34.6,44.0,100.05
2026-07-02 15:00:00,M5R,34.5,45.0,100.07
2026-07-02 16:00:00,M5R,34.5,43.0,100.04
2026-07-02 17:00:00,M5R,34.2,42.0,100.08
2026-07-02 18:00:00,M5R,27.2,67.0,100.12
2026-07-02 19:00:00,M5R,25.6,78.0,100.11
2026-07-02 20:00:00,M5R,25.6,72.0,100.1
2026-07-02 21:00:00,M5R,25.3,82.0,100.12
2026-07-02 22:00:00,M5R,25.5,82.0,100.14
2026-07-02 23:00:00,M5R,25.6,80.0,100.16
2026-07-03 00:00:00,M5R,25.5,82.0,100.2
2026-07-03 01:00:00,M5R,25.3,85.0,100.22
2026-07-03 02:00:00,M5R,24.9,87.0,100.19
2026-07-03 03:00:00,M5R,24.4,87.0,100.16
2026-07-03 04:00:00,M5R,24.1,87.0,100.21
2026-07-03 05:00:00,M5R,23.9,81.0,100.18
2026-07-03 06:00:00,M5R,24.2,84.0,100.22
2026-07-03 07:00:00,M5R,26.5,73.0,100.25
2026-07-03 08:00:00,M5R,25.5,79.0,100.27
2026-07-03 09:00:00,M5R,26.7,70.0,100.26
2026-07-03 10:00:00,M5R,28.7,66.0,100.23
2026-07-03 11:00:00,M5R,27.2,65.0,100.21
2026-07-03 12:00:00,M5R,30.2,63.0,100.19
2026-07-03 13:00:00,M5R,30.5,65.0,100.12
2026-07-03 14:00:00,M5R,30.9,60.0,99.96
2026-07-03 15:00:00,M5R,29.2,62.0,100.0
2026-07-03 16:00:00,M5R,31.1,59.0,99.94
2026-07-03 17:00:00,M5R,29.3,65.0,99.94
2026-07-03 18:00:00,M5R,27.9,71.0,99.98
2026-07-03 19:00:00,M5R,27.5,72.0,100.01
2026-07-03 20:00:00,M5R,27.2,75.0,100.03
2026-07-03 21:00:00,M5R,26.6,74.0,100.04
2026-07-03 22:00:00,M5R,26.0,76.0,100.07
2026-07-03 23:00:00,M5R,25.4,78.0,100.03
2026-07-04 00:00:00,M5R,25.0,78.0,99.97
2026-07-04 01:00:00,M5R,23.8,81.0,100.06
2026-07-04 02:00:00,M5R,22.5,96.0,100.04
2026-07-04 03:00:00,M5R,22.8,97.0,100.0
2026-07-04 04:00:00,M5R,22.5,95.0,99.98
2026-07-04 05:00:00,M5R,22.2,95.0,99.98
2026-07-04 06:00:00,M5R,22.8,96.0,100.04
2026-07-04 07:00:00,M5R,23.0,97.0,100.08
2026-07-04 08:00:00,M5R,23.0,93.0,100.07
2026-07-04 09:00:00,M5R,24.1,89.0,100.0
2026-07-04 10:00:00,M5R,24.0,92.0,100.12
2026-07-04 11:00:00,M5R,22.5,94.0,100.1
2026-07-04 12:00:00,M5R,23.0,95.0,100.11
2026-07-04 13:00:00,M5R,23.9,91.0,100.09
2026-07-04 14:00:00,M5R,24.1,88.0,100.08
2026-07-04 15:00:00,M5R,24.4,83.0,100.05
2026-07-04 16:00:00,M5R,26.2,72.0,99.97
2026-07-04 17:00:00,M5R,27.1,67.0,99.91
2026-07-04 18:00:00,M5R,25.6,76.0,99.92
2026-07-04 19:00:00,M5R,24.4,81.0,99.95
2026-07-04 20:00:00,M5R,23.9,84.0,100.01
2026-07-04 21:00:00,M5R,23.3,86.0,100.06
2026-07-04 22:00:00,M5R,23.7,84.0,100.07
2026-07-04 23:00:00,M5R,23.2,82.0,100.09
2026-07-05 00:00:00,M5R,22.7,86.0,100.11
2026-07-05 01:00:00,M5R,22.6,89.0,100.09
2026-07-05 02:00:00,M5R,22.1,91.0,100.07
2026-07-05 03:00:00,M5R,21.8,92.0,100.09
2026-07-05 04:00:00,M5R,21.5,93.0,100.1
2026-07-05 05:00:00,M5R,21.2,93.0,100.15
2026-07-05 06:00:00,M5R,21.5,93.0,100.21
2026-07-05 07:00:00,M5R,22.1,88.0,100.21
2026-07-05 08:00:00,M5R,22.3,84.0,100.25
2026-07-05 09:00:00,M5R,23.0,80.0,100.25
2026-07-05 10:00:00,M5R,23.8,67.0,100.27
2026-07-05 11:00:00,M5R,24.5,60.0,100.29
2026-07-05 12:00:00,M5R,24.0,58.0,100.31
2026-07-05 13:00:00,M5R,24.5,59.0,100.31
2026-07-05 14:00:00,M5R,24.3,51.0,100.27
2026-07-05 15:00:00,M5R,25.1,45.0,100.21
2026-07-05 16:00:00,M5R,25.0,42.0,100.2
2026-07-05 17:00:00,M5R,24.6,41.0,100.19
2026-07-05 18:00:00,M5R,24.8,41.0,100.25
2026-07-05 19:00:00,M5R,23.9,44.0,100.29
2026-07-05 20:00:00,M5R,23.3,47.0,100.28
2026-07-05 21:00:00,M5R,22.4,50.0,100.29
2026-07-05 22:00:00,M5R,22.3,51.0,100.3
2026-07-05 23:00:00,M5R,21.6,53.0,100.32
2026-07-06 00:00:00,M5R,21.7,54.0,100.33
2026-07-06 01:00:00,M5R,21.3,57.0,100.33
2026-07-06 02:00:00,M5R,21.0,55.0,100.32
2026-07-06 03:00:00,M5R,21.0,53.0,100.28
2026-07-06 04:00:00,M5R,20.4,54.0,100.31
2026-07-06 05:00:00,M5R,20.5,52.0,100.32
2026-07-06 06:00:00,M5R,20.6,52.0,100.34
2026-07-06 07:00:00,M5R,21.3,52.0,100.39
2026-07-06 08:00:00,M5R,22.3,53.0,100.41
2026-07-06 09:00:00,M5R,23.2,57.0,100.39
2026-07-06 10:00:00,M5R,24.0,60.0,100.4
2026-07-06 11:00:00,M5R,23.7,69.0,100.42
2026-07-06 12:00:00,M5R,23.8,69.0,100.44
2026-07-06 13:00:00,M5R,24.1,68.0,100.43
2026-07-06 14:00:00,M5R,24.8,66.0,100.41
2026-07-06 15:00:00,M5R,24.4,69.0,100.35
2026-07-06 16:00:00,M5R,24.4,72.0,100.32
2026-07-06 17:00:00,M5R,24.5,75.0,100.33
2026-07-06 18:00:00,M5R,23.5,74.0,100.35
2026-07-06 19:00:00,M5R,22.9,75.0,100.38
2026-07-06 20:00:00,M5R,22.5,77.0,100.37
2026-07-06 21:00:00,M5R,22.7,78.0,100.4
2026-07-06 22:00:00,M5R,22.2,83.0,100.39
2026-07-06 23:00:00,M5R,21.9,84.0,100.36
2026-07-07 00:00:00,M5R,21.6,86.0,100.35
2026-07-07 01:00:00,M5R,21.4,88.0,100.35
2026-07-07 02:00:00,M5R,21.3,89.0,100.33
2026-07-07 03:00:00,M5R,21.1,89.0,100.32
2026-07-07 04:00:00,M5R,20.9,90.0,100.33
2026-07-07 05:00:00,M5R,20.7,89.0,100.34
2026-07-07 06:00:00,M5R,21.0,87.0,100.37
2026-07-07 07:00:00,M5R,21.6,85.0,100.43
2026-07-07 08:00:00,M5R,21.9,83.0,100.46
2026-07-07 09:00:00,M5R,22.4,79.0,100.47
2026-07-07 10:00:00,M5R,23.6,72.0,100.49
2026-07-07 11:00:00,M5R,23.9,70.0,100.53
2026-07-07 12:00:00,M5R,24.8,71.0,100.52
2026-07-07 13:00:00,M5R,24.8,72.0,100.51
2026-07-07 14:00:00,M5R,25.3,66.0,100.46
2026-07-07 15:00:00,M5R,26.6,61.0,100.43
2026-07-07 16:00:00,M5R,25.3,64.0,100.38
2026-07-07 17:00:00,M5R,24.2,68.0,100.33
2026-07-07 18:00:00,M5R,24.3,67.0,100.31
2026-07-07 19:00:00,M5R,23.9,69.0,100.32
2026-07-07 20:00:00,M5R,23.1,68.0,100.33
2026-07-07 21:00:00,M5R,22.6,72.0,100.39
2026-07-07 22:00:00,M5R,22.1,76.0,100.38
2026-07-07 23:00:00,M5R,21.6,78.0,100.38
2026-07-08 00:00:00,M5R,21.0,81.0,100.39
2026-07-08 01:00:00,M5R,20.7,84.0,100.37
2026-07-08 02:00:00,M5R,20.6,84.0,100.37
2026-07-08 03:00:00,M5R,20.4,86.0,100.33
2026-07-08 04:00:00,M5R,20.5,84.0,100.3
2026-07-08 05:00:00,M5R,19.8,88.0,100.29
2026-07-08 06:00:00,M5R,20.2,88.0,100.32
2026-07-08 07:00:00,M5R,22.1,82.0,100.35
2026-07-08 08:00:00,M5R,24.1,75.0,100.35
2026-07-08 09:00:00,M5R,25.0,72.0,100.32
2026-07-08 10:00:00,M5R,26.3,69.0,100.33
2026-07-08 11:00:00,M5R,26.8,66.0,100.31
2026-07-08 12:00:00,M5R,28.0,60.0,100.26
2026-07-08 13:00:00,M5R,28.0,58.0,100.19
2026-07-08 14:00:00,M5R,28.8,56.0,100.11
2026-07-08 15:00:00,M5R,29.3,50.0,100.04
2026-07-08 16:00:00,M5R,29.3,57.0,99.98
2026-07-08 17:00:00,M5R,27.9,59.0,99.93
2026-07-08 18:00:00,M5R,27.3,61.0,99.87
2026-07-08 19:00:00,M5R,27.0,65.0,99.86
2026-07-08 20:00:00,M5R,26.1,70.0,99.84
2026-07-08 21:00:00,M5R,24.8,78.0,99.88
2026-07-08 22:00:00,M5R,24.1,81.0,99.86
2026-07-08 23:00:00,M5R,23.4,86.0,99.87
2026-07-09 00:00:00,M5R,23.1,82.0,99.83
2026-07-09 01:00:00,M5R,22.6,77.0,99.86
2026-07-09 02:00:00,M5R,22.5,80.0,99.83
2026-07-09 03:00:00,M5R,22.4,83.0,99.78
2026-07-09 04:00:00,M5R,22.6,84.0,99.76
2026-07-09 05:00:00,M5R,22.0,88.0,99.73
2026-07-09 06:00:00,M5R,22.5,86.0,99.75
2026-07-09 07:00:00,M5R,23.9,80.0,99.75
2026-07-09 08:00:00,M5R,24.9,74.0,99.76
2026-07-09 09:00:00,M5R,25.4,71.0,99.78
2026-07-09 10:00:00,M5R,25.4,74.0,99.73
2026-07-09 11:00:00,M5R,27.6,59.0,99.71
2026-07-09 12:00:00,M5R,29.3,56.0,99.66
2026-07-09 13:00:00,M5R,28.1,62.0,99.61
2026-07-09 14:00:00,M5R,21.9,95.0,99.64
2026-07-09 15:00:00,M5R,22.0,96.0,99.65
2026-07-09 16:00:00,M5R,22.8,92.0,99.66
2026-07-09 17:00:00,M5R,22.4,93.0,99.69
2026-07-09 18:00:00,M5R,22.1,95.0,99.61
2026-07-09 19:00:00,M5R,21.6,93.0,99.57
2026-07-09 20:00:00,M5R,21.5,93.0,99.68
2026-07-09 21:00:00,M5R,21.4,90.0,99.66
2026-07-09 22:00:00,M5R,20.7,93.0,99.71
2026-07-09 23:00:00,M5R,21.0,89.0,99.71
2026-07-10 00:00:00,M5R,20.7,89.0,99.67
2026-07-10 01:00:00,M5R,20.9,87.0,99.66
2026-07-10 02:00:00,M5R,20.4,90.0,99.67
2026-07-10 03:00:00,M5R,20.7,89.0,99.69
2026-07-10 04:00:00,M5R,20.9,84.0,99.74
2026-07-10 05:00:00,M5R,20.5,86.0,99.79
2026-07-10 06:00:00,M5R,20.8,86.0,99.82
2026-07-10 07:00:00,M5R,21.5,85.0,99.86
2026-07-10 08:00:00,M5R,22.4,82.0,99.89
2026-07-10 09:00:00,M5R,23.1,78.0,99.9
2026-07-10 10:00:00,M5R,23.3,75.0,99.89
2026-07-10 11:00:00,M5R,24.4,72.0,99.93
2026-07-10 12:00:00,M5R,25.4,69.0,99.96
2026-07-10 13:00:00,M5R,25.2,66.0,99.93
2026-07-10 14:00:00,M5R,25.2,61.0,99.87
2026-07-10 15:00:00,M5R,26.0,49.0,99.87
2026-07-10 16:00:00,M5R,25.8,57.0,99.89
2026-07-10 17:00:00,M5R,25.3,57.0,99.9
2026-07-10 18:00:00,M5R,24.9,55.0,99.91
2026-07-10 19:00:00,M5R,24.3,57.0,99.92
2026-07-10 20:00:00,M5R,23.6,59.0,99.97
2026-07-10 21:00:00,M5R,23.1,61.0,100.02
2026-07-10 22:00:00,M5R,22.4,65.0,100.08
2026-07-10 23:00:00,M5R,21.8,67.0,100.11
2026-07-11 00:00:00,M5R,21.4,70.0,100.1
2026-07-11 01:00:00,M5R,22.0,74.0,100.09
2026-07-11 02:00:00,M5R,21.7,79.0,100.08
2026-07-11 03:00:00,M5R,21.6,78.0,100.12
2026-07-11 04:00:00,M5R,21.3,78.0,100.15
2026-07-11 05:00:00,M5R,20.8,79.0,100.22
2026-07-11 06:00:00,M5R,20.8,80.0,100.28
2026-07-11 07:00:00,M5R,21.9,78.0,100.32
2026-07-11 08:00:00,M5R,23.6,74.0,100.37
2026-07-11 09:00:00,M5R,24.1,64.0,100.45
2026-07-11 10:00:00,M5R,24.5,60.0,100.49
2026-07-11 11:00:00,M5R,24.7,58.0,100.5
2026-07-11 12:00:00,M5R,25.5,58.0,100.48
2026-07-11 13:00:00,M5R,25.0,58.0,100.48
2026-07-11 14:00:00,M5R,25.2,56.0,100.46
2026-07-11 15:00:00,M5R,25.3,55.0,100.46
2026-07-11 16:00:00,M5R,25.1,52.0,100.44
2026-07-11 17:00:00,M5R,25.2,52.0,100.47
2026-07-11 18:00:00,M5R,24.7,50.0,100.48
2026-07-11 19:00:00,M5R,24.4,51.0,100.52
2026-07-11 20:00:00,M5R,23.1,55.0,100.55
2026-07-11 21:00:00,M5R,22.3,60.0,100.62
2026-07-11 22:00:00,M5R,21.9,62.0,100.67
2026-07-11 23:00:00,M5R,20.9,66.0,100.71
2026-07-12 00:00:00,M5R,21.5,64.0,100.74
2026-07-12 01:00:00,M5R,20.7,67.0,100.75
2026-07-12 02:00:00,M5R,19.8,71.0,100.76
2026-07-12 03:00:00,M5R,19.1,77.0,100.77
2026-07-12 04:00:00,M5R,18.5,81.0,100.8
2026-07-12 05:00:00,M5R,18.3,81.0,100.85
2026-07-12 06:00:00,M5R,19.0,77.0,100.89
2026-07-12 07:00:00,M5R,20.4,73.0,100.94
2026-07-12 08:00:00,M5R,23.0,57.0,100.99
2026-07-12 09:00:00,M5R,24.3,47.0,101.0
2026-07-12 10:00:00,M5R,25.5,38.0,101.0
2026-07-12 11:00:00,M5R,25.8,46.0,101.01
2026-07-12 12:00:00,M5R,26.1,35.0,101.0
2026-07-12 13:00:00,M5R,26.4,45.0,100.96
2026-07-12 14:00:00,M5R,26.1,39.0,100.92
2026-07-12 15:00:00,M5R,26.3,40.0,100.92
2026-07-12 16:00:00,M5R,25.9,37.0,100.85
2026-07-12 17:00:00,M5R,25.3,35.0,100.79
2026-07-12 18:00:00,M5R,24.6,44.0,100.78
2026-07-12 19:00:00,M5R,23.8,47.0,100.78
2026-07-12 20:00:00,M5R,22.7,48.0,100.75
2026-07-12 21:00:00,M5R,22.0,49.0,100.78
2026-07-12 22:00:00,M5R,21.1,59.0,100.79
2026-07-12 23:00:00,M5R,20.2,62.0,100.76
2026-07-13 00:00:00,M5R,19.5,67.0,100.75
2026-07-13 01:00:00,M5R,19.6,65.0,100.74
2026-07-13 02:00:00,M5R,19.0,72.0,100.73
2026-07-13 03:00:00,M5R,18.5,68.0,100.73
2026-07-13 04:00:00,M5R,18.0,71.0,100.7
2026-07-13 05:00:00,M5R,17.7,75.0,100.7
2026-07-13 06:00:00,M5R,18.4,69.0,100.74
2026-07-13 07:00:00,M5R,20.7,58.0,100.77
2026-07-13 08:00:00,M5R,23.3,44.0,100.75
2026-07-13 09:00:00,M5R,25.6,41.0,100.71
2026-07-13 10:00:00,M5R,25.3,45.0,100.69
2026-07-13 11:00:00,M5R,26.9,48.0,100.7
2026-07-13 12:00:00,M5R,27.8,48.0,100.67
2026-07-13 13:00:00,M5R,28.7,42.0,100.59
2026-07-13 14:00:00,M5R,29.4,40.0,100.55
2026-07-13 15:00:00,M5R,30.1,40.0,100.56
2026-07-13 16:00:00,M5R,30.3,45.0,100.47
2026-07-13 17:00:00,M5R,29.7,49.0,100.43
2026-07-13 18:00:00,M5R,30.9,45.0,100.45
2026-07-13 19:00:00,M5R,31.3,42.0,100.46
2026-07-13 20:00:00,M5R,30.1,45.0,100.45
2026-07-13 21:00:00,M5R,28.1,52.0,100.38
2026-07-13 22:00:00,M5R,26.5,61.0,100.48
2026-07-13 23:00:00,M5R,26.6,61.0,100.43
2026-07-14 00:00:00,M5R,24.8,69.0,100.45
2026-07-14 01:00:00,M5R,24.0,77.0,100.43
2026-07-14 02:00:00,M5R,25.0,68.0,100.41
2026-07-14 03:00:00,M5R,23.8,75.0,100.39
2026-07-14 04:00:00,M5R,24.2,74.0,100.39
2026-07-14 05:00:00,M5R,23.8,76.0,100.37
2026-07-14 06:00:00,M5R,25.0,71.0,100.36
2026-07-14 07:00:00,M5R,25.1,73.0,100.33
2026-07-14 08:00:00,M5R,24.8,76.0,100.32
2026-07-14 09:00:00,M5R,26.0,74.0,100.28
2026-07-14 10:00:00,M5R,29.7,65.0,100.2
2026-07-14 11:00:00,M5R,32.7,56.0,100.18
2026-07-14 12:00:00,M5R,33.1,56.0,100.11
2026-07-14 13:00:00,M5R,34.7,48.0,100.06
2026-07-14 14:00:00,M5R,36.2,41.0,99.98
2026-07-14 15:00:00,M5R,36.8,39.0,99.95
2026-07-14 16:00:00,M5R,37.3,30.0,99.93
2026-07-14 17:00:00,M5R,36.4,35.0,99.9
2026-07-14 18:00:00,M5R,35.3,37.0,99.9
2026-07-14 19:00:00,M5R,33.9,38.0,99.94
2026-07-14 20:00:00,M5R,33.0,43.0,99.95
2026-07-14 21:00:00,M5R,31.9,48.0,99.98
2026-07-14 22:00:00,M5R,31.1,51.0,99.97
2026-07-14 23:00:00,M5R,30.3,54.0,99.96
2026-07-15 00:00:00,M5R,29.3,57.0,99.97
2026-07-15 01:00:00,M5R,28.9,57.0,99.97
2026-07-15 02:00:00,M5R,28.3,59.0,99.95
2026-07-15 03:00:00,M5R,28.1,61.0,99.96
2026-07-15 04:00:00,M5R,27.4,57.0,100.0
2026-07-15 05:00:00,M5R,27.1,57.0,100.02
2026-07-15 06:00:00,M5R,26.0,62.0,100.04
2026-07-15 07:00:00,M5R,26.0,61.0,100.07
2026-07-15 08:00:00,M5R,26.2,57.0,100.11
2026-07-15 09:00:00,M5R,25.9,57.0,100.12
2026-07-15 10:00:00,M5R,25.4,60.0,100.15
2026-07-15 11:00:00,M5R,25.4,59.0,100.15
2026-07-15 12:00:00,M5R,25.2,58.0,100.21
2026-07-15 13:00:00,M5R,24.8,58.0,100.13
2026-07-15 14:00:00,M5R,25.4,56.0,100.19
2026-07-15 15:00:00,M5R,24.5,60.0,100.12
2026-07-15 16:00:00,M5R,24.4,59.0,100.13
2026-07-15 17:00:00,M5R,24.0,65.0,100.06
2026-07-15 18:00:00,M5R,24.3,63.0,100.07
2026-07-15 19:00:00,M5R,24.8,60.0,100.12
2026-07-15 20:00:00,M5R,25.0,55.0,100.09
2026-07-15 21:00:00,M5R,23.9,62.0,100.07
2026-07-15 22:00:00,M5R,23.9,62.0,100.13
2026-07-15 23:00:00,M5R,23.8,63.0,100.12
2026-07-16 00:00:00,M5R,23.2,66.0,100.12
2026-07-16 01:00:00,M5R,22.2,65.0,100.09
2026-07-16 02:00:00,M5R,21.6,65.0,100.09
2026-07-16 03:00:00,M5R,20.8,69.0,100.08
2026-07-16 04:00:00,M5R,20.4,69.0,100.1
2026-07-16 05:00:00,M5R,19.9,68.0,100.09
2026-07-16 06:00:00,M5R,20.4,69.0,100.11
2026-07-16 07:00:00,M5R,22.1,61.0,100.12
2026-07-16 08:00:00,M5R,23.2,57.0,100.11
2026-07-16 09:00:00,M5R,24.9,50.0,100.09
2026-07-16 10:00:00,M5R,27.0,47.0,100.07
2026-07-16 11:00:00,M5R,28.6,41.0,100.06
2026-07-16 12:00:00,M5R,29.4,36.0,100.04
2026-07-16 13:00:00,M5R,29.4,36.0,100.03
2026-07-16 14:00:00,M5R,28.7,37.0,100.05
2026-07-16 15:00:00,M5R,28.5,41.0,100.03
2026-07-16 16:00:00,M5R,29.0,39.0,100.04
2026-07-16 17:00:00,M5R,28.9,38.0,100.02
2026-07-16 18:00:00,M5R,27.3,40.0,100.08
2026-07-16 19:00:00,M5R,26.0,42.0,100.11
2026-07-16 20:00:00,M5R,25.1,40.0,100.18
2026-07-16 21:00:00,M5R,23.4,47.0,100.24
2026-07-16 22:00:00,M5R,22.2,50.0,100.3
2026-07-16 23:00:00,M5R,21.4,57.0,100.36
2026-07-17 00:00:00,M5R,20.9,61.0,100.4
2026-07-17 01:00:00,M5R,20.6,69.0,100.43
2026-07-17 02:00:00,M5R,20.3,71.0,100.45
2026-07-17 03:00:00,M5R,20.5,72.0,100.39
2026-07-17 04:00:00,M5R,20.7,71.0,100.5
2026-07-17 05:00:00,M5R,20.4,64.0,100.55
2026-07-17 06:00:00,M5R,20.2,55.0,100.58
2026-07-17 07:00:00,M5R,21.2,45.0,100.57
2026-07-17 08:00:00,M5R,21.8,41.0,100.6
2026-07-17 09:00:00,M5R,22.6,39.0,100.62
2026-07-17 10:00:00,M5R,23.4,54.0,100.61
2026-07-17 11:00:00,M5R,23.2,55.0,100.62
2026-07-17 12:00:00,M5R,23.5,52.0,100.58
2026-07-17 13:00:00,M5R,24.3,51.0,100.52
2026-07-17 14:00:00,M5R,24.9,51.0,100.46
2026-07-17 15:00:00,M5R,24.6,55.0,100.38
2026-07-17 16:00:00,M5R,24.6,61.0,100.32
2026-07-17 17:00:00,M5R,23.2,69.0,100.25
2026-07-17 18:00:00,M5R,23.3,70.0,100.21
2026-07-17 19:00:00,M5R,23.2,74.0,100.19
2026-07-17 20:00:00,M5R,23.2,76.0,100.11
2026-07-17 21:00:00,M5R,22.9,75.0,100.1
2026-07-17 22:00:00,M5R,23.6,70.0,100.07
2026-07-17 23:00:00,M5R,23.5,67.0,100.01
2026-07-18 00:00:00,M5R,22.8,72.0,99.95
2026-07-18 01:00:00,M5R,22.0,78.0,99.88
2026-07-18 02:00:00,M5R,22.3,77.0,99.8
2026-07-18 03:00:00,M5R,22.3,77.0,99.69
2026-07-18 04:00:00,M5R,22.2,81.0,99.61
2026-07-18 05:00:00,M5R,22.7,80.0,99.53
2026-07-18 06:00:00,M5R,22.7,80.0,99.47
2026-07-18 07:00:00,M5R,23.0,82.0,99.39
2026-07-18 08:00:00,M5R,23.6,83.0,99.4
2026-07-18 09:00:00,M5R,22.4,94.0,99.29
2026-07-18 10:00:00,M5R,23.3,88.0,99.27
2026-07-18 11:00:00,M5R,20.9,94.0,99.16
2026-07-18 12:00:00,M5R,21.1,95.0,98.99
2026-07-18 13:00:00,M5R,23.8,93.0,98.9
2026-07-18 14:00:00,M5R,25.2,85.0,98.86
2026-07-18 15:00:00,M5R,26.2,72.0,98.94
2026-07-18 16:00:00,M5R,26.2,62.0,98.97
2026-07-18 17:00:00,M5R,26.2,59.0,99.0
2026-07-18 18:00:00,M5R,24.5,67.0,99.07
2026-07-18 19:00:00,M5R,23.4,69.0,99.18
2026-07-18 20:00:00,M5R,22.3,68.0,99.35
2026-07-18 21:00:00,M5R,21.4,69.0,99.46
2026-07-18 22:00:00,M5R,20.8,72.0,99.54
2026-07-18 23:00:00,M5R,19.9,69.0,99.67
2026-07-19 00:00:00,M5R,19.5,65.0,99.74
2026-07-19 01:00:00,M5R,18.2,71.0,99.77
2026-07-19 02:00:00,M5R,17.8,74.0,99.79
2026-07-19 03:00:00,M5R,17.4,78.0,99.87
2026-07-19 04:00:00,M5R,17.0,82.0,99.92
2026-07-19 05:00:00,M5R,16.7,79.0,100.02
2026-07-19 06:00:00,M5R,16.5,75.0,100.07
2026-07-19 07:00:00,M5R,17.3,72.0,100.15
2026-07-19 08:00:00,M5R,18.4,62.0,100.2
2026-07-19 09:00:00,M5R,19.5,57.0,100.23
2026-07-19 10:00:00,M5R,20.5,51.0,100.24
2026-07-19 11:00:00,M5R,20.8,51.0,100.22
2026-07-19 12:00:00,M5R,21.6,44.0,100.2
2026-07-19 13:00:00,M5R,22.9,54.0,100.2
2026-07-19 14:00:00,M5R,23.0,45.0,100.2
2026-07-19 15:00:00,M5R,22.4,50.0,100.15
2026-07-19 16:00:00,M5R,22.9,48.0,100.13
2026-07-19 17:00:00,M5R,22.6,44.0,100.09
2026-07-19 18:00:00,M5R,22.5,47.0,100.07
2026-07-19 19:00:00,M5R,21.6,49.0,100.08
2026-07-19 20:00:00,M5R,20.8,43.0,100.09
2026-07-19 21:00:00,M5R,20.0,34.0,100.14
2026-07-19 22:00:00,M5R,18.6,48.0,100.16
2026-07-19 23:00:00,M5R,18.8,46.0,100.15
2026-07-20 00:00:00,M5R,18.3,46.0,100.15
2026-07-20 01:00:00,M5R,18.2,47.0,100.11
2026-07-20 02:00:00,M5R,17.4,50.0,100.12
2026-07-20 03:00:00,M5R,17.2,46.0,100.12
2026-07-20 04:00:00,M5R,15.8,55.0,100.13
2026-07-20 05:00:00,M5R,17.0,43.0,100.1
2026-07-20 06:00:00,M5R,15.0,63.0,100.12
2026-07-20 07:00:00,M5R,17.3,57.0,100.14
2026-07-20 08:00:00,M5R,19.4,52.0,100.15
2026-07-20 09:00:00,M5R,20.4,48.0,100.16
2026-07-20 10:00:00,M5R,21.8,39.0,100.16
2026-07-20 11:00:00,M5R,22.2,36.0,100.13
2026-07-20 12:00:00,M5R,23.0,38.0,100.11
2026-07-20 13:00:00,M5R,23.7,40.0,100.03
2026-07-20 14:00:00,M5R,24.5,48.0,99.94
2026-07-20 15:00:00,M5R,25.3,53.0,99.87
2026-07-20 16:00:00,M5R,25.4,52.0,99.81
2026-07-20 17:00:00,M5R,24.3,59.0,99.77
2026-07-20 18:00:00,M5R,23.8,64.0,99.71
2026-07-20 19:00:00,M5R,23.1,66.0,99.62
2026-07-20 20:00:00,M5R,23.0,64.0,99.56
2026-07-20 21:00:00,M5R,22.6,66.0,99.57
2026-07-20 22:00:00,M5R,22.5,66.0,99.51
2026-07-20 23:00:00,M5R,21.5,73.0,99.48
2026-07-21 00:00:00,M5R,21.4,75.0,99.41
2026-07-21 01:00:00,M5R,20.7,81.0,99.31
2026-07-21 02:00:00,M5R,21.0,81.0,99.16
2026-07-21 03:00:00,M5R,21.1,81.0,99.1
2026-07-21 04:00:00,M5R,21.4,77.0,99.06
2026-07-21 05:00:00,M5R,20.7,87.0,99.17
2026-07-21 06:00:00,M5R,20.2,93.0,98.8
2026-07-21 07:00:00,M5R,20.9,90.0,98.82
2026-07-21 08:00:00,M5R,21.6,90.0,98.8
2026-07-21 09:00:00,M5R,23.1,84.0,98.79
2026-07-21 10:00:00,M5R,22.7,86.0,98.75
2026-07-21 11:00:00,M5R,21.0,93.0,98.74
2026-07-21 12:00:00,M5R,20.9,80.0,98.72
2026-07-21 13:00:00,M5R,19.4,93.0,98.68
2026-07-21 14:00:00,M5R,22.6,80.0,98.61
2026-07-21 15:00:00,M5R,21.0,88.0,98.67
2026-07-21 16:00:00,M5R,20.3,94.0,98.68
2026-07-21 17:00:00,M5R,20.2,93.0,98.65
2026-07-21 18:00:00,M5R,19.7,89.0,98.65
2026-07-21 19:00:00,M5R,20.5,91.0,98.75
2026-07-21 20:00:00,M5R,20.0,95.0,98.8
2026-07-21 21:00:00,M5R,20.2,92.0,98.88
2026-07-21 22:00:00,M5R,20.3,80.0,98.93
2026-07-21 23:00:00,M5R,19.0,72.0,99.02
2026-07-22 00:00:00,M5R,17.2,70.0,99.06
2026-07-22 01:00:00,M5R,16.7,75.0,99.09
2026-07-22 02:00:00,M5R,16.2,77.0,99.12
2026-07-22 03:00:00,M5R,15.9,78.0,99.12
2026-07-22 04:00:00,M5R,15.7,76.0,99.19
2026-07-22 05:00:00,M5R,15.6,77.0,99.29
2026-07-22 06:00:00,M5R,15.5,74.0,99.37
2026-07-22 07:00:00,M5R,15.9,69.0,99.46
2026-07-22 08:00:00,M5R,17.3,65.0,99.5
2026-07-22 09:00:00,M5R,17.3,66.0,99.58
2026-07-22 10:00:00,M5R,18.5,59.0,99.64
2026-07-22 11:00:00,M5R,18.4,57.0,99.73
2026-07-22 12:00:00,M5R,19.2,55.0,99.77
2026-07-22 13:00:00,M5R,20.4,51.0,99.8
2026-07-22 14:00:00,M5R,21.7,46.0,99.82
2026-07-22 15:00:00,M5R,22.0,42.0,99.81
2026-07-22 16:00:00,M5R,22.2,39.0,99.87
2026-07-22 17:00:00,M5R,22.0,36.0,99.93
2026-07-22 18:00:00,M5R,21.2,38.0,100.02
2026-07-22 19:00:00,M5R,19.9,40.0,100.1
2026-07-22 20:00:00,M5R,19.0,42.0,100.16
2026-07-22 21:00:00,M5R,17.2,48.0,100.25
2026-07-22 22:00:00,M5R,16.7,52.0,100.29
2026-07-22 23:00:00,M5R,15.4,58.0,100.3
2026-07-23 00:00:00,M5R,14.9,64.0,100.33
2026-07-23 01:00:00,M5R,13.8,72.0,100.32
2026-07-23 02:00:00,M5R,13.7,73.0,100.35
2026-07-23 03:00:00,M5R,13.2,78.0,100.39
2026-07-23 04:00:00,M5R,13.1,78.0,100.44
2026-07-23 05:00:00,M5R,12.7,82.0,100.49
2026-07-23 06:00:00,M5R,13.5,81.0,100.57
2026-07-23 07:00:00,M5R,15.4,72.0,100.63
2026-07-23 08:00:00,M5R,17.8,61.0,100.7
2026-07-23 09:00:00,M5R,19.8,56.0,100.72
2026-07-23 10:00:00,M5R,21.3,54.0,100.77
2026-07-23 11:00:00,M5R,21.9,50.0,100.81
2026-07-23 12:00:00,M5R,22.6,49.0,100.79
2026-07-23 13:00:00,M5R,22.5,46.0,100.8
2026-07-23 14:00:00,M5R,23.0,41.0,100.77
2026-07-23 15:00:00,M5R,22.5,41.0,100.76
2026-07-23 16:00:00,M5R,23.5,43.0,100.72
2026-07-23 17:00:00,M5R,22.5,42.0,100.71
2026-07-23 18:00:00,M5R,21.8,45.0,100.7
2026-07-23 19:00:00,M5R,20.9,48.0,100.71
2026-07-23 20:00:00,M5R,20.3,48.0,100.74
2026-07-23 21:00:00,M5R,19.5,63.0,100.81
2026-07-23 22:00:00,M5R,18.0,70.0,100.84
2026-07-23 23:00:00,M5R,16.5,75.0,100.87
2026-07-24 00:00:00,M5R,16.2,80.0,100.87
2026-07-24 01:00:00,M5R,16.1,69.0,100.88
2026-07-24 02:00:00,M5R,15.6,71.0,100.85
2026-07-24 03:00:00,M5R,14.9,76.0,100.86
2026-07-24 04:00:00,M5R,14.5,77.0,100.84
2026-07-24 05:00:00,M5R,14.4,78.0,100.86
2026-07-24 06:00:00,M5R,14.5,82.0,100.93
2026-07-24 07:00:00,M5R,17.2,63.0,100.98
2026-07-24 08:00:00,M5R,20.1,51.0,101.0
2026-07-24 09:00:00,M5R,21.5,42.0,100.98
2026-07-24 10:00:00,M5R,22.9,40.0,100.95
2026-07-24 11:00:00,M5R,23.2,37.0,100.95
2026-07-24 12:00:00,M5R,23.9,40.0,100.89
2026-07-24 13:00:00,M5R,24.0,38.0,100.84
2026-07-24 14:00:00,M5R,24.4,38.0,100.77
2026-07-24 15:00:00,M5R,24.8,40.0,100.71
2026-07-24 16:00:00,M5R,24.9,41.0,100.69
2026-07-24 17:00:00,M5R,22.9,45.0,100.65
2026-07-24 18:00:00,M5R,22.2,45.0,100.62
2026-07-24 19:00:00,M5R,21.3,48.0,100.61
2026-07-24 20:00:00,M5R,20.4,52.0,100.61
2026-07-24 21:00:00,M5R,20.2,54.0,100.61
2026-07-24 22:00:00,M5R,20.1,56.0,100.59
2026-07-24 23:00:00,M5R,19.9,56.0,100.58
2026-07-25 00:00:00,M5R,20.2,56.0,100.55
2026-07-25 01:00:00,M5R,18.9,60.0,100.47
2026-07-25 02:00:00,M5R,18.0,67.0,100.47
2026-07-25 03:00:00,M5R,18.3,64.0,100.39
2026-07-25 04:00:00,M5R,18.5,63.0,100.42
2026-07-25 05:00:00,M5R,18.4,70.0,100.43
2026-07-25 06:00:00,M5R,18.7,70.0,100.43
2026-07-25 07:00:00,M5R,19.2,75.0,100.43
2026-07-25 08:00:00,M5R,20.4,73.0,100.43
2026-07-25 09:00:00,M5R,22.2,72.0,100.4
2026-07-25 10:00:00,M5R,23.1,66.0,100.35
2026-07-25 11:00:00,M5R,24.3,61.0,100.32
2026-07-25 12:00:00,M5R,24.6,58.0,100.29
2026-07-25 13:00:00,M5R,24.8,58.0,100.22
2026-07-25 14:00:00,M5R,25.9,57.0,100.18
2026-07-25 15:00:00,M5R,24.7,57.0,100.16
2026-07-25 16:00:00,M5R,24.1,59.0,100.12
2026-07-25 17:00:00,M5R,23.1,60.0,100.08
2026-07-25 18:00:00,M5R,22.7,61.0,100.05
2026-07-25 19:00:00,M5R,22.1,62.0,100.02
2026-07-25 20:00:00,M5R,21.4,65.0,100.01
2026-07-25 21:00:00,M5R,21.2,71.0,100.02
2026-07-25 22:00:00,M5R,21.1,76.0,100.01
2026-07-25 23:00:00,M5R,20.9,76.0,99.98
2026-07-26 00:00:00,M5R,20.1,76.0,99.96
2026-07-26 01:00:00,M5R,19.4,79.0,99.93
2026-07-26 02:00:00,M5R,18.9,80.0,99.89
2026-07-26 03:00:00,M5R,18.7,82.0,99.9
2026-07-26 04:00:00,M5R,19.0,76.0,99.92
2026-07-26 05:00:00,M5R,18.0,80.0,99.91
2026-07-26 06:00:00,M5R,18.2,80.0,99.95
2026-07-26 07:00:00,M5R,20.3,72.0,99.96
2026-07-26 08:00:00,M5R,22.1,64.0,99.95
2026-07-26 09:00:00,M5R,23.4,55.0,99.9
2026-07-26 10:00:00,M5R,25.1,51.0,99.89
2026-07-26 11:00:00,M5R,23.9,59.0,99.91
2026-07-26 12:00:00,M5R,22.9,60.0,99.88
2026-07-26 13:00:00,M5R,24.8,56.0,99.81
2026-07-26 14:00:00,M5R,25.4,57.0,99.78
2026-07-26 15:00:00,M5R,26.2,53.0,99.72
2026-07-26 16:00:00,M5R,25.7,57.0,99.68
2026-07-26 17:00:00,M5R,26.2,59.0,99.66
2026-07-26 18:00:00,M5R,25.0,65.0,99.65
2026-07-26 19:00:00,M5R,23.7,71.0,99.65
2026-07-26 20:00:00,M5R,23.1,79.0,99.67
2026-07-26 21:00:00,M5R,21.9,93.0,99.68
2026-07-26 22:00:00,M5R,21.7,93.0,99.68
2026-07-26 23:00:00,M5R,21.2,94.0,99.67
2026-07-27 00:00:00,M5R,20.7,96.0,99.68
2026-07-27 01:00:00,M5R,20.4,95.0,99.66
2026-07-27 02:00:00,M5R,20.0,95.0,99.6
2026-07-27 03:00:00,M5R,19.8,95.0,99.6
2026-07-27 04:00:00,M5R,19.4,95.0,99.62
2026-07-27 05:00:00,M5R,19.0,95.0,99.63
2026-07-27 06:00:00,M5R,19.2,95.0,99.65
2026-07-27 07:00:00,M5R,19.9,92.0,99.69
2026-07-27 08:00:00,M5R,21.8,81.0,99.64
2026-07-27 09:00:00,M5R,23.4,70.0,99.64
2026-07-27 10:00:00,M5R,25.0,64.0,99.66
2026-07-27 11:00:00,M5R,25.7,62.0,99.6
2026-07-27 12:00:00,M5R,25.2,58.0,99.59
2026-07-27 13:00:00,M5R,27.1,54.0,99.5
2026-07-27 14:00:00,M5R,25.8,65.0,99.39
2026-07-27 15:00:00,M5R,23.7,84.0,99.32
2026-07-27 16:00:00,M5R,24.9,77.0,99.24
2026-07-27 17:00:00,M5R,24.6,83.0,99.23
2026-07-27 18:00:00,M5R,24.9,80.0,99.19
2026-07-27 19:00:00,M5R,24.4,83.0,99.15
2026-07-27 20:00:00,M5R,23.5,88.0,99.15
2026-07-27 21:00:00,M5R,23.1,83.0,99.16
2026-07-27 22:00:00,M5R,23.3,76.0,99.11
2026-07-27 23:00:00,M5R,22.7,85.0,99.05
2026-07-28 00:00:00,M5R,21.9,91.0,99.09
2026-07-28 01:00:00,M5R,21.3,90.0,99.09
2026-07-28 02:00:00,M5R,21.1,93.0,99.06
2026-07-28 03:00:00,M5R,20.6,96.0,98.95
2026-07-28 04:00:00,M5R,19.8,96.0,98.9
2026-07-28 05:00:00,M5R,20.1,97.0,98.83
2026-07-28 06:00:00,M5R,20.5,98.0,98.9
2026-07-28 07:00:00,M5R,21.0,96.0,98.93
2026-07-28 08:00:00,M5R,21.7,94.0,98.93
2026-07-28 09:00:00,M5R,22.0,87.0,98.93
2026-07-28 10:00:00,M5R,23.7,76.0,98.93
2026-07-28 11:00:00,M5R,24.5,72.0,98.97
2026-07-28 12:00:00,M5R,23.9,76.0,99.01
2026-07-28 13:00:00,M5R,26.4,62.0,98.98
2026-07-28 14:00:00,M5R,26.9,57.0,98.99
2026-07-28 15:00:00,M5R,25.6,57.0,99.03
2026-07-28 16:00:00,M5R,25.7,56.0,99.06
2026-07-28 17:00:00,M5R,25.1,62.0,99.08
2026-07-28 18:00:00,M5R,23.8,66.0,99.14
2026-07-28 19:00:00,M5R,23.0,70.0,99.15
2026-07-28 20:00:00,M5R,22.5,71.0,99.17
2026-07-28 21:00:00,M5R,21.6,68.0,99.25
2026-07-28 22:00:00,M5R,20.9,73.0,99.28
2026-07-28 23:00:00,M5R,20.8,73.0,99.28
